CREATE TABLE IF NOT EXISTS N_schema (_0 VARCHAR(1024))

CREATE TABLE IF NOT EXISTS E_schema (_0 VARCHAR(1024), _1 VARCHAR(1024), _2 VARCHAR(1024))

CREATE TABLE IF NOT EXISTS EGD (_0 VARCHAR(1024))

CREATE TABLE IF NOT EXISTS CATALOG_VIEW (_0 VARCHAR(1024), _1 VARCHAR(1024), _2 VARCHAR(1024), _3 VARCHAR(1024), _4 INT DEFAULT 0)

CREATE TABLE IF NOT EXISTS CATALOG_INDEX (_0 VARCHAR(1024), _1 VARCHAR(1024), _2 VARCHAR(1024))

CREATE TABLE IF NOT EXISTS CATALOG_SINDEX (_0 VARCHAR(1024), _1 VARCHAR(1024))

CREATE TABLE IF NOT EXISTS N_g (_0 INT DEFAULT 0, _1 VARCHAR(1024))

CREATE INDEX N_g___0 ON N_g (_0)

CREATE INDEX N_g___1 ON N_g (_1)

CREATE TABLE IF NOT EXISTS E_g (_0 INT DEFAULT 0, _1 INT DEFAULT 0, _2 INT DEFAULT 0, _3 VARCHAR(1024))

CREATE INDEX E_g___0 ON E_g (_0)

CREATE INDEX E_g___1 ON E_g (_1)

CREATE INDEX E_g___2 ON E_g (_2)

CREATE INDEX E_g___3 ON E_g (_3)

CREATE TABLE IF NOT EXISTS NP_g (_0 INT DEFAULT 0, _1 VARCHAR(1024), _2 VARCHAR(1024))

CREATE TABLE IF NOT EXISTS EP_g (_0 INT DEFAULT 0, _1 VARCHAR(1024), _2 VARCHAR(1024))

INSERT INTO N_schema VALUES ('Person');

INSERT INTO E_schema VALUES ('Person', 'Person', 'Knows');

INSERT INTO N_g VALUES (1, 'Person');

INSERT INTO N_g VALUES (2, 'Person');

INSERT INTO E_g VALUES (10, 1, 2, 'Knows');

((SELECT DISTINCT R0._1 AS _0, R0._2 AS _1, R0._0 AS _2 FROM E_g AS R0 CROSS JOIN N_g AS R2 CROSS JOIN N_g AS R4 WHERE R0._1 = R2._0 AND R0._2 = R4._0 AND R0._3 = 'Knows' AND R2._1 = 'Person' AND R4._1 = 'Person'));

CREATE TABLE IF NOT EXISTS N_schema (_0 VARCHAR(1024))

CREATE TABLE IF NOT EXISTS E_schema (_0 VARCHAR(1024), _1 VARCHAR(1024), _2 VARCHAR(1024))

CREATE TABLE IF NOT EXISTS EGD (_0 VARCHAR(1024))

CREATE TABLE IF NOT EXISTS CATALOG_VIEW (_0 VARCHAR(1024), _1 VARCHAR(1024), _2 VARCHAR(1024), _3 VARCHAR(1024), _4 INT DEFAULT 0)

CREATE TABLE IF NOT EXISTS CATALOG_INDEX (_0 VARCHAR(1024), _1 VARCHAR(1024), _2 VARCHAR(1024))

CREATE TABLE IF NOT EXISTS CATALOG_SINDEX (_0 VARCHAR(1024), _1 VARCHAR(1024))

CREATE TABLE IF NOT EXISTS N_g (_0 INT DEFAULT 0, _1 VARCHAR(1024))

CREATE INDEX N_g___0 ON N_g (_0)

CREATE INDEX N_g___1 ON N_g (_1)

CREATE TABLE IF NOT EXISTS E_g (_0 INT DEFAULT 0, _1 INT DEFAULT 0, _2 INT DEFAULT 0, _3 VARCHAR(1024))

CREATE INDEX E_g___0 ON E_g (_0)

CREATE INDEX E_g___1 ON E_g (_1)

CREATE INDEX E_g___2 ON E_g (_2)

CREATE INDEX E_g___3 ON E_g (_3)

CREATE TABLE IF NOT EXISTS NP_g (_0 INT DEFAULT 0, _1 VARCHAR(1024), _2 VARCHAR(1024))

CREATE TABLE IF NOT EXISTS EP_g (_0 INT DEFAULT 0, _1 VARCHAR(1024), _2 VARCHAR(1024))

INSERT INTO N_schema VALUES ('Person');

INSERT INTO E_schema VALUES ('Person', 'Person', 'Knows');

INSERT INTO N_g VALUES (1, 'Person');

INSERT INTO N_g VALUES (2, 'Person');

INSERT INTO E_g VALUES (10, 1, 2, 'Knows');

((SELECT DISTINCT R0._1 AS _0, R0._2 AS _1, R0._0 AS _2 FROM E_g AS R0 CROSS JOIN N_g AS R2 CROSS JOIN N_g AS R4 WHERE R0._1 = R2._0 AND R0._2 = R4._0 AND R0._3 = 'Knows' AND R2._1 = 'Person' AND R4._1 = 'Person'));

CREATE TABLE IF NOT EXISTS N_schema (_0 VARCHAR(1024))

CREATE TABLE IF NOT EXISTS E_schema (_0 VARCHAR(1024), _1 VARCHAR(1024), _2 VARCHAR(1024))

CREATE TABLE IF NOT EXISTS EGD (_0 VARCHAR(1024))

CREATE TABLE IF NOT EXISTS CATALOG_VIEW (_0 VARCHAR(1024), _1 VARCHAR(1024), _2 VARCHAR(1024), _3 VARCHAR(1024), _4 INT DEFAULT 0)

CREATE TABLE IF NOT EXISTS CATALOG_INDEX (_0 VARCHAR(1024), _1 VARCHAR(1024), _2 VARCHAR(1024))

CREATE TABLE IF NOT EXISTS CATALOG_SINDEX (_0 VARCHAR(1024), _1 VARCHAR(1024))

CREATE TABLE IF NOT EXISTS N_g (_0 INT DEFAULT 0, _1 VARCHAR(1024))

CREATE INDEX N_g___0 ON N_g (_0)

CREATE INDEX N_g___1 ON N_g (_1)

CREATE TABLE IF NOT EXISTS E_g (_0 INT DEFAULT 0, _1 INT DEFAULT 0, _2 INT DEFAULT 0, _3 VARCHAR(1024))

CREATE INDEX E_g___0 ON E_g (_0)

CREATE INDEX E_g___1 ON E_g (_1)

CREATE INDEX E_g___2 ON E_g (_2)

CREATE INDEX E_g___3 ON E_g (_3)

CREATE TABLE IF NOT EXISTS NP_g (_0 INT DEFAULT 0, _1 VARCHAR(1024), _2 VARCHAR(1024))

CREATE TABLE IF NOT EXISTS EP_g (_0 INT DEFAULT 0, _1 VARCHAR(1024), _2 VARCHAR(1024))

CREATE TABLE IF NOT EXISTS N_schema (_0 VARCHAR(1024))

CREATE TABLE IF NOT EXISTS E_schema (_0 VARCHAR(1024), _1 VARCHAR(1024), _2 VARCHAR(1024))

CREATE TABLE IF NOT EXISTS EGD (_0 VARCHAR(1024))

CREATE TABLE IF NOT EXISTS CATALOG_VIEW (_0 VARCHAR(1024), _1 VARCHAR(1024), _2 VARCHAR(1024), _3 VARCHAR(1024), _4 INT DEFAULT 0)

CREATE TABLE IF NOT EXISTS CATALOG_INDEX (_0 VARCHAR(1024), _1 VARCHAR(1024), _2 VARCHAR(1024))

CREATE TABLE IF NOT EXISTS CATALOG_SINDEX (_0 VARCHAR(1024), _1 VARCHAR(1024))

CREATE TABLE IF NOT EXISTS N_g (_0 INT DEFAULT 0, _1 VARCHAR(1024))

CREATE INDEX N_g___0 ON N_g (_0)

CREATE INDEX N_g___1 ON N_g (_1)

CREATE TABLE IF NOT EXISTS E_g (_0 INT DEFAULT 0, _1 INT DEFAULT 0, _2 INT DEFAULT 0, _3 VARCHAR(1024))

CREATE INDEX E_g___0 ON E_g (_0)

CREATE INDEX E_g___1 ON E_g (_1)

CREATE INDEX E_g___2 ON E_g (_2)

CREATE INDEX E_g___3 ON E_g (_3)

CREATE TABLE IF NOT EXISTS NP_g (_0 INT DEFAULT 0, _1 VARCHAR(1024), _2 VARCHAR(1024))

CREATE TABLE IF NOT EXISTS EP_g (_0 INT DEFAULT 0, _1 VARCHAR(1024), _2 VARCHAR(1024))

INSERT INTO N_schema VALUES ('Person');

INSERT INTO E_schema VALUES ('Person', 'Person', 'Knows');

INSERT INTO N_g VALUES (1, 'Person');

INSERT INTO N_g VALUES (2, 'Person');

INSERT INTO E_g VALUES (10, 1, 2, 'Knows');

((SELECT DISTINCT R0._1 AS _0, R0._2 AS _1, R0._0 AS _2 FROM E_g AS R0 CROSS JOIN N_g AS R2 CROSS JOIN N_g AS R4 WHERE R0._1 = R2._0 AND R0._2 = R4._0 AND R0._3 = 'Knows' AND R2._1 = 'Person' AND R4._1 = 'Person'));

CREATE TABLE IF NOT EXISTS N_schema (_0 VARCHAR(1024))

CREATE TABLE IF NOT EXISTS E_schema (_0 VARCHAR(1024), _1 VARCHAR(1024), _2 VARCHAR(1024))

CREATE TABLE IF NOT EXISTS EGD (_0 VARCHAR(1024))

CREATE TABLE IF NOT EXISTS CATALOG_VIEW (_0 VARCHAR(1024), _1 VARCHAR(1024), _2 VARCHAR(1024), _3 VARCHAR(1024), _4 INT DEFAULT 0)

CREATE TABLE IF NOT EXISTS CATALOG_INDEX (_0 VARCHAR(1024), _1 VARCHAR(1024), _2 VARCHAR(1024))

CREATE TABLE IF NOT EXISTS CATALOG_SINDEX (_0 VARCHAR(1024), _1 VARCHAR(1024))

CREATE TABLE IF NOT EXISTS N_g (_0 INT DEFAULT 0, _1 VARCHAR(1024))

CREATE INDEX N_g___0 ON N_g (_0)

CREATE INDEX N_g___1 ON N_g (_1)

CREATE TABLE IF NOT EXISTS E_g (_0 INT DEFAULT 0, _1 INT DEFAULT 0, _2 INT DEFAULT 0, _3 VARCHAR(1024))

CREATE INDEX E_g___0 ON E_g (_0)

CREATE INDEX E_g___1 ON E_g (_1)

CREATE INDEX E_g___2 ON E_g (_2)

CREATE INDEX E_g___3 ON E_g (_3)

CREATE TABLE IF NOT EXISTS NP_g (_0 INT DEFAULT 0, _1 VARCHAR(1024), _2 VARCHAR(1024))

CREATE TABLE IF NOT EXISTS EP_g (_0 INT DEFAULT 0, _1 VARCHAR(1024), _2 VARCHAR(1024))

CREATE TABLE IF NOT EXISTS N_schema (_0 VARCHAR(1024))

CREATE TABLE IF NOT EXISTS E_schema (_0 VARCHAR(1024), _1 VARCHAR(1024), _2 VARCHAR(1024))

CREATE TABLE IF NOT EXISTS EGD (_0 VARCHAR(1024))

CREATE TABLE IF NOT EXISTS CATALOG_VIEW (_0 VARCHAR(1024), _1 VARCHAR(1024), _2 VARCHAR(1024), _3 VARCHAR(1024), _4 INT DEFAULT 0)

CREATE TABLE IF NOT EXISTS CATALOG_INDEX (_0 VARCHAR(1024), _1 VARCHAR(1024), _2 VARCHAR(1024))

CREATE TABLE IF NOT EXISTS CATALOG_SINDEX (_0 VARCHAR(1024), _1 VARCHAR(1024))

CREATE TABLE IF NOT EXISTS N_g (_0 INT DEFAULT 0, _1 VARCHAR(1024))

CREATE INDEX N_g___0 ON N_g (_0)

CREATE INDEX N_g___1 ON N_g (_1)

CREATE TABLE IF NOT EXISTS E_g (_0 INT DEFAULT 0, _1 INT DEFAULT 0, _2 INT DEFAULT 0, _3 VARCHAR(1024))

CREATE INDEX E_g___0 ON E_g (_0)

CREATE INDEX E_g___1 ON E_g (_1)

CREATE INDEX E_g___2 ON E_g (_2)

CREATE INDEX E_g___3 ON E_g (_3)

CREATE TABLE IF NOT EXISTS NP_g (_0 INT DEFAULT 0, _1 VARCHAR(1024), _2 VARCHAR(1024))

CREATE TABLE IF NOT EXISTS EP_g (_0 INT DEFAULT 0, _1 VARCHAR(1024), _2 VARCHAR(1024))

INSERT INTO N_schema VALUES ('Person');

INSERT INTO E_schema VALUES ('Person', 'Person', 'Knows');

INSERT INTO N_g VALUES (1, 'Person');

INSERT INTO N_g VALUES (2, 'Person');

INSERT INTO N_g VALUES (3, 'Person');

INSERT INTO E_g VALUES (10, 1, 2, 'Knows');

INSERT INTO E_g VALUES (11, 2, 3, 'Knows');

CREATE TABLE GENNEWID_MAP (
  NEWID SERIAL PRIMARY KEY NOT NULL,
  VIEWRULEID varchar(64) NOT NULL,
  INPUTS integer[]
);
CREATE INDEX newid_vrm_idx ON GENNEWID_MAP (VIEWRULEID, INPUTS);
ALTER SEQUENCE GENNEWID_MAP_NEWID_seq RESTART WITH 100000000 INCREMENT BY 1;
CREATE OR REPLACE FUNCTION GENNEWID_CONST(varchar(64), VARIADIC arr int[])
   RETURNS int AS $$
DECLARE
  inserted_id integer;
  existing_id integer;
BEGIN
  SELECT NEWID INTO existing_id FROM GENNEWID_MAP
  WHERE VIEWRULEID = $1 AND INPUTS = $2;
  IF not found THEN
    INSERT INTO GENNEWID_MAP (VIEWRULEID, INPUTS) VALUES ($1,$2) RETURNING NEWID INTO inserted_id;
    RETURN inserted_id;
  ELSE
    RETURN existing_id;
  END IF;
END;
$$ LANGUAGE 'plpgsql';


CREATE VIEW MATCH_FriendsView_0 AS ((SELECT DISTINCT R0._0 AS _0, R0._1 AS _1, R0._2 AS _2 FROM E_g AS R0 CROSS JOIN N_g AS R1 CROSS JOIN N_g AS R2 WHERE R0._1 = R1._0 AND R0._2 = R2._0 AND R0._3 = 'Knows' AND R1._1 = 'Person' AND R2._1 = 'Person'));

CREATE TABLE IF NOT EXISTS N_schema (_0 VARCHAR(1024))

CREATE TABLE IF NOT EXISTS E_schema (_0 VARCHAR(1024), _1 VARCHAR(1024), _2 VARCHAR(1024))

CREATE TABLE IF NOT EXISTS EGD (_0 VARCHAR(1024))

CREATE TABLE IF NOT EXISTS CATALOG_VIEW (_0 VARCHAR(1024), _1 VARCHAR(1024), _2 VARCHAR(1024), _3 VARCHAR(1024), _4 INT DEFAULT 0)

CREATE TABLE IF NOT EXISTS CATALOG_INDEX (_0 VARCHAR(1024), _1 VARCHAR(1024), _2 VARCHAR(1024))

CREATE TABLE IF NOT EXISTS CATALOG_SINDEX (_0 VARCHAR(1024), _1 VARCHAR(1024))

CREATE TABLE IF NOT EXISTS N_g (_0 INT DEFAULT 0, _1 VARCHAR(1024))

CREATE INDEX N_g___0 ON N_g (_0)

CREATE INDEX N_g___1 ON N_g (_1)

CREATE TABLE IF NOT EXISTS E_g (_0 INT DEFAULT 0, _1 INT DEFAULT 0, _2 INT DEFAULT 0, _3 VARCHAR(1024))

CREATE INDEX E_g___0 ON E_g (_0)

CREATE INDEX E_g___1 ON E_g (_1)

CREATE INDEX E_g___2 ON E_g (_2)

CREATE INDEX E_g___3 ON E_g (_3)

CREATE TABLE IF NOT EXISTS NP_g (_0 INT DEFAULT 0, _1 VARCHAR(1024), _2 VARCHAR(1024))

CREATE TABLE IF NOT EXISTS EP_g (_0 INT DEFAULT 0, _1 VARCHAR(1024), _2 VARCHAR(1024))

INSERT INTO N_schema VALUES ('Person');

INSERT INTO E_schema VALUES ('Person', 'Person', 'Knows');

INSERT INTO N_g VALUES (1, 'Person');

INSERT INTO N_g VALUES (2, 'Person');

INSERT INTO N_g VALUES (3, 'Person');

INSERT INTO E_g VALUES (10, 1, 2, 'Knows');

INSERT INTO E_g VALUES (11, 2, 3, 'Knows');

CREATE TABLE GENNEWID_MAP (
  NEWID SERIAL PRIMARY KEY NOT NULL,
  VIEWRULEID varchar(64) NOT NULL,
  INPUTS integer[]
);
CREATE INDEX newid_vrm_idx ON GENNEWID_MAP (VIEWRULEID, INPUTS);
ALTER SEQUENCE GENNEWID_MAP_NEWID_seq RESTART WITH 100000000 INCREMENT BY 1;
CREATE OR REPLACE FUNCTION GENNEWID_CONST(varchar(64), VARIADIC arr int[])
   RETURNS int AS $$
DECLARE
  inserted_id integer;
  existing_id integer;
BEGIN
  SELECT NEWID INTO existing_id FROM GENNEWID_MAP
  WHERE VIEWRULEID = $1 AND INPUTS = $2;
  IF not found THEN
    INSERT INTO GENNEWID_MAP (VIEWRULEID, INPUTS) VALUES ($1,$2) RETURNING NEWID INTO inserted_id;
    RETURN inserted_id;
  ELSE
    RETURN existing_id;
  END IF;
END;
$$ LANGUAGE 'plpgsql';


CREATE VIEW MATCH_FriendsView_0 AS ((SELECT DISTINCT R0._0 AS _0, R0._1 AS _1, R0._2 AS _2 FROM E_g AS R0 CROSS JOIN N_g AS R1 CROSS JOIN N_g AS R2 WHERE R0._1 = R1._0 AND R0._2 = R2._0 AND R0._3 = 'Knows' AND R1._1 = 'Person' AND R2._1 = 'Person'));

CREATE TABLE IF NOT EXISTS N_schema (_0 VARCHAR(1024))

CREATE TABLE IF NOT EXISTS E_schema (_0 VARCHAR(1024), _1 VARCHAR(1024), _2 VARCHAR(1024))

CREATE TABLE IF NOT EXISTS EGD (_0 VARCHAR(1024))

CREATE TABLE IF NOT EXISTS CATALOG_VIEW (_0 VARCHAR(1024), _1 VARCHAR(1024), _2 VARCHAR(1024), _3 VARCHAR(1024), _4 INT DEFAULT 0)

CREATE TABLE IF NOT EXISTS CATALOG_INDEX (_0 VARCHAR(1024), _1 VARCHAR(1024), _2 VARCHAR(1024))

CREATE TABLE IF NOT EXISTS CATALOG_SINDEX (_0 VARCHAR(1024), _1 VARCHAR(1024))

CREATE TABLE IF NOT EXISTS N_g (_0 INT DEFAULT 0, _1 VARCHAR(1024))

CREATE INDEX N_g___0 ON N_g (_0)

CREATE INDEX N_g___1 ON N_g (_1)

CREATE TABLE IF NOT EXISTS E_g (_0 INT DEFAULT 0, _1 INT DEFAULT 0, _2 INT DEFAULT 0, _3 VARCHAR(1024))

CREATE INDEX E_g___0 ON E_g (_0)

CREATE INDEX E_g___1 ON E_g (_1)

CREATE INDEX E_g___2 ON E_g (_2)

CREATE INDEX E_g___3 ON E_g (_3)

CREATE TABLE IF NOT EXISTS NP_g (_0 INT DEFAULT 0, _1 VARCHAR(1024), _2 VARCHAR(1024))

CREATE TABLE IF NOT EXISTS EP_g (_0 INT DEFAULT 0, _1 VARCHAR(1024), _2 VARCHAR(1024))

CREATE TABLE IF NOT EXISTS N_schema (_0 VARCHAR(1024))

CREATE TABLE IF NOT EXISTS E_schema (_0 VARCHAR(1024), _1 VARCHAR(1024), _2 VARCHAR(1024))

CREATE TABLE IF NOT EXISTS EGD (_0 VARCHAR(1024))

CREATE TABLE IF NOT EXISTS CATALOG_VIEW (_0 VARCHAR(1024), _1 VARCHAR(1024), _2 VARCHAR(1024), _3 VARCHAR(1024), _4 INT DEFAULT 0)

CREATE TABLE IF NOT EXISTS CATALOG_INDEX (_0 VARCHAR(1024), _1 VARCHAR(1024), _2 VARCHAR(1024))

CREATE TABLE IF NOT EXISTS CATALOG_SINDEX (_0 VARCHAR(1024), _1 VARCHAR(1024))

CREATE TABLE IF NOT EXISTS N_g (_0 INT DEFAULT 0, _1 VARCHAR(1024))

CREATE INDEX N_g___0 ON N_g (_0)

CREATE INDEX N_g___1 ON N_g (_1)

CREATE TABLE IF NOT EXISTS E_g (_0 INT DEFAULT 0, _1 INT DEFAULT 0, _2 INT DEFAULT 0, _3 VARCHAR(1024))

CREATE INDEX E_g___0 ON E_g (_0)

CREATE INDEX E_g___1 ON E_g (_1)

CREATE INDEX E_g___2 ON E_g (_2)

CREATE INDEX E_g___3 ON E_g (_3)

CREATE TABLE IF NOT EXISTS NP_g (_0 INT DEFAULT 0, _1 VARCHAR(1024), _2 VARCHAR(1024))

CREATE TABLE IF NOT EXISTS EP_g (_0 INT DEFAULT 0, _1 VARCHAR(1024), _2 VARCHAR(1024))

INSERT INTO N_schema VALUES ('Person');

INSERT INTO E_schema VALUES ('Person', 'Person', 'Knows');

INSERT INTO N_g VALUES (1, 'Person');

INSERT INTO N_g VALUES (2, 'Person');

INSERT INTO N_g VALUES (3, 'Person');

INSERT INTO E_g VALUES (10, 1, 2, 'Knows');

INSERT INTO E_g VALUES (11, 2, 3, 'Knows');

CREATE TABLE GENNEWID_MAP (
  NEWID SERIAL PRIMARY KEY NOT NULL,
  VIEWRULEID varchar(64) NOT NULL,
  INPUTS integer[]
);
CREATE INDEX newid_vrm_idx ON GENNEWID_MAP (VIEWRULEID, INPUTS);
ALTER SEQUENCE GENNEWID_MAP_NEWID_seq RESTART WITH 100000000 INCREMENT BY 1;
CREATE OR REPLACE FUNCTION GENNEWID_CONST(varchar(64), VARIADIC arr int[])
   RETURNS int AS $$
DECLARE
  inserted_id integer;
  existing_id integer;
BEGIN
  SELECT NEWID INTO existing_id FROM GENNEWID_MAP
  WHERE VIEWRULEID = $1 AND INPUTS = $2;
  IF not found THEN
    INSERT INTO GENNEWID_MAP (VIEWRULEID, INPUTS) VALUES ($1,$2) RETURNING NEWID INTO inserted_id;
    RETURN inserted_id;
  ELSE
    RETURN existing_id;
  END IF;
END;
$$ LANGUAGE 'plpgsql';


CREATE VIEW MATCH_FriendsView_0 AS ((SELECT DISTINCT R0._0 AS _0, R0._1 AS _1, R0._2 AS _2 FROM E_g AS R0 CROSS JOIN N_g AS R1 CROSS JOIN N_g AS R2 WHERE R0._1 = R1._0 AND R0._2 = R2._0 AND R0._3 = 'Knows' AND R1._1 = 'Person' AND R2._1 = 'Person'));

CREATE TABLE IF NOT EXISTS N_schema (_0 VARCHAR(1024))

CREATE TABLE IF NOT EXISTS E_schema (_0 VARCHAR(1024), _1 VARCHAR(1024), _2 VARCHAR(1024))

CREATE TABLE IF NOT EXISTS EGD (_0 VARCHAR(1024))

CREATE TABLE IF NOT EXISTS CATALOG_VIEW (_0 VARCHAR(1024), _1 VARCHAR(1024), _2 VARCHAR(1024), _3 VARCHAR(1024), _4 INT DEFAULT 0)

CREATE TABLE IF NOT EXISTS CATALOG_INDEX (_0 VARCHAR(1024), _1 VARCHAR(1024), _2 VARCHAR(1024))

CREATE TABLE IF NOT EXISTS CATALOG_SINDEX (_0 VARCHAR(1024), _1 VARCHAR(1024))

CREATE TABLE IF NOT EXISTS N_g (_0 INT DEFAULT 0, _1 VARCHAR(1024))

CREATE INDEX N_g___0 ON N_g (_0)

CREATE INDEX N_g___1 ON N_g (_1)

CREATE TABLE IF NOT EXISTS E_g (_0 INT DEFAULT 0, _1 INT DEFAULT 0, _2 INT DEFAULT 0, _3 VARCHAR(1024))

CREATE INDEX E_g___0 ON E_g (_0)

CREATE INDEX E_g___1 ON E_g (_1)

CREATE INDEX E_g___2 ON E_g (_2)

CREATE INDEX E_g___3 ON E_g (_3)

CREATE TABLE IF NOT EXISTS NP_g (_0 INT DEFAULT 0, _1 VARCHAR(1024), _2 VARCHAR(1024))

CREATE TABLE IF NOT EXISTS EP_g (_0 INT DEFAULT 0, _1 VARCHAR(1024), _2 VARCHAR(1024))

INSERT INTO N_schema VALUES ('Person');

INSERT INTO E_schema VALUES ('Person', 'Person', 'Knows');

INSERT INTO N_g VALUES (1, 'Person');

INSERT INTO N_g VALUES (2, 'Person');

INSERT INTO N_g VALUES (3, 'Person');

INSERT INTO E_g VALUES (10, 1, 2, 'Knows');

INSERT INTO E_g VALUES (11, 2, 3, 'Knows');

CREATE TABLE GENNEWID_MAP (
  NEWID SERIAL PRIMARY KEY NOT NULL,
  VIEWRULEID varchar(64) NOT NULL,
  INPUTS integer[]
);
CREATE INDEX newid_vrm_idx ON GENNEWID_MAP (VIEWRULEID, INPUTS);
ALTER SEQUENCE GENNEWID_MAP_NEWID_seq RESTART WITH 100000000 INCREMENT BY 1;
CREATE OR REPLACE FUNCTION GENNEWID_CONST(varchar(64), VARIADIC arr int[])
   RETURNS int AS $$
DECLARE
  inserted_id integer;
  existing_id integer;
BEGIN
  SELECT NEWID INTO existing_id FROM GENNEWID_MAP
  WHERE VIEWRULEID = $1 AND INPUTS = $2;
  IF not found THEN
    INSERT INTO GENNEWID_MAP (VIEWRULEID, INPUTS) VALUES ($1,$2) RETURNING NEWID INTO inserted_id;
    RETURN inserted_id;
  ELSE
    RETURN existing_id;
  END IF;
END;
$$ LANGUAGE 'plpgsql';


CREATE VIEW MATCH_FriendsView_0 AS ((SELECT DISTINCT R0._0 AS _0, R0._1 AS _1, R0._2 AS _2 FROM E_g AS R0 CROSS JOIN N_g AS R1 CROSS JOIN N_g AS R2 WHERE R0._1 = R1._0 AND R0._2 = R2._0 AND R0._3 = 'Knows' AND R1._1 = 'Person' AND R2._1 = 'Person'));

CREATE TABLE IF NOT EXISTS N_schema (_0 VARCHAR(1024))

CREATE TABLE IF NOT EXISTS E_schema (_0 VARCHAR(1024), _1 VARCHAR(1024), _2 VARCHAR(1024))

CREATE TABLE IF NOT EXISTS EGD (_0 VARCHAR(1024))

CREATE TABLE IF NOT EXISTS CATALOG_VIEW (_0 VARCHAR(1024), _1 VARCHAR(1024), _2 VARCHAR(1024), _3 VARCHAR(1024), _4 INT DEFAULT 0)

CREATE TABLE IF NOT EXISTS CATALOG_INDEX (_0 VARCHAR(1024), _1 VARCHAR(1024), _2 VARCHAR(1024))

CREATE TABLE IF NOT EXISTS CATALOG_SINDEX (_0 VARCHAR(1024), _1 VARCHAR(1024))

CREATE TABLE IF NOT EXISTS N_g (_0 INT DEFAULT 0, _1 VARCHAR(1024))

CREATE INDEX N_g___0 ON N_g (_0)

CREATE INDEX N_g___1 ON N_g (_1)

CREATE TABLE IF NOT EXISTS E_g (_0 INT DEFAULT 0, _1 INT DEFAULT 0, _2 INT DEFAULT 0, _3 VARCHAR(1024))

CREATE INDEX E_g___0 ON E_g (_0)

CREATE INDEX E_g___1 ON E_g (_1)

CREATE INDEX E_g___2 ON E_g (_2)

CREATE INDEX E_g___3 ON E_g (_3)

CREATE TABLE IF NOT EXISTS NP_g (_0 INT DEFAULT 0, _1 VARCHAR(1024), _2 VARCHAR(1024))

CREATE TABLE IF NOT EXISTS EP_g (_0 INT DEFAULT 0, _1 VARCHAR(1024), _2 VARCHAR(1024))

INSERT INTO N_schema VALUES ('Person');

INSERT INTO E_schema VALUES ('Person', 'Person', 'Knows');

INSERT INTO N_g VALUES (1, 'Person');

INSERT INTO N_g VALUES (2, 'Person');

INSERT INTO N_g VALUES (3, 'Person');

INSERT INTO E_g VALUES (10, 1, 2, 'Knows');

INSERT INTO E_g VALUES (11, 2, 3, 'Knows');

CREATE TABLE GENNEWID_MAP (
  NEWID SERIAL PRIMARY KEY NOT NULL,
  VIEWRULEID varchar(64) NOT NULL,
  INPUTS integer[]
);
CREATE INDEX newid_vrm_idx ON GENNEWID_MAP (VIEWRULEID, INPUTS);
ALTER SEQUENCE GENNEWID_MAP_NEWID_seq RESTART WITH 100000000 INCREMENT BY 1;
CREATE OR REPLACE FUNCTION GENNEWID_CONST(varchar(64), VARIADIC arr int[])
   RETURNS int AS $$
DECLARE
  inserted_id integer;
  existing_id integer;
BEGIN
  SELECT NEWID INTO existing_id FROM GENNEWID_MAP
  WHERE VIEWRULEID = $1 AND INPUTS = $2;
  IF not found THEN
    INSERT INTO GENNEWID_MAP (VIEWRULEID, INPUTS) VALUES ($1,$2) RETURNING NEWID INTO inserted_id;
    RETURN inserted_id;
  ELSE
    RETURN existing_id;
  END IF;
END;
$$ LANGUAGE 'plpgsql';


CREATE VIEW MATCH_FriendsView_0 AS ((SELECT DISTINCT R0._0 AS _0, R0._1 AS _1, R0._2 AS _2 FROM E_g AS R0 CROSS JOIN N_g AS R1 CROSS JOIN N_g AS R2 WHERE R0._1 = R1._0 AND R0._2 = R2._0 AND R0._3 = 'Knows' AND R1._1 = 'Person' AND R2._1 = 'Person'));

CREATE TABLE IF NOT EXISTS N_schema (_0 VARCHAR(1024))

CREATE TABLE IF NOT EXISTS E_schema (_0 VARCHAR(1024), _1 VARCHAR(1024), _2 VARCHAR(1024))

CREATE TABLE IF NOT EXISTS EGD (_0 VARCHAR(1024))

CREATE TABLE IF NOT EXISTS CATALOG_VIEW (_0 VARCHAR(1024), _1 VARCHAR(1024), _2 VARCHAR(1024), _3 VARCHAR(1024), _4 INT DEFAULT 0)

CREATE TABLE IF NOT EXISTS CATALOG_INDEX (_0 VARCHAR(1024), _1 VARCHAR(1024), _2 VARCHAR(1024))

CREATE TABLE IF NOT EXISTS CATALOG_SINDEX (_0 VARCHAR(1024), _1 VARCHAR(1024))

CREATE TABLE IF NOT EXISTS N_g (_0 INT DEFAULT 0, _1 VARCHAR(1024))

CREATE INDEX N_g___0 ON N_g (_0)

CREATE INDEX N_g___1 ON N_g (_1)

CREATE TABLE IF NOT EXISTS E_g (_0 INT DEFAULT 0, _1 INT DEFAULT 0, _2 INT DEFAULT 0, _3 VARCHAR(1024))

CREATE INDEX E_g___0 ON E_g (_0)

CREATE INDEX E_g___1 ON E_g (_1)

CREATE INDEX E_g___2 ON E_g (_2)

CREATE INDEX E_g___3 ON E_g (_3)

CREATE TABLE IF NOT EXISTS NP_g (_0 INT DEFAULT 0, _1 VARCHAR(1024), _2 VARCHAR(1024))

CREATE TABLE IF NOT EXISTS EP_g (_0 INT DEFAULT 0, _1 VARCHAR(1024), _2 VARCHAR(1024))

CREATE TABLE IF NOT EXISTS N_schema (_0 VARCHAR(1024))

CREATE TABLE IF NOT EXISTS E_schema (_0 VARCHAR(1024), _1 VARCHAR(1024), _2 VARCHAR(1024))

CREATE TABLE IF NOT EXISTS EGD (_0 VARCHAR(1024))

CREATE TABLE IF NOT EXISTS CATALOG_VIEW (_0 VARCHAR(1024), _1 VARCHAR(1024), _2 VARCHAR(1024), _3 VARCHAR(1024), _4 INT DEFAULT 0)

CREATE TABLE IF NOT EXISTS CATALOG_INDEX (_0 VARCHAR(1024), _1 VARCHAR(1024), _2 VARCHAR(1024))

CREATE TABLE IF NOT EXISTS CATALOG_SINDEX (_0 VARCHAR(1024), _1 VARCHAR(1024))

CREATE TABLE IF NOT EXISTS N_g (_0 INT DEFAULT 0, _1 VARCHAR(1024))

CREATE INDEX N_g___0 ON N_g (_0)

CREATE INDEX N_g___1 ON N_g (_1)

CREATE TABLE IF NOT EXISTS E_g (_0 INT DEFAULT 0, _1 INT DEFAULT 0, _2 INT DEFAULT 0, _3 VARCHAR(1024))

CREATE INDEX E_g___0 ON E_g (_0)

CREATE INDEX E_g___1 ON E_g (_1)

CREATE INDEX E_g___2 ON E_g (_2)

CREATE INDEX E_g___3 ON E_g (_3)

CREATE TABLE IF NOT EXISTS NP_g (_0 INT DEFAULT 0, _1 VARCHAR(1024), _2 VARCHAR(1024))

CREATE TABLE IF NOT EXISTS EP_g (_0 INT DEFAULT 0, _1 VARCHAR(1024), _2 VARCHAR(1024))

INSERT INTO N_schema VALUES ('Person');

INSERT INTO E_schema VALUES ('Person', 'Person', 'Knows');

INSERT INTO N_g VALUES (1, 'Person');

INSERT INTO N_g VALUES (2, 'Person');

INSERT INTO N_g VALUES (3, 'Person');

INSERT INTO E_g VALUES (10, 1, 2, 'Knows');

INSERT INTO E_g VALUES (11, 2, 3, 'Knows');

CREATE TABLE GENNEWID_MAP (
  NEWID SERIAL PRIMARY KEY NOT NULL,
  VIEWRULEID varchar(64) NOT NULL,
  INPUTS integer[]
);
CREATE INDEX newid_vrm_idx ON GENNEWID_MAP (VIEWRULEID, INPUTS);
ALTER SEQUENCE GENNEWID_MAP_NEWID_seq RESTART WITH 100000000 INCREMENT BY 1;
CREATE OR REPLACE FUNCTION GENNEWID_CONST(varchar(64), VARIADIC arr int[])
   RETURNS int AS $$
DECLARE
  inserted_id integer;
  existing_id integer;
BEGIN
  SELECT NEWID INTO existing_id FROM GENNEWID_MAP
  WHERE VIEWRULEID = $1 AND INPUTS = $2;
  IF not found THEN
    INSERT INTO GENNEWID_MAP (VIEWRULEID, INPUTS) VALUES ($1,$2) RETURNING NEWID INTO inserted_id;
    RETURN inserted_id;
  ELSE
    RETURN existing_id;
  END IF;
END;
$$ LANGUAGE 'plpgsql';


CREATE VIEW MATCH_FriendsView_0 AS ((SELECT DISTINCT R0._0 AS _0, R0._1 AS _1, R0._2 AS _2 FROM E_g AS R0 CROSS JOIN N_g AS R1 CROSS JOIN N_g AS R2 WHERE R0._1 = R1._0 AND R0._2 = R2._0 AND R0._3 = 'Knows' AND R1._1 = 'Person' AND R2._1 = 'Person'));

CREATE TABLE IF NOT EXISTS N_schema (_0 VARCHAR(1024))

CREATE TABLE IF NOT EXISTS E_schema (_0 VARCHAR(1024), _1 VARCHAR(1024), _2 VARCHAR(1024))

CREATE TABLE IF NOT EXISTS EGD (_0 VARCHAR(1024))

CREATE TABLE IF NOT EXISTS CATALOG_VIEW (_0 VARCHAR(1024), _1 VARCHAR(1024), _2 VARCHAR(1024), _3 VARCHAR(1024), _4 INT DEFAULT 0)

CREATE TABLE IF NOT EXISTS CATALOG_INDEX (_0 VARCHAR(1024), _1 VARCHAR(1024), _2 VARCHAR(1024))

CREATE TABLE IF NOT EXISTS CATALOG_SINDEX (_0 VARCHAR(1024), _1 VARCHAR(1024))

CREATE TABLE IF NOT EXISTS N_g (_0 INT DEFAULT 0, _1 VARCHAR(1024))

CREATE INDEX N_g___0 ON N_g (_0)

CREATE INDEX N_g___1 ON N_g (_1)

CREATE TABLE IF NOT EXISTS E_g (_0 INT DEFAULT 0, _1 INT DEFAULT 0, _2 INT DEFAULT 0, _3 VARCHAR(1024))

CREATE INDEX E_g___0 ON E_g (_0)

CREATE INDEX E_g___1 ON E_g (_1)

CREATE INDEX E_g___2 ON E_g (_2)

CREATE INDEX E_g___3 ON E_g (_3)

CREATE TABLE IF NOT EXISTS NP_g (_0 INT DEFAULT 0, _1 VARCHAR(1024), _2 VARCHAR(1024))

CREATE TABLE IF NOT EXISTS EP_g (_0 INT DEFAULT 0, _1 VARCHAR(1024), _2 VARCHAR(1024))

INSERT INTO N_schema VALUES ('Person');

INSERT INTO E_schema VALUES ('Person', 'Person', 'Knows');

INSERT INTO N_g VALUES (1, 'Person');

INSERT INTO N_g VALUES (2, 'Person');

INSERT INTO N_g VALUES (3, 'Person');

INSERT INTO E_g VALUES (10, 1, 2, 'Knows');

INSERT INTO E_g VALUES (11, 2, 3, 'Knows');

CREATE TABLE GENNEWID_MAP (
  NEWID SERIAL PRIMARY KEY NOT NULL,
  VIEWRULEID varchar(64) NOT NULL,
  INPUTS integer[]
);
CREATE INDEX newid_vrm_idx ON GENNEWID_MAP (VIEWRULEID, INPUTS);
ALTER SEQUENCE GENNEWID_MAP_NEWID_seq RESTART WITH 100000000 INCREMENT BY 1;
CREATE OR REPLACE FUNCTION GENNEWID_CONST(varchar(64), VARIADIC arr int[])
   RETURNS int AS $$
DECLARE
  inserted_id integer;
  existing_id integer;
BEGIN
  SELECT NEWID INTO existing_id FROM GENNEWID_MAP
  WHERE VIEWRULEID = $1 AND INPUTS = $2;
  IF not found THEN
    INSERT INTO GENNEWID_MAP (VIEWRULEID, INPUTS) VALUES ($1,$2) RETURNING NEWID INTO inserted_id;
    RETURN inserted_id;
  ELSE
    RETURN existing_id;
  END IF;
END;
$$ LANGUAGE 'plpgsql';


CREATE VIEW MATCH_FriendsView_0 AS ((SELECT DISTINCT R0._0 AS _0, R0._1 AS _1, R0._2 AS _2 FROM E_g AS R0 CROSS JOIN N_g AS R1 CROSS JOIN N_g AS R2 WHERE R0._1 = R1._0 AND R0._2 = R2._0 AND R0._3 = 'Knows' AND R1._1 = 'Person' AND R2._1 = 'Person'));

CREATE TABLE IF NOT EXISTS N_schema (_0 VARCHAR(1024))

CREATE TABLE IF NOT EXISTS E_schema (_0 VARCHAR(1024), _1 VARCHAR(1024), _2 VARCHAR(1024))

CREATE TABLE IF NOT EXISTS EGD (_0 VARCHAR(1024))

CREATE TABLE IF NOT EXISTS CATALOG_VIEW (_0 VARCHAR(1024), _1 VARCHAR(1024), _2 VARCHAR(1024), _3 VARCHAR(1024), _4 INT DEFAULT 0)

CREATE TABLE IF NOT EXISTS CATALOG_INDEX (_0 VARCHAR(1024), _1 VARCHAR(1024), _2 VARCHAR(1024))

CREATE TABLE IF NOT EXISTS CATALOG_SINDEX (_0 VARCHAR(1024), _1 VARCHAR(1024))

CREATE TABLE IF NOT EXISTS N_g (_0 INT DEFAULT 0, _1 VARCHAR(1024))

CREATE INDEX N_g___0 ON N_g (_0)

CREATE INDEX N_g___1 ON N_g (_1)

CREATE TABLE IF NOT EXISTS E_g (_0 INT DEFAULT 0, _1 INT DEFAULT 0, _2 INT DEFAULT 0, _3 VARCHAR(1024))

CREATE INDEX E_g___0 ON E_g (_0)

CREATE INDEX E_g___1 ON E_g (_1)

CREATE INDEX E_g___2 ON E_g (_2)

CREATE INDEX E_g___3 ON E_g (_3)

CREATE TABLE IF NOT EXISTS NP_g (_0 INT DEFAULT 0, _1 VARCHAR(1024), _2 VARCHAR(1024))

CREATE TABLE IF NOT EXISTS EP_g (_0 INT DEFAULT 0, _1 VARCHAR(1024), _2 VARCHAR(1024))

CREATE TABLE IF NOT EXISTS N_schema (_0 VARCHAR(1024))

CREATE TABLE IF NOT EXISTS E_schema (_0 VARCHAR(1024), _1 VARCHAR(1024), _2 VARCHAR(1024))

CREATE TABLE IF NOT EXISTS EGD (_0 VARCHAR(1024))

CREATE TABLE IF NOT EXISTS CATALOG_VIEW (_0 VARCHAR(1024), _1 VARCHAR(1024), _2 VARCHAR(1024), _3 VARCHAR(1024), _4 INT DEFAULT 0)

CREATE TABLE IF NOT EXISTS CATALOG_INDEX (_0 VARCHAR(1024), _1 VARCHAR(1024), _2 VARCHAR(1024))

CREATE TABLE IF NOT EXISTS CATALOG_SINDEX (_0 VARCHAR(1024), _1 VARCHAR(1024))

CREATE TABLE IF NOT EXISTS N_g (_0 INT DEFAULT 0, _1 VARCHAR(1024))

CREATE INDEX N_g___0 ON N_g (_0)

CREATE INDEX N_g___1 ON N_g (_1)

CREATE TABLE IF NOT EXISTS E_g (_0 INT DEFAULT 0, _1 INT DEFAULT 0, _2 INT DEFAULT 0, _3 VARCHAR(1024))

CREATE INDEX E_g___0 ON E_g (_0)

CREATE INDEX E_g___1 ON E_g (_1)

CREATE INDEX E_g___2 ON E_g (_2)

CREATE INDEX E_g___3 ON E_g (_3)

CREATE TABLE IF NOT EXISTS NP_g (_0 INT DEFAULT 0, _1 VARCHAR(1024), _2 VARCHAR(1024))

CREATE TABLE IF NOT EXISTS EP_g (_0 INT DEFAULT 0, _1 VARCHAR(1024), _2 VARCHAR(1024))

INSERT INTO N_schema VALUES ('Person');

INSERT INTO E_schema VALUES ('Person', 'Person', 'Knows');

INSERT INTO N_g VALUES (1, 'Person');

INSERT INTO N_g VALUES (2, 'Person');

INSERT INTO E_g VALUES (10, 1, 2, 'Knows');

((SELECT DISTINCT R0._1 AS _0, R0._2 AS _1, R0._0 AS _2 FROM E_g AS R0 CROSS JOIN N_g AS R2 CROSS JOIN N_g AS R4 WHERE R0._1 = R2._0 AND R0._2 = R4._0 AND R0._3 = 'Knows' AND R2._1 = 'Person' AND R4._1 = 'Person'));

INSERT INTO N_schema VALUES ('Person');

INSERT INTO E_schema VALUES ('Person', 'Person', 'Knows');

INSERT INTO N_g VALUES (1, 'Person');

INSERT INTO N_g VALUES (2, 'Person');

INSERT INTO N_g VALUES (3, 'Person');

INSERT INTO E_g VALUES (10, 1, 2, 'Knows');

INSERT INTO E_g VALUES (11, 2, 3, 'Knows');

DROP TABLE IF EXISTS GENNEWID_MAP CASCADE;


CREATE TABLE GENNEWID_MAP (
  NEWID SERIAL PRIMARY KEY NOT NULL,
  VIEWRULEID varchar(64) NOT NULL,
  INPUTS integer[]
);
CREATE INDEX IF NOT EXISTS newid_vrm_idx ON GENNEWID_MAP (VIEWRULEID, INPUTS);
ALTER SEQUENCE GENNEWID_MAP_NEWID_seq RESTART WITH 100000000 INCREMENT BY 1;
CREATE OR REPLACE FUNCTION GENNEWID_CONST(varchar(64), VARIADIC arr int[])
   RETURNS int AS $$
DECLARE
  inserted_id integer;
  existing_id integer;
BEGIN
  SELECT NEWID INTO existing_id FROM GENNEWID_MAP
  WHERE VIEWRULEID = $1 AND INPUTS = $2;
  IF not found THEN
    INSERT INTO GENNEWID_MAP (VIEWRULEID, INPUTS) VALUES ($1,$2) RETURNING NEWID INTO inserted_id;
    RETURN inserted_id;
  ELSE
    RETURN existing_id;
  END IF;
END;
$$ LANGUAGE 'plpgsql';


DROP VIEW IF EXISTS MATCH_FriendsView_0 CASCADE

CREATE VIEW MATCH_FriendsView_0 AS ((SELECT DISTINCT R0._0 AS _0, R0._1 AS _1, R0._2 AS _2 FROM E_g AS R0 CROSS JOIN N_g AS R1 CROSS JOIN N_g AS R2 WHERE R0._1 = R1._0 AND R0._2 = R2._0 AND R0._3 = 'Knows' AND R1._1 = 'Person' AND R2._1 = 'Person'));

INSERT INTO N_schema VALUES ('Person');

INSERT INTO E_schema VALUES ('Person', 'Person', 'Knows');

INSERT INTO N_g VALUES (1, 'Person');

INSERT INTO N_g VALUES (2, 'Person');

INSERT INTO N_g VALUES (3, 'Person');

INSERT INTO E_g VALUES (10, 1, 2, 'Knows');

INSERT INTO E_g VALUES (11, 2, 3, 'Knows');

DROP TABLE IF EXISTS GENNEWID_MAP CASCADE;


CREATE TABLE GENNEWID_MAP (
  NEWID SERIAL PRIMARY KEY NOT NULL,
  VIEWRULEID varchar(64) NOT NULL,
  INPUTS integer[]
);
CREATE INDEX IF NOT EXISTS newid_vrm_idx ON GENNEWID_MAP (VIEWRULEID, INPUTS);
ALTER SEQUENCE GENNEWID_MAP_NEWID_seq RESTART WITH 100000000 INCREMENT BY 1;
CREATE OR REPLACE FUNCTION GENNEWID_CONST(varchar(64), VARIADIC arr int[])
   RETURNS int AS $$
DECLARE
  inserted_id integer;
  existing_id integer;
BEGIN
  SELECT NEWID INTO existing_id FROM GENNEWID_MAP
  WHERE VIEWRULEID = $1 AND INPUTS = $2;
  IF not found THEN
    INSERT INTO GENNEWID_MAP (VIEWRULEID, INPUTS) VALUES ($1,$2) RETURNING NEWID INTO inserted_id;
    RETURN inserted_id;
  ELSE
    RETURN existing_id;
  END IF;
END;
$$ LANGUAGE 'plpgsql';


DROP VIEW IF EXISTS MATCH_FriendsView_0 CASCADE

CREATE VIEW MATCH_FriendsView_0 AS ((SELECT DISTINCT R0._0 AS _0, R0._1 AS _1, R0._2 AS _2 FROM E_g AS R0 CROSS JOIN N_g AS R1 CROSS JOIN N_g AS R2 WHERE R0._1 = R1._0 AND R0._2 = R2._0 AND R0._3 = 'Knows' AND R1._1 = 'Person' AND R2._1 = 'Person'));

INSERT INTO N_schema VALUES ('Person');

INSERT INTO E_schema VALUES ('Person', 'Person', 'Knows');

INSERT INTO N_g VALUES (1, 'Person');

INSERT INTO N_g VALUES (2, 'Person');

INSERT INTO N_g VALUES (3, 'Person');

INSERT INTO E_g VALUES (10, 1, 2, 'Knows');

INSERT INTO E_g VALUES (11, 2, 3, 'Knows');

DROP TABLE IF EXISTS GENNEWID_MAP CASCADE;


CREATE TABLE GENNEWID_MAP (
  NEWID SERIAL PRIMARY KEY NOT NULL,
  VIEWRULEID varchar(64) NOT NULL,
  INPUTS integer[]
);
CREATE INDEX IF NOT EXISTS newid_vrm_idx ON GENNEWID_MAP (VIEWRULEID, INPUTS);
ALTER SEQUENCE GENNEWID_MAP_NEWID_seq RESTART WITH 100000000 INCREMENT BY 1;
CREATE OR REPLACE FUNCTION GENNEWID_CONST(varchar(64), VARIADIC arr int[])
   RETURNS int AS $$
DECLARE
  inserted_id integer;
  existing_id integer;
BEGIN
  SELECT NEWID INTO existing_id FROM GENNEWID_MAP
  WHERE VIEWRULEID = $1 AND INPUTS = $2;
  IF not found THEN
    INSERT INTO GENNEWID_MAP (VIEWRULEID, INPUTS) VALUES ($1,$2) RETURNING NEWID INTO inserted_id;
    RETURN inserted_id;
  ELSE
    RETURN existing_id;
  END IF;
END;
$$ LANGUAGE 'plpgsql';


DROP VIEW IF EXISTS MATCH_FriendsView_0 CASCADE

CREATE VIEW MATCH_FriendsView_0 AS ((SELECT DISTINCT R0._0 AS _0, R0._1 AS _1, R0._2 AS _2 FROM E_g AS R0 CROSS JOIN N_g AS R1 CROSS JOIN N_g AS R2 WHERE R0._1 = R1._0 AND R0._2 = R2._0 AND R0._3 = 'Knows' AND R1._1 = 'Person' AND R2._1 = 'Person'));

INSERT INTO N_schema VALUES ('Person');

INSERT INTO E_schema VALUES ('Person', 'Person', 'Knows');

INSERT INTO N_g VALUES (1, 'Person');

INSERT INTO N_g VALUES (2, 'Person');

INSERT INTO N_g VALUES (3, 'Person');

INSERT INTO E_g VALUES (10, 1, 2, 'Knows');

INSERT INTO E_g VALUES (11, 2, 3, 'Knows');

DROP TABLE IF EXISTS GENNEWID_MAP CASCADE;


CREATE TABLE GENNEWID_MAP (
  NEWID SERIAL PRIMARY KEY NOT NULL,
  VIEWRULEID varchar(64) NOT NULL,
  INPUTS integer[]
);
CREATE INDEX IF NOT EXISTS newid_vrm_idx ON GENNEWID_MAP (VIEWRULEID, INPUTS);
ALTER SEQUENCE GENNEWID_MAP_NEWID_seq RESTART WITH 100000000 INCREMENT BY 1;
CREATE OR REPLACE FUNCTION GENNEWID_CONST(varchar(64), VARIADIC arr int[])
   RETURNS int AS $$
DECLARE
  inserted_id integer;
  existing_id integer;
BEGIN
  SELECT NEWID INTO existing_id FROM GENNEWID_MAP
  WHERE VIEWRULEID = $1 AND INPUTS = $2;
  IF not found THEN
    INSERT INTO GENNEWID_MAP (VIEWRULEID, INPUTS) VALUES ($1,$2) RETURNING NEWID INTO inserted_id;
    RETURN inserted_id;
  ELSE
    RETURN existing_id;
  END IF;
END;
$$ LANGUAGE 'plpgsql';


DROP VIEW IF EXISTS MATCH_FriendsView_0 CASCADE

CREATE VIEW MATCH_FriendsView_0 AS ((SELECT DISTINCT R0._0 AS _0, R0._1 AS _1, R0._2 AS _2 FROM E_g AS R0 CROSS JOIN N_g AS R1 CROSS JOIN N_g AS R2 WHERE R0._1 = R1._0 AND R0._2 = R2._0 AND R0._3 = 'Knows' AND R1._1 = 'Person' AND R2._1 = 'Person'));

INSERT INTO N_schema VALUES ('Person');

INSERT INTO E_schema VALUES ('Person', 'Person', 'Knows');

INSERT INTO N_g VALUES (1, 'Person');

INSERT INTO N_g VALUES (2, 'Person');

INSERT INTO N_g VALUES (3, 'Person');

INSERT INTO E_g VALUES (10, 1, 2, 'Knows');

INSERT INTO E_g VALUES (11, 2, 3, 'Knows');

DROP TABLE IF EXISTS GENNEWID_MAP CASCADE;


CREATE TABLE GENNEWID_MAP (
  NEWID SERIAL PRIMARY KEY NOT NULL,
  VIEWRULEID varchar(64) NOT NULL,
  INPUTS integer[]
);
CREATE INDEX IF NOT EXISTS newid_vrm_idx ON GENNEWID_MAP (VIEWRULEID, INPUTS);
ALTER SEQUENCE GENNEWID_MAP_NEWID_seq RESTART WITH 100000000 INCREMENT BY 1;
CREATE OR REPLACE FUNCTION GENNEWID_CONST(varchar(64), VARIADIC arr int[])
   RETURNS int AS $$
DECLARE
  inserted_id integer;
  existing_id integer;
BEGIN
  SELECT NEWID INTO existing_id FROM GENNEWID_MAP
  WHERE VIEWRULEID = $1 AND INPUTS = $2;
  IF not found THEN
    INSERT INTO GENNEWID_MAP (VIEWRULEID, INPUTS) VALUES ($1,$2) RETURNING NEWID INTO inserted_id;
    RETURN inserted_id;
  ELSE
    RETURN existing_id;
  END IF;
END;
$$ LANGUAGE 'plpgsql';


DROP VIEW IF EXISTS MATCH_FriendsView_0 CASCADE

CREATE VIEW MATCH_FriendsView_0 AS ((SELECT DISTINCT R0._0 AS _0, R0._1 AS _1, R0._2 AS _2 FROM E_g AS R0 CROSS JOIN N_g AS R1 CROSS JOIN N_g AS R2 WHERE R0._1 = R1._0 AND R0._2 = R2._0 AND R0._3 = 'Knows' AND R1._1 = 'Person' AND R2._1 = 'Person'));

INSERT INTO N_schema VALUES ('Person');

INSERT INTO E_schema VALUES ('Person', 'Person', 'Knows');

INSERT INTO N_g VALUES (1, 'Person');

INSERT INTO N_g VALUES (2, 'Person');

INSERT INTO E_g VALUES (10, 1, 2, 'Knows');

((SELECT DISTINCT R0._1 AS _0, R0._2 AS _1, R0._0 AS _2 FROM E_g AS R0 CROSS JOIN N_g AS R2 CROSS JOIN N_g AS R4 WHERE R0._1 = R2._0 AND R0._2 = R4._0 AND R0._3 = 'Knows' AND R2._1 = 'Person' AND R4._1 = 'Person'));

INSERT INTO N_schema VALUES ('Person');

INSERT INTO E_schema VALUES ('Person', 'Person', 'Knows');

INSERT INTO N_g VALUES (1, 'Person');

INSERT INTO N_g VALUES (2, 'Person');

INSERT INTO N_g VALUES (3, 'Person');

INSERT INTO E_g VALUES (10, 1, 2, 'Knows');

INSERT INTO E_g VALUES (11, 2, 3, 'Knows');

DROP TABLE IF EXISTS GENNEWID_MAP CASCADE;


CREATE TABLE GENNEWID_MAP (
  NEWID SERIAL PRIMARY KEY NOT NULL,
  VIEWRULEID varchar(64) NOT NULL,
  INPUTS integer[]
);
CREATE INDEX IF NOT EXISTS newid_vrm_idx ON GENNEWID_MAP (VIEWRULEID, INPUTS);
ALTER SEQUENCE GENNEWID_MAP_NEWID_seq RESTART WITH 100000000 INCREMENT BY 1;
CREATE OR REPLACE FUNCTION GENNEWID_CONST(varchar(64), VARIADIC arr int[])
   RETURNS int AS $$
DECLARE
  inserted_id integer;
  existing_id integer;
BEGIN
  SELECT NEWID INTO existing_id FROM GENNEWID_MAP
  WHERE VIEWRULEID = $1 AND INPUTS = $2;
  IF not found THEN
    INSERT INTO GENNEWID_MAP (VIEWRULEID, INPUTS) VALUES ($1,$2) RETURNING NEWID INTO inserted_id;
    RETURN inserted_id;
  ELSE
    RETURN existing_id;
  END IF;
END;
$$ LANGUAGE 'plpgsql';


DROP VIEW IF EXISTS MATCH_FriendsView_0 CASCADE

CREATE VIEW MATCH_FriendsView_0 AS ((SELECT DISTINCT R0._0 AS _0, R0._1 AS _1, R0._2 AS _2 FROM E_g AS R0 CROSS JOIN N_g AS R1 CROSS JOIN N_g AS R2 WHERE R0._1 = R1._0 AND R0._2 = R2._0 AND R0._3 = 'Knows' AND R1._1 = 'Person' AND R2._1 = 'Person'));

INSERT INTO N_schema VALUES ('Person');

INSERT INTO E_schema VALUES ('Person', 'Person', 'Knows');

INSERT INTO N_g VALUES (1, 'Person');

INSERT INTO N_g VALUES (2, 'Person');

INSERT INTO N_g VALUES (3, 'Person');

INSERT INTO E_g VALUES (10, 1, 2, 'Knows');

INSERT INTO E_g VALUES (11, 2, 3, 'Knows');

DROP TABLE IF EXISTS GENNEWID_MAP CASCADE;


CREATE TABLE GENNEWID_MAP (
  NEWID SERIAL PRIMARY KEY NOT NULL,
  VIEWRULEID varchar(64) NOT NULL,
  INPUTS integer[]
);
CREATE INDEX IF NOT EXISTS newid_vrm_idx ON GENNEWID_MAP (VIEWRULEID, INPUTS);
ALTER SEQUENCE GENNEWID_MAP_NEWID_seq RESTART WITH 100000000 INCREMENT BY 1;
CREATE OR REPLACE FUNCTION GENNEWID_CONST(varchar(64), VARIADIC arr int[])
   RETURNS int AS $$
DECLARE
  inserted_id integer;
  existing_id integer;
BEGIN
  SELECT NEWID INTO existing_id FROM GENNEWID_MAP
  WHERE VIEWRULEID = $1 AND INPUTS = $2;
  IF not found THEN
    INSERT INTO GENNEWID_MAP (VIEWRULEID, INPUTS) VALUES ($1,$2) RETURNING NEWID INTO inserted_id;
    RETURN inserted_id;
  ELSE
    RETURN existing_id;
  END IF;
END;
$$ LANGUAGE 'plpgsql';


DROP VIEW IF EXISTS MATCH_FriendsView_0 CASCADE

CREATE VIEW MATCH_FriendsView_0 AS ((SELECT DISTINCT R0._0 AS _0, R0._1 AS _1, R0._2 AS _2 FROM E_g AS R0 CROSS JOIN N_g AS R1 CROSS JOIN N_g AS R2 WHERE R0._1 = R1._0 AND R0._2 = R2._0 AND R0._3 = 'Knows' AND R1._1 = 'Person' AND R2._1 = 'Person'));

INSERT INTO N_schema VALUES ('Person');

INSERT INTO E_schema VALUES ('Person', 'Person', 'Knows');

INSERT INTO N_g VALUES (1, 'Person');

INSERT INTO N_g VALUES (2, 'Person');

INSERT INTO N_g VALUES (3, 'Person');

INSERT INTO E_g VALUES (10, 1, 2, 'Knows');

INSERT INTO E_g VALUES (11, 2, 3, 'Knows');

DROP TABLE IF EXISTS GENNEWID_MAP CASCADE;


CREATE TABLE GENNEWID_MAP (
  NEWID SERIAL PRIMARY KEY NOT NULL,
  VIEWRULEID varchar(64) NOT NULL,
  INPUTS integer[]
);
CREATE INDEX IF NOT EXISTS newid_vrm_idx ON GENNEWID_MAP (VIEWRULEID, INPUTS);
ALTER SEQUENCE GENNEWID_MAP_NEWID_seq RESTART WITH 100000000 INCREMENT BY 1;
CREATE OR REPLACE FUNCTION GENNEWID_CONST(varchar(64), VARIADIC arr int[])
   RETURNS int AS $$
DECLARE
  inserted_id integer;
  existing_id integer;
BEGIN
  SELECT NEWID INTO existing_id FROM GENNEWID_MAP
  WHERE VIEWRULEID = $1 AND INPUTS = $2;
  IF not found THEN
    INSERT INTO GENNEWID_MAP (VIEWRULEID, INPUTS) VALUES ($1,$2) RETURNING NEWID INTO inserted_id;
    RETURN inserted_id;
  ELSE
    RETURN existing_id;
  END IF;
END;
$$ LANGUAGE 'plpgsql';


DROP VIEW IF EXISTS MATCH_FriendsView_0 CASCADE

CREATE VIEW MATCH_FriendsView_0 AS ((SELECT DISTINCT R0._0 AS _0, R0._1 AS _1, R0._2 AS _2 FROM E_g AS R0 CROSS JOIN N_g AS R1 CROSS JOIN N_g AS R2 WHERE R0._1 = R1._0 AND R0._2 = R2._0 AND R0._3 = 'Knows' AND R1._1 = 'Person' AND R2._1 = 'Person'));

INSERT INTO N_schema VALUES ('Person');

INSERT INTO E_schema VALUES ('Person', 'Person', 'Knows');

INSERT INTO N_g VALUES (1, 'Person');

INSERT INTO N_g VALUES (2, 'Person');

INSERT INTO N_g VALUES (3, 'Person');

INSERT INTO E_g VALUES (10, 1, 2, 'Knows');

INSERT INTO E_g VALUES (11, 2, 3, 'Knows');

DROP TABLE IF EXISTS GENNEWID_MAP CASCADE;


CREATE TABLE GENNEWID_MAP (
  NEWID SERIAL PRIMARY KEY NOT NULL,
  VIEWRULEID varchar(64) NOT NULL,
  INPUTS integer[]
);
CREATE INDEX IF NOT EXISTS newid_vrm_idx ON GENNEWID_MAP (VIEWRULEID, INPUTS);
ALTER SEQUENCE GENNEWID_MAP_NEWID_seq RESTART WITH 100000000 INCREMENT BY 1;
CREATE OR REPLACE FUNCTION GENNEWID_CONST(varchar(64), VARIADIC arr int[])
   RETURNS int AS $$
DECLARE
  inserted_id integer;
  existing_id integer;
BEGIN
  SELECT NEWID INTO existing_id FROM GENNEWID_MAP
  WHERE VIEWRULEID = $1 AND INPUTS = $2;
  IF not found THEN
    INSERT INTO GENNEWID_MAP (VIEWRULEID, INPUTS) VALUES ($1,$2) RETURNING NEWID INTO inserted_id;
    RETURN inserted_id;
  ELSE
    RETURN existing_id;
  END IF;
END;
$$ LANGUAGE 'plpgsql';


DROP VIEW IF EXISTS MATCH_FriendsView_0 CASCADE

CREATE VIEW MATCH_FriendsView_0 AS ((SELECT DISTINCT R0._0 AS _0, R0._1 AS _1, R0._2 AS _2 FROM E_g AS R0 CROSS JOIN N_g AS R1 CROSS JOIN N_g AS R2 WHERE R0._1 = R1._0 AND R0._2 = R2._0 AND R0._3 = 'Knows' AND R1._1 = 'Person' AND R2._1 = 'Person'));

INSERT INTO N_schema VALUES ('Person');

INSERT INTO E_schema VALUES ('Person', 'Person', 'Knows');

INSERT INTO N_g VALUES (1, 'Person');

INSERT INTO N_g VALUES (2, 'Person');

INSERT INTO N_g VALUES (3, 'Person');

INSERT INTO E_g VALUES (10, 1, 2, 'Knows');

INSERT INTO E_g VALUES (11, 2, 3, 'Knows');

DROP TABLE IF EXISTS GENNEWID_MAP CASCADE;


CREATE TABLE GENNEWID_MAP (
  NEWID SERIAL PRIMARY KEY NOT NULL,
  VIEWRULEID varchar(64) NOT NULL,
  INPUTS integer[]
);
CREATE INDEX IF NOT EXISTS newid_vrm_idx ON GENNEWID_MAP (VIEWRULEID, INPUTS);
ALTER SEQUENCE GENNEWID_MAP_NEWID_seq RESTART WITH 100000000 INCREMENT BY 1;
CREATE OR REPLACE FUNCTION GENNEWID_CONST(varchar(64), VARIADIC arr int[])
   RETURNS int AS $$
DECLARE
  inserted_id integer;
  existing_id integer;
BEGIN
  SELECT NEWID INTO existing_id FROM GENNEWID_MAP
  WHERE VIEWRULEID = $1 AND INPUTS = $2;
  IF not found THEN
    INSERT INTO GENNEWID_MAP (VIEWRULEID, INPUTS) VALUES ($1,$2) RETURNING NEWID INTO inserted_id;
    RETURN inserted_id;
  ELSE
    RETURN existing_id;
  END IF;
END;
$$ LANGUAGE 'plpgsql';


DROP VIEW IF EXISTS MATCH_FriendsView_0 CASCADE

CREATE VIEW MATCH_FriendsView_0 AS ((SELECT DISTINCT R0._0 AS _0, R0._1 AS _1, R0._2 AS _2 FROM E_g AS R0 CROSS JOIN N_g AS R1 CROSS JOIN N_g AS R2 WHERE R0._1 = R1._0 AND R0._2 = R2._0 AND R0._3 = 'Knows' AND R1._1 = 'Person' AND R2._1 = 'Person'));

INSERT INTO N_schema VALUES ('Person');

INSERT INTO E_schema VALUES ('Person', 'Person', 'Knows');

INSERT INTO N_g VALUES (1, 'Person');

INSERT INTO N_g VALUES (2, 'Person');

INSERT INTO N_g VALUES (3, 'Person');

INSERT INTO E_g VALUES (10, 1, 2, 'Knows');

INSERT INTO E_g VALUES (11, 2, 3, 'Knows');

DROP TABLE IF EXISTS GENNEWID_MAP CASCADE;


CREATE TABLE GENNEWID_MAP (
  NEWID SERIAL PRIMARY KEY NOT NULL,
  VIEWRULEID varchar(64) NOT NULL,
  INPUTS integer[]
);
CREATE INDEX IF NOT EXISTS newid_vrm_idx ON GENNEWID_MAP (VIEWRULEID, INPUTS);
ALTER SEQUENCE GENNEWID_MAP_NEWID_seq RESTART WITH 100000000 INCREMENT BY 1;
CREATE OR REPLACE FUNCTION GENNEWID_CONST(varchar(64), VARIADIC arr int[])
   RETURNS int AS $$
DECLARE
  inserted_id integer;
  existing_id integer;
BEGIN
  SELECT NEWID INTO existing_id FROM GENNEWID_MAP
  WHERE VIEWRULEID = $1 AND INPUTS = $2;
  IF not found THEN
    INSERT INTO GENNEWID_MAP (VIEWRULEID, INPUTS) VALUES ($1,$2) RETURNING NEWID INTO inserted_id;
    RETURN inserted_id;
  ELSE
    RETURN existing_id;
  END IF;
END;
$$ LANGUAGE 'plpgsql';


DROP VIEW IF EXISTS MATCH_FriendsView_0 CASCADE

CREATE VIEW MATCH_FriendsView_0 AS ((SELECT DISTINCT R0._0 AS _0, R0._1 AS _1, R0._2 AS _2 FROM E_g AS R0 CROSS JOIN N_g AS R1 CROSS JOIN N_g AS R2 WHERE R0._1 = R1._0 AND R0._2 = R2._0 AND R0._3 = 'Knows' AND R1._1 = 'Person' AND R2._1 = 'Person'));

INSERT INTO N_schema VALUES ('Person');

INSERT INTO E_schema VALUES ('Person', 'Person', 'Knows');

INSERT INTO N_g VALUES (1, 'Person');

INSERT INTO N_g VALUES (2, 'Person');

INSERT INTO N_g VALUES (3, 'Person');

INSERT INTO E_g VALUES (10, 1, 2, 'Knows');

INSERT INTO E_g VALUES (11, 2, 3, 'Knows');

DROP TABLE IF EXISTS GENNEWID_MAP CASCADE;


CREATE TABLE GENNEWID_MAP (
  NEWID SERIAL PRIMARY KEY NOT NULL,
  VIEWRULEID varchar(64) NOT NULL,
  INPUTS integer[]
);
CREATE INDEX IF NOT EXISTS newid_vrm_idx ON GENNEWID_MAP (VIEWRULEID, INPUTS);
ALTER SEQUENCE GENNEWID_MAP_NEWID_seq RESTART WITH 100000000 INCREMENT BY 1;
CREATE OR REPLACE FUNCTION GENNEWID_CONST(varchar(64), VARIADIC arr int[])
   RETURNS int AS $$
DECLARE
  inserted_id integer;
  existing_id integer;
BEGIN
  SELECT NEWID INTO existing_id FROM GENNEWID_MAP
  WHERE VIEWRULEID = $1 AND INPUTS = $2;
  IF not found THEN
    INSERT INTO GENNEWID_MAP (VIEWRULEID, INPUTS) VALUES ($1,$2) RETURNING NEWID INTO inserted_id;
    RETURN inserted_id;
  ELSE
    RETURN existing_id;
  END IF;
END;
$$ LANGUAGE 'plpgsql';


DROP VIEW IF EXISTS MATCH_FriendsView_0 CASCADE

CREATE VIEW MATCH_FriendsView_0 AS ((SELECT DISTINCT R0._0 AS _0, R0._1 AS _1, R0._2 AS _2 FROM E_g AS R0 CROSS JOIN N_g AS R1 CROSS JOIN N_g AS R2 WHERE R0._1 = R1._0 AND R0._2 = R2._0 AND R0._3 = 'Knows' AND R1._1 = 'Person' AND R2._1 = 'Person'));

((SELECT DISTINCT R0._1 AS _0, R0._2 AS _1, R0._0 AS _2 FROM E_FriendsView AS R0 CROSS JOIN N_FriendsView AS R2 CROSS JOIN N_FriendsView AS R4 WHERE R0._1 = R2._0 AND R0._2 = R4._0 AND R0._3 = 'Knows' AND R2._1 = 'Person' AND R4._1 = 'Person'));

INSERT INTO N_schema VALUES ('Person');

INSERT INTO E_schema VALUES ('Person', 'Person', 'Knows');

INSERT INTO N_g VALUES (1, 'Person');

INSERT INTO N_g VALUES (2, 'Person');

INSERT INTO N_g VALUES (3, 'Person');

INSERT INTO E_g VALUES (10, 1, 2, 'Knows');

INSERT INTO E_g VALUES (11, 2, 3, 'Knows');

DROP TABLE IF EXISTS GENNEWID_MAP CASCADE;


CREATE TABLE GENNEWID_MAP (
  NEWID SERIAL PRIMARY KEY NOT NULL,
  VIEWRULEID varchar(64) NOT NULL,
  INPUTS integer[]
);
CREATE INDEX IF NOT EXISTS newid_vrm_idx ON GENNEWID_MAP (VIEWRULEID, INPUTS);
ALTER SEQUENCE GENNEWID_MAP_NEWID_seq RESTART WITH 100000000 INCREMENT BY 1;
CREATE OR REPLACE FUNCTION GENNEWID_CONST(varchar(64), VARIADIC arr int[])
   RETURNS int AS $$
DECLARE
  inserted_id integer;
  existing_id integer;
BEGIN
  SELECT NEWID INTO existing_id FROM GENNEWID_MAP
  WHERE VIEWRULEID = $1 AND INPUTS = $2;
  IF not found THEN
    INSERT INTO GENNEWID_MAP (VIEWRULEID, INPUTS) VALUES ($1,$2) RETURNING NEWID INTO inserted_id;
    RETURN inserted_id;
  ELSE
    RETURN existing_id;
  END IF;
END;
$$ LANGUAGE 'plpgsql';


DROP VIEW IF EXISTS MATCH_FriendsView_0 CASCADE

CREATE VIEW MATCH_FriendsView_0 AS ((SELECT DISTINCT R0._0 AS _0, R0._1 AS _1, R0._2 AS _2 FROM E_g AS R0 CROSS JOIN N_g AS R1 CROSS JOIN N_g AS R2 WHERE R0._1 = R1._0 AND R0._2 = R2._0 AND R0._3 = 'Knows' AND R1._1 = 'Person' AND R2._1 = 'Person'));

((SELECT DISTINCT R0._1 AS _0, R0._2 AS _1, R0._0 AS _2 FROM E_FriendsView AS R0 CROSS JOIN N_FriendsView AS R2 CROSS JOIN N_FriendsView AS R4 WHERE R0._1 = R2._0 AND R0._2 = R4._0 AND R0._3 = 'Knows' AND R2._1 = 'Person' AND R4._1 = 'Person'));

INSERT INTO N_schema VALUES ('Person');

INSERT INTO E_schema VALUES ('Person', 'Person', 'Knows');

INSERT INTO N_g VALUES (1, 'Person');

INSERT INTO N_g VALUES (2, 'Person');

INSERT INTO N_g VALUES (3, 'Person');

INSERT INTO E_g VALUES (10, 1, 2, 'Knows');

INSERT INTO E_g VALUES (11, 2, 3, 'Knows');

DROP TABLE IF EXISTS GENNEWID_MAP CASCADE;


CREATE TABLE GENNEWID_MAP (
  NEWID SERIAL PRIMARY KEY NOT NULL,
  VIEWRULEID varchar(64) NOT NULL,
  INPUTS integer[]
);
CREATE INDEX IF NOT EXISTS newid_vrm_idx ON GENNEWID_MAP (VIEWRULEID, INPUTS);
ALTER SEQUENCE GENNEWID_MAP_NEWID_seq RESTART WITH 100000000 INCREMENT BY 1;
CREATE OR REPLACE FUNCTION GENNEWID_CONST(varchar(64), VARIADIC arr int[])
   RETURNS int AS $$
DECLARE
  inserted_id integer;
  existing_id integer;
BEGIN
  SELECT NEWID INTO existing_id FROM GENNEWID_MAP
  WHERE VIEWRULEID = $1 AND INPUTS = $2;
  IF not found THEN
    INSERT INTO GENNEWID_MAP (VIEWRULEID, INPUTS) VALUES ($1,$2) RETURNING NEWID INTO inserted_id;
    RETURN inserted_id;
  ELSE
    RETURN existing_id;
  END IF;
END;
$$ LANGUAGE 'plpgsql';


DROP VIEW IF EXISTS MATCH_FriendsView_0 CASCADE

CREATE VIEW MATCH_FriendsView_0 AS ((SELECT DISTINCT R0._0 AS _0, R0._1 AS _1, R0._2 AS _2 FROM E_g AS R0 CROSS JOIN N_g AS R1 CROSS JOIN N_g AS R2 WHERE R0._1 = R1._0 AND R0._2 = R2._0 AND R0._3 = 'Knows' AND R1._1 = 'Person' AND R2._1 = 'Person'));

((SELECT DISTINCT R0._1 AS _0, R0._2 AS _1, R0._0 AS _2 FROM E_FriendsView AS R0 CROSS JOIN N_FriendsView AS R2 CROSS JOIN N_FriendsView AS R4 WHERE R0._1 = R2._0 AND R0._2 = R4._0 AND R0._3 = 'Knows' AND R2._1 = 'Person' AND R4._1 = 'Person'));

INSERT INTO N_schema VALUES ('Person');

INSERT INTO E_schema VALUES ('Person', 'Person', 'Knows');

INSERT INTO N_g VALUES (1, 'Person');

INSERT INTO N_g VALUES (2, 'Person');

INSERT INTO N_g VALUES (3, 'Person');

INSERT INTO E_g VALUES (10, 1, 2, 'Knows');

INSERT INTO E_g VALUES (11, 2, 3, 'Knows');

DROP TABLE IF EXISTS GENNEWID_MAP CASCADE;


CREATE TABLE GENNEWID_MAP (
  NEWID SERIAL PRIMARY KEY NOT NULL,
  VIEWRULEID varchar(64) NOT NULL,
  INPUTS integer[]
);
CREATE INDEX IF NOT EXISTS newid_vrm_idx ON GENNEWID_MAP (VIEWRULEID, INPUTS);
ALTER SEQUENCE GENNEWID_MAP_NEWID_seq RESTART WITH 100000000 INCREMENT BY 1;
CREATE OR REPLACE FUNCTION GENNEWID_CONST(varchar(64), VARIADIC arr int[])
   RETURNS int AS $$
DECLARE
  inserted_id integer;
  existing_id integer;
BEGIN
  SELECT NEWID INTO existing_id FROM GENNEWID_MAP
  WHERE VIEWRULEID = $1 AND INPUTS = $2;
  IF not found THEN
    INSERT INTO GENNEWID_MAP (VIEWRULEID, INPUTS) VALUES ($1,$2) RETURNING NEWID INTO inserted_id;
    RETURN inserted_id;
  ELSE
    RETURN existing_id;
  END IF;
END;
$$ LANGUAGE 'plpgsql';


DROP VIEW IF EXISTS MATCH_FriendsView_0 CASCADE

CREATE VIEW MATCH_FriendsView_0 AS ((SELECT DISTINCT R0._0 AS _0, R0._1 AS _1, R0._2 AS _2 FROM E_g AS R0 CROSS JOIN N_g AS R1 CROSS JOIN N_g AS R2 WHERE R0._1 = R1._0 AND R0._2 = R2._0 AND R0._3 = 'Knows' AND R1._1 = 'Person' AND R2._1 = 'Person'));

((SELECT DISTINCT R0._1 AS _0, R0._2 AS _1, R0._0 AS _2 FROM E_FriendsView AS R0 CROSS JOIN N_FriendsView AS R2 CROSS JOIN N_FriendsView AS R4 WHERE R0._1 = R2._0 AND R0._2 = R4._0 AND R0._3 = 'Knows' AND R2._1 = 'Person' AND R4._1 = 'Person'));

INSERT INTO N_schema VALUES ('Person');

INSERT INTO E_schema VALUES ('Person', 'Person', 'Knows');

INSERT INTO N_g VALUES (1, 'Person');

INSERT INTO N_g VALUES (2, 'Person');

INSERT INTO N_g VALUES (3, 'Person');

INSERT INTO E_g VALUES (10, 1, 2, 'Knows');

INSERT INTO E_g VALUES (11, 2, 3, 'Knows');

DROP TABLE IF EXISTS GENNEWID_MAP CASCADE;


CREATE TABLE GENNEWID_MAP (
  NEWID SERIAL PRIMARY KEY NOT NULL,
  VIEWRULEID varchar(64) NOT NULL,
  INPUTS integer[]
);
CREATE INDEX IF NOT EXISTS newid_vrm_idx ON GENNEWID_MAP (VIEWRULEID, INPUTS);
ALTER SEQUENCE GENNEWID_MAP_NEWID_seq RESTART WITH 100000000 INCREMENT BY 1;
CREATE OR REPLACE FUNCTION GENNEWID_CONST(varchar(64), VARIADIC arr int[])
   RETURNS int AS $$
DECLARE
  inserted_id integer;
  existing_id integer;
BEGIN
  SELECT NEWID INTO existing_id FROM GENNEWID_MAP
  WHERE VIEWRULEID = $1 AND INPUTS = $2;
  IF not found THEN
    INSERT INTO GENNEWID_MAP (VIEWRULEID, INPUTS) VALUES ($1,$2) RETURNING NEWID INTO inserted_id;
    RETURN inserted_id;
  ELSE
    RETURN existing_id;
  END IF;
END;
$$ LANGUAGE 'plpgsql';


DROP VIEW IF EXISTS MATCH_FriendsView_0 CASCADE

CREATE VIEW MATCH_FriendsView_0 AS ((SELECT DISTINCT R0._0 AS _0, R0._1 AS _1, R0._2 AS _2 FROM E_g AS R0 CROSS JOIN N_g AS R1 CROSS JOIN N_g AS R2 WHERE R0._1 = R1._0 AND R0._2 = R2._0 AND R0._3 = 'Knows' AND R1._1 = 'Person' AND R2._1 = 'Person'));

((SELECT DISTINCT R0._1 AS _0, R0._2 AS _1, R0._0 AS _2 FROM E_FriendsView AS R0 CROSS JOIN N_FriendsView AS R2 CROSS JOIN N_FriendsView AS R4 WHERE R0._1 = R2._0 AND R0._2 = R4._0 AND R0._3 = 'Knows' AND R2._1 = 'Person' AND R4._1 = 'Person'));

INSERT INTO N_schema VALUES ('Person');

INSERT INTO E_schema VALUES ('Person', 'Person', 'Knows');

INSERT INTO N_g VALUES (1, 'Person');

INSERT INTO N_g VALUES (2, 'Person');

INSERT INTO N_g VALUES (3, 'Person');

INSERT INTO E_g VALUES (10, 1, 2, 'Knows');

INSERT INTO E_g VALUES (11, 2, 3, 'Knows');

DROP TABLE IF EXISTS GENNEWID_MAP CASCADE;


CREATE TABLE GENNEWID_MAP (
  NEWID SERIAL PRIMARY KEY NOT NULL,
  VIEWRULEID varchar(64) NOT NULL,
  INPUTS integer[]
);
CREATE INDEX IF NOT EXISTS newid_vrm_idx ON GENNEWID_MAP (VIEWRULEID, INPUTS);
ALTER SEQUENCE GENNEWID_MAP_NEWID_seq RESTART WITH 100000000 INCREMENT BY 1;
CREATE OR REPLACE FUNCTION GENNEWID_CONST(varchar(64), VARIADIC arr int[])
   RETURNS int AS $$
DECLARE
  inserted_id integer;
  existing_id integer;
BEGIN
  SELECT NEWID INTO existing_id FROM GENNEWID_MAP
  WHERE VIEWRULEID = $1 AND INPUTS = $2;
  IF not found THEN
    INSERT INTO GENNEWID_MAP (VIEWRULEID, INPUTS) VALUES ($1,$2) RETURNING NEWID INTO inserted_id;
    RETURN inserted_id;
  ELSE
    RETURN existing_id;
  END IF;
END;
$$ LANGUAGE 'plpgsql';


DROP VIEW IF EXISTS MATCH_FriendsView_0 CASCADE

CREATE VIEW MATCH_FriendsView_0 AS ((SELECT DISTINCT R0._0 AS _0, R0._1 AS _1, R0._2 AS _2 FROM E_g AS R0 CROSS JOIN N_g AS R1 CROSS JOIN N_g AS R2 WHERE R0._1 = R1._0 AND R0._2 = R2._0 AND R0._3 = 'Knows' AND R1._1 = 'Person' AND R2._1 = 'Person'));

((SELECT DISTINCT R0._1 AS _0, R0._2 AS _1, R0._0 AS _2 FROM E_FriendsView AS R0 CROSS JOIN N_FriendsView AS R2 CROSS JOIN N_FriendsView AS R4 WHERE R0._1 = R2._0 AND R0._2 = R4._0 AND R0._3 = 'Knows' AND R2._1 = 'Person' AND R4._1 = 'Person'));

INSERT INTO N_schema VALUES ('Person');

INSERT INTO E_schema VALUES ('Person', 'Person', 'Knows');

INSERT INTO N_g VALUES (1, 'Person');

INSERT INTO N_g VALUES (2, 'Person');

INSERT INTO N_g VALUES (3, 'Person');

INSERT INTO E_g VALUES (10, 1, 2, 'Knows');

INSERT INTO E_g VALUES (11, 2, 3, 'Knows');

DROP TABLE IF EXISTS GENNEWID_MAP CASCADE;


CREATE TABLE GENNEWID_MAP (
  NEWID SERIAL PRIMARY KEY NOT NULL,
  VIEWRULEID varchar(64) NOT NULL,
  INPUTS integer[]
);
CREATE INDEX IF NOT EXISTS newid_vrm_idx ON GENNEWID_MAP (VIEWRULEID, INPUTS);
ALTER SEQUENCE GENNEWID_MAP_NEWID_seq RESTART WITH 100000000 INCREMENT BY 1;
CREATE OR REPLACE FUNCTION GENNEWID_CONST(varchar(64), VARIADIC arr int[])
   RETURNS int AS $$
DECLARE
  inserted_id integer;
  existing_id integer;
BEGIN
  SELECT NEWID INTO existing_id FROM GENNEWID_MAP
  WHERE VIEWRULEID = $1 AND INPUTS = $2;
  IF not found THEN
    INSERT INTO GENNEWID_MAP (VIEWRULEID, INPUTS) VALUES ($1,$2) RETURNING NEWID INTO inserted_id;
    RETURN inserted_id;
  ELSE
    RETURN existing_id;
  END IF;
END;
$$ LANGUAGE 'plpgsql';


DROP VIEW IF EXISTS MATCH_FriendsView_0 CASCADE

CREATE VIEW MATCH_FriendsView_0 AS ((SELECT DISTINCT R0._0 AS _0, R0._1 AS _1, R0._2 AS _2 FROM E_g AS R0 CROSS JOIN N_g AS R1 CROSS JOIN N_g AS R2 WHERE R0._1 = R1._0 AND R0._2 = R2._0 AND R0._3 = 'Knows' AND R1._1 = 'Person' AND R2._1 = 'Person'));

((SELECT DISTINCT R0._1 AS _0, R0._2 AS _1, R0._0 AS _2 FROM E_FriendsView AS R0 CROSS JOIN N_FriendsView AS R2 CROSS JOIN N_FriendsView AS R4 WHERE R0._1 = R2._0 AND R0._2 = R4._0 AND R0._3 = 'Knows' AND R2._1 = 'Person' AND R4._1 = 'Person'));

INSERT INTO N_schema VALUES ('Person');

INSERT INTO E_schema VALUES ('Person', 'Person', 'Knows');

INSERT INTO N_g VALUES (1, 'Person');

INSERT INTO N_g VALUES (2, 'Person');

INSERT INTO N_g VALUES (3, 'Person');

INSERT INTO E_g VALUES (10, 1, 2, 'Knows');

INSERT INTO E_g VALUES (11, 2, 3, 'Knows');

DROP TABLE IF EXISTS GENNEWID_MAP CASCADE;


CREATE TABLE GENNEWID_MAP (
  NEWID SERIAL PRIMARY KEY NOT NULL,
  VIEWRULEID varchar(64) NOT NULL,
  INPUTS integer[]
);
CREATE INDEX IF NOT EXISTS newid_vrm_idx ON GENNEWID_MAP (VIEWRULEID, INPUTS);
ALTER SEQUENCE GENNEWID_MAP_NEWID_seq RESTART WITH 100000000 INCREMENT BY 1;
CREATE OR REPLACE FUNCTION GENNEWID_CONST(varchar(64), VARIADIC arr int[])
   RETURNS int AS $$
DECLARE
  inserted_id integer;
  existing_id integer;
BEGIN
  SELECT NEWID INTO existing_id FROM GENNEWID_MAP
  WHERE VIEWRULEID = $1 AND INPUTS = $2;
  IF not found THEN
    INSERT INTO GENNEWID_MAP (VIEWRULEID, INPUTS) VALUES ($1,$2) RETURNING NEWID INTO inserted_id;
    RETURN inserted_id;
  ELSE
    RETURN existing_id;
  END IF;
END;
$$ LANGUAGE 'plpgsql';


DROP VIEW IF EXISTS MATCH_FriendsView_0 CASCADE

CREATE VIEW MATCH_FriendsView_0 AS ((SELECT DISTINCT R0._0 AS _0, R0._1 AS _1, R0._2 AS _2 FROM E_g AS R0 CROSS JOIN N_g AS R1 CROSS JOIN N_g AS R2 WHERE R0._1 = R1._0 AND R0._2 = R2._0 AND R0._3 = 'Knows' AND R1._1 = 'Person' AND R2._1 = 'Person'));

DROP VIEW IF EXISTS DMAP_FriendsView CASCADE

CREATE VIEW DMAP_FriendsView AS ((SELECT DISTINCT R0._0 AS _0, R0._0 AS _1 FROM N_g AS R0));

DROP VIEW IF EXISTS N_FriendsView CASCADE

CREATE VIEW N_FriendsView AS ((SELECT DISTINCT R0._0 AS _0, R0._1 AS _1 FROM N_g AS R0));

DROP VIEW IF EXISTS E_FriendsView CASCADE

CREATE VIEW E_FriendsView AS ((SELECT DISTINCT R0._0 AS _0, R1._1 AS _1, R2._1 AS _2, R0._3 AS _3 FROM E_g AS R0 CROSS JOIN DMAP_FriendsView AS R1 CROSS JOIN DMAP_FriendsView AS R2 WHERE R0._2 = R2._0 AND R0._1 = R1._0));

((SELECT DISTINCT R0._1 AS _0, R0._2 AS _1, R0._0 AS _2 FROM E_FriendsView AS R0 CROSS JOIN N_FriendsView AS R2 CROSS JOIN N_FriendsView AS R4 WHERE R0._1 = R2._0 AND R0._2 = R4._0 AND R0._3 = 'Knows' AND R2._1 = 'Person' AND R4._1 = 'Person'));

INSERT INTO N_schema VALUES ('Person');

INSERT INTO E_schema VALUES ('Person', 'Person', 'Knows');

INSERT INTO N_g VALUES (1, 'Person');

INSERT INTO N_g VALUES (2, 'Person');

INSERT INTO N_g VALUES (3, 'Person');

INSERT INTO E_g VALUES (10, 1, 2, 'Knows');

INSERT INTO E_g VALUES (11, 2, 3, 'Knows');

DROP TABLE IF EXISTS GENNEWID_MAP CASCADE;


CREATE TABLE GENNEWID_MAP (
  NEWID SERIAL PRIMARY KEY NOT NULL,
  VIEWRULEID varchar(64) NOT NULL,
  INPUTS integer[]
);
CREATE INDEX IF NOT EXISTS newid_vrm_idx ON GENNEWID_MAP (VIEWRULEID, INPUTS);
ALTER SEQUENCE GENNEWID_MAP_NEWID_seq RESTART WITH 100000000 INCREMENT BY 1;
CREATE OR REPLACE FUNCTION GENNEWID_CONST(varchar(64), VARIADIC arr int[])
   RETURNS int AS $$
DECLARE
  inserted_id integer;
  existing_id integer;
BEGIN
  SELECT NEWID INTO existing_id FROM GENNEWID_MAP
  WHERE VIEWRULEID = $1 AND INPUTS = $2;
  IF not found THEN
    INSERT INTO GENNEWID_MAP (VIEWRULEID, INPUTS) VALUES ($1,$2) RETURNING NEWID INTO inserted_id;
    RETURN inserted_id;
  ELSE
    RETURN existing_id;
  END IF;
END;
$$ LANGUAGE 'plpgsql';


DROP VIEW IF EXISTS MATCH_FriendsView_0 CASCADE

CREATE VIEW MATCH_FriendsView_0 AS ((SELECT DISTINCT R0._0 AS _0, R0._1 AS _1, R0._2 AS _2 FROM E_g AS R0 CROSS JOIN N_g AS R1 CROSS JOIN N_g AS R2 WHERE R0._1 = R1._0 AND R0._2 = R2._0 AND R0._3 = 'Knows' AND R1._1 = 'Person' AND R2._1 = 'Person'));

DROP VIEW IF EXISTS DMAP_FriendsView CASCADE

CREATE VIEW DMAP_FriendsView AS ((SELECT DISTINCT R0._0 AS _0, R0._0 AS _1 FROM N_g AS R0));

DROP VIEW IF EXISTS N_FriendsView CASCADE

CREATE VIEW N_FriendsView AS ((SELECT DISTINCT R0._0 AS _0, R0._1 AS _1 FROM N_g AS R0));

DROP VIEW IF EXISTS E_FriendsView CASCADE

CREATE VIEW E_FriendsView AS ((SELECT DISTINCT R0._0 AS _0, R1._1 AS _1, R2._1 AS _2, R0._3 AS _3 FROM E_g AS R0 CROSS JOIN DMAP_FriendsView AS R1 CROSS JOIN DMAP_FriendsView AS R2 WHERE R0._2 = R2._0 AND R0._1 = R1._0));

((SELECT DISTINCT R0._1 AS _0, R0._2 AS _1, R0._0 AS _2 FROM E_FriendsView AS R0 CROSS JOIN N_FriendsView AS R2 CROSS JOIN N_FriendsView AS R4 WHERE R0._1 = R2._0 AND R0._2 = R4._0 AND R0._3 = 'Knows' AND R2._1 = 'Person' AND R4._1 = 'Person'));

CREATE TABLE IF NOT EXISTS N_schema (_0 VARCHAR(1024))

CREATE TABLE IF NOT EXISTS E_schema (_0 VARCHAR(1024), _1 VARCHAR(1024), _2 VARCHAR(1024))

CREATE TABLE IF NOT EXISTS EGD (_0 VARCHAR(1024))

CREATE TABLE IF NOT EXISTS CATALOG_VIEW (_0 VARCHAR(1024), _1 VARCHAR(1024), _2 VARCHAR(1024), _3 VARCHAR(1024), _4 INT DEFAULT 0)

CREATE TABLE IF NOT EXISTS CATALOG_INDEX (_0 VARCHAR(1024), _1 VARCHAR(1024), _2 VARCHAR(1024))

CREATE TABLE IF NOT EXISTS CATALOG_SINDEX (_0 VARCHAR(1024), _1 VARCHAR(1024))

CREATE TABLE IF NOT EXISTS N_g (_0 INT DEFAULT 0, _1 VARCHAR(1024))

CREATE INDEX IF NOT EXISTS N_g___0 ON N_g (_0)

CREATE INDEX IF NOT EXISTS N_g___1 ON N_g (_1)

CREATE TABLE IF NOT EXISTS E_g (_0 INT DEFAULT 0, _1 INT DEFAULT 0, _2 INT DEFAULT 0, _3 VARCHAR(1024))

CREATE INDEX IF NOT EXISTS E_g___0 ON E_g (_0)

CREATE INDEX IF NOT EXISTS E_g___1 ON E_g (_1)

CREATE INDEX IF NOT EXISTS E_g___2 ON E_g (_2)

CREATE INDEX IF NOT EXISTS E_g___3 ON E_g (_3)

CREATE TABLE IF NOT EXISTS NP_g (_0 INT DEFAULT 0, _1 VARCHAR(1024), _2 VARCHAR(1024))

CREATE TABLE IF NOT EXISTS EP_g (_0 INT DEFAULT 0, _1 VARCHAR(1024), _2 VARCHAR(1024))

CREATE TABLE IF NOT EXISTS N_schema (_0 VARCHAR(1024))

CREATE TABLE IF NOT EXISTS E_schema (_0 VARCHAR(1024), _1 VARCHAR(1024), _2 VARCHAR(1024))

CREATE TABLE IF NOT EXISTS EGD (_0 VARCHAR(1024))

CREATE TABLE IF NOT EXISTS CATALOG_VIEW (_0 VARCHAR(1024), _1 VARCHAR(1024), _2 VARCHAR(1024), _3 VARCHAR(1024), _4 INT DEFAULT 0)

CREATE TABLE IF NOT EXISTS CATALOG_INDEX (_0 VARCHAR(1024), _1 VARCHAR(1024), _2 VARCHAR(1024))

CREATE TABLE IF NOT EXISTS CATALOG_SINDEX (_0 VARCHAR(1024), _1 VARCHAR(1024))

CREATE TABLE IF NOT EXISTS N_g (_0 INT DEFAULT 0, _1 VARCHAR(1024))

CREATE INDEX IF NOT EXISTS N_g___0 ON N_g (_0)

CREATE INDEX IF NOT EXISTS N_g___1 ON N_g (_1)

CREATE TABLE IF NOT EXISTS E_g (_0 INT DEFAULT 0, _1 INT DEFAULT 0, _2 INT DEFAULT 0, _3 VARCHAR(1024))

CREATE INDEX IF NOT EXISTS E_g___0 ON E_g (_0)

CREATE INDEX IF NOT EXISTS E_g___1 ON E_g (_1)

CREATE INDEX IF NOT EXISTS E_g___2 ON E_g (_2)

CREATE INDEX IF NOT EXISTS E_g___3 ON E_g (_3)

CREATE TABLE IF NOT EXISTS NP_g (_0 INT DEFAULT 0, _1 VARCHAR(1024), _2 VARCHAR(1024))

CREATE TABLE IF NOT EXISTS EP_g (_0 INT DEFAULT 0, _1 VARCHAR(1024), _2 VARCHAR(1024))

INSERT INTO N_schema VALUES ('Person');

INSERT INTO E_schema VALUES ('Person', 'Person', 'Knows');

INSERT INTO N_g VALUES (1, 'Person');

INSERT INTO N_g VALUES (2, 'Person');

INSERT INTO E_g VALUES (10, 1, 2, 'Knows');

DROP TABLE IF EXISTS GENNEWID_MAP CASCADE;


CREATE TABLE GENNEWID_MAP (
  NEWID SERIAL PRIMARY KEY NOT NULL,
  VIEWRULEID varchar(64) NOT NULL,
  INPUTS integer[]
);
CREATE INDEX IF NOT EXISTS newid_vrm_idx ON GENNEWID_MAP (VIEWRULEID, INPUTS);
ALTER SEQUENCE GENNEWID_MAP_NEWID_seq RESTART WITH 100000000 INCREMENT BY 1;
CREATE OR REPLACE FUNCTION GENNEWID_CONST(varchar(64), VARIADIC arr int[])
   RETURNS int AS $$
DECLARE
  inserted_id integer;
  existing_id integer;
BEGIN
  SELECT NEWID INTO existing_id FROM GENNEWID_MAP
  WHERE VIEWRULEID = $1 AND INPUTS = $2;
  IF not found THEN
    INSERT INTO GENNEWID_MAP (VIEWRULEID, INPUTS) VALUES ($1,$2) RETURNING NEWID INTO inserted_id;
    RETURN inserted_id;
  ELSE
    RETURN existing_id;
  END IF;
END;
$$ LANGUAGE 'plpgsql';


DROP VIEW IF EXISTS MATCH_V1_0 CASCADE

CREATE VIEW MATCH_V1_0 AS ((SELECT DISTINCT R0._0 AS _0, R0._1 AS _1, R0._2 AS _2 FROM E_g AS R0 CROSS JOIN N_g AS R1 CROSS JOIN N_g AS R2 WHERE R0._1 = R1._0 AND R0._2 = R2._0 AND R0._3 = 'Knows' AND R1._1 = 'Person' AND R2._1 = 'Person'));

DROP VIEW IF EXISTS DMAP_V1 CASCADE

CREATE VIEW DMAP_V1 AS ((SELECT DISTINCT R0._0 AS _0, R0._0 AS _1 FROM N_g AS R0));

DROP VIEW IF EXISTS N_V1 CASCADE

CREATE VIEW N_V1 AS ((SELECT DISTINCT R0._0 AS _0, R0._1 AS _1 FROM N_g AS R0));

DROP VIEW IF EXISTS E_V1 CASCADE

CREATE VIEW E_V1 AS ((SELECT DISTINCT R0._0 AS _0, R1._1 AS _1, R2._1 AS _2, R0._3 AS _3 FROM E_g AS R0 CROSS JOIN DMAP_V1 AS R1 CROSS JOIN DMAP_V1 AS R2 WHERE R0._2 = R2._0 AND R0._1 = R1._0));

((SELECT DISTINCT R0._1 AS _0, R0._2 AS _1, R0._0 AS _2 FROM E_V1 AS R0 CROSS JOIN N_V1 AS R2 CROSS JOIN N_V1 AS R4 WHERE R0._1 = R2._0 AND R0._2 = R4._0 AND R0._3 = 'Knows' AND R2._1 = 'Person' AND R4._1 = 'Person'));

INSERT INTO N_schema VALUES ('Person');

INSERT INTO E_schema VALUES ('Person', 'Person', 'Knows');

INSERT INTO N_g VALUES (1, 'Person');

INSERT INTO N_g VALUES (2, 'Person');

INSERT INTO E_g VALUES (10, 1, 2, 'Knows');

DROP TABLE IF EXISTS GENNEWID_MAP CASCADE;


CREATE TABLE GENNEWID_MAP (
  NEWID SERIAL PRIMARY KEY NOT NULL,
  VIEWRULEID varchar(64) NOT NULL,
  INPUTS integer[]
);
CREATE INDEX IF NOT EXISTS newid_vrm_idx ON GENNEWID_MAP (VIEWRULEID, INPUTS);
ALTER SEQUENCE GENNEWID_MAP_NEWID_seq RESTART WITH 100000000 INCREMENT BY 1;
CREATE OR REPLACE FUNCTION GENNEWID_CONST(varchar(64), VARIADIC arr int[])
   RETURNS int AS $$
DECLARE
  inserted_id integer;
  existing_id integer;
BEGIN
  SELECT NEWID INTO existing_id FROM GENNEWID_MAP
  WHERE VIEWRULEID = $1 AND INPUTS = $2;
  IF not found THEN
    INSERT INTO GENNEWID_MAP (VIEWRULEID, INPUTS) VALUES ($1,$2) RETURNING NEWID INTO inserted_id;
    RETURN inserted_id;
  ELSE
    RETURN existing_id;
  END IF;
END;
$$ LANGUAGE 'plpgsql';


DROP VIEW IF EXISTS MATCH_V1_0 CASCADE

CREATE VIEW MATCH_V1_0 AS ((SELECT DISTINCT R0._0 AS _0, R0._1 AS _1, R0._2 AS _2 FROM E_g AS R0 CROSS JOIN N_g AS R1 CROSS JOIN N_g AS R2 WHERE R0._1 = R1._0 AND R0._2 = R2._0 AND R0._3 = 'Knows' AND R1._1 = 'Person' AND R2._1 = 'Person'));

DROP VIEW IF EXISTS DMAP_V1 CASCADE

CREATE VIEW DMAP_V1 AS ((SELECT DISTINCT R0._0 AS _0, R0._0 AS _1 FROM N_g AS R0));

DROP VIEW IF EXISTS N_V1 CASCADE

CREATE VIEW N_V1 AS ((SELECT DISTINCT R0._0 AS _0, R0._1 AS _1 FROM N_g AS R0));

DROP VIEW IF EXISTS E_V1 CASCADE

CREATE VIEW E_V1 AS ((SELECT DISTINCT R0._0 AS _0, R1._1 AS _1, R2._1 AS _2, R0._3 AS _3 FROM E_g AS R0 CROSS JOIN DMAP_V1 AS R1 CROSS JOIN DMAP_V1 AS R2 WHERE R0._2 = R2._0 AND R0._1 = R1._0));

((SELECT DISTINCT R0._1 AS _0, R0._2 AS _1, R0._0 AS _2 FROM E_V1 AS R0 CROSS JOIN N_V1 AS R2 CROSS JOIN N_V1 AS R4 WHERE R0._1 = R2._0 AND R0._2 = R4._0 AND R0._3 = 'Knows' AND R2._1 = 'Person' AND R4._1 = 'Person'));

CREATE TABLE IF NOT EXISTS N_schema (_0 VARCHAR(1024))

CREATE TABLE IF NOT EXISTS E_schema (_0 VARCHAR(1024), _1 VARCHAR(1024), _2 VARCHAR(1024))

CREATE TABLE IF NOT EXISTS EGD (_0 VARCHAR(1024))

CREATE TABLE IF NOT EXISTS CATALOG_VIEW (_0 VARCHAR(1024), _1 VARCHAR(1024), _2 VARCHAR(1024), _3 VARCHAR(1024), _4 INT DEFAULT 0)

CREATE TABLE IF NOT EXISTS CATALOG_INDEX (_0 VARCHAR(1024), _1 VARCHAR(1024), _2 VARCHAR(1024))

CREATE TABLE IF NOT EXISTS CATALOG_SINDEX (_0 VARCHAR(1024), _1 VARCHAR(1024))

CREATE TABLE IF NOT EXISTS N_g (_0 INT DEFAULT 0, _1 VARCHAR(1024))

CREATE INDEX IF NOT EXISTS N_g___0 ON N_g (_0)

CREATE INDEX IF NOT EXISTS N_g___1 ON N_g (_1)

CREATE TABLE IF NOT EXISTS E_g (_0 INT DEFAULT 0, _1 INT DEFAULT 0, _2 INT DEFAULT 0, _3 VARCHAR(1024))

CREATE INDEX IF NOT EXISTS E_g___0 ON E_g (_0)

CREATE INDEX IF NOT EXISTS E_g___1 ON E_g (_1)

CREATE INDEX IF NOT EXISTS E_g___2 ON E_g (_2)

CREATE INDEX IF NOT EXISTS E_g___3 ON E_g (_3)

CREATE TABLE IF NOT EXISTS NP_g (_0 INT DEFAULT 0, _1 VARCHAR(1024), _2 VARCHAR(1024))

CREATE TABLE IF NOT EXISTS EP_g (_0 INT DEFAULT 0, _1 VARCHAR(1024), _2 VARCHAR(1024))

CREATE TABLE IF NOT EXISTS N_schema (_0 VARCHAR(1024))

CREATE TABLE IF NOT EXISTS E_schema (_0 VARCHAR(1024), _1 VARCHAR(1024), _2 VARCHAR(1024))

CREATE TABLE IF NOT EXISTS EGD (_0 VARCHAR(1024))

CREATE TABLE IF NOT EXISTS CATALOG_VIEW (_0 VARCHAR(1024), _1 VARCHAR(1024), _2 VARCHAR(1024), _3 VARCHAR(1024), _4 INT DEFAULT 0)

CREATE TABLE IF NOT EXISTS CATALOG_INDEX (_0 VARCHAR(1024), _1 VARCHAR(1024), _2 VARCHAR(1024))

CREATE TABLE IF NOT EXISTS CATALOG_SINDEX (_0 VARCHAR(1024), _1 VARCHAR(1024))

CREATE TABLE IF NOT EXISTS N_g (_0 INT DEFAULT 0, _1 VARCHAR(1024))

CREATE INDEX IF NOT EXISTS N_g___0 ON N_g (_0)

CREATE INDEX IF NOT EXISTS N_g___1 ON N_g (_1)

CREATE TABLE IF NOT EXISTS E_g (_0 INT DEFAULT 0, _1 INT DEFAULT 0, _2 INT DEFAULT 0, _3 VARCHAR(1024))

CREATE INDEX IF NOT EXISTS E_g___0 ON E_g (_0)

CREATE INDEX IF NOT EXISTS E_g___1 ON E_g (_1)

CREATE INDEX IF NOT EXISTS E_g___2 ON E_g (_2)

CREATE INDEX IF NOT EXISTS E_g___3 ON E_g (_3)

CREATE TABLE IF NOT EXISTS NP_g (_0 INT DEFAULT 0, _1 VARCHAR(1024), _2 VARCHAR(1024))

CREATE TABLE IF NOT EXISTS EP_g (_0 INT DEFAULT 0, _1 VARCHAR(1024), _2 VARCHAR(1024))

INSERT INTO N_schema VALUES ('Person');

INSERT INTO E_schema VALUES ('Person', 'Person', 'Knows');

INSERT INTO N_g VALUES (1, 'Person');

INSERT INTO N_g VALUES (2, 'Person');

INSERT INTO N_g VALUES (3, 'Person');

INSERT INTO E_g VALUES (10, 1, 2, 'Knows');

INSERT INTO E_g VALUES (11, 2, 3, 'Knows');

DROP TABLE IF EXISTS GENNEWID_MAP CASCADE;


CREATE TABLE GENNEWID_MAP (
  NEWID SERIAL PRIMARY KEY NOT NULL,
  VIEWRULEID varchar(64) NOT NULL,
  INPUTS integer[]
);
CREATE INDEX IF NOT EXISTS newid_vrm_idx ON GENNEWID_MAP (VIEWRULEID, INPUTS);
ALTER SEQUENCE GENNEWID_MAP_NEWID_seq RESTART WITH 100000000 INCREMENT BY 1;
CREATE OR REPLACE FUNCTION GENNEWID_CONST(varchar(64), VARIADIC arr int[])
   RETURNS int AS $$
DECLARE
  inserted_id integer;
  existing_id integer;
BEGIN
  SELECT NEWID INTO existing_id FROM GENNEWID_MAP
  WHERE VIEWRULEID = $1 AND INPUTS = $2;
  IF not found THEN
    INSERT INTO GENNEWID_MAP (VIEWRULEID, INPUTS) VALUES ($1,$2) RETURNING NEWID INTO inserted_id;
    RETURN inserted_id;
  ELSE
    RETURN existing_id;
  END IF;
END;
$$ LANGUAGE 'plpgsql';


DROP VIEW IF EXISTS MATCH_V1_0 CASCADE

CREATE VIEW MATCH_V1_0 AS ((SELECT DISTINCT R0._0 AS _0, R0._1 AS _1, R0._2 AS _2 FROM E_g AS R0 CROSS JOIN N_g AS R1 CROSS JOIN N_g AS R2 WHERE R0._1 = R1._0 AND R0._2 = R2._0 AND R0._3 = 'Knows' AND R1._1 = 'Person' AND R2._1 = 'Person'));

DROP VIEW IF EXISTS DMAP_V1 CASCADE

CREATE VIEW DMAP_V1 AS ((SELECT DISTINCT R0._0 AS _0, R0._0 AS _1 FROM N_g AS R0));

DROP VIEW IF EXISTS N_V1 CASCADE

CREATE VIEW N_V1 AS ((SELECT DISTINCT R0._0 AS _0, R0._1 AS _1 FROM N_g AS R0));

DROP VIEW IF EXISTS E_V1 CASCADE

CREATE VIEW E_V1 AS ((SELECT DISTINCT R0._0 AS _0, R1._1 AS _1, R2._1 AS _2, R0._3 AS _3 FROM E_g AS R0 CROSS JOIN DMAP_V1 AS R1 CROSS JOIN DMAP_V1 AS R2 WHERE R0._2 = R2._0 AND R0._1 = R1._0));

((SELECT DISTINCT R0._1 AS _0, R0._2 AS _1, R0._0 AS _2 FROM E_V1 AS R0 CROSS JOIN N_V1 AS R2 CROSS JOIN N_V1 AS R4 WHERE R0._1 = R2._0 AND R0._2 = R4._0 AND R0._3 = 'Knows' AND R2._1 = 'Person' AND R4._1 = 'Person'));

INSERT INTO N_schema VALUES ('Person');

INSERT INTO E_schema VALUES ('Person', 'Person', 'Knows');

INSERT INTO N_g VALUES (1, 'Person');

INSERT INTO N_g VALUES (2, 'Person');

INSERT INTO N_g VALUES (3, 'Person');

INSERT INTO E_g VALUES (10, 1, 2, 'Knows');

INSERT INTO E_g VALUES (11, 2, 3, 'Knows');

DROP TABLE IF EXISTS GENNEWID_MAP CASCADE;


CREATE TABLE GENNEWID_MAP (
  NEWID SERIAL PRIMARY KEY NOT NULL,
  VIEWRULEID varchar(64) NOT NULL,
  INPUTS integer[]
);
CREATE INDEX IF NOT EXISTS newid_vrm_idx ON GENNEWID_MAP (VIEWRULEID, INPUTS);
ALTER SEQUENCE GENNEWID_MAP_NEWID_seq RESTART WITH 100000000 INCREMENT BY 1;
CREATE OR REPLACE FUNCTION GENNEWID_CONST(varchar(64), VARIADIC arr int[])
   RETURNS int AS $$
DECLARE
  inserted_id integer;
  existing_id integer;
BEGIN
  SELECT NEWID INTO existing_id FROM GENNEWID_MAP
  WHERE VIEWRULEID = $1 AND INPUTS = $2;
  IF not found THEN
    INSERT INTO GENNEWID_MAP (VIEWRULEID, INPUTS) VALUES ($1,$2) RETURNING NEWID INTO inserted_id;
    RETURN inserted_id;
  ELSE
    RETURN existing_id;
  END IF;
END;
$$ LANGUAGE 'plpgsql';


DROP VIEW IF EXISTS MATCH_V1_0 CASCADE

CREATE VIEW MATCH_V1_0 AS ((SELECT DISTINCT R0._0 AS _0, R0._1 AS _1, R0._2 AS _2 FROM E_g AS R0 CROSS JOIN N_g AS R1 CROSS JOIN N_g AS R2 WHERE R0._1 = R1._0 AND R0._2 = R2._0 AND R0._3 = 'Knows' AND R1._1 = 'Person' AND R2._1 = 'Person'));

DROP VIEW IF EXISTS DMAP_V1 CASCADE

CREATE VIEW DMAP_V1 AS ((SELECT DISTINCT R0._0 AS _0, R0._0 AS _1 FROM N_g AS R0));

DROP VIEW IF EXISTS N_V1 CASCADE

CREATE VIEW N_V1 AS ((SELECT DISTINCT R0._0 AS _0, R0._1 AS _1 FROM N_g AS R0));

DROP VIEW IF EXISTS E_V1 CASCADE

CREATE VIEW E_V1 AS ((SELECT DISTINCT R0._0 AS _0, R1._1 AS _1, R2._1 AS _2, R0._3 AS _3 FROM E_g AS R0 CROSS JOIN DMAP_V1 AS R1 CROSS JOIN DMAP_V1 AS R2 WHERE R0._2 = R2._0 AND R0._1 = R1._0));

((SELECT DISTINCT R0._1 AS _0, R0._2 AS _1, R0._0 AS _2 FROM E_V1 AS R0 CROSS JOIN N_V1 AS R2 CROSS JOIN N_V1 AS R4 WHERE R0._1 = R2._0 AND R0._2 = R4._0 AND R0._3 = 'Knows' AND R2._1 = 'Person' AND R4._1 = 'Person'));

CREATE TABLE IF NOT EXISTS N_schema (_0 VARCHAR(1024))

CREATE TABLE IF NOT EXISTS E_schema (_0 VARCHAR(1024), _1 VARCHAR(1024), _2 VARCHAR(1024))

CREATE TABLE IF NOT EXISTS EGD (_0 VARCHAR(1024))

CREATE TABLE IF NOT EXISTS CATALOG_VIEW (_0 VARCHAR(1024), _1 VARCHAR(1024), _2 VARCHAR(1024), _3 VARCHAR(1024), _4 INT DEFAULT 0)

CREATE TABLE IF NOT EXISTS CATALOG_INDEX (_0 VARCHAR(1024), _1 VARCHAR(1024), _2 VARCHAR(1024))

CREATE TABLE IF NOT EXISTS CATALOG_SINDEX (_0 VARCHAR(1024), _1 VARCHAR(1024))

CREATE TABLE IF NOT EXISTS N_g (_0 INT DEFAULT 0, _1 VARCHAR(1024))

CREATE INDEX IF NOT EXISTS N_g___0 ON N_g (_0)

CREATE INDEX IF NOT EXISTS N_g___1 ON N_g (_1)

CREATE TABLE IF NOT EXISTS E_g (_0 INT DEFAULT 0, _1 INT DEFAULT 0, _2 INT DEFAULT 0, _3 VARCHAR(1024))

CREATE INDEX IF NOT EXISTS E_g___0 ON E_g (_0)

CREATE INDEX IF NOT EXISTS E_g___1 ON E_g (_1)

CREATE INDEX IF NOT EXISTS E_g___2 ON E_g (_2)

CREATE INDEX IF NOT EXISTS E_g___3 ON E_g (_3)

CREATE TABLE IF NOT EXISTS NP_g (_0 INT DEFAULT 0, _1 VARCHAR(1024), _2 VARCHAR(1024))

CREATE TABLE IF NOT EXISTS EP_g (_0 INT DEFAULT 0, _1 VARCHAR(1024), _2 VARCHAR(1024))

CREATE TABLE IF NOT EXISTS N_schema (_0 VARCHAR(1024))

CREATE TABLE IF NOT EXISTS E_schema (_0 VARCHAR(1024), _1 VARCHAR(1024), _2 VARCHAR(1024))

CREATE TABLE IF NOT EXISTS EGD (_0 VARCHAR(1024))

CREATE TABLE IF NOT EXISTS CATALOG_VIEW (_0 VARCHAR(1024), _1 VARCHAR(1024), _2 VARCHAR(1024), _3 VARCHAR(1024), _4 INT DEFAULT 0)

CREATE TABLE IF NOT EXISTS CATALOG_INDEX (_0 VARCHAR(1024), _1 VARCHAR(1024), _2 VARCHAR(1024))

CREATE TABLE IF NOT EXISTS CATALOG_SINDEX (_0 VARCHAR(1024), _1 VARCHAR(1024))

CREATE TABLE IF NOT EXISTS N_g (_0 INT DEFAULT 0, _1 VARCHAR(1024))

CREATE INDEX IF NOT EXISTS N_g___0 ON N_g (_0)

CREATE INDEX IF NOT EXISTS N_g___1 ON N_g (_1)

CREATE TABLE IF NOT EXISTS E_g (_0 INT DEFAULT 0, _1 INT DEFAULT 0, _2 INT DEFAULT 0, _3 VARCHAR(1024))

CREATE INDEX IF NOT EXISTS E_g___0 ON E_g (_0)

CREATE INDEX IF NOT EXISTS E_g___1 ON E_g (_1)

CREATE INDEX IF NOT EXISTS E_g___2 ON E_g (_2)

CREATE INDEX IF NOT EXISTS E_g___3 ON E_g (_3)

CREATE TABLE IF NOT EXISTS NP_g (_0 INT DEFAULT 0, _1 VARCHAR(1024), _2 VARCHAR(1024))

CREATE TABLE IF NOT EXISTS EP_g (_0 INT DEFAULT 0, _1 VARCHAR(1024), _2 VARCHAR(1024))

INSERT INTO N_schema VALUES ('Entity');

INSERT INTO N_schema VALUES ('Concept');

INSERT INTO E_schema VALUES ('Entity', 'Entity', 'RelatesTo');

INSERT INTO E_schema VALUES ('Entity', 'Concept', 'IsA');

INSERT INTO N_g VALUES (1, 'Entity');

INSERT INTO N_g VALUES (2, 'Entity');

INSERT INTO N_g VALUES (3, 'Concept');

INSERT INTO E_g VALUES (100, 1, 2, 'RelatesTo');

INSERT INTO E_g VALUES (101, 1, 3, 'IsA');

INSERT INTO NP_g VALUES (1, 'name', 'Alice');

INSERT INTO NP_g VALUES (2, 'name', 'Bob');

INSERT INTO NP_g VALUES (3, 'name', 'Person');

((SELECT DISTINCT R0._0 AS _0, R0._1 AS _1, R0._2 AS _2 FROM E_g AS R0 CROSS JOIN N_g AS R2 CROSS JOIN N_g AS R4 WHERE R0._1 = R2._0 AND R0._2 = R4._0 AND R0._3 = 'RelatesTo' AND R2._1 = 'Entity' AND R4._1 = 'Entity'));

DROP TABLE IF EXISTS GENNEWID_MAP CASCADE;


CREATE TABLE GENNEWID_MAP (
  NEWID SERIAL PRIMARY KEY NOT NULL,
  VIEWRULEID varchar(64) NOT NULL,
  INPUTS integer[]
);
CREATE INDEX IF NOT EXISTS newid_vrm_idx ON GENNEWID_MAP (VIEWRULEID, INPUTS);
ALTER SEQUENCE GENNEWID_MAP_NEWID_seq RESTART WITH 100000000 INCREMENT BY 1;
CREATE OR REPLACE FUNCTION GENNEWID_CONST(varchar(64), VARIADIC arr int[])
   RETURNS int AS $$
DECLARE
  inserted_id integer;
  existing_id integer;
BEGIN
  SELECT NEWID INTO existing_id FROM GENNEWID_MAP
  WHERE VIEWRULEID = $1 AND INPUTS = $2;
  IF not found THEN
    INSERT INTO GENNEWID_MAP (VIEWRULEID, INPUTS) VALUES ($1,$2) RETURNING NEWID INTO inserted_id;
    RETURN inserted_id;
  ELSE
    RETURN existing_id;
  END IF;
END;
$$ LANGUAGE 'plpgsql';


DROP VIEW IF EXISTS MATCH_EntityRelations_0 CASCADE

CREATE VIEW MATCH_EntityRelations_0 AS ((SELECT DISTINCT R0._0 AS _0, R0._1 AS _1, R0._2 AS _2 FROM E_g AS R0 CROSS JOIN N_g AS R1 CROSS JOIN N_g AS R2 WHERE R0._1 = R1._0 AND R0._2 = R2._0 AND R0._3 = 'RelatesTo' AND R1._1 = 'Entity' AND R2._1 = 'Entity'));

DROP VIEW IF EXISTS DMAP_EntityRelations CASCADE

CREATE VIEW DMAP_EntityRelations AS ((SELECT DISTINCT R0._0 AS _0, R0._0 AS _1 FROM N_g AS R0));

DROP VIEW IF EXISTS N_EntityRelations CASCADE

CREATE VIEW N_EntityRelations AS ((SELECT DISTINCT R0._0 AS _0, R0._1 AS _1 FROM N_g AS R0));

DROP VIEW IF EXISTS E_EntityRelations CASCADE

CREATE VIEW E_EntityRelations AS ((SELECT DISTINCT R0._0 AS _0, R1._1 AS _1, R2._1 AS _2, R0._3 AS _3 FROM E_g AS R0 CROSS JOIN DMAP_EntityRelations AS R1 CROSS JOIN DMAP_EntityRelations AS R2 WHERE R0._2 = R2._0 AND R0._1 = R1._0));

((SELECT DISTINCT R0._0 AS _0, R0._1 AS _1, R0._2 AS _2 FROM E_EntityRelations AS R0 CROSS JOIN N_EntityRelations AS R2 CROSS JOIN N_EntityRelations AS R4 WHERE R0._1 = R2._0 AND R0._2 = R4._0 AND R0._3 = 'RelatesTo' AND R2._1 = 'Entity' AND R4._1 = 'Entity'));

INSERT INTO N_schema VALUES ('Entity');

INSERT INTO N_schema VALUES ('Concept');

INSERT INTO E_schema VALUES ('Entity', 'Entity', 'RelatesTo');

INSERT INTO E_schema VALUES ('Entity', 'Concept', 'IsA');

INSERT INTO N_g VALUES (1, 'Entity');

INSERT INTO N_g VALUES (2, 'Entity');

INSERT INTO N_g VALUES (3, 'Concept');

INSERT INTO E_g VALUES (100, 1, 2, 'RelatesTo');

INSERT INTO E_g VALUES (101, 1, 3, 'IsA');

INSERT INTO NP_g VALUES (1, 'name', 'Alice');

INSERT INTO NP_g VALUES (2, 'name', 'Bob');

INSERT INTO NP_g VALUES (3, 'name', 'Person');

((SELECT DISTINCT R0._0 AS _0, R0._1 AS _1, R0._2 AS _2 FROM E_g AS R0 CROSS JOIN N_g AS R2 CROSS JOIN N_g AS R4 WHERE R0._1 = R2._0 AND R0._2 = R4._0 AND R0._3 = 'RelatesTo' AND R2._1 = 'Entity' AND R4._1 = 'Entity'));

DROP TABLE IF EXISTS GENNEWID_MAP CASCADE;


CREATE TABLE GENNEWID_MAP (
  NEWID SERIAL PRIMARY KEY NOT NULL,
  VIEWRULEID varchar(64) NOT NULL,
  INPUTS integer[]
);
CREATE INDEX IF NOT EXISTS newid_vrm_idx ON GENNEWID_MAP (VIEWRULEID, INPUTS);
ALTER SEQUENCE GENNEWID_MAP_NEWID_seq RESTART WITH 100000000 INCREMENT BY 1;
CREATE OR REPLACE FUNCTION GENNEWID_CONST(varchar(64), VARIADIC arr int[])
   RETURNS int AS $$
DECLARE
  inserted_id integer;
  existing_id integer;
BEGIN
  SELECT NEWID INTO existing_id FROM GENNEWID_MAP
  WHERE VIEWRULEID = $1 AND INPUTS = $2;
  IF not found THEN
    INSERT INTO GENNEWID_MAP (VIEWRULEID, INPUTS) VALUES ($1,$2) RETURNING NEWID INTO inserted_id;
    RETURN inserted_id;
  ELSE
    RETURN existing_id;
  END IF;
END;
$$ LANGUAGE 'plpgsql';


DROP VIEW IF EXISTS MATCH_EntityRelations_0 CASCADE

CREATE VIEW MATCH_EntityRelations_0 AS ((SELECT DISTINCT R0._0 AS _0, R0._1 AS _1, R0._2 AS _2 FROM E_g AS R0 CROSS JOIN N_g AS R1 CROSS JOIN N_g AS R2 WHERE R0._1 = R1._0 AND R0._2 = R2._0 AND R0._3 = 'RelatesTo' AND R1._1 = 'Entity' AND R2._1 = 'Entity'));

DROP VIEW IF EXISTS DMAP_EntityRelations CASCADE

CREATE VIEW DMAP_EntityRelations AS ((SELECT DISTINCT R0._0 AS _0, R0._0 AS _1 FROM N_g AS R0));

DROP VIEW IF EXISTS N_EntityRelations CASCADE

CREATE VIEW N_EntityRelations AS ((SELECT DISTINCT R0._0 AS _0, R0._1 AS _1 FROM N_g AS R0));

DROP VIEW IF EXISTS E_EntityRelations CASCADE

CREATE VIEW E_EntityRelations AS ((SELECT DISTINCT R0._0 AS _0, R1._1 AS _1, R2._1 AS _2, R0._3 AS _3 FROM E_g AS R0 CROSS JOIN DMAP_EntityRelations AS R1 CROSS JOIN DMAP_EntityRelations AS R2 WHERE R0._2 = R2._0 AND R0._1 = R1._0));

((SELECT DISTINCT R0._0 AS _0, R0._1 AS _1, R0._2 AS _2 FROM E_EntityRelations AS R0 CROSS JOIN N_EntityRelations AS R2 CROSS JOIN N_EntityRelations AS R4 WHERE R0._1 = R2._0 AND R0._2 = R4._0 AND R0._3 = 'RelatesTo' AND R2._1 = 'Entity' AND R4._1 = 'Entity'));

INSERT INTO N_schema VALUES ('Entity');

INSERT INTO N_schema VALUES ('Concept');

INSERT INTO E_schema VALUES ('Entity', 'Entity', 'RelatesTo');

INSERT INTO E_schema VALUES ('Entity', 'Concept', 'IsA');

INSERT INTO N_g VALUES (1, 'Entity');

INSERT INTO N_g VALUES (2, 'Entity');

INSERT INTO N_g VALUES (3, 'Concept');

INSERT INTO E_g VALUES (100, 1, 2, 'RelatesTo');

INSERT INTO E_g VALUES (101, 1, 3, 'IsA');

INSERT INTO NP_g VALUES (1, 'name', 'Alice');

INSERT INTO NP_g VALUES (2, 'name', 'Bob');

INSERT INTO NP_g VALUES (3, 'name', 'Person');

((SELECT DISTINCT R0._0 AS _0, R0._1 AS _1, R0._2 AS _2 FROM E_g AS R0 CROSS JOIN N_g AS R2 CROSS JOIN N_g AS R4 WHERE R0._1 = R2._0 AND R0._2 = R4._0 AND R0._3 = 'RelatesTo' AND R2._1 = 'Entity' AND R4._1 = 'Entity'));

DROP TABLE IF EXISTS GENNEWID_MAP CASCADE;


CREATE TABLE GENNEWID_MAP (
  NEWID SERIAL PRIMARY KEY NOT NULL,
  VIEWRULEID varchar(64) NOT NULL,
  INPUTS integer[]
);
CREATE INDEX IF NOT EXISTS newid_vrm_idx ON GENNEWID_MAP (VIEWRULEID, INPUTS);
ALTER SEQUENCE GENNEWID_MAP_NEWID_seq RESTART WITH 100000000 INCREMENT BY 1;
CREATE OR REPLACE FUNCTION GENNEWID_CONST(varchar(64), VARIADIC arr int[])
   RETURNS int AS $$
DECLARE
  inserted_id integer;
  existing_id integer;
BEGIN
  SELECT NEWID INTO existing_id FROM GENNEWID_MAP
  WHERE VIEWRULEID = $1 AND INPUTS = $2;
  IF not found THEN
    INSERT INTO GENNEWID_MAP (VIEWRULEID, INPUTS) VALUES ($1,$2) RETURNING NEWID INTO inserted_id;
    RETURN inserted_id;
  ELSE
    RETURN existing_id;
  END IF;
END;
$$ LANGUAGE 'plpgsql';


DROP VIEW IF EXISTS MATCH_EntityRelations_0 CASCADE

CREATE VIEW MATCH_EntityRelations_0 AS ((SELECT DISTINCT R0._0 AS _0, R0._1 AS _1, R0._2 AS _2 FROM E_g AS R0 CROSS JOIN N_g AS R1 CROSS JOIN N_g AS R2 WHERE R0._1 = R1._0 AND R0._2 = R2._0 AND R0._3 = 'RelatesTo' AND R1._1 = 'Entity' AND R2._1 = 'Entity'));

DROP VIEW IF EXISTS DMAP_EntityRelations CASCADE

CREATE VIEW DMAP_EntityRelations AS ((SELECT DISTINCT R0._0 AS _0, R0._0 AS _1 FROM N_g AS R0));

DROP VIEW IF EXISTS N_EntityRelations CASCADE

CREATE VIEW N_EntityRelations AS ((SELECT DISTINCT R0._0 AS _0, R0._1 AS _1 FROM N_g AS R0));

DROP VIEW IF EXISTS E_EntityRelations CASCADE

CREATE VIEW E_EntityRelations AS ((SELECT DISTINCT R0._0 AS _0, R1._1 AS _1, R2._1 AS _2, R0._3 AS _3 FROM E_g AS R0 CROSS JOIN DMAP_EntityRelations AS R1 CROSS JOIN DMAP_EntityRelations AS R2 WHERE R0._2 = R2._0 AND R0._1 = R1._0));

((SELECT DISTINCT R0._0 AS _0, R0._1 AS _1, R0._2 AS _2 FROM E_EntityRelations AS R0 CROSS JOIN N_EntityRelations AS R2 CROSS JOIN N_EntityRelations AS R4 WHERE R0._1 = R2._0 AND R0._2 = R4._0 AND R0._3 = 'RelatesTo' AND R2._1 = 'Entity' AND R4._1 = 'Entity'));

CREATE TABLE IF NOT EXISTS N_schema (_0 VARCHAR(1024))

CREATE TABLE IF NOT EXISTS E_schema (_0 VARCHAR(1024), _1 VARCHAR(1024), _2 VARCHAR(1024))

CREATE TABLE IF NOT EXISTS EGD (_0 VARCHAR(1024))

CREATE TABLE IF NOT EXISTS CATALOG_VIEW (_0 VARCHAR(1024), _1 VARCHAR(1024), _2 VARCHAR(1024), _3 VARCHAR(1024), _4 INT DEFAULT 0)

CREATE TABLE IF NOT EXISTS CATALOG_INDEX (_0 VARCHAR(1024), _1 VARCHAR(1024), _2 VARCHAR(1024))

CREATE TABLE IF NOT EXISTS CATALOG_SINDEX (_0 VARCHAR(1024), _1 VARCHAR(1024))

CREATE TABLE IF NOT EXISTS N_g (_0 INT DEFAULT 0, _1 VARCHAR(1024))

CREATE INDEX IF NOT EXISTS N_g___0 ON N_g (_0)

CREATE INDEX IF NOT EXISTS N_g___1 ON N_g (_1)

CREATE TABLE IF NOT EXISTS E_g (_0 INT DEFAULT 0, _1 INT DEFAULT 0, _2 INT DEFAULT 0, _3 VARCHAR(1024))

CREATE INDEX IF NOT EXISTS E_g___0 ON E_g (_0)

CREATE INDEX IF NOT EXISTS E_g___1 ON E_g (_1)

CREATE INDEX IF NOT EXISTS E_g___2 ON E_g (_2)

CREATE INDEX IF NOT EXISTS E_g___3 ON E_g (_3)

CREATE TABLE IF NOT EXISTS NP_g (_0 INT DEFAULT 0, _1 VARCHAR(1024), _2 VARCHAR(1024))

CREATE TABLE IF NOT EXISTS EP_g (_0 INT DEFAULT 0, _1 VARCHAR(1024), _2 VARCHAR(1024))

CREATE TABLE IF NOT EXISTS N_schema (_0 VARCHAR(1024))

CREATE TABLE IF NOT EXISTS E_schema (_0 VARCHAR(1024), _1 VARCHAR(1024), _2 VARCHAR(1024))

CREATE TABLE IF NOT EXISTS EGD (_0 VARCHAR(1024))

CREATE TABLE IF NOT EXISTS CATALOG_VIEW (_0 VARCHAR(1024), _1 VARCHAR(1024), _2 VARCHAR(1024), _3 VARCHAR(1024), _4 INT DEFAULT 0)

CREATE TABLE IF NOT EXISTS CATALOG_INDEX (_0 VARCHAR(1024), _1 VARCHAR(1024), _2 VARCHAR(1024))

CREATE TABLE IF NOT EXISTS CATALOG_SINDEX (_0 VARCHAR(1024), _1 VARCHAR(1024))

CREATE TABLE IF NOT EXISTS N_g (_0 INT DEFAULT 0, _1 VARCHAR(1024))

CREATE INDEX IF NOT EXISTS N_g___0 ON N_g (_0)

CREATE INDEX IF NOT EXISTS N_g___1 ON N_g (_1)

CREATE TABLE IF NOT EXISTS E_g (_0 INT DEFAULT 0, _1 INT DEFAULT 0, _2 INT DEFAULT 0, _3 VARCHAR(1024))

CREATE INDEX IF NOT EXISTS E_g___0 ON E_g (_0)

CREATE INDEX IF NOT EXISTS E_g___1 ON E_g (_1)

CREATE INDEX IF NOT EXISTS E_g___2 ON E_g (_2)

CREATE INDEX IF NOT EXISTS E_g___3 ON E_g (_3)

CREATE TABLE IF NOT EXISTS NP_g (_0 INT DEFAULT 0, _1 VARCHAR(1024), _2 VARCHAR(1024))

CREATE TABLE IF NOT EXISTS EP_g (_0 INT DEFAULT 0, _1 VARCHAR(1024), _2 VARCHAR(1024))

INSERT INTO N_schema VALUES ('Entity');

INSERT INTO N_schema VALUES ('Concept');

INSERT INTO N_schema VALUES ('Document');

INSERT INTO E_schema VALUES ('Entity', 'Concept', 'IsA');

INSERT INTO E_schema VALUES ('Entity', 'Entity', 'RelatesTo');

INSERT INTO E_schema VALUES ('Document', 'Entity', 'Mentions');

INSERT INTO N_g VALUES (1, 'Entity');

INSERT INTO NP_g VALUES (1, 'name', 'Alice');

INSERT INTO NP_g VALUES (1, 'type', 'person');

INSERT INTO NP_g VALUES (1, 'role', 'engineer');

INSERT INTO N_g VALUES (2, 'Entity');

INSERT INTO NP_g VALUES (2, 'name', 'Bob');

INSERT INTO NP_g VALUES (2, 'type', 'person');

INSERT INTO NP_g VALUES (2, 'role', 'scientist');

INSERT INTO N_g VALUES (3, 'Entity');

INSERT INTO NP_g VALUES (3, 'name', 'Python');

INSERT INTO NP_g VALUES (3, 'type', 'technology');

INSERT INTO N_g VALUES (4, 'Entity');

INSERT INTO NP_g VALUES (4, 'name', 'AI');

INSERT INTO NP_g VALUES (4, 'type', 'technology');

INSERT INTO N_g VALUES (100, 'Concept');

INSERT INTO NP_g VALUES (100, 'name', 'Person');

INSERT INTO N_g VALUES (101, 'Concept');

INSERT INTO NP_g VALUES (101, 'name', 'Technology');

INSERT INTO N_g VALUES (200, 'Document');

INSERT INTO NP_g VALUES (200, 'title', 'ResearchPaper');

INSERT INTO NP_g VALUES (200, 'year', '2024');

INSERT INTO N_g VALUES (201, 'Document');

INSERT INTO NP_g VALUES (201, 'title', 'Tutorial');

INSERT INTO NP_g VALUES (201, 'year', '2023');

INSERT INTO E_g VALUES (10, 1, 100, 'IsA');

INSERT INTO EP_g VALUES (10, 'description', 'isaPerson');

INSERT INTO E_g VALUES (11, 2, 100, 'IsA');

INSERT INTO EP_g VALUES (11, 'description', 'isaPerson');

INSERT INTO E_g VALUES (12, 3, 101, 'IsA');

INSERT INTO EP_g VALUES (12, 'description', 'isaTechnology');

INSERT INTO E_g VALUES (13, 4, 101, 'IsA');

INSERT INTO EP_g VALUES (13, 'description', 'isaTechnology');

INSERT INTO E_g VALUES (14, 1, 2, 'RelatesTo');

INSERT INTO EP_g VALUES (14, 'description', 'knowsBob');

INSERT INTO E_g VALUES (15, 1, 3, 'RelatesTo');

INSERT INTO EP_g VALUES (15, 'description', 'usesPython');

INSERT INTO E_g VALUES (16, 2, 4, 'RelatesTo');

INSERT INTO EP_g VALUES (16, 'description', 'researchesAI');

INSERT INTO E_g VALUES (17, 200, 4, 'Mentions');

INSERT INTO EP_g VALUES (17, 'description', 'mentionsAI');

INSERT INTO E_g VALUES (18, 200, 2, 'Mentions');

INSERT INTO EP_g VALUES (18, 'description', 'mentionsBob');

INSERT INTO E_g VALUES (19, 201, 3, 'Mentions');

INSERT INTO EP_g VALUES (19, 'description', 'mentionsPython');

INSERT INTO E_g VALUES (20, 201, 1, 'Mentions');

INSERT INTO EP_g VALUES (20, 'description', 'mentionsAlice');

((SELECT DISTINCT R0._0 AS _0, R0._2 AS _1, R0._1 AS _2 FROM E_g AS R0 CROSS JOIN N_g AS R2 CROSS JOIN N_g AS R4 WHERE R0._2 = R2._0 AND R0._1 = R4._0 AND R0._3 = 'IsA' AND R2._1 = 'Concept' AND R4._1 = 'Entity'));

DROP TABLE IF EXISTS GENNEWID_MAP CASCADE;


CREATE TABLE GENNEWID_MAP (
  NEWID SERIAL PRIMARY KEY NOT NULL,
  VIEWRULEID varchar(64) NOT NULL,
  INPUTS integer[]
);
CREATE INDEX IF NOT EXISTS newid_vrm_idx ON GENNEWID_MAP (VIEWRULEID, INPUTS);
ALTER SEQUENCE GENNEWID_MAP_NEWID_seq RESTART WITH 100000000 INCREMENT BY 1;
CREATE OR REPLACE FUNCTION GENNEWID_CONST(varchar(64), VARIADIC arr int[])
   RETURNS int AS $$
DECLARE
  inserted_id integer;
  existing_id integer;
BEGIN
  SELECT NEWID INTO existing_id FROM GENNEWID_MAP
  WHERE VIEWRULEID = $1 AND INPUTS = $2;
  IF not found THEN
    INSERT INTO GENNEWID_MAP (VIEWRULEID, INPUTS) VALUES ($1,$2) RETURNING NEWID INTO inserted_id;
    RETURN inserted_id;
  ELSE
    RETURN existing_id;
  END IF;
END;
$$ LANGUAGE 'plpgsql';


DROP VIEW IF EXISTS MATCH_PersonNetwork_0 CASCADE

CREATE VIEW MATCH_PersonNetwork_0 AS ((SELECT DISTINCT R0._0 AS _0, R0._1 AS _1, R0._2 AS _2, R3._2 AS _3, R5._2 AS _4 FROM E_g AS R0 CROSS JOIN N_g AS R1 CROSS JOIN N_g AS R2 CROSS JOIN NP_g AS R3 CROSS JOIN NP_g AS R5 WHERE R0._1 = R1._0 AND R0._1 = R3._0 AND R0._2 = R2._0 AND R0._2 = R5._0 AND R3._2 = 'person' AND R5._2 = 'person' AND R0._3 = 'RelatesTo' AND R1._1 = 'Entity' AND R2._1 = 'Entity' AND R3._1 = 'type' AND R5._1 = 'type'));

DROP VIEW IF EXISTS DMAP_PersonNetwork CASCADE

CREATE VIEW DMAP_PersonNetwork AS ((SELECT DISTINCT R0._0 AS _0, R0._0 AS _1 FROM N_g AS R0));

DROP VIEW IF EXISTS N_PersonNetwork CASCADE

CREATE VIEW N_PersonNetwork AS ((SELECT DISTINCT R0._0 AS _0, R0._1 AS _1 FROM N_g AS R0));

DROP VIEW IF EXISTS E_PersonNetwork CASCADE

CREATE VIEW E_PersonNetwork AS ((SELECT DISTINCT R0._0 AS _0, R1._1 AS _1, R2._1 AS _2, R0._3 AS _3 FROM E_g AS R0 CROSS JOIN DMAP_PersonNetwork AS R1 CROSS JOIN DMAP_PersonNetwork AS R2 WHERE R0._2 = R2._0 AND R0._1 = R1._0));

DROP TABLE IF EXISTS GENNEWID_MAP CASCADE;


CREATE TABLE GENNEWID_MAP (
  NEWID SERIAL PRIMARY KEY NOT NULL,
  VIEWRULEID varchar(64) NOT NULL,
  INPUTS integer[]
);
CREATE INDEX IF NOT EXISTS newid_vrm_idx ON GENNEWID_MAP (VIEWRULEID, INPUTS);
ALTER SEQUENCE GENNEWID_MAP_NEWID_seq RESTART WITH 100000000 INCREMENT BY 1;
CREATE OR REPLACE FUNCTION GENNEWID_CONST(varchar(64), VARIADIC arr int[])
   RETURNS int AS $$
DECLARE
  inserted_id integer;
  existing_id integer;
BEGIN
  SELECT NEWID INTO existing_id FROM GENNEWID_MAP
  WHERE VIEWRULEID = $1 AND INPUTS = $2;
  IF not found THEN
    INSERT INTO GENNEWID_MAP (VIEWRULEID, INPUTS) VALUES ($1,$2) RETURNING NEWID INTO inserted_id;
    RETURN inserted_id;
  ELSE
    RETURN existing_id;
  END IF;
END;
$$ LANGUAGE 'plpgsql';


DROP VIEW IF EXISTS MATCH_TechRelations_0 CASCADE

CREATE VIEW MATCH_TechRelations_0 AS ((SELECT DISTINCT R0._0 AS _0, R0._1 AS _1, R0._2 AS _2, R3._2 AS _3 FROM E_g AS R0 CROSS JOIN N_g AS R1 CROSS JOIN N_g AS R2 CROSS JOIN NP_g AS R3 WHERE R0._2 = R1._0 AND R0._2 = R3._0 AND R0._1 = R2._0 AND R3._2 = 'technology' AND R0._3 = 'RelatesTo' AND R1._1 = 'Entity' AND R2._1 = 'Entity' AND R3._1 = 'type'));

DROP VIEW IF EXISTS DMAP_TechRelations CASCADE

CREATE VIEW DMAP_TechRelations AS ((SELECT DISTINCT R0._0 AS _0, R0._0 AS _1 FROM N_g AS R0));

DROP VIEW IF EXISTS N_TechRelations CASCADE

CREATE VIEW N_TechRelations AS ((SELECT DISTINCT R0._0 AS _0, R0._1 AS _1 FROM N_g AS R0));

DROP VIEW IF EXISTS E_TechRelations CASCADE

CREATE VIEW E_TechRelations AS ((SELECT DISTINCT R0._0 AS _0, R1._1 AS _1, R2._1 AS _2, R0._3 AS _3 FROM E_g AS R0 CROSS JOIN DMAP_TechRelations AS R1 CROSS JOIN DMAP_TechRelations AS R2 WHERE R0._2 = R2._0 AND R0._1 = R1._0));

DROP TABLE IF EXISTS GENNEWID_MAP CASCADE;


CREATE TABLE GENNEWID_MAP (
  NEWID SERIAL PRIMARY KEY NOT NULL,
  VIEWRULEID varchar(64) NOT NULL,
  INPUTS integer[]
);
CREATE INDEX IF NOT EXISTS newid_vrm_idx ON GENNEWID_MAP (VIEWRULEID, INPUTS);
ALTER SEQUENCE GENNEWID_MAP_NEWID_seq RESTART WITH 100000000 INCREMENT BY 1;
CREATE OR REPLACE FUNCTION GENNEWID_CONST(varchar(64), VARIADIC arr int[])
   RETURNS int AS $$
DECLARE
  inserted_id integer;
  existing_id integer;
BEGIN
  SELECT NEWID INTO existing_id FROM GENNEWID_MAP
  WHERE VIEWRULEID = $1 AND INPUTS = $2;
  IF not found THEN
    INSERT INTO GENNEWID_MAP (VIEWRULEID, INPUTS) VALUES ($1,$2) RETURNING NEWID INTO inserted_id;
    RETURN inserted_id;
  ELSE
    RETURN existing_id;
  END IF;
END;
$$ LANGUAGE 'plpgsql';


DROP VIEW IF EXISTS MATCH_DocumentKnowledge_0 CASCADE

CREATE VIEW MATCH_DocumentKnowledge_0 AS ((SELECT DISTINCT R0._0 AS _0, R0._1 AS _1, R0._2 AS _2 FROM E_g AS R0 CROSS JOIN N_g AS R1 CROSS JOIN N_g AS R2 WHERE R0._1 = R1._0 AND R0._2 = R2._0 AND R0._3 = 'Mentions' AND R1._1 = 'Document' AND R2._1 = 'Entity'));

DROP VIEW IF EXISTS DMAP_DocumentKnowledge CASCADE

CREATE VIEW DMAP_DocumentKnowledge AS ((SELECT DISTINCT R0._0 AS _0, R0._0 AS _1 FROM N_g AS R0));

DROP VIEW IF EXISTS N_DocumentKnowledge CASCADE

CREATE VIEW N_DocumentKnowledge AS ((SELECT DISTINCT R0._0 AS _0, R0._1 AS _1 FROM N_g AS R0));

DROP VIEW IF EXISTS E_DocumentKnowledge CASCADE

CREATE VIEW E_DocumentKnowledge AS ((SELECT DISTINCT R0._0 AS _0, R1._1 AS _1, R2._1 AS _2, R0._3 AS _3 FROM E_g AS R0 CROSS JOIN DMAP_DocumentKnowledge AS R1 CROSS JOIN DMAP_DocumentKnowledge AS R2 WHERE R0._2 = R2._0 AND R0._1 = R1._0));

((SELECT DISTINCT R0._0 AS _0, R0._1 AS _1, R0._2 AS _2 FROM E_PersonNetwork AS R0 CROSS JOIN N_PersonNetwork AS R2 CROSS JOIN N_PersonNetwork AS R4 WHERE R0._1 = R2._0 AND R0._2 = R4._0 AND R0._3 = 'RelatesTo' AND R2._1 = 'Entity' AND R4._1 = 'Entity'));

((SELECT DISTINCT R0._0 AS _0, R0._2 AS _1, R0._1 AS _2 FROM E_TechRelations AS R0 CROSS JOIN N_TechRelations AS R2 CROSS JOIN N_TechRelations AS R4 WHERE R0._2 = R2._0 AND R0._1 = R4._0 AND R0._3 = 'RelatesTo' AND R2._1 = 'Entity' AND R4._1 = 'Entity'));

DROP TABLE IF EXISTS GENNEWID_MAP CASCADE;


CREATE TABLE GENNEWID_MAP (
  NEWID SERIAL PRIMARY KEY NOT NULL,
  VIEWRULEID varchar(64) NOT NULL,
  INPUTS integer[]
);
CREATE INDEX IF NOT EXISTS newid_vrm_idx ON GENNEWID_MAP (VIEWRULEID, INPUTS);
ALTER SEQUENCE GENNEWID_MAP_NEWID_seq RESTART WITH 100000000 INCREMENT BY 1;
CREATE OR REPLACE FUNCTION GENNEWID_CONST(varchar(64), VARIADIC arr int[])
   RETURNS int AS $$
DECLARE
  inserted_id integer;
  existing_id integer;
BEGIN
  SELECT NEWID INTO existing_id FROM GENNEWID_MAP
  WHERE VIEWRULEID = $1 AND INPUTS = $2;
  IF not found THEN
    INSERT INTO GENNEWID_MAP (VIEWRULEID, INPUTS) VALUES ($1,$2) RETURNING NEWID INTO inserted_id;
    RETURN inserted_id;
  ELSE
    RETURN existing_id;
  END IF;
END;
$$ LANGUAGE 'plpgsql';


CREATE OR REPLACE FUNCTION GENNEWID_MAP_ExpertiseGraph_expertise(int,int)
	RETURNS int AS $$
DECLARE
	existing_id integer;
BEGIN
SELECT * INTO existing_id FROM GENNEWID_CONST('ExpertiseGraph_expertise', VARIADIC Array[$1,$2]) AS T;
RETURN existing_id;
END;
$$ LANGUAGE 'plpgsql';


DROP VIEW IF EXISTS MATCH_ExpertiseGraph_0 CASCADE

CREATE VIEW MATCH_ExpertiseGraph_0 AS ((SELECT DISTINCT R0._0 AS _0, R0._1 AS _1, R0._2 AS _2, R3._2 AS _3, R5._2 AS _4 FROM E_g AS R0 CROSS JOIN N_g AS R1 CROSS JOIN N_g AS R2 CROSS JOIN NP_g AS R3 CROSS JOIN NP_g AS R5 WHERE R0._1 = R1._0 AND R0._1 = R3._0 AND R0._2 = R2._0 AND R0._2 = R5._0 AND R3._2 = 'person' AND R5._2 = 'technology' AND R0._3 = 'RelatesTo' AND R1._1 = 'Entity' AND R2._1 = 'Entity' AND R3._1 = 'type' AND R5._1 = 'type'));

DROP VIEW IF EXISTS DMAP_ExpertiseGraph CASCADE

CREATE VIEW DMAP_ExpertiseGraph AS ((SELECT DISTINCT R0._0 AS _0, R0._0 AS _1 FROM N_g AS R0));

DROP VIEW IF EXISTS N_ExpertiseGraph CASCADE

CREATE VIEW N_ExpertiseGraph AS ((SELECT DISTINCT R1._1 AS _0, 'Entity' AS _1 FROM MATCH_ExpertiseGraph_0 AS R1) UNION (SELECT DISTINCT R1._2 AS _0, 'Entity' AS _1 FROM MATCH_ExpertiseGraph_0 AS R1) UNION (SELECT DISTINCT R0._0 AS _0, R0._1 AS _1 FROM N_g AS R0));

DROP VIEW IF EXISTS E_ExpertiseGraph CASCADE

CREATE VIEW E_ExpertiseGraph AS ((SELECT DISTINCT GENNEWID_CONST('ExpertiseGraph_expertise', VARIADIC Array[R1._1,R1._2]) AS _0, R1._1 AS _1, R1._2 AS _2, 'HasExpertiseIn' AS _3 FROM MATCH_ExpertiseGraph_0 AS R1) UNION (SELECT DISTINCT R0._0 AS _0, R1._1 AS _1, R2._1 AS _2, R0._3 AS _3 FROM E_g AS R0 CROSS JOIN DMAP_ExpertiseGraph AS R1 CROSS JOIN DMAP_ExpertiseGraph AS R2 WHERE R0._2 = R2._0 AND R0._1 = R1._0));

((SELECT DISTINCT R0._1 AS _0, R0._2 AS _1, R0._0 AS _2 FROM E_ExpertiseGraph AS R0 CROSS JOIN N_ExpertiseGraph AS R2 CROSS JOIN N_ExpertiseGraph AS R4 WHERE R0._1 = R2._0 AND R0._2 = R4._0 AND R0._3 = 'HasExpertiseIn' AND R2._1 = 'Entity' AND R4._1 = 'Entity'));

INSERT INTO N_schema VALUES ('Entity');

INSERT INTO N_schema VALUES ('Concept');

INSERT INTO N_schema VALUES ('Document');

INSERT INTO E_schema VALUES ('Entity', 'Concept', 'IsA');

INSERT INTO E_schema VALUES ('Entity', 'Entity', 'RelatesTo');

INSERT INTO E_schema VALUES ('Document', 'Entity', 'Mentions');

INSERT INTO N_g VALUES (1, 'Entity');

INSERT INTO NP_g VALUES (1, 'name', 'Alice');

INSERT INTO NP_g VALUES (1, 'type', 'person');

INSERT INTO NP_g VALUES (1, 'role', 'engineer');

INSERT INTO N_g VALUES (2, 'Entity');

INSERT INTO NP_g VALUES (2, 'name', 'Bob');

INSERT INTO NP_g VALUES (2, 'type', 'person');

INSERT INTO NP_g VALUES (2, 'role', 'scientist');

INSERT INTO N_g VALUES (3, 'Entity');

INSERT INTO NP_g VALUES (3, 'name', 'Python');

INSERT INTO NP_g VALUES (3, 'type', 'technology');

INSERT INTO N_g VALUES (4, 'Entity');

INSERT INTO NP_g VALUES (4, 'name', 'AI');

INSERT INTO NP_g VALUES (4, 'type', 'technology');

INSERT INTO N_g VALUES (100, 'Concept');

INSERT INTO NP_g VALUES (100, 'name', 'Person');

INSERT INTO N_g VALUES (101, 'Concept');

INSERT INTO NP_g VALUES (101, 'name', 'Technology');

INSERT INTO N_g VALUES (200, 'Document');

INSERT INTO NP_g VALUES (200, 'title', 'ResearchPaper');

INSERT INTO NP_g VALUES (200, 'year', '2024');

INSERT INTO N_g VALUES (201, 'Document');

INSERT INTO NP_g VALUES (201, 'title', 'Tutorial');

INSERT INTO NP_g VALUES (201, 'year', '2023');

INSERT INTO E_g VALUES (10, 1, 100, 'IsA');

INSERT INTO EP_g VALUES (10, 'description', 'isaPerson');

INSERT INTO E_g VALUES (11, 2, 100, 'IsA');

INSERT INTO EP_g VALUES (11, 'description', 'isaPerson');

INSERT INTO E_g VALUES (12, 3, 101, 'IsA');

INSERT INTO EP_g VALUES (12, 'description', 'isaTechnology');

INSERT INTO E_g VALUES (13, 4, 101, 'IsA');

INSERT INTO EP_g VALUES (13, 'description', 'isaTechnology');

INSERT INTO E_g VALUES (14, 1, 2, 'RelatesTo');

INSERT INTO EP_g VALUES (14, 'description', 'knowsBob');

INSERT INTO E_g VALUES (15, 1, 3, 'RelatesTo');

INSERT INTO EP_g VALUES (15, 'description', 'usesPython');

INSERT INTO E_g VALUES (16, 2, 4, 'RelatesTo');

INSERT INTO EP_g VALUES (16, 'description', 'researchesAI');

INSERT INTO E_g VALUES (17, 200, 4, 'Mentions');

INSERT INTO EP_g VALUES (17, 'description', 'mentionsAI');

INSERT INTO E_g VALUES (18, 200, 2, 'Mentions');

INSERT INTO EP_g VALUES (18, 'description', 'mentionsBob');

INSERT INTO E_g VALUES (19, 201, 3, 'Mentions');

INSERT INTO EP_g VALUES (19, 'description', 'mentionsPython');

INSERT INTO E_g VALUES (20, 201, 1, 'Mentions');

INSERT INTO EP_g VALUES (20, 'description', 'mentionsAlice');

((SELECT DISTINCT R0._0 AS _0, R0._2 AS _1, R0._1 AS _2 FROM E_g AS R0 CROSS JOIN N_g AS R2 CROSS JOIN N_g AS R4 WHERE R0._2 = R2._0 AND R0._1 = R4._0 AND R0._3 = 'IsA' AND R2._1 = 'Concept' AND R4._1 = 'Entity'));

DROP TABLE IF EXISTS GENNEWID_MAP CASCADE;


CREATE TABLE GENNEWID_MAP (
  NEWID SERIAL PRIMARY KEY NOT NULL,
  VIEWRULEID varchar(64) NOT NULL,
  INPUTS integer[]
);
CREATE INDEX IF NOT EXISTS newid_vrm_idx ON GENNEWID_MAP (VIEWRULEID, INPUTS);
ALTER SEQUENCE GENNEWID_MAP_NEWID_seq RESTART WITH 100000000 INCREMENT BY 1;
CREATE OR REPLACE FUNCTION GENNEWID_CONST(varchar(64), VARIADIC arr int[])
   RETURNS int AS $$
DECLARE
  inserted_id integer;
  existing_id integer;
BEGIN
  SELECT NEWID INTO existing_id FROM GENNEWID_MAP
  WHERE VIEWRULEID = $1 AND INPUTS = $2;
  IF not found THEN
    INSERT INTO GENNEWID_MAP (VIEWRULEID, INPUTS) VALUES ($1,$2) RETURNING NEWID INTO inserted_id;
    RETURN inserted_id;
  ELSE
    RETURN existing_id;
  END IF;
END;
$$ LANGUAGE 'plpgsql';


CREATE OR REPLACE FUNCTION GENNEWID_MAP_ExpertiseGraph_expertise(int,int)
	RETURNS int AS $$
DECLARE
	existing_id integer;
BEGIN
SELECT * INTO existing_id FROM GENNEWID_CONST('ExpertiseGraph_expertise', VARIADIC Array[$1,$2]) AS T;
RETURN existing_id;
END;
$$ LANGUAGE 'plpgsql';


DROP TABLE IF EXISTS GENNEWID_MAP CASCADE;


CREATE TABLE GENNEWID_MAP (
  NEWID SERIAL PRIMARY KEY NOT NULL,
  VIEWRULEID varchar(64) NOT NULL,
  INPUTS integer[]
);
CREATE INDEX IF NOT EXISTS newid_vrm_idx ON GENNEWID_MAP (VIEWRULEID, INPUTS);
ALTER SEQUENCE GENNEWID_MAP_NEWID_seq RESTART WITH 100000000 INCREMENT BY 1;
CREATE OR REPLACE FUNCTION GENNEWID_CONST(varchar(64), VARIADIC arr int[])
   RETURNS int AS $$
DECLARE
  inserted_id integer;
  existing_id integer;
BEGIN
  SELECT NEWID INTO existing_id FROM GENNEWID_MAP
  WHERE VIEWRULEID = $1 AND INPUTS = $2;
  IF not found THEN
    INSERT INTO GENNEWID_MAP (VIEWRULEID, INPUTS) VALUES ($1,$2) RETURNING NEWID INTO inserted_id;
    RETURN inserted_id;
  ELSE
    RETURN existing_id;
  END IF;
END;
$$ LANGUAGE 'plpgsql';


CREATE OR REPLACE FUNCTION GENNEWID_MAP_ExpertiseGraph_expertise(int,int)
	RETURNS int AS $$
DECLARE
	existing_id integer;
BEGIN
SELECT * INTO existing_id FROM GENNEWID_CONST('ExpertiseGraph_expertise', VARIADIC Array[$1,$2]) AS T;
RETURN existing_id;
END;
$$ LANGUAGE 'plpgsql';


DROP TABLE IF EXISTS GENNEWID_MAP CASCADE;


CREATE TABLE GENNEWID_MAP (
  NEWID SERIAL PRIMARY KEY NOT NULL,
  VIEWRULEID varchar(64) NOT NULL,
  INPUTS integer[]
);
CREATE INDEX IF NOT EXISTS newid_vrm_idx ON GENNEWID_MAP (VIEWRULEID, INPUTS);
ALTER SEQUENCE GENNEWID_MAP_NEWID_seq RESTART WITH 100000000 INCREMENT BY 1;
CREATE OR REPLACE FUNCTION GENNEWID_CONST(varchar(64), VARIADIC arr int[])
   RETURNS int AS $$
DECLARE
  inserted_id integer;
  existing_id integer;
BEGIN
  SELECT NEWID INTO existing_id FROM GENNEWID_MAP
  WHERE VIEWRULEID = $1 AND INPUTS = $2;
  IF not found THEN
    INSERT INTO GENNEWID_MAP (VIEWRULEID, INPUTS) VALUES ($1,$2) RETURNING NEWID INTO inserted_id;
    RETURN inserted_id;
  ELSE
    RETURN existing_id;
  END IF;
END;
$$ LANGUAGE 'plpgsql';


CREATE OR REPLACE FUNCTION GENNEWID_MAP_ExpertiseGraph_expertise(int,int)
	RETURNS int AS $$
DECLARE
	existing_id integer;
BEGIN
SELECT * INTO existing_id FROM GENNEWID_CONST('ExpertiseGraph_expertise', VARIADIC Array[$1,$2]) AS T;
RETURN existing_id;
END;
$$ LANGUAGE 'plpgsql';


((SELECT DISTINCT R0._0 AS _0, R0._1 AS _1, R0._2 AS _2 FROM E_PersonNetwork AS R0 CROSS JOIN N_PersonNetwork AS R2 CROSS JOIN N_PersonNetwork AS R4 WHERE R0._1 = R2._0 AND R0._2 = R4._0 AND R0._3 = 'RelatesTo' AND R2._1 = 'Entity' AND R4._1 = 'Entity'));

((SELECT DISTINCT R0._0 AS _0, R0._2 AS _1, R0._1 AS _2 FROM E_TechRelations AS R0 CROSS JOIN N_TechRelations AS R2 CROSS JOIN N_TechRelations AS R4 WHERE R0._2 = R2._0 AND R0._1 = R4._0 AND R0._3 = 'RelatesTo' AND R2._1 = 'Entity' AND R4._1 = 'Entity'));

DROP TABLE IF EXISTS GENNEWID_MAP CASCADE;


CREATE TABLE GENNEWID_MAP (
  NEWID SERIAL PRIMARY KEY NOT NULL,
  VIEWRULEID varchar(64) NOT NULL,
  INPUTS integer[]
);
CREATE INDEX IF NOT EXISTS newid_vrm_idx ON GENNEWID_MAP (VIEWRULEID, INPUTS);
ALTER SEQUENCE GENNEWID_MAP_NEWID_seq RESTART WITH 100000000 INCREMENT BY 1;
CREATE OR REPLACE FUNCTION GENNEWID_CONST(varchar(64), VARIADIC arr int[])
   RETURNS int AS $$
DECLARE
  inserted_id integer;
  existing_id integer;
BEGIN
  SELECT NEWID INTO existing_id FROM GENNEWID_MAP
  WHERE VIEWRULEID = $1 AND INPUTS = $2;
  IF not found THEN
    INSERT INTO GENNEWID_MAP (VIEWRULEID, INPUTS) VALUES ($1,$2) RETURNING NEWID INTO inserted_id;
    RETURN inserted_id;
  ELSE
    RETURN existing_id;
  END IF;
END;
$$ LANGUAGE 'plpgsql';


CREATE OR REPLACE FUNCTION GENNEWID_MAP_ExpertiseGraph_expertise(int,int)
	RETURNS int AS $$
DECLARE
	existing_id integer;
BEGIN
SELECT * INTO existing_id FROM GENNEWID_CONST('ExpertiseGraph_expertise', VARIADIC Array[$1,$2]) AS T;
RETURN existing_id;
END;
$$ LANGUAGE 'plpgsql';


((SELECT DISTINCT R0._1 AS _0, R0._2 AS _1, R0._0 AS _2 FROM E_ExpertiseGraph AS R0 CROSS JOIN N_ExpertiseGraph AS R2 CROSS JOIN N_ExpertiseGraph AS R4 WHERE R0._1 = R2._0 AND R0._2 = R4._0 AND R0._3 = 'HasExpertiseIn' AND R2._1 = 'Entity' AND R4._1 = 'Entity'));

CREATE TABLE IF NOT EXISTS N_schema (_0 VARCHAR(1024))

CREATE TABLE IF NOT EXISTS E_schema (_0 VARCHAR(1024), _1 VARCHAR(1024), _2 VARCHAR(1024))

CREATE TABLE IF NOT EXISTS EGD (_0 VARCHAR(1024))

CREATE TABLE IF NOT EXISTS CATALOG_VIEW (_0 VARCHAR(1024), _1 VARCHAR(1024), _2 VARCHAR(1024), _3 VARCHAR(1024), _4 INT DEFAULT 0)

CREATE TABLE IF NOT EXISTS CATALOG_INDEX (_0 VARCHAR(1024), _1 VARCHAR(1024), _2 VARCHAR(1024))

CREATE TABLE IF NOT EXISTS CATALOG_SINDEX (_0 VARCHAR(1024), _1 VARCHAR(1024))

CREATE TABLE IF NOT EXISTS N_g (_0 INT DEFAULT 0, _1 VARCHAR(1024))

CREATE INDEX IF NOT EXISTS N_g___0 ON N_g (_0)

CREATE INDEX IF NOT EXISTS N_g___1 ON N_g (_1)

CREATE TABLE IF NOT EXISTS E_g (_0 INT DEFAULT 0, _1 INT DEFAULT 0, _2 INT DEFAULT 0, _3 VARCHAR(1024))

CREATE INDEX IF NOT EXISTS E_g___0 ON E_g (_0)

CREATE INDEX IF NOT EXISTS E_g___1 ON E_g (_1)

CREATE INDEX IF NOT EXISTS E_g___2 ON E_g (_2)

CREATE INDEX IF NOT EXISTS E_g___3 ON E_g (_3)

CREATE TABLE IF NOT EXISTS NP_g (_0 INT DEFAULT 0, _1 VARCHAR(1024), _2 VARCHAR(1024))

CREATE TABLE IF NOT EXISTS EP_g (_0 INT DEFAULT 0, _1 VARCHAR(1024), _2 VARCHAR(1024))

CREATE TABLE IF NOT EXISTS N_schema (_0 VARCHAR(1024))

CREATE TABLE IF NOT EXISTS E_schema (_0 VARCHAR(1024), _1 VARCHAR(1024), _2 VARCHAR(1024))

CREATE TABLE IF NOT EXISTS EGD (_0 VARCHAR(1024))

CREATE TABLE IF NOT EXISTS CATALOG_VIEW (_0 VARCHAR(1024), _1 VARCHAR(1024), _2 VARCHAR(1024), _3 VARCHAR(1024), _4 INT DEFAULT 0)

CREATE TABLE IF NOT EXISTS CATALOG_INDEX (_0 VARCHAR(1024), _1 VARCHAR(1024), _2 VARCHAR(1024))

CREATE TABLE IF NOT EXISTS CATALOG_SINDEX (_0 VARCHAR(1024), _1 VARCHAR(1024))

CREATE TABLE IF NOT EXISTS N_g (_0 INT DEFAULT 0, _1 VARCHAR(1024))

CREATE INDEX IF NOT EXISTS N_g___0 ON N_g (_0)

CREATE INDEX IF NOT EXISTS N_g___1 ON N_g (_1)

CREATE TABLE IF NOT EXISTS E_g (_0 INT DEFAULT 0, _1 INT DEFAULT 0, _2 INT DEFAULT 0, _3 VARCHAR(1024))

CREATE INDEX IF NOT EXISTS E_g___0 ON E_g (_0)

CREATE INDEX IF NOT EXISTS E_g___1 ON E_g (_1)

CREATE INDEX IF NOT EXISTS E_g___2 ON E_g (_2)

CREATE INDEX IF NOT EXISTS E_g___3 ON E_g (_3)

CREATE TABLE IF NOT EXISTS NP_g (_0 INT DEFAULT 0, _1 VARCHAR(1024), _2 VARCHAR(1024))

CREATE TABLE IF NOT EXISTS EP_g (_0 INT DEFAULT 0, _1 VARCHAR(1024), _2 VARCHAR(1024))

CREATE TABLE IF NOT EXISTS N_schema (_0 VARCHAR(1024))

CREATE TABLE IF NOT EXISTS E_schema (_0 VARCHAR(1024), _1 VARCHAR(1024), _2 VARCHAR(1024))

CREATE TABLE IF NOT EXISTS EGD (_0 VARCHAR(1024))

CREATE TABLE IF NOT EXISTS CATALOG_VIEW (_0 VARCHAR(1024), _1 VARCHAR(1024), _2 VARCHAR(1024), _3 VARCHAR(1024), _4 INT DEFAULT 0)

CREATE TABLE IF NOT EXISTS CATALOG_INDEX (_0 VARCHAR(1024), _1 VARCHAR(1024), _2 VARCHAR(1024))

CREATE TABLE IF NOT EXISTS CATALOG_SINDEX (_0 VARCHAR(1024), _1 VARCHAR(1024))

CREATE TABLE IF NOT EXISTS N_g (_0 INT DEFAULT 0, _1 VARCHAR(1024))

CREATE INDEX IF NOT EXISTS N_g___0 ON N_g (_0)

CREATE INDEX IF NOT EXISTS N_g___1 ON N_g (_1)

CREATE TABLE IF NOT EXISTS E_g (_0 INT DEFAULT 0, _1 INT DEFAULT 0, _2 INT DEFAULT 0, _3 VARCHAR(1024))

CREATE INDEX IF NOT EXISTS E_g___0 ON E_g (_0)

CREATE INDEX IF NOT EXISTS E_g___1 ON E_g (_1)

CREATE INDEX IF NOT EXISTS E_g___2 ON E_g (_2)

CREATE INDEX IF NOT EXISTS E_g___3 ON E_g (_3)

CREATE TABLE IF NOT EXISTS NP_g (_0 INT DEFAULT 0, _1 VARCHAR(1024), _2 VARCHAR(1024))

CREATE TABLE IF NOT EXISTS EP_g (_0 INT DEFAULT 0, _1 VARCHAR(1024), _2 VARCHAR(1024))

INSERT INTO N_schema VALUES ('TestNode');

INSERT INTO E_schema VALUES ('TestNode', 'TestNode', 'TestEdge');

INSERT INTO N_g VALUES (1, 'TestNode');

INSERT INTO N_g VALUES (2, 'TestNode');

INSERT INTO E_g VALUES (10, 1, 2, 'TestEdge');

((SELECT DISTINCT R0._1 AS _0, R0._2 AS _1, R0._0 AS _2 FROM E_g AS R0 CROSS JOIN N_g AS R2 CROSS JOIN N_g AS R4 WHERE R0._1 = R2._0 AND R0._2 = R4._0 AND R0._3 = 'TestEdge' AND R2._1 = 'TestNode' AND R4._1 = 'TestNode'));

DROP TABLE IF EXISTS GENNEWID_MAP CASCADE;


CREATE TABLE GENNEWID_MAP (
  NEWID SERIAL PRIMARY KEY NOT NULL,
  VIEWRULEID varchar(64) NOT NULL,
  INPUTS integer[]
);
CREATE INDEX IF NOT EXISTS newid_vrm_idx ON GENNEWID_MAP (VIEWRULEID, INPUTS);
ALTER SEQUENCE GENNEWID_MAP_NEWID_seq RESTART WITH 100000000 INCREMENT BY 1;
CREATE OR REPLACE FUNCTION GENNEWID_CONST(varchar(64), VARIADIC arr int[])
   RETURNS int AS $$
DECLARE
  inserted_id integer;
  existing_id integer;
BEGIN
  SELECT NEWID INTO existing_id FROM GENNEWID_MAP
  WHERE VIEWRULEID = $1 AND INPUTS = $2;
  IF not found THEN
    INSERT INTO GENNEWID_MAP (VIEWRULEID, INPUTS) VALUES ($1,$2) RETURNING NEWID INTO inserted_id;
    RETURN inserted_id;
  ELSE
    RETURN existing_id;
  END IF;
END;
$$ LANGUAGE 'plpgsql';


CREATE OR REPLACE FUNCTION GENNEWID_MAP_ExpertiseGraph_expertise(int,int)
	RETURNS int AS $$
DECLARE
	existing_id integer;
BEGIN
SELECT * INTO existing_id FROM GENNEWID_CONST('ExpertiseGraph_expertise', VARIADIC Array[$1,$2]) AS T;
RETURN existing_id;
END;
$$ LANGUAGE 'plpgsql';


DROP VIEW IF EXISTS MATCH_TestView_0 CASCADE

CREATE VIEW MATCH_TestView_0 AS ((SELECT DISTINCT R0._0 AS _0, R0._1 AS _1, R0._2 AS _2 FROM E_g AS R0 CROSS JOIN N_g AS R1 CROSS JOIN N_g AS R2 WHERE R0._1 = R1._0 AND R0._2 = R2._0 AND R0._3 = 'TestEdge' AND R1._1 = 'TestNode' AND R2._1 = 'TestNode'));

DROP VIEW IF EXISTS DMAP_TestView CASCADE

CREATE VIEW DMAP_TestView AS ((SELECT DISTINCT R0._0 AS _0, R0._0 AS _1 FROM N_g AS R0));

DROP VIEW IF EXISTS N_TestView CASCADE

CREATE VIEW N_TestView AS ((SELECT DISTINCT R0._0 AS _0, R0._1 AS _1 FROM N_g AS R0));

DROP VIEW IF EXISTS E_TestView CASCADE

CREATE VIEW E_TestView AS ((SELECT DISTINCT R0._0 AS _0, R1._1 AS _1, R2._1 AS _2, R0._3 AS _3 FROM E_g AS R0 CROSS JOIN DMAP_TestView AS R1 CROSS JOIN DMAP_TestView AS R2 WHERE R0._2 = R2._0 AND R0._1 = R1._0));

((SELECT DISTINCT R0._1 AS _0, R0._2 AS _1, R0._0 AS _2 FROM E_TestView AS R0 CROSS JOIN N_TestView AS R2 CROSS JOIN N_TestView AS R4 WHERE R0._1 = R2._0 AND R0._2 = R4._0 AND R0._3 = 'TestEdge' AND R2._1 = 'TestNode' AND R4._1 = 'TestNode'));

CREATE TABLE IF NOT EXISTS N_schema (_0 VARCHAR(1024))

CREATE TABLE IF NOT EXISTS E_schema (_0 VARCHAR(1024), _1 VARCHAR(1024), _2 VARCHAR(1024))

CREATE TABLE IF NOT EXISTS EGD (_0 VARCHAR(1024))

CREATE TABLE IF NOT EXISTS CATALOG_VIEW (_0 VARCHAR(1024), _1 VARCHAR(1024), _2 VARCHAR(1024), _3 VARCHAR(1024), _4 INT DEFAULT 0)

CREATE TABLE IF NOT EXISTS CATALOG_INDEX (_0 VARCHAR(1024), _1 VARCHAR(1024), _2 VARCHAR(1024))

CREATE TABLE IF NOT EXISTS CATALOG_SINDEX (_0 VARCHAR(1024), _1 VARCHAR(1024))

CREATE TABLE IF NOT EXISTS N_g (_0 INT DEFAULT 0, _1 VARCHAR(1024))

CREATE INDEX IF NOT EXISTS N_g___0 ON N_g (_0)

CREATE INDEX IF NOT EXISTS N_g___1 ON N_g (_1)

CREATE TABLE IF NOT EXISTS E_g (_0 INT DEFAULT 0, _1 INT DEFAULT 0, _2 INT DEFAULT 0, _3 VARCHAR(1024))

CREATE INDEX IF NOT EXISTS E_g___0 ON E_g (_0)

CREATE INDEX IF NOT EXISTS E_g___1 ON E_g (_1)

CREATE INDEX IF NOT EXISTS E_g___2 ON E_g (_2)

CREATE INDEX IF NOT EXISTS E_g___3 ON E_g (_3)

CREATE TABLE IF NOT EXISTS NP_g (_0 INT DEFAULT 0, _1 VARCHAR(1024), _2 VARCHAR(1024))

CREATE TABLE IF NOT EXISTS EP_g (_0 INT DEFAULT 0, _1 VARCHAR(1024), _2 VARCHAR(1024))

CREATE TABLE IF NOT EXISTS N_schema (_0 VARCHAR(1024))

CREATE TABLE IF NOT EXISTS E_schema (_0 VARCHAR(1024), _1 VARCHAR(1024), _2 VARCHAR(1024))

CREATE TABLE IF NOT EXISTS EGD (_0 VARCHAR(1024))

CREATE TABLE IF NOT EXISTS CATALOG_VIEW (_0 VARCHAR(1024), _1 VARCHAR(1024), _2 VARCHAR(1024), _3 VARCHAR(1024), _4 INT DEFAULT 0)

CREATE TABLE IF NOT EXISTS CATALOG_INDEX (_0 VARCHAR(1024), _1 VARCHAR(1024), _2 VARCHAR(1024))

CREATE TABLE IF NOT EXISTS CATALOG_SINDEX (_0 VARCHAR(1024), _1 VARCHAR(1024))

CREATE TABLE IF NOT EXISTS N_g (_0 INT DEFAULT 0, _1 VARCHAR(1024))

CREATE INDEX IF NOT EXISTS N_g___0 ON N_g (_0)

CREATE INDEX IF NOT EXISTS N_g___1 ON N_g (_1)

CREATE TABLE IF NOT EXISTS E_g (_0 INT DEFAULT 0, _1 INT DEFAULT 0, _2 INT DEFAULT 0, _3 VARCHAR(1024))

CREATE INDEX IF NOT EXISTS E_g___0 ON E_g (_0)

CREATE INDEX IF NOT EXISTS E_g___1 ON E_g (_1)

CREATE INDEX IF NOT EXISTS E_g___2 ON E_g (_2)

CREATE INDEX IF NOT EXISTS E_g___3 ON E_g (_3)

CREATE TABLE IF NOT EXISTS NP_g (_0 INT DEFAULT 0, _1 VARCHAR(1024), _2 VARCHAR(1024))

CREATE TABLE IF NOT EXISTS EP_g (_0 INT DEFAULT 0, _1 VARCHAR(1024), _2 VARCHAR(1024))

CREATE TABLE IF NOT EXISTS N_schema (_0 VARCHAR(1024))

CREATE TABLE IF NOT EXISTS E_schema (_0 VARCHAR(1024), _1 VARCHAR(1024), _2 VARCHAR(1024))

CREATE TABLE IF NOT EXISTS EGD (_0 VARCHAR(1024))

CREATE TABLE IF NOT EXISTS CATALOG_VIEW (_0 VARCHAR(1024), _1 VARCHAR(1024), _2 VARCHAR(1024), _3 VARCHAR(1024), _4 INT DEFAULT 0)

CREATE TABLE IF NOT EXISTS CATALOG_INDEX (_0 VARCHAR(1024), _1 VARCHAR(1024), _2 VARCHAR(1024))

CREATE TABLE IF NOT EXISTS CATALOG_SINDEX (_0 VARCHAR(1024), _1 VARCHAR(1024))

CREATE TABLE IF NOT EXISTS N_g (_0 INT DEFAULT 0, _1 VARCHAR(1024))

CREATE INDEX IF NOT EXISTS N_g___0 ON N_g (_0)

CREATE INDEX IF NOT EXISTS N_g___1 ON N_g (_1)

CREATE TABLE IF NOT EXISTS E_g (_0 INT DEFAULT 0, _1 INT DEFAULT 0, _2 INT DEFAULT 0, _3 VARCHAR(1024))

CREATE INDEX IF NOT EXISTS E_g___0 ON E_g (_0)

CREATE INDEX IF NOT EXISTS E_g___1 ON E_g (_1)

CREATE INDEX IF NOT EXISTS E_g___2 ON E_g (_2)

CREATE INDEX IF NOT EXISTS E_g___3 ON E_g (_3)

CREATE TABLE IF NOT EXISTS NP_g (_0 INT DEFAULT 0, _1 VARCHAR(1024), _2 VARCHAR(1024))

CREATE TABLE IF NOT EXISTS EP_g (_0 INT DEFAULT 0, _1 VARCHAR(1024), _2 VARCHAR(1024))

INSERT INTO N_schema VALUES ('TestNode');

CREATE TABLE IF NOT EXISTS N_schema (_0 VARCHAR(1024))

CREATE TABLE IF NOT EXISTS E_schema (_0 VARCHAR(1024), _1 VARCHAR(1024), _2 VARCHAR(1024))

CREATE TABLE IF NOT EXISTS EGD (_0 VARCHAR(1024))

CREATE TABLE IF NOT EXISTS CATALOG_VIEW (_0 VARCHAR(1024), _1 VARCHAR(1024), _2 VARCHAR(1024), _3 VARCHAR(1024), _4 INT DEFAULT 0)

CREATE TABLE IF NOT EXISTS CATALOG_INDEX (_0 VARCHAR(1024), _1 VARCHAR(1024), _2 VARCHAR(1024))

CREATE TABLE IF NOT EXISTS CATALOG_SINDEX (_0 VARCHAR(1024), _1 VARCHAR(1024))

CREATE TABLE IF NOT EXISTS N_g (_0 INT DEFAULT 0, _1 VARCHAR(1024))

CREATE INDEX IF NOT EXISTS N_g___0 ON N_g (_0)

CREATE INDEX IF NOT EXISTS N_g___1 ON N_g (_1)

CREATE TABLE IF NOT EXISTS E_g (_0 INT DEFAULT 0, _1 INT DEFAULT 0, _2 INT DEFAULT 0, _3 VARCHAR(1024))

CREATE INDEX IF NOT EXISTS E_g___0 ON E_g (_0)

CREATE INDEX IF NOT EXISTS E_g___1 ON E_g (_1)

CREATE INDEX IF NOT EXISTS E_g___2 ON E_g (_2)

CREATE INDEX IF NOT EXISTS E_g___3 ON E_g (_3)

CREATE TABLE IF NOT EXISTS NP_g (_0 INT DEFAULT 0, _1 VARCHAR(1024), _2 VARCHAR(1024))

CREATE TABLE IF NOT EXISTS EP_g (_0 INT DEFAULT 0, _1 VARCHAR(1024), _2 VARCHAR(1024))

CREATE TABLE IF NOT EXISTS N_schema (_0 VARCHAR(1024))

CREATE TABLE IF NOT EXISTS E_schema (_0 VARCHAR(1024), _1 VARCHAR(1024), _2 VARCHAR(1024))

CREATE TABLE IF NOT EXISTS EGD (_0 VARCHAR(1024))

CREATE TABLE IF NOT EXISTS CATALOG_VIEW (_0 VARCHAR(1024), _1 VARCHAR(1024), _2 VARCHAR(1024), _3 VARCHAR(1024), _4 INT DEFAULT 0)

CREATE TABLE IF NOT EXISTS CATALOG_INDEX (_0 VARCHAR(1024), _1 VARCHAR(1024), _2 VARCHAR(1024))

CREATE TABLE IF NOT EXISTS CATALOG_SINDEX (_0 VARCHAR(1024), _1 VARCHAR(1024))

CREATE TABLE IF NOT EXISTS N_g (_0 INT DEFAULT 0, _1 VARCHAR(1024))

CREATE INDEX IF NOT EXISTS N_g___0 ON N_g (_0)

CREATE INDEX IF NOT EXISTS N_g___1 ON N_g (_1)

CREATE TABLE IF NOT EXISTS E_g (_0 INT DEFAULT 0, _1 INT DEFAULT 0, _2 INT DEFAULT 0, _3 VARCHAR(1024))

CREATE INDEX IF NOT EXISTS E_g___0 ON E_g (_0)

CREATE INDEX IF NOT EXISTS E_g___1 ON E_g (_1)

CREATE INDEX IF NOT EXISTS E_g___2 ON E_g (_2)

CREATE INDEX IF NOT EXISTS E_g___3 ON E_g (_3)

CREATE TABLE IF NOT EXISTS NP_g (_0 INT DEFAULT 0, _1 VARCHAR(1024), _2 VARCHAR(1024))

CREATE TABLE IF NOT EXISTS EP_g (_0 INT DEFAULT 0, _1 VARCHAR(1024), _2 VARCHAR(1024))

INSERT INTO N_schema VALUES ('Person');

INSERT INTO E_schema VALUES ('Person', 'Person', 'Knows');

((SELECT DISTINCT R0._1 AS _0, R0._2 AS _1, R0._0 AS _2 FROM E_g AS R0 CROSS JOIN N_g AS R2 CROSS JOIN N_g AS R4 WHERE R0._1 = R2._0 AND R0._2 = R4._0 AND R0._3 = 'Knows' AND R2._1 = 'Person' AND R4._1 = 'Person'));

INSERT INTO N_g_g VALUES (1, 'Person');

INSERT INTO N_g_g VALUES (2, 'Person');

INSERT INTO E_g_g VALUES (100, '1', '2', 'Knows');

INSERT INTO N_g VALUES (1, 'Person');

INSERT INTO N_g VALUES (2, 'Person');

INSERT INTO E_g VALUES (100, 1, 2, 'Knows');

((SELECT DISTINCT R0._1 AS _0, R0._2 AS _1, R0._0 AS _2 FROM E_g AS R0 CROSS JOIN N_g AS R2 CROSS JOIN N_g AS R4 WHERE R0._1 = R2._0 AND R0._2 = R4._0 AND R0._3 = 'Knows' AND R2._1 = 'Person' AND R4._1 = 'Person'));

DROP TABLE IF EXISTS GENNEWID_MAP CASCADE;


CREATE TABLE GENNEWID_MAP (
  NEWID SERIAL PRIMARY KEY NOT NULL,
  VIEWRULEID varchar(64) NOT NULL,
  INPUTS integer[]
);
CREATE INDEX IF NOT EXISTS newid_vrm_idx ON GENNEWID_MAP (VIEWRULEID, INPUTS);
ALTER SEQUENCE GENNEWID_MAP_NEWID_seq RESTART WITH 100000000 INCREMENT BY 1;
CREATE OR REPLACE FUNCTION GENNEWID_CONST(varchar(64), VARIADIC arr int[])
   RETURNS int AS $$
DECLARE
  inserted_id integer;
  existing_id integer;
BEGIN
  SELECT NEWID INTO existing_id FROM GENNEWID_MAP
  WHERE VIEWRULEID = $1 AND INPUTS = $2;
  IF not found THEN
    INSERT INTO GENNEWID_MAP (VIEWRULEID, INPUTS) VALUES ($1,$2) RETURNING NEWID INTO inserted_id;
    RETURN inserted_id;
  ELSE
    RETURN existing_id;
  END IF;
END;
$$ LANGUAGE 'plpgsql';


DROP VIEW IF EXISTS MATCH_PersonView_0 CASCADE

CREATE VIEW MATCH_PersonView_0 AS ((SELECT DISTINCT R0._0 AS _0, R0._1 AS _1, R0._2 AS _2 FROM E_g AS R0 CROSS JOIN N_g AS R1 CROSS JOIN N_g AS R2 WHERE R0._1 = R1._0 AND R0._2 = R2._0 AND R0._3 = 'Knows' AND R1._1 = 'Person' AND R2._1 = 'Person'));

DROP VIEW IF EXISTS DMAP_PersonView CASCADE

CREATE VIEW DMAP_PersonView AS ((SELECT DISTINCT R0._0 AS _0, R0._0 AS _1 FROM N_g AS R0));

DROP VIEW IF EXISTS N_PersonView CASCADE

CREATE VIEW N_PersonView AS ((SELECT DISTINCT R0._0 AS _0, R0._1 AS _1 FROM N_g AS R0));

DROP VIEW IF EXISTS E_PersonView CASCADE

CREATE VIEW E_PersonView AS ((SELECT DISTINCT R0._0 AS _0, R1._1 AS _1, R2._1 AS _2, R0._3 AS _3 FROM E_g AS R0 CROSS JOIN DMAP_PersonView AS R1 CROSS JOIN DMAP_PersonView AS R2 WHERE R0._2 = R2._0 AND R0._1 = R1._0));

CREATE TABLE IF NOT EXISTS N_schema (_0 VARCHAR(1024))

CREATE TABLE IF NOT EXISTS E_schema (_0 VARCHAR(1024), _1 VARCHAR(1024), _2 VARCHAR(1024))

CREATE TABLE IF NOT EXISTS EGD (_0 VARCHAR(1024))

CREATE TABLE IF NOT EXISTS CATALOG_VIEW (_0 VARCHAR(1024), _1 VARCHAR(1024), _2 VARCHAR(1024), _3 VARCHAR(1024), _4 INT DEFAULT 0)

CREATE TABLE IF NOT EXISTS CATALOG_INDEX (_0 VARCHAR(1024), _1 VARCHAR(1024), _2 VARCHAR(1024))

CREATE TABLE IF NOT EXISTS CATALOG_SINDEX (_0 VARCHAR(1024), _1 VARCHAR(1024))

CREATE TABLE IF NOT EXISTS N_g (_0 INT DEFAULT 0, _1 VARCHAR(1024))

CREATE INDEX IF NOT EXISTS N_g___0 ON N_g (_0)

CREATE INDEX IF NOT EXISTS N_g___1 ON N_g (_1)

CREATE TABLE IF NOT EXISTS E_g (_0 INT DEFAULT 0, _1 INT DEFAULT 0, _2 INT DEFAULT 0, _3 VARCHAR(1024))

CREATE INDEX IF NOT EXISTS E_g___0 ON E_g (_0)

CREATE INDEX IF NOT EXISTS E_g___1 ON E_g (_1)

CREATE INDEX IF NOT EXISTS E_g___2 ON E_g (_2)

CREATE INDEX IF NOT EXISTS E_g___3 ON E_g (_3)

CREATE TABLE IF NOT EXISTS NP_g (_0 INT DEFAULT 0, _1 VARCHAR(1024), _2 VARCHAR(1024))

CREATE TABLE IF NOT EXISTS EP_g (_0 INT DEFAULT 0, _1 VARCHAR(1024), _2 VARCHAR(1024))

CREATE TABLE IF NOT EXISTS N_schema (_0 VARCHAR(1024))

CREATE TABLE IF NOT EXISTS E_schema (_0 VARCHAR(1024), _1 VARCHAR(1024), _2 VARCHAR(1024))

CREATE TABLE IF NOT EXISTS EGD (_0 VARCHAR(1024))

CREATE TABLE IF NOT EXISTS CATALOG_VIEW (_0 VARCHAR(1024), _1 VARCHAR(1024), _2 VARCHAR(1024), _3 VARCHAR(1024), _4 INT DEFAULT 0)

CREATE TABLE IF NOT EXISTS CATALOG_INDEX (_0 VARCHAR(1024), _1 VARCHAR(1024), _2 VARCHAR(1024))

CREATE TABLE IF NOT EXISTS CATALOG_SINDEX (_0 VARCHAR(1024), _1 VARCHAR(1024))

CREATE TABLE IF NOT EXISTS N_g (_0 INT DEFAULT 0, _1 VARCHAR(1024))

CREATE INDEX IF NOT EXISTS N_g___0 ON N_g (_0)

CREATE INDEX IF NOT EXISTS N_g___1 ON N_g (_1)

CREATE TABLE IF NOT EXISTS E_g (_0 INT DEFAULT 0, _1 INT DEFAULT 0, _2 INT DEFAULT 0, _3 VARCHAR(1024))

CREATE INDEX IF NOT EXISTS E_g___0 ON E_g (_0)

CREATE INDEX IF NOT EXISTS E_g___1 ON E_g (_1)

CREATE INDEX IF NOT EXISTS E_g___2 ON E_g (_2)

CREATE INDEX IF NOT EXISTS E_g___3 ON E_g (_3)

CREATE TABLE IF NOT EXISTS NP_g (_0 INT DEFAULT 0, _1 VARCHAR(1024), _2 VARCHAR(1024))

CREATE TABLE IF NOT EXISTS EP_g (_0 INT DEFAULT 0, _1 VARCHAR(1024), _2 VARCHAR(1024))

CREATE TABLE IF NOT EXISTS N_schema (_0 VARCHAR(1024))

CREATE TABLE IF NOT EXISTS E_schema (_0 VARCHAR(1024), _1 VARCHAR(1024), _2 VARCHAR(1024))

CREATE TABLE IF NOT EXISTS EGD (_0 VARCHAR(1024))

CREATE TABLE IF NOT EXISTS CATALOG_VIEW (_0 VARCHAR(1024), _1 VARCHAR(1024), _2 VARCHAR(1024), _3 VARCHAR(1024), _4 INT DEFAULT 0)

CREATE TABLE IF NOT EXISTS CATALOG_INDEX (_0 VARCHAR(1024), _1 VARCHAR(1024), _2 VARCHAR(1024))

CREATE TABLE IF NOT EXISTS CATALOG_SINDEX (_0 VARCHAR(1024), _1 VARCHAR(1024))

CREATE TABLE IF NOT EXISTS N_g (_0 INT DEFAULT 0, _1 VARCHAR(1024))

CREATE INDEX IF NOT EXISTS N_g___0 ON N_g (_0)

CREATE INDEX IF NOT EXISTS N_g___1 ON N_g (_1)

CREATE TABLE IF NOT EXISTS E_g (_0 INT DEFAULT 0, _1 INT DEFAULT 0, _2 INT DEFAULT 0, _3 VARCHAR(1024))

CREATE INDEX IF NOT EXISTS E_g___0 ON E_g (_0)

CREATE INDEX IF NOT EXISTS E_g___1 ON E_g (_1)

CREATE INDEX IF NOT EXISTS E_g___2 ON E_g (_2)

CREATE INDEX IF NOT EXISTS E_g___3 ON E_g (_3)

CREATE TABLE IF NOT EXISTS NP_g (_0 INT DEFAULT 0, _1 VARCHAR(1024), _2 VARCHAR(1024))

CREATE TABLE IF NOT EXISTS EP_g (_0 INT DEFAULT 0, _1 VARCHAR(1024), _2 VARCHAR(1024))

INSERT INTO N_schema VALUES ('Person');

INSERT INTO E_schema VALUES ('Person', 'Person', 'Knows');

INSERT INTO N_g VALUES (10, 'Person');

INSERT INTO N_g VALUES (20, 'Person');

INSERT INTO E_g VALUES (200, 10, 20, 'Knows');

((SELECT DISTINCT R0._1 AS _0, R0._2 AS _1, R0._0 AS _2 FROM E_g AS R0 CROSS JOIN N_g AS R2 CROSS JOIN N_g AS R4 WHERE R0._1 = R2._0 AND R0._2 = R4._0 AND R0._3 = 'Knows' AND R2._1 = 'Person' AND R4._1 = 'Person'));

((SELECT DISTINCT R0._1 AS _0, R0._2 AS _1, R0._0 AS _2 FROM E_g AS R0 CROSS JOIN N_g AS R2 CROSS JOIN N_g AS R4 WHERE R0._1 = R2._0 AND R0._2 = R4._0 AND R0._3 = 'Knows' AND R2._1 = 'Person' AND R4._1 = 'Person'));

((SELECT DISTINCT R0._1 AS _0, R0._2 AS _1, R0._0 AS _2 FROM E_g AS R0 CROSS JOIN N_g AS R2 CROSS JOIN N_g AS R4 WHERE R0._1 = R2._0 AND R0._2 = R4._0 AND R0._3 = 'Knows' AND R2._1 = 'Person' AND R4._1 = 'Person'));

((SELECT DISTINCT R0._1 AS _0, R0._2 AS _1, R0._0 AS _2 FROM E_g AS R0 CROSS JOIN N_g AS R2 CROSS JOIN N_g AS R4 WHERE R0._1 = R2._0 AND R0._2 = R4._0 AND R0._3 = 'Knows' AND R2._1 = 'Person' AND R4._1 = 'Person'));

CREATE TABLE IF NOT EXISTS N_schema (_0 VARCHAR(1024))

CREATE TABLE IF NOT EXISTS E_schema (_0 VARCHAR(1024), _1 VARCHAR(1024), _2 VARCHAR(1024))

CREATE TABLE IF NOT EXISTS EGD (_0 VARCHAR(1024))

CREATE TABLE IF NOT EXISTS CATALOG_VIEW (_0 VARCHAR(1024), _1 VARCHAR(1024), _2 VARCHAR(1024), _3 VARCHAR(1024), _4 INT DEFAULT 0)

CREATE TABLE IF NOT EXISTS CATALOG_INDEX (_0 VARCHAR(1024), _1 VARCHAR(1024), _2 VARCHAR(1024))

CREATE TABLE IF NOT EXISTS CATALOG_SINDEX (_0 VARCHAR(1024), _1 VARCHAR(1024))

CREATE TABLE IF NOT EXISTS N_g (_0 INT DEFAULT 0, _1 VARCHAR(1024))

CREATE INDEX IF NOT EXISTS N_g___0 ON N_g (_0)

CREATE INDEX IF NOT EXISTS N_g___1 ON N_g (_1)

CREATE TABLE IF NOT EXISTS E_g (_0 INT DEFAULT 0, _1 INT DEFAULT 0, _2 INT DEFAULT 0, _3 VARCHAR(1024))

CREATE INDEX IF NOT EXISTS E_g___0 ON E_g (_0)

CREATE INDEX IF NOT EXISTS E_g___1 ON E_g (_1)

CREATE INDEX IF NOT EXISTS E_g___2 ON E_g (_2)

CREATE INDEX IF NOT EXISTS E_g___3 ON E_g (_3)

CREATE TABLE IF NOT EXISTS NP_g (_0 INT DEFAULT 0, _1 VARCHAR(1024), _2 VARCHAR(1024))

CREATE TABLE IF NOT EXISTS EP_g (_0 INT DEFAULT 0, _1 VARCHAR(1024), _2 VARCHAR(1024))

CREATE TABLE IF NOT EXISTS N_schema (_0 VARCHAR(1024))

CREATE TABLE IF NOT EXISTS E_schema (_0 VARCHAR(1024), _1 VARCHAR(1024), _2 VARCHAR(1024))

CREATE TABLE IF NOT EXISTS EGD (_0 VARCHAR(1024))

CREATE TABLE IF NOT EXISTS CATALOG_VIEW (_0 VARCHAR(1024), _1 VARCHAR(1024), _2 VARCHAR(1024), _3 VARCHAR(1024), _4 INT DEFAULT 0)

CREATE TABLE IF NOT EXISTS CATALOG_INDEX (_0 VARCHAR(1024), _1 VARCHAR(1024), _2 VARCHAR(1024))

CREATE TABLE IF NOT EXISTS CATALOG_SINDEX (_0 VARCHAR(1024), _1 VARCHAR(1024))

CREATE TABLE IF NOT EXISTS N_g (_0 INT DEFAULT 0, _1 VARCHAR(1024))

CREATE INDEX IF NOT EXISTS N_g___0 ON N_g (_0)

CREATE INDEX IF NOT EXISTS N_g___1 ON N_g (_1)

CREATE TABLE IF NOT EXISTS E_g (_0 INT DEFAULT 0, _1 INT DEFAULT 0, _2 INT DEFAULT 0, _3 VARCHAR(1024))

CREATE INDEX IF NOT EXISTS E_g___0 ON E_g (_0)

CREATE INDEX IF NOT EXISTS E_g___1 ON E_g (_1)

CREATE INDEX IF NOT EXISTS E_g___2 ON E_g (_2)

CREATE INDEX IF NOT EXISTS E_g___3 ON E_g (_3)

CREATE TABLE IF NOT EXISTS NP_g (_0 INT DEFAULT 0, _1 VARCHAR(1024), _2 VARCHAR(1024))

CREATE TABLE IF NOT EXISTS EP_g (_0 INT DEFAULT 0, _1 VARCHAR(1024), _2 VARCHAR(1024))

INSERT INTO N_schema VALUES ('Product');

INSERT INTO N_schema VALUES ('Category');

INSERT INTO E_schema VALUES ('Product', 'Category', 'belongsTo');

INSERT INTO N_g VALUES (101, 'Product');

INSERT INTO N_g VALUES (102, 'Product');

INSERT INTO N_g VALUES (201, 'Category');

INSERT INTO E_g VALUES (1001, 101, 201, 'belongsTo');

INSERT INTO E_g VALUES (1002, 102, 201, 'belongsTo');

((SELECT DISTINCT R0._1 AS _0, R0._0 AS _1, R0._2 AS _2 FROM E_g AS R0 CROSS JOIN N_g AS R2 CROSS JOIN N_g AS R4 WHERE R0._1 = R2._0 AND R0._2 = R4._0 AND R0._3 = 'belongsTo' AND R2._1 = 'Product' AND R4._1 = 'Category'));

DROP TABLE IF EXISTS GENNEWID_MAP CASCADE;


CREATE TABLE GENNEWID_MAP (
  NEWID SERIAL PRIMARY KEY NOT NULL,
  VIEWRULEID varchar(64) NOT NULL,
  INPUTS integer[]
);
CREATE INDEX IF NOT EXISTS newid_vrm_idx ON GENNEWID_MAP (VIEWRULEID, INPUTS);
ALTER SEQUENCE GENNEWID_MAP_NEWID_seq RESTART WITH 100000000 INCREMENT BY 1;
CREATE OR REPLACE FUNCTION GENNEWID_CONST(varchar(64), VARIADIC arr int[])
   RETURNS int AS $$
DECLARE
  inserted_id integer;
  existing_id integer;
BEGIN
  SELECT NEWID INTO existing_id FROM GENNEWID_MAP
  WHERE VIEWRULEID = $1 AND INPUTS = $2;
  IF not found THEN
    INSERT INTO GENNEWID_MAP (VIEWRULEID, INPUTS) VALUES ($1,$2) RETURNING NEWID INTO inserted_id;
    RETURN inserted_id;
  ELSE
    RETURN existing_id;
  END IF;
END;
$$ LANGUAGE 'plpgsql';


DROP VIEW IF EXISTS MATCH_ProductCategoryView_0 CASCADE

CREATE VIEW MATCH_ProductCategoryView_0 AS ((SELECT DISTINCT R0._0 AS _0, R0._1 AS _1, R0._2 AS _2 FROM E_g AS R0 CROSS JOIN N_g AS R1 CROSS JOIN N_g AS R2 WHERE R0._1 = R1._0 AND R0._2 = R2._0 AND R0._3 = 'belongsTo' AND R1._1 = 'Product' AND R2._1 = 'Category'));

DROP VIEW IF EXISTS DMAP_ProductCategoryView CASCADE

CREATE VIEW DMAP_ProductCategoryView AS ((SELECT DISTINCT R0._0 AS _0, R0._0 AS _1 FROM N_g AS R0));

DROP VIEW IF EXISTS N_ProductCategoryView CASCADE

CREATE VIEW N_ProductCategoryView AS ((SELECT DISTINCT R0._0 AS _0, R0._1 AS _1 FROM N_g AS R0));

DROP VIEW IF EXISTS E_ProductCategoryView CASCADE

CREATE VIEW E_ProductCategoryView AS ((SELECT DISTINCT R0._0 AS _0, R1._1 AS _1, R2._1 AS _2, R0._3 AS _3 FROM E_g AS R0 CROSS JOIN DMAP_ProductCategoryView AS R1 CROSS JOIN DMAP_ProductCategoryView AS R2 WHERE R0._2 = R2._0 AND R0._1 = R1._0));

((SELECT DISTINCT R0._1 AS _0, R0._0 AS _1, R0._2 AS _2 FROM E_g AS R0 CROSS JOIN N_g AS R2 CROSS JOIN N_g AS R4 WHERE R0._1 = R2._0 AND R0._2 = R4._0 AND R0._3 = 'belongsTo' AND R2._1 = 'Product' AND R4._1 = 'Category'));

((SELECT DISTINCT R0._0 AS _0 FROM N_g AS R0 WHERE R0._1 = 'Product'));

CREATE TABLE IF NOT EXISTS N_schema (_0 VARCHAR(1024))

CREATE TABLE IF NOT EXISTS E_schema (_0 VARCHAR(1024), _1 VARCHAR(1024), _2 VARCHAR(1024))

CREATE TABLE IF NOT EXISTS EGD (_0 VARCHAR(1024))

CREATE TABLE IF NOT EXISTS CATALOG_VIEW (_0 VARCHAR(1024), _1 VARCHAR(1024), _2 VARCHAR(1024), _3 VARCHAR(1024), _4 INT DEFAULT 0)

CREATE TABLE IF NOT EXISTS CATALOG_INDEX (_0 VARCHAR(1024), _1 VARCHAR(1024), _2 VARCHAR(1024))

CREATE TABLE IF NOT EXISTS CATALOG_SINDEX (_0 VARCHAR(1024), _1 VARCHAR(1024))

CREATE TABLE IF NOT EXISTS N_g (_0 INT DEFAULT 0, _1 VARCHAR(1024))

CREATE INDEX IF NOT EXISTS N_g___0 ON N_g (_0)

CREATE INDEX IF NOT EXISTS N_g___1 ON N_g (_1)

CREATE TABLE IF NOT EXISTS E_g (_0 INT DEFAULT 0, _1 INT DEFAULT 0, _2 INT DEFAULT 0, _3 VARCHAR(1024))

CREATE INDEX IF NOT EXISTS E_g___0 ON E_g (_0)

CREATE INDEX IF NOT EXISTS E_g___1 ON E_g (_1)

CREATE INDEX IF NOT EXISTS E_g___2 ON E_g (_2)

CREATE INDEX IF NOT EXISTS E_g___3 ON E_g (_3)

CREATE TABLE IF NOT EXISTS NP_g (_0 INT DEFAULT 0, _1 VARCHAR(1024), _2 VARCHAR(1024))

CREATE TABLE IF NOT EXISTS EP_g (_0 INT DEFAULT 0, _1 VARCHAR(1024), _2 VARCHAR(1024))

CREATE TABLE IF NOT EXISTS N_schema (_0 VARCHAR(1024))

CREATE TABLE IF NOT EXISTS E_schema (_0 VARCHAR(1024), _1 VARCHAR(1024), _2 VARCHAR(1024))

CREATE TABLE IF NOT EXISTS EGD (_0 VARCHAR(1024))

CREATE TABLE IF NOT EXISTS CATALOG_VIEW (_0 VARCHAR(1024), _1 VARCHAR(1024), _2 VARCHAR(1024), _3 VARCHAR(1024), _4 INT DEFAULT 0)

CREATE TABLE IF NOT EXISTS CATALOG_INDEX (_0 VARCHAR(1024), _1 VARCHAR(1024), _2 VARCHAR(1024))

CREATE TABLE IF NOT EXISTS CATALOG_SINDEX (_0 VARCHAR(1024), _1 VARCHAR(1024))

CREATE TABLE IF NOT EXISTS N_g (_0 INT DEFAULT 0, _1 VARCHAR(1024))

CREATE INDEX IF NOT EXISTS N_g___0 ON N_g (_0)

CREATE INDEX IF NOT EXISTS N_g___1 ON N_g (_1)

CREATE TABLE IF NOT EXISTS E_g (_0 INT DEFAULT 0, _1 INT DEFAULT 0, _2 INT DEFAULT 0, _3 VARCHAR(1024))

CREATE INDEX IF NOT EXISTS E_g___0 ON E_g (_0)

CREATE INDEX IF NOT EXISTS E_g___1 ON E_g (_1)

CREATE INDEX IF NOT EXISTS E_g___2 ON E_g (_2)

CREATE INDEX IF NOT EXISTS E_g___3 ON E_g (_3)

CREATE TABLE IF NOT EXISTS NP_g (_0 INT DEFAULT 0, _1 VARCHAR(1024), _2 VARCHAR(1024))

CREATE TABLE IF NOT EXISTS EP_g (_0 INT DEFAULT 0, _1 VARCHAR(1024), _2 VARCHAR(1024))

CREATE TABLE IF NOT EXISTS N_schema (_0 VARCHAR(1024))

CREATE TABLE IF NOT EXISTS E_schema (_0 VARCHAR(1024), _1 VARCHAR(1024), _2 VARCHAR(1024))

CREATE TABLE IF NOT EXISTS EGD (_0 VARCHAR(1024))

CREATE TABLE IF NOT EXISTS CATALOG_VIEW (_0 VARCHAR(1024), _1 VARCHAR(1024), _2 VARCHAR(1024), _3 VARCHAR(1024), _4 INT DEFAULT 0)

CREATE TABLE IF NOT EXISTS CATALOG_INDEX (_0 VARCHAR(1024), _1 VARCHAR(1024), _2 VARCHAR(1024))

CREATE TABLE IF NOT EXISTS CATALOG_SINDEX (_0 VARCHAR(1024), _1 VARCHAR(1024))

CREATE TABLE IF NOT EXISTS N_g (_0 INT DEFAULT 0, _1 VARCHAR(1024))

CREATE INDEX IF NOT EXISTS N_g___0 ON N_g (_0)

CREATE INDEX IF NOT EXISTS N_g___1 ON N_g (_1)

CREATE TABLE IF NOT EXISTS E_g (_0 INT DEFAULT 0, _1 INT DEFAULT 0, _2 INT DEFAULT 0, _3 VARCHAR(1024))

CREATE INDEX IF NOT EXISTS E_g___0 ON E_g (_0)

CREATE INDEX IF NOT EXISTS E_g___1 ON E_g (_1)

CREATE INDEX IF NOT EXISTS E_g___2 ON E_g (_2)

CREATE INDEX IF NOT EXISTS E_g___3 ON E_g (_3)

CREATE TABLE IF NOT EXISTS NP_g (_0 INT DEFAULT 0, _1 VARCHAR(1024), _2 VARCHAR(1024))

CREATE TABLE IF NOT EXISTS EP_g (_0 INT DEFAULT 0, _1 VARCHAR(1024), _2 VARCHAR(1024))

INSERT INTO N_schema VALUES ('User');

INSERT INTO E_schema VALUES ('User', 'User', 'follows');

INSERT INTO N_g VALUES (1, 'User');

INSERT INTO N_g VALUES (2, 'User');

INSERT INTO N_g VALUES (3, 'User');

INSERT INTO E_g VALUES (10, 1, 2, 'follows');

INSERT INTO E_g VALUES (11, 2, 3, 'follows');

((SELECT DISTINCT R0._1 AS _0, R0._0 AS _1, R0._2 AS _2 FROM E_g AS R0 CROSS JOIN N_g AS R2 CROSS JOIN N_g AS R4 WHERE R0._1 = R2._0 AND R0._2 = R4._0 AND R0._3 = 'follows' AND R2._1 = 'User' AND R4._1 = 'User'));

CREATE TABLE IF NOT EXISTS N_schema (_0 VARCHAR(1024))

CREATE TABLE IF NOT EXISTS E_schema (_0 VARCHAR(1024), _1 VARCHAR(1024), _2 VARCHAR(1024))

CREATE TABLE IF NOT EXISTS EGD (_0 VARCHAR(1024))

CREATE TABLE IF NOT EXISTS CATALOG_VIEW (_0 VARCHAR(1024), _1 VARCHAR(1024), _2 VARCHAR(1024), _3 VARCHAR(1024), _4 INT DEFAULT 0)

CREATE TABLE IF NOT EXISTS CATALOG_INDEX (_0 VARCHAR(1024), _1 VARCHAR(1024), _2 VARCHAR(1024))

CREATE TABLE IF NOT EXISTS CATALOG_SINDEX (_0 VARCHAR(1024), _1 VARCHAR(1024))

CREATE TABLE IF NOT EXISTS N_g (_0 INT DEFAULT 0, _1 VARCHAR(1024))

CREATE INDEX IF NOT EXISTS N_g___0 ON N_g (_0)

CREATE INDEX IF NOT EXISTS N_g___1 ON N_g (_1)

CREATE TABLE IF NOT EXISTS E_g (_0 INT DEFAULT 0, _1 INT DEFAULT 0, _2 INT DEFAULT 0, _3 VARCHAR(1024))

CREATE INDEX IF NOT EXISTS E_g___0 ON E_g (_0)

CREATE INDEX IF NOT EXISTS E_g___1 ON E_g (_1)

CREATE INDEX IF NOT EXISTS E_g___2 ON E_g (_2)

CREATE INDEX IF NOT EXISTS E_g___3 ON E_g (_3)

CREATE TABLE IF NOT EXISTS NP_g (_0 INT DEFAULT 0, _1 VARCHAR(1024), _2 VARCHAR(1024))

CREATE TABLE IF NOT EXISTS EP_g (_0 INT DEFAULT 0, _1 VARCHAR(1024), _2 VARCHAR(1024))

CREATE TABLE IF NOT EXISTS N_schema (_0 VARCHAR(1024))

CREATE TABLE IF NOT EXISTS E_schema (_0 VARCHAR(1024), _1 VARCHAR(1024), _2 VARCHAR(1024))

CREATE TABLE IF NOT EXISTS EGD (_0 VARCHAR(1024))

CREATE TABLE IF NOT EXISTS CATALOG_VIEW (_0 VARCHAR(1024), _1 VARCHAR(1024), _2 VARCHAR(1024), _3 VARCHAR(1024), _4 INT DEFAULT 0)

CREATE TABLE IF NOT EXISTS CATALOG_INDEX (_0 VARCHAR(1024), _1 VARCHAR(1024), _2 VARCHAR(1024))

CREATE TABLE IF NOT EXISTS CATALOG_SINDEX (_0 VARCHAR(1024), _1 VARCHAR(1024))

CREATE TABLE IF NOT EXISTS N_g (_0 INT DEFAULT 0, _1 VARCHAR(1024))

CREATE INDEX IF NOT EXISTS N_g___0 ON N_g (_0)

CREATE INDEX IF NOT EXISTS N_g___1 ON N_g (_1)

CREATE TABLE IF NOT EXISTS E_g (_0 INT DEFAULT 0, _1 INT DEFAULT 0, _2 INT DEFAULT 0, _3 VARCHAR(1024))

CREATE INDEX IF NOT EXISTS E_g___0 ON E_g (_0)

CREATE INDEX IF NOT EXISTS E_g___1 ON E_g (_1)

CREATE INDEX IF NOT EXISTS E_g___2 ON E_g (_2)

CREATE INDEX IF NOT EXISTS E_g___3 ON E_g (_3)

CREATE TABLE IF NOT EXISTS NP_g (_0 INT DEFAULT 0, _1 VARCHAR(1024), _2 VARCHAR(1024))

CREATE TABLE IF NOT EXISTS EP_g (_0 INT DEFAULT 0, _1 VARCHAR(1024), _2 VARCHAR(1024))

CREATE TABLE IF NOT EXISTS N_schema (_0 VARCHAR(1024))

CREATE TABLE IF NOT EXISTS E_schema (_0 VARCHAR(1024), _1 VARCHAR(1024), _2 VARCHAR(1024))

CREATE TABLE IF NOT EXISTS EGD (_0 VARCHAR(1024))

CREATE TABLE IF NOT EXISTS CATALOG_VIEW (_0 VARCHAR(1024), _1 VARCHAR(1024), _2 VARCHAR(1024), _3 VARCHAR(1024), _4 INT DEFAULT 0)

CREATE TABLE IF NOT EXISTS CATALOG_INDEX (_0 VARCHAR(1024), _1 VARCHAR(1024), _2 VARCHAR(1024))

CREATE TABLE IF NOT EXISTS CATALOG_SINDEX (_0 VARCHAR(1024), _1 VARCHAR(1024))

CREATE TABLE IF NOT EXISTS N_g (_0 INT DEFAULT 0, _1 VARCHAR(1024))

CREATE INDEX IF NOT EXISTS N_g___0 ON N_g (_0)

CREATE INDEX IF NOT EXISTS N_g___1 ON N_g (_1)

CREATE TABLE IF NOT EXISTS E_g (_0 INT DEFAULT 0, _1 INT DEFAULT 0, _2 INT DEFAULT 0, _3 VARCHAR(1024))

CREATE INDEX IF NOT EXISTS E_g___0 ON E_g (_0)

CREATE INDEX IF NOT EXISTS E_g___1 ON E_g (_1)

CREATE INDEX IF NOT EXISTS E_g___2 ON E_g (_2)

CREATE INDEX IF NOT EXISTS E_g___3 ON E_g (_3)

CREATE TABLE IF NOT EXISTS NP_g (_0 INT DEFAULT 0, _1 VARCHAR(1024), _2 VARCHAR(1024))

CREATE TABLE IF NOT EXISTS EP_g (_0 INT DEFAULT 0, _1 VARCHAR(1024), _2 VARCHAR(1024))

INSERT INTO N_schema VALUES ('Book');

INSERT INTO N_g VALUES (100, 'Book');

INSERT INTO N_g VALUES (101, 'Book');

((SELECT DISTINCT R0._0 AS _0 FROM N_g AS R0 WHERE R0._1 = 'Book'));

((SELECT DISTINCT R0._1 AS _0, R0._0 AS _1, R0._2 AS _2 FROM E_g AS R0 CROSS JOIN N_g AS R2 CROSS JOIN N_g AS R4 WHERE R0._1 = R2._0 AND R0._2 = R4._0 AND R0._3 = 'follows' AND R2._1 = 'User' AND R4._1 = 'User'));

DROP TABLE IF EXISTS GENNEWID_MAP CASCADE;


CREATE TABLE GENNEWID_MAP (
  NEWID SERIAL PRIMARY KEY NOT NULL,
  VIEWRULEID varchar(64) NOT NULL,
  INPUTS integer[]
);
CREATE INDEX IF NOT EXISTS newid_vrm_idx ON GENNEWID_MAP (VIEWRULEID, INPUTS);
ALTER SEQUENCE GENNEWID_MAP_NEWID_seq RESTART WITH 100000000 INCREMENT BY 1;
CREATE OR REPLACE FUNCTION GENNEWID_CONST(varchar(64), VARIADIC arr int[])
   RETURNS int AS $$
DECLARE
  inserted_id integer;
  existing_id integer;
BEGIN
  SELECT NEWID INTO existing_id FROM GENNEWID_MAP
  WHERE VIEWRULEID = $1 AND INPUTS = $2;
  IF not found THEN
    INSERT INTO GENNEWID_MAP (VIEWRULEID, INPUTS) VALUES ($1,$2) RETURNING NEWID INTO inserted_id;
    RETURN inserted_id;
  ELSE
    RETURN existing_id;
  END IF;
END;
$$ LANGUAGE 'plpgsql';


DROP VIEW IF EXISTS MATCH_FollowersView_0 CASCADE

CREATE VIEW MATCH_FollowersView_0 AS ((SELECT DISTINCT R0._0 AS _0, R0._1 AS _1, R0._2 AS _2 FROM E_g AS R0 CROSS JOIN N_g AS R1 CROSS JOIN N_g AS R2 WHERE R0._1 = R1._0 AND R0._2 = R2._0 AND R0._3 = 'follows' AND R1._1 = 'User' AND R2._1 = 'User'));

DROP VIEW IF EXISTS DMAP_FollowersView CASCADE

CREATE VIEW DMAP_FollowersView AS ((SELECT DISTINCT R0._0 AS _0, R0._0 AS _1 FROM N_g AS R0));

DROP VIEW IF EXISTS N_FollowersView CASCADE

CREATE VIEW N_FollowersView AS ((SELECT DISTINCT R0._0 AS _0, R0._1 AS _1 FROM N_g AS R0));

DROP VIEW IF EXISTS E_FollowersView CASCADE

CREATE VIEW E_FollowersView AS ((SELECT DISTINCT R0._0 AS _0, R1._1 AS _1, R2._1 AS _2, R0._3 AS _3 FROM E_g AS R0 CROSS JOIN DMAP_FollowersView AS R1 CROSS JOIN DMAP_FollowersView AS R2 WHERE R0._2 = R2._0 AND R0._1 = R1._0));

CREATE TABLE IF NOT EXISTS N_schema (_0 VARCHAR(1024))

CREATE TABLE IF NOT EXISTS E_schema (_0 VARCHAR(1024), _1 VARCHAR(1024), _2 VARCHAR(1024))

CREATE TABLE IF NOT EXISTS EGD (_0 VARCHAR(1024))

CREATE TABLE IF NOT EXISTS CATALOG_VIEW (_0 VARCHAR(1024), _1 VARCHAR(1024), _2 VARCHAR(1024), _3 VARCHAR(1024), _4 INT DEFAULT 0)

CREATE TABLE IF NOT EXISTS CATALOG_INDEX (_0 VARCHAR(1024), _1 VARCHAR(1024), _2 VARCHAR(1024))

CREATE TABLE IF NOT EXISTS CATALOG_SINDEX (_0 VARCHAR(1024), _1 VARCHAR(1024))

CREATE TABLE IF NOT EXISTS N_g (_0 INT DEFAULT 0, _1 VARCHAR(1024))

CREATE INDEX IF NOT EXISTS N_g___0 ON N_g (_0)

CREATE INDEX IF NOT EXISTS N_g___1 ON N_g (_1)

CREATE TABLE IF NOT EXISTS E_g (_0 INT DEFAULT 0, _1 INT DEFAULT 0, _2 INT DEFAULT 0, _3 VARCHAR(1024))

CREATE INDEX IF NOT EXISTS E_g___0 ON E_g (_0)

CREATE INDEX IF NOT EXISTS E_g___1 ON E_g (_1)

CREATE INDEX IF NOT EXISTS E_g___2 ON E_g (_2)

CREATE INDEX IF NOT EXISTS E_g___3 ON E_g (_3)

CREATE TABLE IF NOT EXISTS NP_g (_0 INT DEFAULT 0, _1 VARCHAR(1024), _2 VARCHAR(1024))

CREATE TABLE IF NOT EXISTS EP_g (_0 INT DEFAULT 0, _1 VARCHAR(1024), _2 VARCHAR(1024))

CREATE TABLE IF NOT EXISTS N_schema (_0 VARCHAR(1024))

CREATE TABLE IF NOT EXISTS E_schema (_0 VARCHAR(1024), _1 VARCHAR(1024), _2 VARCHAR(1024))

CREATE TABLE IF NOT EXISTS EGD (_0 VARCHAR(1024))

CREATE TABLE IF NOT EXISTS CATALOG_VIEW (_0 VARCHAR(1024), _1 VARCHAR(1024), _2 VARCHAR(1024), _3 VARCHAR(1024), _4 INT DEFAULT 0)

CREATE TABLE IF NOT EXISTS CATALOG_INDEX (_0 VARCHAR(1024), _1 VARCHAR(1024), _2 VARCHAR(1024))

CREATE TABLE IF NOT EXISTS CATALOG_SINDEX (_0 VARCHAR(1024), _1 VARCHAR(1024))

CREATE TABLE IF NOT EXISTS N_g (_0 INT DEFAULT 0, _1 VARCHAR(1024))

CREATE INDEX IF NOT EXISTS N_g___0 ON N_g (_0)

CREATE INDEX IF NOT EXISTS N_g___1 ON N_g (_1)

CREATE TABLE IF NOT EXISTS E_g (_0 INT DEFAULT 0, _1 INT DEFAULT 0, _2 INT DEFAULT 0, _3 VARCHAR(1024))

CREATE INDEX IF NOT EXISTS E_g___0 ON E_g (_0)

CREATE INDEX IF NOT EXISTS E_g___1 ON E_g (_1)

CREATE INDEX IF NOT EXISTS E_g___2 ON E_g (_2)

CREATE INDEX IF NOT EXISTS E_g___3 ON E_g (_3)

CREATE TABLE IF NOT EXISTS NP_g (_0 INT DEFAULT 0, _1 VARCHAR(1024), _2 VARCHAR(1024))

CREATE TABLE IF NOT EXISTS EP_g (_0 INT DEFAULT 0, _1 VARCHAR(1024), _2 VARCHAR(1024))

CREATE TABLE IF NOT EXISTS N_schema (_0 VARCHAR(1024))

CREATE TABLE IF NOT EXISTS E_schema (_0 VARCHAR(1024), _1 VARCHAR(1024), _2 VARCHAR(1024))

CREATE TABLE IF NOT EXISTS EGD (_0 VARCHAR(1024))

CREATE TABLE IF NOT EXISTS CATALOG_VIEW (_0 VARCHAR(1024), _1 VARCHAR(1024), _2 VARCHAR(1024), _3 VARCHAR(1024), _4 INT DEFAULT 0)

CREATE TABLE IF NOT EXISTS CATALOG_INDEX (_0 VARCHAR(1024), _1 VARCHAR(1024), _2 VARCHAR(1024))

CREATE TABLE IF NOT EXISTS CATALOG_SINDEX (_0 VARCHAR(1024), _1 VARCHAR(1024))

CREATE TABLE IF NOT EXISTS N_g (_0 INT DEFAULT 0, _1 VARCHAR(1024))

CREATE INDEX IF NOT EXISTS N_g___0 ON N_g (_0)

CREATE INDEX IF NOT EXISTS N_g___1 ON N_g (_1)

CREATE TABLE IF NOT EXISTS E_g (_0 INT DEFAULT 0, _1 INT DEFAULT 0, _2 INT DEFAULT 0, _3 VARCHAR(1024))

CREATE INDEX IF NOT EXISTS E_g___0 ON E_g (_0)

CREATE INDEX IF NOT EXISTS E_g___1 ON E_g (_1)

CREATE INDEX IF NOT EXISTS E_g___2 ON E_g (_2)

CREATE INDEX IF NOT EXISTS E_g___3 ON E_g (_3)

CREATE TABLE IF NOT EXISTS NP_g (_0 INT DEFAULT 0, _1 VARCHAR(1024), _2 VARCHAR(1024))

CREATE TABLE IF NOT EXISTS EP_g (_0 INT DEFAULT 0, _1 VARCHAR(1024), _2 VARCHAR(1024))

INSERT INTO N_schema VALUES ('Person');

INSERT INTO N_schema VALUES ('Company');

INSERT INTO N_schema VALUES ('Product');

INSERT INTO E_schema VALUES ('Person', 'Company', 'works_at');

INSERT INTO E_schema VALUES ('Person', 'Person', 'knows');

INSERT INTO E_schema VALUES ('Person', 'Product', 'bought');

INSERT INTO E_schema VALUES ('Company', 'Product', 'produces');

INSERT INTO N_g VALUES (1, 'Person');

INSERT INTO NP_g VALUES (1, 'name', 'Smith');

INSERT INTO NP_g VALUES (1, 'age', '64');

INSERT INTO NP_g VALUES (1, 'city', 'Austin');

INSERT INTO NP_g VALUES (1, 'email', 'example.com');

INSERT INTO N_g VALUES (2, 'Person');

INSERT INTO NP_g VALUES (2, 'name', 'Brown');

INSERT INTO NP_g VALUES (2, 'age', '39');

INSERT INTO NP_g VALUES (2, 'city', 'Jose');

INSERT INTO NP_g VALUES (2, 'email', 'example.com');

INSERT INTO N_g VALUES (3, 'Person');

INSERT INTO NP_g VALUES (3, 'name', 'Jackson');

INSERT INTO NP_g VALUES (3, 'age', '59');

INSERT INTO NP_g VALUES (3, 'city', 'Phoenix');

INSERT INTO NP_g VALUES (3, 'email', 'example.com');

INSERT INTO N_g VALUES (4, 'Person');

INSERT INTO NP_g VALUES (4, 'name', 'Jones');

INSERT INTO NP_g VALUES (4, 'age', '35');

INSERT INTO NP_g VALUES (4, 'city', 'Philadelphia');

INSERT INTO NP_g VALUES (4, 'email', 'example.com');

INSERT INTO N_g VALUES (5, 'Person');

INSERT INTO NP_g VALUES (5, 'name', 'Williams');

INSERT INTO NP_g VALUES (5, 'age', '37');

INSERT INTO NP_g VALUES (5, 'city', 'Angeles');

INSERT INTO NP_g VALUES (5, 'email', 'example.com');

INSERT INTO N_g VALUES (6, 'Person');

INSERT INTO NP_g VALUES (6, 'name', 'Wilson');

INSERT INTO NP_g VALUES (6, 'age', '28');

INSERT INTO NP_g VALUES (6, 'city', 'Houston');

INSERT INTO NP_g VALUES (6, 'email', 'example.com');

INSERT INTO N_g VALUES (7, 'Person');

INSERT INTO NP_g VALUES (7, 'name', 'Harris');

INSERT INTO NP_g VALUES (7, 'age', '53');

INSERT INTO NP_g VALUES (7, 'city', 'Diego');

INSERT INTO NP_g VALUES (7, 'email', 'example.com');

INSERT INTO N_g VALUES (8, 'Person');

INSERT INTO NP_g VALUES (8, 'name', 'Garcia');

INSERT INTO NP_g VALUES (8, 'age', '36');

INSERT INTO NP_g VALUES (8, 'city', 'Chicago');

INSERT INTO NP_g VALUES (8, 'email', 'example.com');

INSERT INTO N_g VALUES (9, 'Person');

INSERT INTO NP_g VALUES (9, 'name', 'Brown');

INSERT INTO NP_g VALUES (9, 'age', '56');

INSERT INTO NP_g VALUES (9, 'city', 'Houston');

INSERT INTO NP_g VALUES (9, 'email', 'example.com');

INSERT INTO N_g VALUES (10, 'Person');

INSERT INTO NP_g VALUES (10, 'name', 'Martin');

INSERT INTO NP_g VALUES (10, 'age', '42');

INSERT INTO NP_g VALUES (10, 'city', 'Dallas');

INSERT INTO NP_g VALUES (10, 'email', 'example.com');

INSERT INTO N_g VALUES (11, 'Person');

INSERT INTO NP_g VALUES (11, 'name', 'Lee');

INSERT INTO NP_g VALUES (11, 'age', '31');

INSERT INTO NP_g VALUES (11, 'city', 'Francisco');

INSERT INTO NP_g VALUES (11, 'email', 'example.com');

INSERT INTO N_g VALUES (12, 'Person');

INSERT INTO NP_g VALUES (12, 'name', 'Jackson');

INSERT INTO NP_g VALUES (12, 'age', '57');

INSERT INTO NP_g VALUES (12, 'city', 'Chicago');

INSERT INTO NP_g VALUES (12, 'email', 'example.com');

INSERT INTO N_g VALUES (13, 'Person');

INSERT INTO NP_g VALUES (13, 'name', 'Taylor');

INSERT INTO NP_g VALUES (13, 'age', '63');

INSERT INTO NP_g VALUES (13, 'city', 'York');

INSERT INTO NP_g VALUES (13, 'email', 'example.com');

INSERT INTO N_g VALUES (14, 'Person');

INSERT INTO NP_g VALUES (14, 'name', 'Garcia');

INSERT INTO NP_g VALUES (14, 'age', '43');

INSERT INTO NP_g VALUES (14, 'city', 'Jose');

INSERT INTO NP_g VALUES (14, 'email', 'example.com');

INSERT INTO N_g VALUES (15, 'Person');

INSERT INTO NP_g VALUES (15, 'name', 'White');

INSERT INTO NP_g VALUES (15, 'age', '60');

INSERT INTO NP_g VALUES (15, 'city', 'Denver');

INSERT INTO NP_g VALUES (15, 'email', 'example.com');

INSERT INTO N_g VALUES (16, 'Person');

INSERT INTO NP_g VALUES (16, 'name', 'Williams');

INSERT INTO NP_g VALUES (16, 'age', '39');

INSERT INTO NP_g VALUES (16, 'city', 'Austin');

INSERT INTO NP_g VALUES (16, 'email', 'example.com');

INSERT INTO N_g VALUES (17, 'Person');

INSERT INTO NP_g VALUES (17, 'name', 'Wilson');

INSERT INTO NP_g VALUES (17, 'age', '49');

INSERT INTO NP_g VALUES (17, 'city', 'Angeles');

INSERT INTO NP_g VALUES (17, 'email', 'example.com');

INSERT INTO N_g VALUES (18, 'Person');

INSERT INTO NP_g VALUES (18, 'name', 'Garcia');

INSERT INTO NP_g VALUES (18, 'age', '54');

INSERT INTO NP_g VALUES (18, 'city', 'Austin');

INSERT INTO NP_g VALUES (18, 'email', 'example.com');

INSERT INTO N_g VALUES (19, 'Person');

INSERT INTO NP_g VALUES (19, 'name', 'Taylor');

INSERT INTO NP_g VALUES (19, 'age', '44');

INSERT INTO NP_g VALUES (19, 'city', 'Angeles');

INSERT INTO NP_g VALUES (19, 'email', 'example.com');

INSERT INTO N_g VALUES (20, 'Person');

INSERT INTO NP_g VALUES (20, 'name', 'Davis');

INSERT INTO NP_g VALUES (20, 'age', '65');

INSERT INTO NP_g VALUES (20, 'city', 'Jacksonville');

INSERT INTO NP_g VALUES (20, 'email', 'example.com');

INSERT INTO N_g VALUES (21, 'Person');

INSERT INTO NP_g VALUES (21, 'name', 'Martin');

INSERT INTO NP_g VALUES (21, 'age', '33');

INSERT INTO NP_g VALUES (21, 'city', 'Phoenix');

INSERT INTO NP_g VALUES (21, 'email', 'example.com');

INSERT INTO N_g VALUES (22, 'Person');

INSERT INTO NP_g VALUES (22, 'name', 'Wilson');

INSERT INTO NP_g VALUES (22, 'age', '41');

INSERT INTO NP_g VALUES (22, 'city', 'Austin');

INSERT INTO NP_g VALUES (22, 'email', 'example.com');

INSERT INTO N_g VALUES (23, 'Person');

INSERT INTO NP_g VALUES (23, 'name', 'Jones');

INSERT INTO NP_g VALUES (23, 'age', '56');

INSERT INTO NP_g VALUES (23, 'city', 'Philadelphia');

INSERT INTO NP_g VALUES (23, 'email', 'example.com');

INSERT INTO N_g VALUES (24, 'Person');

INSERT INTO NP_g VALUES (24, 'name', 'Jones');

INSERT INTO NP_g VALUES (24, 'age', '41');

INSERT INTO NP_g VALUES (24, 'city', 'York');

INSERT INTO NP_g VALUES (24, 'email', 'example.com');

INSERT INTO N_g VALUES (25, 'Person');

INSERT INTO NP_g VALUES (25, 'name', 'Miller');

INSERT INTO NP_g VALUES (25, 'age', '27');

INSERT INTO NP_g VALUES (25, 'city', 'Denver');

INSERT INTO NP_g VALUES (25, 'email', 'example.com');

INSERT INTO N_g VALUES (26, 'Person');

INSERT INTO NP_g VALUES (26, 'name', 'Brown');

INSERT INTO NP_g VALUES (26, 'age', '47');

INSERT INTO NP_g VALUES (26, 'city', 'Diego');

INSERT INTO NP_g VALUES (26, 'email', 'example.com');

INSERT INTO N_g VALUES (27, 'Person');

INSERT INTO NP_g VALUES (27, 'name', 'Garcia');

INSERT INTO NP_g VALUES (27, 'age', '27');

INSERT INTO NP_g VALUES (27, 'city', 'Jacksonville');

INSERT INTO NP_g VALUES (27, 'email', 'example.com');

INSERT INTO N_g VALUES (28, 'Person');

INSERT INTO NP_g VALUES (28, 'name', 'Thompson');

INSERT INTO NP_g VALUES (28, 'age', '65');

INSERT INTO NP_g VALUES (28, 'city', 'Seattle');

INSERT INTO NP_g VALUES (28, 'email', 'example.com');

INSERT INTO N_g VALUES (29, 'Person');

INSERT INTO NP_g VALUES (29, 'name', 'Jones');

INSERT INTO NP_g VALUES (29, 'age', '35');

INSERT INTO NP_g VALUES (29, 'city', 'York');

INSERT INTO NP_g VALUES (29, 'email', 'example.com');

INSERT INTO N_g VALUES (30, 'Person');

INSERT INTO NP_g VALUES (30, 'name', 'Martin');

INSERT INTO NP_g VALUES (30, 'age', '29');

INSERT INTO NP_g VALUES (30, 'city', 'Chicago');

INSERT INTO NP_g VALUES (30, 'email', 'example.com');

INSERT INTO N_g VALUES (31, 'Person');

INSERT INTO NP_g VALUES (31, 'name', 'Thompson');

INSERT INTO NP_g VALUES (31, 'age', '62');

INSERT INTO NP_g VALUES (31, 'city', 'Philadelphia');

INSERT INTO NP_g VALUES (31, 'email', 'example.com');

INSERT INTO N_g VALUES (32, 'Person');

INSERT INTO NP_g VALUES (32, 'name', 'Williams');

INSERT INTO NP_g VALUES (32, 'age', '44');

INSERT INTO NP_g VALUES (32, 'city', 'Denver');

INSERT INTO NP_g VALUES (32, 'email', 'example.com');

INSERT INTO N_g VALUES (33, 'Person');

INSERT INTO NP_g VALUES (33, 'name', 'Anderson');

INSERT INTO NP_g VALUES (33, 'age', '39');

INSERT INTO NP_g VALUES (33, 'city', 'Phoenix');

INSERT INTO NP_g VALUES (33, 'email', 'example.com');

INSERT INTO N_g VALUES (34, 'Person');

INSERT INTO NP_g VALUES (34, 'name', 'Smith');

INSERT INTO NP_g VALUES (34, 'age', '43');

INSERT INTO NP_g VALUES (34, 'city', 'Antonio');

INSERT INTO NP_g VALUES (34, 'email', 'example.com');

INSERT INTO N_g VALUES (35, 'Person');

INSERT INTO NP_g VALUES (35, 'name', 'Martin');

INSERT INTO NP_g VALUES (35, 'age', '57');

INSERT INTO NP_g VALUES (35, 'city', 'Chicago');

INSERT INTO NP_g VALUES (35, 'email', 'example.com');

INSERT INTO N_g VALUES (36, 'Person');

INSERT INTO NP_g VALUES (36, 'name', 'Jones');

INSERT INTO NP_g VALUES (36, 'age', '28');

INSERT INTO NP_g VALUES (36, 'city', 'Seattle');

INSERT INTO NP_g VALUES (36, 'email', 'example.com');

INSERT INTO N_g VALUES (37, 'Person');

INSERT INTO NP_g VALUES (37, 'name', 'Smith');

INSERT INTO NP_g VALUES (37, 'age', '47');

INSERT INTO NP_g VALUES (37, 'city', 'Antonio');

INSERT INTO NP_g VALUES (37, 'email', 'example.com');

INSERT INTO N_g VALUES (38, 'Person');

INSERT INTO NP_g VALUES (38, 'name', 'Anderson');

INSERT INTO NP_g VALUES (38, 'age', '64');

INSERT INTO NP_g VALUES (38, 'city', 'Jose');

INSERT INTO NP_g VALUES (38, 'email', 'example.com');

INSERT INTO N_g VALUES (39, 'Person');

INSERT INTO NP_g VALUES (39, 'name', 'White');

INSERT INTO NP_g VALUES (39, 'age', '32');

INSERT INTO NP_g VALUES (39, 'city', 'Angeles');

INSERT INTO NP_g VALUES (39, 'email', 'example.com');

INSERT INTO N_g VALUES (40, 'Person');

INSERT INTO NP_g VALUES (40, 'name', 'Brown');

INSERT INTO NP_g VALUES (40, 'age', '58');

INSERT INTO NP_g VALUES (40, 'city', 'Houston');

INSERT INTO NP_g VALUES (40, 'email', 'example.com');

INSERT INTO N_g VALUES (41, 'Person');

INSERT INTO NP_g VALUES (41, 'name', 'Jones');

INSERT INTO NP_g VALUES (41, 'age', '34');

INSERT INTO NP_g VALUES (41, 'city', 'Antonio');

INSERT INTO NP_g VALUES (41, 'email', 'example.com');

INSERT INTO N_g VALUES (42, 'Person');

INSERT INTO NP_g VALUES (42, 'name', 'Williams');

INSERT INTO NP_g VALUES (42, 'age', '61');

INSERT INTO NP_g VALUES (42, 'city', 'Angeles');

INSERT INTO NP_g VALUES (42, 'email', 'example.com');

INSERT INTO N_g VALUES (43, 'Person');

INSERT INTO NP_g VALUES (43, 'name', 'Brown');

INSERT INTO NP_g VALUES (43, 'age', '27');

INSERT INTO NP_g VALUES (43, 'city', 'Diego');

INSERT INTO NP_g VALUES (43, 'email', 'example.com');

INSERT INTO N_g VALUES (44, 'Person');

INSERT INTO NP_g VALUES (44, 'name', 'Wilson');

INSERT INTO NP_g VALUES (44, 'age', '45');

INSERT INTO NP_g VALUES (44, 'city', 'York');

INSERT INTO NP_g VALUES (44, 'email', 'example.com');

INSERT INTO N_g VALUES (45, 'Person');

INSERT INTO NP_g VALUES (45, 'name', 'Johnson');

INSERT INTO NP_g VALUES (45, 'age', '54');

INSERT INTO NP_g VALUES (45, 'city', 'York');

INSERT INTO NP_g VALUES (45, 'email', 'example.com');

INSERT INTO N_g VALUES (46, 'Person');

INSERT INTO NP_g VALUES (46, 'name', 'Garcia');

INSERT INTO NP_g VALUES (46, 'age', '32');

INSERT INTO NP_g VALUES (46, 'city', 'Denver');

INSERT INTO NP_g VALUES (46, 'email', 'example.com');

INSERT INTO N_g VALUES (47, 'Person');

INSERT INTO NP_g VALUES (47, 'name', 'Jones');

INSERT INTO NP_g VALUES (47, 'age', '37');

INSERT INTO NP_g VALUES (47, 'city', 'Dallas');

INSERT INTO NP_g VALUES (47, 'email', 'example.com');

INSERT INTO N_g VALUES (48, 'Person');

INSERT INTO NP_g VALUES (48, 'name', 'White');

INSERT INTO NP_g VALUES (48, 'age', '42');

INSERT INTO NP_g VALUES (48, 'city', 'Houston');

INSERT INTO NP_g VALUES (48, 'email', 'example.com');

INSERT INTO N_g VALUES (49, 'Person');

INSERT INTO NP_g VALUES (49, 'name', 'Martinez');

INSERT INTO NP_g VALUES (49, 'age', '47');

INSERT INTO NP_g VALUES (49, 'city', 'Seattle');

INSERT INTO NP_g VALUES (49, 'email', 'example.com');

INSERT INTO N_g VALUES (50, 'Person');

INSERT INTO NP_g VALUES (50, 'name', 'Thomas');

INSERT INTO NP_g VALUES (50, 'age', '58');

INSERT INTO NP_g VALUES (50, 'city', 'Dallas');

INSERT INTO NP_g VALUES (50, 'email', 'example.com');

INSERT INTO N_g VALUES (51, 'Person');

INSERT INTO NP_g VALUES (51, 'name', 'White');

INSERT INTO NP_g VALUES (51, 'age', '36');

INSERT INTO NP_g VALUES (51, 'city', 'Jacksonville');

INSERT INTO NP_g VALUES (51, 'email', 'example.com');

INSERT INTO N_g VALUES (52, 'Person');

INSERT INTO NP_g VALUES (52, 'name', 'Anderson');

INSERT INTO NP_g VALUES (52, 'age', '33');

INSERT INTO NP_g VALUES (52, 'city', 'Austin');

INSERT INTO NP_g VALUES (52, 'email', 'example.com');

INSERT INTO N_g VALUES (53, 'Person');

INSERT INTO NP_g VALUES (53, 'name', 'Taylor');

INSERT INTO NP_g VALUES (53, 'age', '64');

INSERT INTO NP_g VALUES (53, 'city', 'Jacksonville');

INSERT INTO NP_g VALUES (53, 'email', 'example.com');

INSERT INTO N_g VALUES (54, 'Person');

INSERT INTO NP_g VALUES (54, 'name', 'Thompson');

INSERT INTO NP_g VALUES (54, 'age', '62');

INSERT INTO NP_g VALUES (54, 'city', 'Philadelphia');

INSERT INTO NP_g VALUES (54, 'email', 'example.com');

INSERT INTO N_g VALUES (55, 'Person');

INSERT INTO NP_g VALUES (55, 'name', 'Davis');

INSERT INTO NP_g VALUES (55, 'age', '29');

INSERT INTO NP_g VALUES (55, 'city', 'Seattle');

INSERT INTO NP_g VALUES (55, 'email', 'example.com');

INSERT INTO N_g VALUES (56, 'Person');

INSERT INTO NP_g VALUES (56, 'name', 'Harris');

INSERT INTO NP_g VALUES (56, 'age', '28');

INSERT INTO NP_g VALUES (56, 'city', 'Jose');

INSERT INTO NP_g VALUES (56, 'email', 'example.com');

INSERT INTO N_g VALUES (57, 'Person');

INSERT INTO NP_g VALUES (57, 'name', 'Williams');

INSERT INTO NP_g VALUES (57, 'age', '30');

INSERT INTO NP_g VALUES (57, 'city', 'Philadelphia');

INSERT INTO NP_g VALUES (57, 'email', 'example.com');

INSERT INTO N_g VALUES (58, 'Person');

INSERT INTO NP_g VALUES (58, 'name', 'Thomas');

INSERT INTO NP_g VALUES (58, 'age', '28');

INSERT INTO NP_g VALUES (58, 'city', 'Chicago');

INSERT INTO NP_g VALUES (58, 'email', 'example.com');

INSERT INTO N_g VALUES (59, 'Person');

INSERT INTO NP_g VALUES (59, 'name', 'Jackson');

INSERT INTO NP_g VALUES (59, 'age', '56');

INSERT INTO NP_g VALUES (59, 'city', 'Antonio');

INSERT INTO NP_g VALUES (59, 'email', 'example.com');

INSERT INTO N_g VALUES (60, 'Person');

INSERT INTO NP_g VALUES (60, 'name', 'Miller');

INSERT INTO NP_g VALUES (60, 'age', '40');

INSERT INTO NP_g VALUES (60, 'city', 'Denver');

INSERT INTO NP_g VALUES (60, 'email', 'example.com');

INSERT INTO N_g VALUES (61, 'Person');

INSERT INTO NP_g VALUES (61, 'name', 'Lee');

INSERT INTO NP_g VALUES (61, 'age', '40');

INSERT INTO NP_g VALUES (61, 'city', 'Denver');

INSERT INTO NP_g VALUES (61, 'email', 'example.com');

INSERT INTO N_g VALUES (62, 'Person');

INSERT INTO NP_g VALUES (62, 'name', 'Martin');

INSERT INTO NP_g VALUES (62, 'age', '32');

INSERT INTO NP_g VALUES (62, 'city', 'Philadelphia');

INSERT INTO NP_g VALUES (62, 'email', 'example.com');

INSERT INTO N_g VALUES (63, 'Person');

INSERT INTO NP_g VALUES (63, 'name', 'Brown');

INSERT INTO NP_g VALUES (63, 'age', '45');

INSERT INTO NP_g VALUES (63, 'city', 'Dallas');

INSERT INTO NP_g VALUES (63, 'email', 'example.com');

INSERT INTO N_g VALUES (64, 'Person');

INSERT INTO NP_g VALUES (64, 'name', 'Wilson');

INSERT INTO NP_g VALUES (64, 'age', '62');

INSERT INTO NP_g VALUES (64, 'city', 'Diego');

INSERT INTO NP_g VALUES (64, 'email', 'example.com');

INSERT INTO N_g VALUES (65, 'Person');

INSERT INTO NP_g VALUES (65, 'name', 'Wilson');

INSERT INTO NP_g VALUES (65, 'age', '22');

INSERT INTO NP_g VALUES (65, 'city', 'Antonio');

INSERT INTO NP_g VALUES (65, 'email', 'example.com');

INSERT INTO N_g VALUES (66, 'Person');

INSERT INTO NP_g VALUES (66, 'name', 'Thompson');

INSERT INTO NP_g VALUES (66, 'age', '55');

INSERT INTO NP_g VALUES (66, 'city', 'Angeles');

INSERT INTO NP_g VALUES (66, 'email', 'example.com');

INSERT INTO N_g VALUES (67, 'Person');

INSERT INTO NP_g VALUES (67, 'name', 'Martin');

INSERT INTO NP_g VALUES (67, 'age', '39');

INSERT INTO NP_g VALUES (67, 'city', 'Houston');

INSERT INTO NP_g VALUES (67, 'email', 'example.com');

INSERT INTO N_g VALUES (68, 'Person');

INSERT INTO NP_g VALUES (68, 'name', 'Brown');

INSERT INTO NP_g VALUES (68, 'age', '30');

INSERT INTO NP_g VALUES (68, 'city', 'Antonio');

INSERT INTO NP_g VALUES (68, 'email', 'example.com');

INSERT INTO N_g VALUES (69, 'Person');

INSERT INTO NP_g VALUES (69, 'name', 'White');

INSERT INTO NP_g VALUES (69, 'age', '28');

INSERT INTO NP_g VALUES (69, 'city', 'Francisco');

INSERT INTO NP_g VALUES (69, 'email', 'example.com');

INSERT INTO N_g VALUES (70, 'Person');

INSERT INTO NP_g VALUES (70, 'name', 'Martin');

INSERT INTO NP_g VALUES (70, 'age', '29');

INSERT INTO NP_g VALUES (70, 'city', 'Diego');

INSERT INTO NP_g VALUES (70, 'email', 'example.com');

INSERT INTO N_g VALUES (71, 'Person');

INSERT INTO NP_g VALUES (71, 'name', 'Jones');

INSERT INTO NP_g VALUES (71, 'age', '57');

INSERT INTO NP_g VALUES (71, 'city', 'Philadelphia');

INSERT INTO NP_g VALUES (71, 'email', 'example.com');

INSERT INTO N_g VALUES (72, 'Person');

INSERT INTO NP_g VALUES (72, 'name', 'Davis');

INSERT INTO NP_g VALUES (72, 'age', '45');

INSERT INTO NP_g VALUES (72, 'city', 'Chicago');

INSERT INTO NP_g VALUES (72, 'email', 'example.com');

INSERT INTO N_g VALUES (73, 'Person');

INSERT INTO NP_g VALUES (73, 'name', 'Harris');

INSERT INTO NP_g VALUES (73, 'age', '34');

INSERT INTO NP_g VALUES (73, 'city', 'Phoenix');

INSERT INTO NP_g VALUES (73, 'email', 'example.com');

INSERT INTO N_g VALUES (74, 'Person');

INSERT INTO NP_g VALUES (74, 'name', 'Anderson');

INSERT INTO NP_g VALUES (74, 'age', '41');

INSERT INTO NP_g VALUES (74, 'city', 'York');

INSERT INTO NP_g VALUES (74, 'email', 'example.com');

INSERT INTO N_g VALUES (75, 'Person');

INSERT INTO NP_g VALUES (75, 'name', 'Wilson');

INSERT INTO NP_g VALUES (75, 'age', '51');

INSERT INTO NP_g VALUES (75, 'city', 'Diego');

INSERT INTO NP_g VALUES (75, 'email', 'example.com');

INSERT INTO N_g VALUES (76, 'Person');

INSERT INTO NP_g VALUES (76, 'name', 'Johnson');

INSERT INTO NP_g VALUES (76, 'age', '27');

INSERT INTO NP_g VALUES (76, 'city', 'Houston');

INSERT INTO NP_g VALUES (76, 'email', 'example.com');

INSERT INTO N_g VALUES (77, 'Person');

INSERT INTO NP_g VALUES (77, 'name', 'Thomas');

INSERT INTO NP_g VALUES (77, 'age', '49');

INSERT INTO NP_g VALUES (77, 'city', 'Dallas');

INSERT INTO NP_g VALUES (77, 'email', 'example.com');

INSERT INTO N_g VALUES (78, 'Person');

INSERT INTO NP_g VALUES (78, 'name', 'Thomas');

INSERT INTO NP_g VALUES (78, 'age', '37');

INSERT INTO NP_g VALUES (78, 'city', 'Jose');

INSERT INTO NP_g VALUES (78, 'email', 'example.com');

INSERT INTO N_g VALUES (79, 'Person');

INSERT INTO NP_g VALUES (79, 'name', 'Brown');

INSERT INTO NP_g VALUES (79, 'age', '46');

INSERT INTO NP_g VALUES (79, 'city', 'Austin');

INSERT INTO NP_g VALUES (79, 'email', 'example.com');

INSERT INTO N_g VALUES (80, 'Person');

INSERT INTO NP_g VALUES (80, 'name', 'Anderson');

INSERT INTO NP_g VALUES (80, 'age', '26');

INSERT INTO NP_g VALUES (80, 'city', 'Dallas');

INSERT INTO NP_g VALUES (80, 'email', 'example.com');

INSERT INTO N_g VALUES (81, 'Person');

INSERT INTO NP_g VALUES (81, 'name', 'Davis');

INSERT INTO NP_g VALUES (81, 'age', '56');

INSERT INTO NP_g VALUES (81, 'city', 'Dallas');

INSERT INTO NP_g VALUES (81, 'email', 'example.com');

INSERT INTO N_g VALUES (82, 'Person');

INSERT INTO NP_g VALUES (82, 'name', 'Wilson');

INSERT INTO NP_g VALUES (82, 'age', '33');

INSERT INTO NP_g VALUES (82, 'city', 'York');

INSERT INTO NP_g VALUES (82, 'email', 'example.com');

INSERT INTO N_g VALUES (83, 'Person');

INSERT INTO NP_g VALUES (83, 'name', 'Harris');

INSERT INTO NP_g VALUES (83, 'age', '50');

INSERT INTO NP_g VALUES (83, 'city', 'Jacksonville');

INSERT INTO NP_g VALUES (83, 'email', 'example.com');

INSERT INTO N_g VALUES (84, 'Person');

INSERT INTO NP_g VALUES (84, 'name', 'Taylor');

INSERT INTO NP_g VALUES (84, 'age', '24');

INSERT INTO NP_g VALUES (84, 'city', 'Francisco');

INSERT INTO NP_g VALUES (84, 'email', 'example.com');

INSERT INTO N_g VALUES (85, 'Person');

INSERT INTO NP_g VALUES (85, 'name', 'Lee');

INSERT INTO NP_g VALUES (85, 'age', '63');

INSERT INTO NP_g VALUES (85, 'city', 'Francisco');

INSERT INTO NP_g VALUES (85, 'email', 'example.com');

INSERT INTO N_g VALUES (86, 'Person');

INSERT INTO NP_g VALUES (86, 'name', 'Taylor');

INSERT INTO NP_g VALUES (86, 'age', '40');

INSERT INTO NP_g VALUES (86, 'city', 'Diego');

INSERT INTO NP_g VALUES (86, 'email', 'example.com');

INSERT INTO N_g VALUES (87, 'Person');

INSERT INTO NP_g VALUES (87, 'name', 'Garcia');

INSERT INTO NP_g VALUES (87, 'age', '56');

INSERT INTO NP_g VALUES (87, 'city', 'Dallas');

INSERT INTO NP_g VALUES (87, 'email', 'example.com');

INSERT INTO N_g VALUES (88, 'Person');

INSERT INTO NP_g VALUES (88, 'name', 'Smith');

INSERT INTO NP_g VALUES (88, 'age', '50');

INSERT INTO NP_g VALUES (88, 'city', 'Phoenix');

INSERT INTO NP_g VALUES (88, 'email', 'example.com');

INSERT INTO N_g VALUES (89, 'Person');

INSERT INTO NP_g VALUES (89, 'name', 'Smith');

INSERT INTO NP_g VALUES (89, 'age', '42');

INSERT INTO NP_g VALUES (89, 'city', 'York');

INSERT INTO NP_g VALUES (89, 'email', 'example.com');

INSERT INTO N_g VALUES (90, 'Person');

INSERT INTO NP_g VALUES (90, 'name', 'Davis');

INSERT INTO NP_g VALUES (90, 'age', '42');

INSERT INTO NP_g VALUES (90, 'city', 'Seattle');

INSERT INTO NP_g VALUES (90, 'email', 'example.com');

INSERT INTO N_g VALUES (91, 'Person');

INSERT INTO NP_g VALUES (91, 'name', 'Jackson');

INSERT INTO NP_g VALUES (91, 'age', '40');

INSERT INTO NP_g VALUES (91, 'city', 'Austin');

INSERT INTO NP_g VALUES (91, 'email', 'example.com');

INSERT INTO N_g VALUES (92, 'Person');

INSERT INTO NP_g VALUES (92, 'name', 'Miller');

INSERT INTO NP_g VALUES (92, 'age', '61');

INSERT INTO NP_g VALUES (92, 'city', 'York');

INSERT INTO NP_g VALUES (92, 'email', 'example.com');

INSERT INTO N_g VALUES (93, 'Person');

INSERT INTO NP_g VALUES (93, 'name', 'Martinez');

INSERT INTO NP_g VALUES (93, 'age', '27');

INSERT INTO NP_g VALUES (93, 'city', 'Jose');

INSERT INTO NP_g VALUES (93, 'email', 'example.com');

INSERT INTO N_g VALUES (94, 'Person');

INSERT INTO NP_g VALUES (94, 'name', 'Brown');

INSERT INTO NP_g VALUES (94, 'age', '43');

INSERT INTO NP_g VALUES (94, 'city', 'Angeles');

INSERT INTO NP_g VALUES (94, 'email', 'example.com');

INSERT INTO N_g VALUES (95, 'Person');

INSERT INTO NP_g VALUES (95, 'name', 'Thompson');

INSERT INTO NP_g VALUES (95, 'age', '42');

INSERT INTO NP_g VALUES (95, 'city', 'Austin');

INSERT INTO NP_g VALUES (95, 'email', 'example.com');

INSERT INTO N_g VALUES (96, 'Person');

INSERT INTO NP_g VALUES (96, 'name', 'Taylor');

INSERT INTO NP_g VALUES (96, 'age', '22');

INSERT INTO NP_g VALUES (96, 'city', 'Phoenix');

INSERT INTO NP_g VALUES (96, 'email', 'example.com');

INSERT INTO N_g VALUES (97, 'Person');

INSERT INTO NP_g VALUES (97, 'name', 'Harris');

INSERT INTO NP_g VALUES (97, 'age', '61');

INSERT INTO NP_g VALUES (97, 'city', 'Austin');

INSERT INTO NP_g VALUES (97, 'email', 'example.com');

INSERT INTO N_g VALUES (98, 'Person');

INSERT INTO NP_g VALUES (98, 'name', 'Davis');

INSERT INTO NP_g VALUES (98, 'age', '27');

INSERT INTO NP_g VALUES (98, 'city', 'Angeles');

INSERT INTO NP_g VALUES (98, 'email', 'example.com');

INSERT INTO N_g VALUES (99, 'Person');

INSERT INTO NP_g VALUES (99, 'name', 'Lee');

INSERT INTO NP_g VALUES (99, 'age', '36');

INSERT INTO NP_g VALUES (99, 'city', 'Diego');

INSERT INTO NP_g VALUES (99, 'email', 'example.com');

INSERT INTO N_g VALUES (100, 'Person');

INSERT INTO NP_g VALUES (100, 'name', 'Smith');

INSERT INTO NP_g VALUES (100, 'age', '36');

INSERT INTO NP_g VALUES (100, 'city', 'Chicago');

INSERT INTO NP_g VALUES (100, 'email', 'example.com');

INSERT INTO N_g VALUES (101, 'Person');

INSERT INTO NP_g VALUES (101, 'name', 'Davis');

INSERT INTO NP_g VALUES (101, 'age', '23');

INSERT INTO NP_g VALUES (101, 'city', 'Seattle');

INSERT INTO NP_g VALUES (101, 'email', 'example.com');

INSERT INTO N_g VALUES (102, 'Person');

INSERT INTO NP_g VALUES (102, 'name', 'Brown');

INSERT INTO NP_g VALUES (102, 'age', '65');

INSERT INTO NP_g VALUES (102, 'city', 'York');

INSERT INTO NP_g VALUES (102, 'email', 'example.com');

INSERT INTO N_g VALUES (103, 'Person');

INSERT INTO NP_g VALUES (103, 'name', 'Taylor');

INSERT INTO NP_g VALUES (103, 'age', '60');

INSERT INTO NP_g VALUES (103, 'city', 'Philadelphia');

INSERT INTO NP_g VALUES (103, 'email', 'example.com');

INSERT INTO N_g VALUES (104, 'Person');

INSERT INTO NP_g VALUES (104, 'name', 'Brown');

INSERT INTO NP_g VALUES (104, 'age', '63');

INSERT INTO NP_g VALUES (104, 'city', 'Francisco');

INSERT INTO NP_g VALUES (104, 'email', 'example.com');

INSERT INTO N_g VALUES (105, 'Person');

INSERT INTO NP_g VALUES (105, 'name', 'Davis');

INSERT INTO NP_g VALUES (105, 'age', '52');

INSERT INTO NP_g VALUES (105, 'city', 'Antonio');

INSERT INTO NP_g VALUES (105, 'email', 'example.com');

INSERT INTO N_g VALUES (106, 'Person');

INSERT INTO NP_g VALUES (106, 'name', 'Miller');

INSERT INTO NP_g VALUES (106, 'age', '25');

INSERT INTO NP_g VALUES (106, 'city', 'Antonio');

INSERT INTO NP_g VALUES (106, 'email', 'example.com');

INSERT INTO N_g VALUES (107, 'Person');

INSERT INTO NP_g VALUES (107, 'name', 'Garcia');

INSERT INTO NP_g VALUES (107, 'age', '58');

INSERT INTO NP_g VALUES (107, 'city', 'Chicago');

INSERT INTO NP_g VALUES (107, 'email', 'example.com');

INSERT INTO N_g VALUES (108, 'Person');

INSERT INTO NP_g VALUES (108, 'name', 'Thomas');

INSERT INTO NP_g VALUES (108, 'age', '33');

INSERT INTO NP_g VALUES (108, 'city', 'Antonio');

INSERT INTO NP_g VALUES (108, 'email', 'example.com');

INSERT INTO N_g VALUES (109, 'Person');

INSERT INTO NP_g VALUES (109, 'name', 'Brown');

INSERT INTO NP_g VALUES (109, 'age', '57');

INSERT INTO NP_g VALUES (109, 'city', 'Denver');

INSERT INTO NP_g VALUES (109, 'email', 'example.com');

INSERT INTO N_g VALUES (110, 'Person');

INSERT INTO NP_g VALUES (110, 'name', 'Jackson');

INSERT INTO NP_g VALUES (110, 'age', '62');

INSERT INTO NP_g VALUES (110, 'city', 'Francisco');

INSERT INTO NP_g VALUES (110, 'email', 'example.com');

INSERT INTO N_g VALUES (111, 'Person');

INSERT INTO NP_g VALUES (111, 'name', 'Thompson');

INSERT INTO NP_g VALUES (111, 'age', '64');

INSERT INTO NP_g VALUES (111, 'city', 'Denver');

INSERT INTO NP_g VALUES (111, 'email', 'example.com');

INSERT INTO N_g VALUES (112, 'Person');

INSERT INTO NP_g VALUES (112, 'name', 'Martin');

INSERT INTO NP_g VALUES (112, 'age', '22');

INSERT INTO NP_g VALUES (112, 'city', 'Philadelphia');

INSERT INTO NP_g VALUES (112, 'email', 'example.com');

INSERT INTO N_g VALUES (113, 'Person');

INSERT INTO NP_g VALUES (113, 'name', 'Taylor');

INSERT INTO NP_g VALUES (113, 'age', '65');

INSERT INTO NP_g VALUES (113, 'city', 'Angeles');

INSERT INTO NP_g VALUES (113, 'email', 'example.com');

INSERT INTO N_g VALUES (114, 'Person');

INSERT INTO NP_g VALUES (114, 'name', 'Davis');

INSERT INTO NP_g VALUES (114, 'age', '60');

INSERT INTO NP_g VALUES (114, 'city', 'Angeles');

INSERT INTO NP_g VALUES (114, 'email', 'example.com');

INSERT INTO N_g VALUES (115, 'Person');

INSERT INTO NP_g VALUES (115, 'name', 'Moore');

INSERT INTO NP_g VALUES (115, 'age', '59');

INSERT INTO NP_g VALUES (115, 'city', 'Francisco');

INSERT INTO NP_g VALUES (115, 'email', 'example.com');

INSERT INTO N_g VALUES (116, 'Person');

INSERT INTO NP_g VALUES (116, 'name', 'Johnson');

INSERT INTO NP_g VALUES (116, 'age', '57');

INSERT INTO NP_g VALUES (116, 'city', 'Francisco');

INSERT INTO NP_g VALUES (116, 'email', 'example.com');

INSERT INTO N_g VALUES (117, 'Person');

INSERT INTO NP_g VALUES (117, 'name', 'Garcia');

INSERT INTO NP_g VALUES (117, 'age', '24');

INSERT INTO NP_g VALUES (117, 'city', 'Austin');

INSERT INTO NP_g VALUES (117, 'email', 'example.com');

INSERT INTO N_g VALUES (118, 'Person');

INSERT INTO NP_g VALUES (118, 'name', 'Garcia');

INSERT INTO NP_g VALUES (118, 'age', '41');

INSERT INTO NP_g VALUES (118, 'city', 'Houston');

INSERT INTO NP_g VALUES (118, 'email', 'example.com');

INSERT INTO N_g VALUES (119, 'Person');

INSERT INTO NP_g VALUES (119, 'name', 'Jackson');

INSERT INTO NP_g VALUES (119, 'age', '26');

INSERT INTO NP_g VALUES (119, 'city', 'Phoenix');

INSERT INTO NP_g VALUES (119, 'email', 'example.com');

INSERT INTO N_g VALUES (120, 'Person');

INSERT INTO NP_g VALUES (120, 'name', 'Harris');

INSERT INTO NP_g VALUES (120, 'age', '31');

INSERT INTO NP_g VALUES (120, 'city', 'Phoenix');

INSERT INTO NP_g VALUES (120, 'email', 'example.com');

INSERT INTO N_g VALUES (121, 'Person');

INSERT INTO NP_g VALUES (121, 'name', 'Anderson');

INSERT INTO NP_g VALUES (121, 'age', '41');

INSERT INTO NP_g VALUES (121, 'city', 'York');

INSERT INTO NP_g VALUES (121, 'email', 'example.com');

INSERT INTO N_g VALUES (122, 'Person');

INSERT INTO NP_g VALUES (122, 'name', 'Brown');

INSERT INTO NP_g VALUES (122, 'age', '44');

INSERT INTO NP_g VALUES (122, 'city', 'Jacksonville');

INSERT INTO NP_g VALUES (122, 'email', 'example.com');

INSERT INTO N_g VALUES (123, 'Person');

INSERT INTO NP_g VALUES (123, 'name', 'Smith');

INSERT INTO NP_g VALUES (123, 'age', '49');

INSERT INTO NP_g VALUES (123, 'city', 'Austin');

INSERT INTO NP_g VALUES (123, 'email', 'example.com');

INSERT INTO N_g VALUES (124, 'Person');

INSERT INTO NP_g VALUES (124, 'name', 'Anderson');

INSERT INTO NP_g VALUES (124, 'age', '36');

INSERT INTO NP_g VALUES (124, 'city', 'Diego');

INSERT INTO NP_g VALUES (124, 'email', 'example.com');

INSERT INTO N_g VALUES (125, 'Person');

INSERT INTO NP_g VALUES (125, 'name', 'Martinez');

INSERT INTO NP_g VALUES (125, 'age', '28');

INSERT INTO NP_g VALUES (125, 'city', 'Austin');

INSERT INTO NP_g VALUES (125, 'email', 'example.com');

INSERT INTO N_g VALUES (126, 'Person');

INSERT INTO NP_g VALUES (126, 'name', 'Williams');

INSERT INTO NP_g VALUES (126, 'age', '33');

INSERT INTO NP_g VALUES (126, 'city', 'Denver');

INSERT INTO NP_g VALUES (126, 'email', 'example.com');

INSERT INTO N_g VALUES (127, 'Person');

INSERT INTO NP_g VALUES (127, 'name', 'Jackson');

INSERT INTO NP_g VALUES (127, 'age', '29');

INSERT INTO NP_g VALUES (127, 'city', 'Dallas');

INSERT INTO NP_g VALUES (127, 'email', 'example.com');

INSERT INTO N_g VALUES (128, 'Person');

INSERT INTO NP_g VALUES (128, 'name', 'Anderson');

INSERT INTO NP_g VALUES (128, 'age', '50');

INSERT INTO NP_g VALUES (128, 'city', 'Antonio');

INSERT INTO NP_g VALUES (128, 'email', 'example.com');

INSERT INTO N_g VALUES (129, 'Person');

INSERT INTO NP_g VALUES (129, 'name', 'Brown');

INSERT INTO NP_g VALUES (129, 'age', '52');

INSERT INTO NP_g VALUES (129, 'city', 'York');

INSERT INTO NP_g VALUES (129, 'email', 'example.com');

INSERT INTO N_g VALUES (130, 'Person');

INSERT INTO NP_g VALUES (130, 'name', 'Martinez');

INSERT INTO NP_g VALUES (130, 'age', '58');

INSERT INTO NP_g VALUES (130, 'city', 'Jose');

INSERT INTO NP_g VALUES (130, 'email', 'example.com');

INSERT INTO N_g VALUES (131, 'Person');

INSERT INTO NP_g VALUES (131, 'name', 'Brown');

INSERT INTO NP_g VALUES (131, 'age', '26');

INSERT INTO NP_g VALUES (131, 'city', 'Dallas');

INSERT INTO NP_g VALUES (131, 'email', 'example.com');

INSERT INTO N_g VALUES (132, 'Person');

INSERT INTO NP_g VALUES (132, 'name', 'Martin');

INSERT INTO NP_g VALUES (132, 'age', '60');

INSERT INTO NP_g VALUES (132, 'city', 'Austin');

INSERT INTO NP_g VALUES (132, 'email', 'example.com');

INSERT INTO N_g VALUES (133, 'Person');

INSERT INTO NP_g VALUES (133, 'name', 'Brown');

INSERT INTO NP_g VALUES (133, 'age', '56');

INSERT INTO NP_g VALUES (133, 'city', 'Austin');

INSERT INTO NP_g VALUES (133, 'email', 'example.com');

INSERT INTO N_g VALUES (134, 'Person');

INSERT INTO NP_g VALUES (134, 'name', 'Harris');

INSERT INTO NP_g VALUES (134, 'age', '42');

INSERT INTO NP_g VALUES (134, 'city', 'Jose');

INSERT INTO NP_g VALUES (134, 'email', 'example.com');

INSERT INTO N_g VALUES (135, 'Person');

INSERT INTO NP_g VALUES (135, 'name', 'Martin');

INSERT INTO NP_g VALUES (135, 'age', '47');

INSERT INTO NP_g VALUES (135, 'city', 'Francisco');

INSERT INTO NP_g VALUES (135, 'email', 'example.com');

INSERT INTO N_g VALUES (136, 'Person');

INSERT INTO NP_g VALUES (136, 'name', 'Jones');

INSERT INTO NP_g VALUES (136, 'age', '59');

INSERT INTO NP_g VALUES (136, 'city', 'Diego');

INSERT INTO NP_g VALUES (136, 'email', 'example.com');

INSERT INTO N_g VALUES (137, 'Person');

INSERT INTO NP_g VALUES (137, 'name', 'Davis');

INSERT INTO NP_g VALUES (137, 'age', '58');

INSERT INTO NP_g VALUES (137, 'city', 'Dallas');

INSERT INTO NP_g VALUES (137, 'email', 'example.com');

INSERT INTO N_g VALUES (138, 'Person');

INSERT INTO NP_g VALUES (138, 'name', 'Garcia');

INSERT INTO NP_g VALUES (138, 'age', '39');

INSERT INTO NP_g VALUES (138, 'city', 'Phoenix');

INSERT INTO NP_g VALUES (138, 'email', 'example.com');

INSERT INTO N_g VALUES (139, 'Person');

INSERT INTO NP_g VALUES (139, 'name', 'Jones');

INSERT INTO NP_g VALUES (139, 'age', '41');

INSERT INTO NP_g VALUES (139, 'city', 'Denver');

INSERT INTO NP_g VALUES (139, 'email', 'example.com');

INSERT INTO N_g VALUES (140, 'Person');

INSERT INTO NP_g VALUES (140, 'name', 'Anderson');

INSERT INTO NP_g VALUES (140, 'age', '56');

INSERT INTO NP_g VALUES (140, 'city', 'Antonio');

INSERT INTO NP_g VALUES (140, 'email', 'example.com');

INSERT INTO N_g VALUES (141, 'Person');

INSERT INTO NP_g VALUES (141, 'name', 'Johnson');

INSERT INTO NP_g VALUES (141, 'age', '65');

INSERT INTO NP_g VALUES (141, 'city', 'Seattle');

INSERT INTO NP_g VALUES (141, 'email', 'example.com');

INSERT INTO N_g VALUES (142, 'Person');

INSERT INTO NP_g VALUES (142, 'name', 'Jackson');

INSERT INTO NP_g VALUES (142, 'age', '38');

INSERT INTO NP_g VALUES (142, 'city', 'Dallas');

INSERT INTO NP_g VALUES (142, 'email', 'example.com');

INSERT INTO N_g VALUES (143, 'Person');

INSERT INTO NP_g VALUES (143, 'name', 'Thompson');

INSERT INTO NP_g VALUES (143, 'age', '51');

INSERT INTO NP_g VALUES (143, 'city', 'Francisco');

INSERT INTO NP_g VALUES (143, 'email', 'example.com');

INSERT INTO N_g VALUES (144, 'Person');

INSERT INTO NP_g VALUES (144, 'name', 'Williams');

INSERT INTO NP_g VALUES (144, 'age', '48');

INSERT INTO NP_g VALUES (144, 'city', 'Diego');

INSERT INTO NP_g VALUES (144, 'email', 'example.com');

INSERT INTO N_g VALUES (145, 'Person');

INSERT INTO NP_g VALUES (145, 'name', 'Brown');

INSERT INTO NP_g VALUES (145, 'age', '51');

INSERT INTO NP_g VALUES (145, 'city', 'Francisco');

INSERT INTO NP_g VALUES (145, 'email', 'example.com');

INSERT INTO N_g VALUES (146, 'Person');

INSERT INTO NP_g VALUES (146, 'name', 'Anderson');

INSERT INTO NP_g VALUES (146, 'age', '64');

INSERT INTO NP_g VALUES (146, 'city', 'Seattle');

INSERT INTO NP_g VALUES (146, 'email', 'example.com');

INSERT INTO N_g VALUES (147, 'Person');

INSERT INTO NP_g VALUES (147, 'name', 'Thompson');

INSERT INTO NP_g VALUES (147, 'age', '63');

INSERT INTO NP_g VALUES (147, 'city', 'Antonio');

INSERT INTO NP_g VALUES (147, 'email', 'example.com');

INSERT INTO N_g VALUES (148, 'Person');

INSERT INTO NP_g VALUES (148, 'name', 'Martin');

INSERT INTO NP_g VALUES (148, 'age', '59');

INSERT INTO NP_g VALUES (148, 'city', 'Seattle');

INSERT INTO NP_g VALUES (148, 'email', 'example.com');

INSERT INTO N_g VALUES (149, 'Person');

INSERT INTO NP_g VALUES (149, 'name', 'Garcia');

INSERT INTO NP_g VALUES (149, 'age', '42');

INSERT INTO NP_g VALUES (149, 'city', 'Houston');

INSERT INTO NP_g VALUES (149, 'email', 'example.com');

INSERT INTO N_g VALUES (150, 'Person');

INSERT INTO NP_g VALUES (150, 'name', 'Moore');

INSERT INTO NP_g VALUES (150, 'age', '41');

INSERT INTO NP_g VALUES (150, 'city', 'Austin');

INSERT INTO NP_g VALUES (150, 'email', 'example.com');

INSERT INTO N_g VALUES (151, 'Person');

INSERT INTO NP_g VALUES (151, 'name', 'Jones');

INSERT INTO NP_g VALUES (151, 'age', '58');

INSERT INTO NP_g VALUES (151, 'city', 'Antonio');

INSERT INTO NP_g VALUES (151, 'email', 'example.com');

INSERT INTO N_g VALUES (152, 'Person');

INSERT INTO NP_g VALUES (152, 'name', 'Jackson');

INSERT INTO NP_g VALUES (152, 'age', '29');

INSERT INTO NP_g VALUES (152, 'city', 'Chicago');

INSERT INTO NP_g VALUES (152, 'email', 'example.com');

INSERT INTO N_g VALUES (153, 'Person');

INSERT INTO NP_g VALUES (153, 'name', 'Thompson');

INSERT INTO NP_g VALUES (153, 'age', '52');

INSERT INTO NP_g VALUES (153, 'city', 'York');

INSERT INTO NP_g VALUES (153, 'email', 'example.com');

INSERT INTO N_g VALUES (154, 'Person');

INSERT INTO NP_g VALUES (154, 'name', 'Miller');

INSERT INTO NP_g VALUES (154, 'age', '60');

INSERT INTO NP_g VALUES (154, 'city', 'Angeles');

INSERT INTO NP_g VALUES (154, 'email', 'example.com');

INSERT INTO N_g VALUES (155, 'Person');

INSERT INTO NP_g VALUES (155, 'name', 'Thomas');

INSERT INTO NP_g VALUES (155, 'age', '27');

INSERT INTO NP_g VALUES (155, 'city', 'Diego');

INSERT INTO NP_g VALUES (155, 'email', 'example.com');

INSERT INTO N_g VALUES (156, 'Person');

INSERT INTO NP_g VALUES (156, 'name', 'Jackson');

INSERT INTO NP_g VALUES (156, 'age', '57');

INSERT INTO NP_g VALUES (156, 'city', 'Dallas');

INSERT INTO NP_g VALUES (156, 'email', 'example.com');

INSERT INTO N_g VALUES (157, 'Person');

INSERT INTO NP_g VALUES (157, 'name', 'White');

INSERT INTO NP_g VALUES (157, 'age', '54');

INSERT INTO NP_g VALUES (157, 'city', 'Phoenix');

INSERT INTO NP_g VALUES (157, 'email', 'example.com');

INSERT INTO N_g VALUES (158, 'Person');

INSERT INTO NP_g VALUES (158, 'name', 'Miller');

INSERT INTO NP_g VALUES (158, 'age', '65');

INSERT INTO NP_g VALUES (158, 'city', 'Chicago');

INSERT INTO NP_g VALUES (158, 'email', 'example.com');

INSERT INTO N_g VALUES (159, 'Person');

INSERT INTO NP_g VALUES (159, 'name', 'Jones');

INSERT INTO NP_g VALUES (159, 'age', '47');

INSERT INTO NP_g VALUES (159, 'city', 'Dallas');

INSERT INTO NP_g VALUES (159, 'email', 'example.com');

INSERT INTO N_g VALUES (160, 'Person');

INSERT INTO NP_g VALUES (160, 'name', 'Williams');

INSERT INTO NP_g VALUES (160, 'age', '33');

INSERT INTO NP_g VALUES (160, 'city', 'Jose');

INSERT INTO NP_g VALUES (160, 'email', 'example.com');

INSERT INTO N_g VALUES (161, 'Person');

INSERT INTO NP_g VALUES (161, 'name', 'Harris');

INSERT INTO NP_g VALUES (161, 'age', '31');

INSERT INTO NP_g VALUES (161, 'city', 'Jacksonville');

INSERT INTO NP_g VALUES (161, 'email', 'example.com');

INSERT INTO N_g VALUES (162, 'Person');

INSERT INTO NP_g VALUES (162, 'name', 'Harris');

INSERT INTO NP_g VALUES (162, 'age', '37');

INSERT INTO NP_g VALUES (162, 'city', 'Antonio');

INSERT INTO NP_g VALUES (162, 'email', 'example.com');

INSERT INTO N_g VALUES (163, 'Person');

INSERT INTO NP_g VALUES (163, 'name', 'Martin');

INSERT INTO NP_g VALUES (163, 'age', '41');

INSERT INTO NP_g VALUES (163, 'city', 'Houston');

INSERT INTO NP_g VALUES (163, 'email', 'example.com');

INSERT INTO N_g VALUES (164, 'Person');

INSERT INTO NP_g VALUES (164, 'name', 'Williams');

INSERT INTO NP_g VALUES (164, 'age', '42');

INSERT INTO NP_g VALUES (164, 'city', 'Antonio');

INSERT INTO NP_g VALUES (164, 'email', 'example.com');

INSERT INTO N_g VALUES (165, 'Person');

INSERT INTO NP_g VALUES (165, 'name', 'Martinez');

INSERT INTO NP_g VALUES (165, 'age', '53');

INSERT INTO NP_g VALUES (165, 'city', 'Jacksonville');

INSERT INTO NP_g VALUES (165, 'email', 'example.com');

INSERT INTO N_g VALUES (166, 'Person');

INSERT INTO NP_g VALUES (166, 'name', 'Wilson');

INSERT INTO NP_g VALUES (166, 'age', '50');

INSERT INTO NP_g VALUES (166, 'city', 'Diego');

INSERT INTO NP_g VALUES (166, 'email', 'example.com');

INSERT INTO N_g VALUES (167, 'Person');

INSERT INTO NP_g VALUES (167, 'name', 'Harris');

INSERT INTO NP_g VALUES (167, 'age', '57');

INSERT INTO NP_g VALUES (167, 'city', 'Antonio');

INSERT INTO NP_g VALUES (167, 'email', 'example.com');

INSERT INTO N_g VALUES (168, 'Person');

INSERT INTO NP_g VALUES (168, 'name', 'Harris');

INSERT INTO NP_g VALUES (168, 'age', '30');

INSERT INTO NP_g VALUES (168, 'city', 'Dallas');

INSERT INTO NP_g VALUES (168, 'email', 'example.com');

INSERT INTO N_g VALUES (169, 'Person');

INSERT INTO NP_g VALUES (169, 'name', 'Garcia');

INSERT INTO NP_g VALUES (169, 'age', '40');

INSERT INTO NP_g VALUES (169, 'city', 'Jacksonville');

INSERT INTO NP_g VALUES (169, 'email', 'example.com');

INSERT INTO N_g VALUES (170, 'Person');

INSERT INTO NP_g VALUES (170, 'name', 'Martinez');

INSERT INTO NP_g VALUES (170, 'age', '31');

INSERT INTO NP_g VALUES (170, 'city', 'Dallas');

INSERT INTO NP_g VALUES (170, 'email', 'example.com');

INSERT INTO N_g VALUES (171, 'Person');

INSERT INTO NP_g VALUES (171, 'name', 'Jones');

INSERT INTO NP_g VALUES (171, 'age', '57');

INSERT INTO NP_g VALUES (171, 'city', 'Phoenix');

INSERT INTO NP_g VALUES (171, 'email', 'example.com');

INSERT INTO N_g VALUES (172, 'Person');

INSERT INTO NP_g VALUES (172, 'name', 'Thompson');

INSERT INTO NP_g VALUES (172, 'age', '56');

INSERT INTO NP_g VALUES (172, 'city', 'Austin');

INSERT INTO NP_g VALUES (172, 'email', 'example.com');

INSERT INTO N_g VALUES (173, 'Person');

INSERT INTO NP_g VALUES (173, 'name', 'Jones');

INSERT INTO NP_g VALUES (173, 'age', '59');

INSERT INTO NP_g VALUES (173, 'city', 'Diego');

INSERT INTO NP_g VALUES (173, 'email', 'example.com');

INSERT INTO N_g VALUES (174, 'Person');

INSERT INTO NP_g VALUES (174, 'name', 'Taylor');

INSERT INTO NP_g VALUES (174, 'age', '53');

INSERT INTO NP_g VALUES (174, 'city', 'Diego');

INSERT INTO NP_g VALUES (174, 'email', 'example.com');

INSERT INTO N_g VALUES (175, 'Person');

INSERT INTO NP_g VALUES (175, 'name', 'Martin');

INSERT INTO NP_g VALUES (175, 'age', '39');

INSERT INTO NP_g VALUES (175, 'city', 'Jose');

INSERT INTO NP_g VALUES (175, 'email', 'example.com');

INSERT INTO N_g VALUES (176, 'Person');

INSERT INTO NP_g VALUES (176, 'name', 'Williams');

INSERT INTO NP_g VALUES (176, 'age', '23');

INSERT INTO NP_g VALUES (176, 'city', 'Jose');

INSERT INTO NP_g VALUES (176, 'email', 'example.com');

INSERT INTO N_g VALUES (177, 'Person');

INSERT INTO NP_g VALUES (177, 'name', 'Martinez');

INSERT INTO NP_g VALUES (177, 'age', '56');

INSERT INTO NP_g VALUES (177, 'city', 'Philadelphia');

INSERT INTO NP_g VALUES (177, 'email', 'example.com');

INSERT INTO N_g VALUES (178, 'Person');

INSERT INTO NP_g VALUES (178, 'name', 'Martinez');

INSERT INTO NP_g VALUES (178, 'age', '24');

INSERT INTO NP_g VALUES (178, 'city', 'Dallas');

INSERT INTO NP_g VALUES (178, 'email', 'example.com');

INSERT INTO N_g VALUES (179, 'Person');

INSERT INTO NP_g VALUES (179, 'name', 'Miller');

INSERT INTO NP_g VALUES (179, 'age', '27');

INSERT INTO NP_g VALUES (179, 'city', 'Denver');

INSERT INTO NP_g VALUES (179, 'email', 'example.com');

INSERT INTO N_g VALUES (180, 'Person');

INSERT INTO NP_g VALUES (180, 'name', 'Taylor');

INSERT INTO NP_g VALUES (180, 'age', '27');

INSERT INTO NP_g VALUES (180, 'city', 'Dallas');

INSERT INTO NP_g VALUES (180, 'email', 'example.com');

INSERT INTO N_g VALUES (181, 'Person');

INSERT INTO NP_g VALUES (181, 'name', 'Martinez');

INSERT INTO NP_g VALUES (181, 'age', '32');

INSERT INTO NP_g VALUES (181, 'city', 'Antonio');

INSERT INTO NP_g VALUES (181, 'email', 'example.com');

INSERT INTO N_g VALUES (182, 'Person');

INSERT INTO NP_g VALUES (182, 'name', 'Johnson');

INSERT INTO NP_g VALUES (182, 'age', '34');

INSERT INTO NP_g VALUES (182, 'city', 'Dallas');

INSERT INTO NP_g VALUES (182, 'email', 'example.com');

INSERT INTO N_g VALUES (183, 'Person');

INSERT INTO NP_g VALUES (183, 'name', 'Davis');

INSERT INTO NP_g VALUES (183, 'age', '36');

INSERT INTO NP_g VALUES (183, 'city', 'Antonio');

INSERT INTO NP_g VALUES (183, 'email', 'example.com');

INSERT INTO N_g VALUES (184, 'Person');

INSERT INTO NP_g VALUES (184, 'name', 'Thompson');

INSERT INTO NP_g VALUES (184, 'age', '30');

INSERT INTO NP_g VALUES (184, 'city', 'Philadelphia');

INSERT INTO NP_g VALUES (184, 'email', 'example.com');

INSERT INTO N_g VALUES (185, 'Person');

INSERT INTO NP_g VALUES (185, 'name', 'Johnson');

INSERT INTO NP_g VALUES (185, 'age', '46');

INSERT INTO NP_g VALUES (185, 'city', 'Philadelphia');

INSERT INTO NP_g VALUES (185, 'email', 'example.com');

INSERT INTO N_g VALUES (186, 'Person');

INSERT INTO NP_g VALUES (186, 'name', 'Taylor');

INSERT INTO NP_g VALUES (186, 'age', '28');

INSERT INTO NP_g VALUES (186, 'city', 'Phoenix');

INSERT INTO NP_g VALUES (186, 'email', 'example.com');

INSERT INTO N_g VALUES (187, 'Person');

INSERT INTO NP_g VALUES (187, 'name', 'Thompson');

INSERT INTO NP_g VALUES (187, 'age', '54');

INSERT INTO NP_g VALUES (187, 'city', 'Antonio');

INSERT INTO NP_g VALUES (187, 'email', 'example.com');

INSERT INTO N_g VALUES (188, 'Person');

INSERT INTO NP_g VALUES (188, 'name', 'Martin');

INSERT INTO NP_g VALUES (188, 'age', '36');

INSERT INTO NP_g VALUES (188, 'city', 'Diego');

INSERT INTO NP_g VALUES (188, 'email', 'example.com');

INSERT INTO N_g VALUES (189, 'Person');

INSERT INTO NP_g VALUES (189, 'name', 'White');

INSERT INTO NP_g VALUES (189, 'age', '64');

INSERT INTO NP_g VALUES (189, 'city', 'Phoenix');

INSERT INTO NP_g VALUES (189, 'email', 'example.com');

INSERT INTO N_g VALUES (190, 'Person');

INSERT INTO NP_g VALUES (190, 'name', 'Harris');

INSERT INTO NP_g VALUES (190, 'age', '30');

INSERT INTO NP_g VALUES (190, 'city', 'Diego');

INSERT INTO NP_g VALUES (190, 'email', 'example.com');

INSERT INTO N_g VALUES (191, 'Person');

INSERT INTO NP_g VALUES (191, 'name', 'Martin');

INSERT INTO NP_g VALUES (191, 'age', '37');

INSERT INTO NP_g VALUES (191, 'city', 'Denver');

INSERT INTO NP_g VALUES (191, 'email', 'example.com');

INSERT INTO N_g VALUES (192, 'Person');

INSERT INTO NP_g VALUES (192, 'name', 'Brown');

INSERT INTO NP_g VALUES (192, 'age', '23');

INSERT INTO NP_g VALUES (192, 'city', 'Philadelphia');

INSERT INTO NP_g VALUES (192, 'email', 'example.com');

INSERT INTO N_g VALUES (193, 'Person');

INSERT INTO NP_g VALUES (193, 'name', 'Brown');

INSERT INTO NP_g VALUES (193, 'age', '47');

INSERT INTO NP_g VALUES (193, 'city', 'Chicago');

INSERT INTO NP_g VALUES (193, 'email', 'example.com');

INSERT INTO N_g VALUES (194, 'Person');

INSERT INTO NP_g VALUES (194, 'name', 'Davis');

INSERT INTO NP_g VALUES (194, 'age', '58');

INSERT INTO NP_g VALUES (194, 'city', 'Diego');

INSERT INTO NP_g VALUES (194, 'email', 'example.com');

INSERT INTO N_g VALUES (195, 'Person');

INSERT INTO NP_g VALUES (195, 'name', 'Davis');

INSERT INTO NP_g VALUES (195, 'age', '44');

INSERT INTO NP_g VALUES (195, 'city', 'Phoenix');

INSERT INTO NP_g VALUES (195, 'email', 'example.com');

INSERT INTO N_g VALUES (196, 'Person');

INSERT INTO NP_g VALUES (196, 'name', 'Moore');

INSERT INTO NP_g VALUES (196, 'age', '54');

INSERT INTO NP_g VALUES (196, 'city', 'Seattle');

INSERT INTO NP_g VALUES (196, 'email', 'example.com');

INSERT INTO N_g VALUES (197, 'Person');

INSERT INTO NP_g VALUES (197, 'name', 'Martinez');

INSERT INTO NP_g VALUES (197, 'age', '35');

INSERT INTO NP_g VALUES (197, 'city', 'Diego');

INSERT INTO NP_g VALUES (197, 'email', 'example.com');

INSERT INTO N_g VALUES (198, 'Person');

INSERT INTO NP_g VALUES (198, 'name', 'Jones');

INSERT INTO NP_g VALUES (198, 'age', '28');

INSERT INTO NP_g VALUES (198, 'city', 'Angeles');

INSERT INTO NP_g VALUES (198, 'email', 'example.com');

INSERT INTO N_g VALUES (199, 'Person');

INSERT INTO NP_g VALUES (199, 'name', 'White');

INSERT INTO NP_g VALUES (199, 'age', '34');

INSERT INTO NP_g VALUES (199, 'city', 'Chicago');

INSERT INTO NP_g VALUES (199, 'email', 'example.com');

INSERT INTO N_g VALUES (200, 'Person');

INSERT INTO NP_g VALUES (200, 'name', 'Jones');

INSERT INTO NP_g VALUES (200, 'age', '31');

INSERT INTO NP_g VALUES (200, 'city', 'Diego');

INSERT INTO NP_g VALUES (200, 'email', 'example.com');

INSERT INTO N_g VALUES (201, 'Person');

INSERT INTO NP_g VALUES (201, 'name', 'Davis');

INSERT INTO NP_g VALUES (201, 'age', '27');

INSERT INTO NP_g VALUES (201, 'city', 'Philadelphia');

INSERT INTO NP_g VALUES (201, 'email', 'example.com');

INSERT INTO N_g VALUES (202, 'Person');

INSERT INTO NP_g VALUES (202, 'name', 'Jackson');

INSERT INTO NP_g VALUES (202, 'age', '41');

INSERT INTO NP_g VALUES (202, 'city', 'Jose');

INSERT INTO NP_g VALUES (202, 'email', 'example.com');

INSERT INTO N_g VALUES (203, 'Person');

INSERT INTO NP_g VALUES (203, 'name', 'White');

INSERT INTO NP_g VALUES (203, 'age', '44');

INSERT INTO NP_g VALUES (203, 'city', 'Seattle');

INSERT INTO NP_g VALUES (203, 'email', 'example.com');

INSERT INTO N_g VALUES (204, 'Person');

INSERT INTO NP_g VALUES (204, 'name', 'Anderson');

INSERT INTO NP_g VALUES (204, 'age', '44');

INSERT INTO NP_g VALUES (204, 'city', 'Jacksonville');

INSERT INTO NP_g VALUES (204, 'email', 'example.com');

INSERT INTO N_g VALUES (205, 'Person');

INSERT INTO NP_g VALUES (205, 'name', 'Miller');

INSERT INTO NP_g VALUES (205, 'age', '39');

INSERT INTO NP_g VALUES (205, 'city', 'Dallas');

INSERT INTO NP_g VALUES (205, 'email', 'example.com');

INSERT INTO N_g VALUES (206, 'Person');

INSERT INTO NP_g VALUES (206, 'name', 'Wilson');

INSERT INTO NP_g VALUES (206, 'age', '55');

INSERT INTO NP_g VALUES (206, 'city', 'Antonio');

INSERT INTO NP_g VALUES (206, 'email', 'example.com');

INSERT INTO N_g VALUES (207, 'Person');

INSERT INTO NP_g VALUES (207, 'name', 'Jones');

INSERT INTO NP_g VALUES (207, 'age', '53');

INSERT INTO NP_g VALUES (207, 'city', 'Austin');

INSERT INTO NP_g VALUES (207, 'email', 'example.com');

INSERT INTO N_g VALUES (208, 'Person');

INSERT INTO NP_g VALUES (208, 'name', 'Johnson');

INSERT INTO NP_g VALUES (208, 'age', '60');

INSERT INTO NP_g VALUES (208, 'city', 'Philadelphia');

INSERT INTO NP_g VALUES (208, 'email', 'example.com');

INSERT INTO N_g VALUES (209, 'Person');

INSERT INTO NP_g VALUES (209, 'name', 'Martinez');

INSERT INTO NP_g VALUES (209, 'age', '35');

INSERT INTO NP_g VALUES (209, 'city', 'Seattle');

INSERT INTO NP_g VALUES (209, 'email', 'example.com');

INSERT INTO N_g VALUES (210, 'Person');

INSERT INTO NP_g VALUES (210, 'name', 'Brown');

INSERT INTO NP_g VALUES (210, 'age', '25');

INSERT INTO NP_g VALUES (210, 'city', 'Diego');

INSERT INTO NP_g VALUES (210, 'email', 'example.com');

INSERT INTO N_g VALUES (211, 'Person');

INSERT INTO NP_g VALUES (211, 'name', 'Moore');

INSERT INTO NP_g VALUES (211, 'age', '61');

INSERT INTO NP_g VALUES (211, 'city', 'Jacksonville');

INSERT INTO NP_g VALUES (211, 'email', 'example.com');

INSERT INTO N_g VALUES (212, 'Person');

INSERT INTO NP_g VALUES (212, 'name', 'Jones');

INSERT INTO NP_g VALUES (212, 'age', '35');

INSERT INTO NP_g VALUES (212, 'city', 'Dallas');

INSERT INTO NP_g VALUES (212, 'email', 'example.com');

INSERT INTO N_g VALUES (213, 'Person');

INSERT INTO NP_g VALUES (213, 'name', 'Martinez');

INSERT INTO NP_g VALUES (213, 'age', '38');

INSERT INTO NP_g VALUES (213, 'city', 'Diego');

INSERT INTO NP_g VALUES (213, 'email', 'example.com');

INSERT INTO N_g VALUES (214, 'Person');

INSERT INTO NP_g VALUES (214, 'name', 'Lee');

INSERT INTO NP_g VALUES (214, 'age', '48');

INSERT INTO NP_g VALUES (214, 'city', 'Angeles');

INSERT INTO NP_g VALUES (214, 'email', 'example.com');

INSERT INTO N_g VALUES (215, 'Person');

INSERT INTO NP_g VALUES (215, 'name', 'Jones');

INSERT INTO NP_g VALUES (215, 'age', '29');

INSERT INTO NP_g VALUES (215, 'city', 'Jacksonville');

INSERT INTO NP_g VALUES (215, 'email', 'example.com');

INSERT INTO N_g VALUES (216, 'Person');

INSERT INTO NP_g VALUES (216, 'name', 'Taylor');

INSERT INTO NP_g VALUES (216, 'age', '48');

INSERT INTO NP_g VALUES (216, 'city', 'Seattle');

INSERT INTO NP_g VALUES (216, 'email', 'example.com');

INSERT INTO N_g VALUES (217, 'Person');

INSERT INTO NP_g VALUES (217, 'name', 'Jackson');

INSERT INTO NP_g VALUES (217, 'age', '29');

INSERT INTO NP_g VALUES (217, 'city', 'Denver');

INSERT INTO NP_g VALUES (217, 'email', 'example.com');

INSERT INTO N_g VALUES (218, 'Person');

INSERT INTO NP_g VALUES (218, 'name', 'Martin');

INSERT INTO NP_g VALUES (218, 'age', '33');

INSERT INTO NP_g VALUES (218, 'city', 'Francisco');

INSERT INTO NP_g VALUES (218, 'email', 'example.com');

INSERT INTO N_g VALUES (219, 'Person');

INSERT INTO NP_g VALUES (219, 'name', 'Williams');

INSERT INTO NP_g VALUES (219, 'age', '32');

INSERT INTO NP_g VALUES (219, 'city', 'Francisco');

INSERT INTO NP_g VALUES (219, 'email', 'example.com');

INSERT INTO N_g VALUES (220, 'Person');

INSERT INTO NP_g VALUES (220, 'name', 'Taylor');

INSERT INTO NP_g VALUES (220, 'age', '45');

INSERT INTO NP_g VALUES (220, 'city', 'Austin');

INSERT INTO NP_g VALUES (220, 'email', 'example.com');

INSERT INTO N_g VALUES (221, 'Person');

INSERT INTO NP_g VALUES (221, 'name', 'Martinez');

INSERT INTO NP_g VALUES (221, 'age', '64');

INSERT INTO NP_g VALUES (221, 'city', 'Philadelphia');

INSERT INTO NP_g VALUES (221, 'email', 'example.com');

INSERT INTO N_g VALUES (222, 'Person');

INSERT INTO NP_g VALUES (222, 'name', 'Jackson');

INSERT INTO NP_g VALUES (222, 'age', '65');

INSERT INTO NP_g VALUES (222, 'city', 'Antonio');

INSERT INTO NP_g VALUES (222, 'email', 'example.com');

INSERT INTO N_g VALUES (223, 'Person');

INSERT INTO NP_g VALUES (223, 'name', 'Lee');

INSERT INTO NP_g VALUES (223, 'age', '38');

INSERT INTO NP_g VALUES (223, 'city', 'Francisco');

INSERT INTO NP_g VALUES (223, 'email', 'example.com');

INSERT INTO N_g VALUES (224, 'Person');

INSERT INTO NP_g VALUES (224, 'name', 'Wilson');

INSERT INTO NP_g VALUES (224, 'age', '29');

INSERT INTO NP_g VALUES (224, 'city', 'Phoenix');

INSERT INTO NP_g VALUES (224, 'email', 'example.com');

INSERT INTO N_g VALUES (225, 'Person');

INSERT INTO NP_g VALUES (225, 'name', 'Martin');

INSERT INTO NP_g VALUES (225, 'age', '52');

INSERT INTO NP_g VALUES (225, 'city', 'Philadelphia');

INSERT INTO NP_g VALUES (225, 'email', 'example.com');

INSERT INTO N_g VALUES (226, 'Person');

INSERT INTO NP_g VALUES (226, 'name', 'White');

INSERT INTO NP_g VALUES (226, 'age', '55');

INSERT INTO NP_g VALUES (226, 'city', 'Chicago');

INSERT INTO NP_g VALUES (226, 'email', 'example.com');

INSERT INTO N_g VALUES (227, 'Person');

INSERT INTO NP_g VALUES (227, 'name', 'Davis');

INSERT INTO NP_g VALUES (227, 'age', '45');

INSERT INTO NP_g VALUES (227, 'city', 'Austin');

INSERT INTO NP_g VALUES (227, 'email', 'example.com');

INSERT INTO N_g VALUES (228, 'Person');

INSERT INTO NP_g VALUES (228, 'name', 'Davis');

INSERT INTO NP_g VALUES (228, 'age', '65');

INSERT INTO NP_g VALUES (228, 'city', 'Seattle');

INSERT INTO NP_g VALUES (228, 'email', 'example.com');

INSERT INTO N_g VALUES (229, 'Person');

INSERT INTO NP_g VALUES (229, 'name', 'Taylor');

INSERT INTO NP_g VALUES (229, 'age', '32');

INSERT INTO NP_g VALUES (229, 'city', 'Austin');

INSERT INTO NP_g VALUES (229, 'email', 'example.com');

INSERT INTO N_g VALUES (230, 'Person');

INSERT INTO NP_g VALUES (230, 'name', 'Smith');

INSERT INTO NP_g VALUES (230, 'age', '47');

INSERT INTO NP_g VALUES (230, 'city', 'Jose');

INSERT INTO NP_g VALUES (230, 'email', 'example.com');

INSERT INTO N_g VALUES (231, 'Person');

INSERT INTO NP_g VALUES (231, 'name', 'Jackson');

INSERT INTO NP_g VALUES (231, 'age', '48');

INSERT INTO NP_g VALUES (231, 'city', 'Denver');

INSERT INTO NP_g VALUES (231, 'email', 'example.com');

INSERT INTO N_g VALUES (232, 'Person');

INSERT INTO NP_g VALUES (232, 'name', 'Brown');

INSERT INTO NP_g VALUES (232, 'age', '56');

INSERT INTO NP_g VALUES (232, 'city', 'Francisco');

INSERT INTO NP_g VALUES (232, 'email', 'example.com');

INSERT INTO N_g VALUES (233, 'Person');

INSERT INTO NP_g VALUES (233, 'name', 'Smith');

INSERT INTO NP_g VALUES (233, 'age', '31');

INSERT INTO NP_g VALUES (233, 'city', 'Houston');

INSERT INTO NP_g VALUES (233, 'email', 'example.com');

INSERT INTO N_g VALUES (234, 'Person');

INSERT INTO NP_g VALUES (234, 'name', 'Garcia');

INSERT INTO NP_g VALUES (234, 'age', '61');

INSERT INTO NP_g VALUES (234, 'city', 'Dallas');

INSERT INTO NP_g VALUES (234, 'email', 'example.com');

INSERT INTO N_g VALUES (235, 'Person');

INSERT INTO NP_g VALUES (235, 'name', 'Thomas');

INSERT INTO NP_g VALUES (235, 'age', '32');

INSERT INTO NP_g VALUES (235, 'city', 'Houston');

INSERT INTO NP_g VALUES (235, 'email', 'example.com');

INSERT INTO N_g VALUES (236, 'Person');

INSERT INTO NP_g VALUES (236, 'name', 'Wilson');

INSERT INTO NP_g VALUES (236, 'age', '31');

INSERT INTO NP_g VALUES (236, 'city', 'Houston');

INSERT INTO NP_g VALUES (236, 'email', 'example.com');

INSERT INTO N_g VALUES (237, 'Person');

INSERT INTO NP_g VALUES (237, 'name', 'Jones');

INSERT INTO NP_g VALUES (237, 'age', '34');

INSERT INTO NP_g VALUES (237, 'city', 'Angeles');

INSERT INTO NP_g VALUES (237, 'email', 'example.com');

INSERT INTO N_g VALUES (238, 'Person');

INSERT INTO NP_g VALUES (238, 'name', 'Miller');

INSERT INTO NP_g VALUES (238, 'age', '48');

INSERT INTO NP_g VALUES (238, 'city', 'Phoenix');

INSERT INTO NP_g VALUES (238, 'email', 'example.com');

INSERT INTO N_g VALUES (239, 'Person');

INSERT INTO NP_g VALUES (239, 'name', 'Martinez');

INSERT INTO NP_g VALUES (239, 'age', '44');

INSERT INTO NP_g VALUES (239, 'city', 'Jacksonville');

INSERT INTO NP_g VALUES (239, 'email', 'example.com');

INSERT INTO N_g VALUES (240, 'Person');

INSERT INTO NP_g VALUES (240, 'name', 'Jones');

INSERT INTO NP_g VALUES (240, 'age', '48');

INSERT INTO NP_g VALUES (240, 'city', 'Antonio');

INSERT INTO NP_g VALUES (240, 'email', 'example.com');

INSERT INTO N_g VALUES (241, 'Person');

INSERT INTO NP_g VALUES (241, 'name', 'Taylor');

INSERT INTO NP_g VALUES (241, 'age', '51');

INSERT INTO NP_g VALUES (241, 'city', 'Philadelphia');

INSERT INTO NP_g VALUES (241, 'email', 'example.com');

INSERT INTO N_g VALUES (242, 'Person');

INSERT INTO NP_g VALUES (242, 'name', 'Jackson');

INSERT INTO NP_g VALUES (242, 'age', '61');

INSERT INTO NP_g VALUES (242, 'city', 'Austin');

INSERT INTO NP_g VALUES (242, 'email', 'example.com');

INSERT INTO N_g VALUES (243, 'Person');

INSERT INTO NP_g VALUES (243, 'name', 'Jackson');

INSERT INTO NP_g VALUES (243, 'age', '39');

INSERT INTO NP_g VALUES (243, 'city', 'Philadelphia');

INSERT INTO NP_g VALUES (243, 'email', 'example.com');

INSERT INTO N_g VALUES (244, 'Person');

INSERT INTO NP_g VALUES (244, 'name', 'Lee');

INSERT INTO NP_g VALUES (244, 'age', '29');

INSERT INTO NP_g VALUES (244, 'city', 'Jose');

INSERT INTO NP_g VALUES (244, 'email', 'example.com');

INSERT INTO N_g VALUES (245, 'Person');

INSERT INTO NP_g VALUES (245, 'name', 'Thompson');

INSERT INTO NP_g VALUES (245, 'age', '48');

INSERT INTO NP_g VALUES (245, 'city', 'Chicago');

INSERT INTO NP_g VALUES (245, 'email', 'example.com');

INSERT INTO N_g VALUES (246, 'Person');

INSERT INTO NP_g VALUES (246, 'name', 'Wilson');

INSERT INTO NP_g VALUES (246, 'age', '61');

INSERT INTO NP_g VALUES (246, 'city', 'Angeles');

INSERT INTO NP_g VALUES (246, 'email', 'example.com');

INSERT INTO N_g VALUES (247, 'Person');

INSERT INTO NP_g VALUES (247, 'name', 'Davis');

INSERT INTO NP_g VALUES (247, 'age', '31');

INSERT INTO NP_g VALUES (247, 'city', 'Denver');

INSERT INTO NP_g VALUES (247, 'email', 'example.com');

INSERT INTO N_g VALUES (248, 'Person');

INSERT INTO NP_g VALUES (248, 'name', 'Harris');

INSERT INTO NP_g VALUES (248, 'age', '45');

INSERT INTO NP_g VALUES (248, 'city', 'Philadelphia');

INSERT INTO NP_g VALUES (248, 'email', 'example.com');

INSERT INTO N_g VALUES (249, 'Person');

INSERT INTO NP_g VALUES (249, 'name', 'Brown');

INSERT INTO NP_g VALUES (249, 'age', '23');

INSERT INTO NP_g VALUES (249, 'city', 'Denver');

INSERT INTO NP_g VALUES (249, 'email', 'example.com');

INSERT INTO N_g VALUES (250, 'Person');

INSERT INTO NP_g VALUES (250, 'name', 'Wilson');

INSERT INTO NP_g VALUES (250, 'age', '57');

INSERT INTO NP_g VALUES (250, 'city', 'Jose');

INSERT INTO NP_g VALUES (250, 'email', 'example.com');

INSERT INTO N_g VALUES (251, 'Person');

INSERT INTO NP_g VALUES (251, 'name', 'Thompson');

INSERT INTO NP_g VALUES (251, 'age', '60');

INSERT INTO NP_g VALUES (251, 'city', 'Houston');

INSERT INTO NP_g VALUES (251, 'email', 'example.com');

INSERT INTO N_g VALUES (252, 'Person');

INSERT INTO NP_g VALUES (252, 'name', 'Miller');

INSERT INTO NP_g VALUES (252, 'age', '33');

INSERT INTO NP_g VALUES (252, 'city', 'Angeles');

INSERT INTO NP_g VALUES (252, 'email', 'example.com');

INSERT INTO N_g VALUES (253, 'Person');

INSERT INTO NP_g VALUES (253, 'name', 'White');

INSERT INTO NP_g VALUES (253, 'age', '29');

INSERT INTO NP_g VALUES (253, 'city', 'Dallas');

INSERT INTO NP_g VALUES (253, 'email', 'example.com');

INSERT INTO N_g VALUES (254, 'Person');

INSERT INTO NP_g VALUES (254, 'name', 'Garcia');

INSERT INTO NP_g VALUES (254, 'age', '28');

INSERT INTO NP_g VALUES (254, 'city', 'York');

INSERT INTO NP_g VALUES (254, 'email', 'example.com');

INSERT INTO N_g VALUES (255, 'Person');

INSERT INTO NP_g VALUES (255, 'name', 'Davis');

INSERT INTO NP_g VALUES (255, 'age', '22');

INSERT INTO NP_g VALUES (255, 'city', 'Antonio');

INSERT INTO NP_g VALUES (255, 'email', 'example.com');

INSERT INTO N_g VALUES (256, 'Person');

INSERT INTO NP_g VALUES (256, 'name', 'White');

INSERT INTO NP_g VALUES (256, 'age', '40');

INSERT INTO NP_g VALUES (256, 'city', 'Jacksonville');

INSERT INTO NP_g VALUES (256, 'email', 'example.com');

INSERT INTO N_g VALUES (257, 'Person');

INSERT INTO NP_g VALUES (257, 'name', 'Williams');

INSERT INTO NP_g VALUES (257, 'age', '43');

INSERT INTO NP_g VALUES (257, 'city', 'Chicago');

INSERT INTO NP_g VALUES (257, 'email', 'example.com');

INSERT INTO N_g VALUES (258, 'Person');

INSERT INTO NP_g VALUES (258, 'name', 'Brown');

INSERT INTO NP_g VALUES (258, 'age', '53');

INSERT INTO NP_g VALUES (258, 'city', 'Phoenix');

INSERT INTO NP_g VALUES (258, 'email', 'example.com');

INSERT INTO N_g VALUES (259, 'Person');

INSERT INTO NP_g VALUES (259, 'name', 'Garcia');

INSERT INTO NP_g VALUES (259, 'age', '22');

INSERT INTO NP_g VALUES (259, 'city', 'Philadelphia');

INSERT INTO NP_g VALUES (259, 'email', 'example.com');

INSERT INTO N_g VALUES (260, 'Person');

INSERT INTO NP_g VALUES (260, 'name', 'Garcia');

INSERT INTO NP_g VALUES (260, 'age', '48');

INSERT INTO NP_g VALUES (260, 'city', 'Diego');

INSERT INTO NP_g VALUES (260, 'email', 'example.com');

INSERT INTO N_g VALUES (261, 'Person');

INSERT INTO NP_g VALUES (261, 'name', 'Wilson');

INSERT INTO NP_g VALUES (261, 'age', '40');

INSERT INTO NP_g VALUES (261, 'city', 'Chicago');

INSERT INTO NP_g VALUES (261, 'email', 'example.com');

INSERT INTO N_g VALUES (262, 'Person');

INSERT INTO NP_g VALUES (262, 'name', 'Jones');

INSERT INTO NP_g VALUES (262, 'age', '58');

INSERT INTO NP_g VALUES (262, 'city', 'Francisco');

INSERT INTO NP_g VALUES (262, 'email', 'example.com');

INSERT INTO N_g VALUES (263, 'Person');

INSERT INTO NP_g VALUES (263, 'name', 'White');

INSERT INTO NP_g VALUES (263, 'age', '63');

INSERT INTO NP_g VALUES (263, 'city', 'Diego');

INSERT INTO NP_g VALUES (263, 'email', 'example.com');

INSERT INTO N_g VALUES (264, 'Person');

INSERT INTO NP_g VALUES (264, 'name', 'Anderson');

INSERT INTO NP_g VALUES (264, 'age', '60');

INSERT INTO NP_g VALUES (264, 'city', 'Philadelphia');

INSERT INTO NP_g VALUES (264, 'email', 'example.com');

INSERT INTO N_g VALUES (265, 'Person');

INSERT INTO NP_g VALUES (265, 'name', 'Wilson');

INSERT INTO NP_g VALUES (265, 'age', '37');

INSERT INTO NP_g VALUES (265, 'city', 'Angeles');

INSERT INTO NP_g VALUES (265, 'email', 'example.com');

INSERT INTO N_g VALUES (266, 'Person');

INSERT INTO NP_g VALUES (266, 'name', 'Lee');

INSERT INTO NP_g VALUES (266, 'age', '34');

INSERT INTO NP_g VALUES (266, 'city', 'Angeles');

INSERT INTO NP_g VALUES (266, 'email', 'example.com');

INSERT INTO N_g VALUES (267, 'Person');

INSERT INTO NP_g VALUES (267, 'name', 'Thomas');

INSERT INTO NP_g VALUES (267, 'age', '46');

INSERT INTO NP_g VALUES (267, 'city', 'Denver');

INSERT INTO NP_g VALUES (267, 'email', 'example.com');

INSERT INTO N_g VALUES (268, 'Person');

INSERT INTO NP_g VALUES (268, 'name', 'Miller');

INSERT INTO NP_g VALUES (268, 'age', '29');

INSERT INTO NP_g VALUES (268, 'city', 'Austin');

INSERT INTO NP_g VALUES (268, 'email', 'example.com');

INSERT INTO N_g VALUES (269, 'Person');

INSERT INTO NP_g VALUES (269, 'name', 'Johnson');

INSERT INTO NP_g VALUES (269, 'age', '35');

INSERT INTO NP_g VALUES (269, 'city', 'Antonio');

INSERT INTO NP_g VALUES (269, 'email', 'example.com');

INSERT INTO N_g VALUES (270, 'Person');

INSERT INTO NP_g VALUES (270, 'name', 'Taylor');

INSERT INTO NP_g VALUES (270, 'age', '58');

INSERT INTO NP_g VALUES (270, 'city', 'Dallas');

INSERT INTO NP_g VALUES (270, 'email', 'example.com');

INSERT INTO N_g VALUES (271, 'Person');

INSERT INTO NP_g VALUES (271, 'name', 'Williams');

INSERT INTO NP_g VALUES (271, 'age', '29');

INSERT INTO NP_g VALUES (271, 'city', 'Diego');

INSERT INTO NP_g VALUES (271, 'email', 'example.com');

INSERT INTO N_g VALUES (272, 'Person');

INSERT INTO NP_g VALUES (272, 'name', 'Thomas');

INSERT INTO NP_g VALUES (272, 'age', '49');

INSERT INTO NP_g VALUES (272, 'city', 'Denver');

INSERT INTO NP_g VALUES (272, 'email', 'example.com');

INSERT INTO N_g VALUES (273, 'Person');

INSERT INTO NP_g VALUES (273, 'name', 'White');

INSERT INTO NP_g VALUES (273, 'age', '38');

INSERT INTO NP_g VALUES (273, 'city', 'Francisco');

INSERT INTO NP_g VALUES (273, 'email', 'example.com');

INSERT INTO N_g VALUES (274, 'Person');

INSERT INTO NP_g VALUES (274, 'name', 'Martin');

INSERT INTO NP_g VALUES (274, 'age', '54');

INSERT INTO NP_g VALUES (274, 'city', 'Phoenix');

INSERT INTO NP_g VALUES (274, 'email', 'example.com');

INSERT INTO N_g VALUES (275, 'Person');

INSERT INTO NP_g VALUES (275, 'name', 'Anderson');

INSERT INTO NP_g VALUES (275, 'age', '45');

INSERT INTO NP_g VALUES (275, 'city', 'Francisco');

INSERT INTO NP_g VALUES (275, 'email', 'example.com');

INSERT INTO N_g VALUES (276, 'Person');

INSERT INTO NP_g VALUES (276, 'name', 'Smith');

INSERT INTO NP_g VALUES (276, 'age', '38');

INSERT INTO NP_g VALUES (276, 'city', 'Angeles');

INSERT INTO NP_g VALUES (276, 'email', 'example.com');

INSERT INTO N_g VALUES (277, 'Person');

INSERT INTO NP_g VALUES (277, 'name', 'Harris');

INSERT INTO NP_g VALUES (277, 'age', '28');

INSERT INTO NP_g VALUES (277, 'city', 'York');

INSERT INTO NP_g VALUES (277, 'email', 'example.com');

INSERT INTO N_g VALUES (278, 'Person');

INSERT INTO NP_g VALUES (278, 'name', 'Garcia');

INSERT INTO NP_g VALUES (278, 'age', '31');

INSERT INTO NP_g VALUES (278, 'city', 'Francisco');

INSERT INTO NP_g VALUES (278, 'email', 'example.com');

INSERT INTO N_g VALUES (279, 'Person');

INSERT INTO NP_g VALUES (279, 'name', 'Martinez');

INSERT INTO NP_g VALUES (279, 'age', '59');

INSERT INTO NP_g VALUES (279, 'city', 'Chicago');

INSERT INTO NP_g VALUES (279, 'email', 'example.com');

INSERT INTO N_g VALUES (280, 'Person');

INSERT INTO NP_g VALUES (280, 'name', 'Brown');

INSERT INTO NP_g VALUES (280, 'age', '26');

INSERT INTO NP_g VALUES (280, 'city', 'Phoenix');

INSERT INTO NP_g VALUES (280, 'email', 'example.com');

INSERT INTO N_g VALUES (281, 'Person');

INSERT INTO NP_g VALUES (281, 'name', 'Moore');

INSERT INTO NP_g VALUES (281, 'age', '65');

INSERT INTO NP_g VALUES (281, 'city', 'Houston');

INSERT INTO NP_g VALUES (281, 'email', 'example.com');

INSERT INTO N_g VALUES (282, 'Person');

INSERT INTO NP_g VALUES (282, 'name', 'Thompson');

INSERT INTO NP_g VALUES (282, 'age', '24');

INSERT INTO NP_g VALUES (282, 'city', 'Houston');

INSERT INTO NP_g VALUES (282, 'email', 'example.com');

INSERT INTO N_g VALUES (283, 'Person');

INSERT INTO NP_g VALUES (283, 'name', 'Williams');

INSERT INTO NP_g VALUES (283, 'age', '38');

INSERT INTO NP_g VALUES (283, 'city', 'Angeles');

INSERT INTO NP_g VALUES (283, 'email', 'example.com');

INSERT INTO N_g VALUES (284, 'Person');

INSERT INTO NP_g VALUES (284, 'name', 'Brown');

INSERT INTO NP_g VALUES (284, 'age', '32');

INSERT INTO NP_g VALUES (284, 'city', 'Philadelphia');

INSERT INTO NP_g VALUES (284, 'email', 'example.com');

INSERT INTO N_g VALUES (285, 'Person');

INSERT INTO NP_g VALUES (285, 'name', 'White');

INSERT INTO NP_g VALUES (285, 'age', '48');

INSERT INTO NP_g VALUES (285, 'city', 'Dallas');

INSERT INTO NP_g VALUES (285, 'email', 'example.com');

INSERT INTO N_g VALUES (286, 'Person');

INSERT INTO NP_g VALUES (286, 'name', 'Anderson');

INSERT INTO NP_g VALUES (286, 'age', '41');

INSERT INTO NP_g VALUES (286, 'city', 'Denver');

INSERT INTO NP_g VALUES (286, 'email', 'example.com');

INSERT INTO N_g VALUES (287, 'Person');

INSERT INTO NP_g VALUES (287, 'name', 'White');

INSERT INTO NP_g VALUES (287, 'age', '44');

INSERT INTO NP_g VALUES (287, 'city', 'Houston');

INSERT INTO NP_g VALUES (287, 'email', 'example.com');

INSERT INTO N_g VALUES (288, 'Person');

INSERT INTO NP_g VALUES (288, 'name', 'Miller');

INSERT INTO NP_g VALUES (288, 'age', '46');

INSERT INTO NP_g VALUES (288, 'city', 'Dallas');

INSERT INTO NP_g VALUES (288, 'email', 'example.com');

INSERT INTO N_g VALUES (289, 'Person');

INSERT INTO NP_g VALUES (289, 'name', 'Lee');

INSERT INTO NP_g VALUES (289, 'age', '32');

INSERT INTO NP_g VALUES (289, 'city', 'Denver');

INSERT INTO NP_g VALUES (289, 'email', 'example.com');

INSERT INTO N_g VALUES (290, 'Person');

INSERT INTO NP_g VALUES (290, 'name', 'Jones');

INSERT INTO NP_g VALUES (290, 'age', '63');

INSERT INTO NP_g VALUES (290, 'city', 'Austin');

INSERT INTO NP_g VALUES (290, 'email', 'example.com');

INSERT INTO N_g VALUES (291, 'Person');

INSERT INTO NP_g VALUES (291, 'name', 'Lee');

INSERT INTO NP_g VALUES (291, 'age', '63');

INSERT INTO NP_g VALUES (291, 'city', 'Seattle');

INSERT INTO NP_g VALUES (291, 'email', 'example.com');

INSERT INTO N_g VALUES (292, 'Person');

INSERT INTO NP_g VALUES (292, 'name', 'Jackson');

INSERT INTO NP_g VALUES (292, 'age', '65');

INSERT INTO NP_g VALUES (292, 'city', 'Angeles');

INSERT INTO NP_g VALUES (292, 'email', 'example.com');

INSERT INTO N_g VALUES (293, 'Person');

INSERT INTO NP_g VALUES (293, 'name', 'Johnson');

INSERT INTO NP_g VALUES (293, 'age', '44');

INSERT INTO NP_g VALUES (293, 'city', 'Antonio');

INSERT INTO NP_g VALUES (293, 'email', 'example.com');

INSERT INTO N_g VALUES (294, 'Person');

INSERT INTO NP_g VALUES (294, 'name', 'Martin');

INSERT INTO NP_g VALUES (294, 'age', '43');

INSERT INTO NP_g VALUES (294, 'city', 'Phoenix');

INSERT INTO NP_g VALUES (294, 'email', 'example.com');

INSERT INTO N_g VALUES (295, 'Person');

INSERT INTO NP_g VALUES (295, 'name', 'Garcia');

INSERT INTO NP_g VALUES (295, 'age', '64');

INSERT INTO NP_g VALUES (295, 'city', 'Austin');

INSERT INTO NP_g VALUES (295, 'email', 'example.com');

INSERT INTO N_g VALUES (296, 'Person');

INSERT INTO NP_g VALUES (296, 'name', 'Jackson');

INSERT INTO NP_g VALUES (296, 'age', '62');

INSERT INTO NP_g VALUES (296, 'city', 'Seattle');

INSERT INTO NP_g VALUES (296, 'email', 'example.com');

INSERT INTO N_g VALUES (297, 'Person');

INSERT INTO NP_g VALUES (297, 'name', 'White');

INSERT INTO NP_g VALUES (297, 'age', '55');

INSERT INTO NP_g VALUES (297, 'city', 'Angeles');

INSERT INTO NP_g VALUES (297, 'email', 'example.com');

INSERT INTO N_g VALUES (298, 'Person');

INSERT INTO NP_g VALUES (298, 'name', 'Smith');

INSERT INTO NP_g VALUES (298, 'age', '57');

INSERT INTO NP_g VALUES (298, 'city', 'Houston');

INSERT INTO NP_g VALUES (298, 'email', 'example.com');

INSERT INTO N_g VALUES (299, 'Person');

INSERT INTO NP_g VALUES (299, 'name', 'Martinez');

INSERT INTO NP_g VALUES (299, 'age', '48');

INSERT INTO NP_g VALUES (299, 'city', 'Jose');

INSERT INTO NP_g VALUES (299, 'email', 'example.com');

INSERT INTO N_g VALUES (300, 'Person');

INSERT INTO NP_g VALUES (300, 'name', 'Johnson');

INSERT INTO NP_g VALUES (300, 'age', '35');

INSERT INTO NP_g VALUES (300, 'city', 'Denver');

INSERT INTO NP_g VALUES (300, 'email', 'example.com');

INSERT INTO N_g VALUES (301, 'Company');

INSERT INTO NP_g VALUES (301, 'name', '1');

INSERT INTO NP_g VALUES (301, 'industry', 'Healthcare');

INSERT INTO NP_g VALUES (301, 'size', 'Small');

INSERT INTO NP_g VALUES (301, 'founded', '1994');

INSERT INTO N_g VALUES (302, 'Company');

INSERT INTO NP_g VALUES (302, 'name', '2');

INSERT INTO NP_g VALUES (302, 'industry', 'Healthcare');

INSERT INTO NP_g VALUES (302, 'size', 'Medium');

INSERT INTO NP_g VALUES (302, 'founded', '2022');

INSERT INTO N_g VALUES (303, 'Company');

INSERT INTO NP_g VALUES (303, 'name', '3');

INSERT INTO NP_g VALUES (303, 'industry', 'Technology');

INSERT INTO NP_g VALUES (303, 'size', 'Small');

INSERT INTO NP_g VALUES (303, 'founded', '2020');

INSERT INTO N_g VALUES (304, 'Company');

INSERT INTO NP_g VALUES (304, 'name', '4');

INSERT INTO NP_g VALUES (304, 'industry', 'Technology');

INSERT INTO NP_g VALUES (304, 'size', 'Enterprise');

INSERT INTO NP_g VALUES (304, 'founded', '1996');

INSERT INTO N_g VALUES (305, 'Company');

INSERT INTO NP_g VALUES (305, 'name', '5');

INSERT INTO NP_g VALUES (305, 'industry', 'Finance');

INSERT INTO NP_g VALUES (305, 'size', 'Medium');

INSERT INTO NP_g VALUES (305, 'founded', '1996');

INSERT INTO N_g VALUES (306, 'Company');

INSERT INTO NP_g VALUES (306, 'name', '6');

INSERT INTO NP_g VALUES (306, 'industry', 'Manufacturing');

INSERT INTO NP_g VALUES (306, 'size', 'Large');

INSERT INTO NP_g VALUES (306, 'founded', '2010');

INSERT INTO N_g VALUES (307, 'Company');

INSERT INTO NP_g VALUES (307, 'name', '7');

INSERT INTO NP_g VALUES (307, 'industry', 'Healthcare');

INSERT INTO NP_g VALUES (307, 'size', 'Enterprise');

INSERT INTO NP_g VALUES (307, 'founded', '1991');

INSERT INTO N_g VALUES (308, 'Company');

INSERT INTO NP_g VALUES (308, 'name', '8');

INSERT INTO NP_g VALUES (308, 'industry', 'Healthcare');

INSERT INTO NP_g VALUES (308, 'size', 'Small');

INSERT INTO NP_g VALUES (308, 'founded', '2022');

INSERT INTO N_g VALUES (309, 'Company');

INSERT INTO NP_g VALUES (309, 'name', '9');

INSERT INTO NP_g VALUES (309, 'industry', 'Manufacturing');

INSERT INTO NP_g VALUES (309, 'size', 'Enterprise');

INSERT INTO NP_g VALUES (309, 'founded', '2003');

INSERT INTO N_g VALUES (310, 'Company');

INSERT INTO NP_g VALUES (310, 'name', '10');

INSERT INTO NP_g VALUES (310, 'industry', 'Retail');

INSERT INTO NP_g VALUES (310, 'size', 'Enterprise');

INSERT INTO NP_g VALUES (310, 'founded', '1993');

INSERT INTO N_g VALUES (311, 'Company');

INSERT INTO NP_g VALUES (311, 'name', '11');

INSERT INTO NP_g VALUES (311, 'industry', 'Technology');

INSERT INTO NP_g VALUES (311, 'size', 'Large');

INSERT INTO NP_g VALUES (311, 'founded', '1998');

INSERT INTO N_g VALUES (312, 'Company');

INSERT INTO NP_g VALUES (312, 'name', '12');

INSERT INTO NP_g VALUES (312, 'industry', 'Healthcare');

INSERT INTO NP_g VALUES (312, 'size', 'Large');

INSERT INTO NP_g VALUES (312, 'founded', '2023');

INSERT INTO N_g VALUES (313, 'Company');

INSERT INTO NP_g VALUES (313, 'name', '13');

INSERT INTO NP_g VALUES (313, 'industry', 'Healthcare');

INSERT INTO NP_g VALUES (313, 'size', 'Small');

INSERT INTO NP_g VALUES (313, 'founded', '2012');

INSERT INTO N_g VALUES (314, 'Company');

INSERT INTO NP_g VALUES (314, 'name', '14');

INSERT INTO NP_g VALUES (314, 'industry', 'Healthcare');

INSERT INTO NP_g VALUES (314, 'size', 'Large');

INSERT INTO NP_g VALUES (314, 'founded', '2013');

INSERT INTO N_g VALUES (315, 'Company');

INSERT INTO NP_g VALUES (315, 'name', '15');

INSERT INTO NP_g VALUES (315, 'industry', 'Healthcare');

INSERT INTO NP_g VALUES (315, 'size', 'Small');

INSERT INTO NP_g VALUES (315, 'founded', '2014');

INSERT INTO N_g VALUES (316, 'Company');

INSERT INTO NP_g VALUES (316, 'name', '16');

INSERT INTO NP_g VALUES (316, 'industry', 'Finance');

INSERT INTO NP_g VALUES (316, 'size', 'Small');

INSERT INTO NP_g VALUES (316, 'founded', '1991');

INSERT INTO N_g VALUES (317, 'Company');

INSERT INTO NP_g VALUES (317, 'name', '17');

INSERT INTO NP_g VALUES (317, 'industry', 'Technology');

INSERT INTO NP_g VALUES (317, 'size', 'Large');

INSERT INTO NP_g VALUES (317, 'founded', '2004');

INSERT INTO N_g VALUES (318, 'Company');

INSERT INTO NP_g VALUES (318, 'name', '18');

INSERT INTO NP_g VALUES (318, 'industry', 'Retail');

INSERT INTO NP_g VALUES (318, 'size', 'Small');

INSERT INTO NP_g VALUES (318, 'founded', '2012');

INSERT INTO N_g VALUES (319, 'Company');

INSERT INTO NP_g VALUES (319, 'name', '19');

INSERT INTO NP_g VALUES (319, 'industry', 'Technology');

INSERT INTO NP_g VALUES (319, 'size', 'Large');

INSERT INTO NP_g VALUES (319, 'founded', '1992');

INSERT INTO N_g VALUES (320, 'Company');

INSERT INTO NP_g VALUES (320, 'name', '20');

INSERT INTO NP_g VALUES (320, 'industry', 'Retail');

INSERT INTO NP_g VALUES (320, 'size', 'Large');

INSERT INTO NP_g VALUES (320, 'founded', '1990');

INSERT INTO N_g VALUES (321, 'Company');

INSERT INTO NP_g VALUES (321, 'name', '21');

INSERT INTO NP_g VALUES (321, 'industry', 'Manufacturing');

INSERT INTO NP_g VALUES (321, 'size', 'Small');

INSERT INTO NP_g VALUES (321, 'founded', '2002');

INSERT INTO N_g VALUES (322, 'Company');

INSERT INTO NP_g VALUES (322, 'name', '22');

INSERT INTO NP_g VALUES (322, 'industry', 'Manufacturing');

INSERT INTO NP_g VALUES (322, 'size', 'Enterprise');

INSERT INTO NP_g VALUES (322, 'founded', '1992');

INSERT INTO N_g VALUES (323, 'Company');

INSERT INTO NP_g VALUES (323, 'name', '23');

INSERT INTO NP_g VALUES (323, 'industry', 'Technology');

INSERT INTO NP_g VALUES (323, 'size', 'Large');

INSERT INTO NP_g VALUES (323, 'founded', '2015');

INSERT INTO N_g VALUES (324, 'Company');

INSERT INTO NP_g VALUES (324, 'name', '24');

INSERT INTO NP_g VALUES (324, 'industry', 'Retail');

INSERT INTO NP_g VALUES (324, 'size', 'Enterprise');

INSERT INTO NP_g VALUES (324, 'founded', '1993');

INSERT INTO N_g VALUES (325, 'Company');

INSERT INTO NP_g VALUES (325, 'name', '25');

INSERT INTO NP_g VALUES (325, 'industry', 'Technology');

INSERT INTO NP_g VALUES (325, 'size', 'Small');

INSERT INTO NP_g VALUES (325, 'founded', '1995');

INSERT INTO N_g VALUES (326, 'Company');

INSERT INTO NP_g VALUES (326, 'name', '26');

INSERT INTO NP_g VALUES (326, 'industry', 'Healthcare');

INSERT INTO NP_g VALUES (326, 'size', 'Small');

INSERT INTO NP_g VALUES (326, 'founded', '2018');

INSERT INTO N_g VALUES (327, 'Company');

INSERT INTO NP_g VALUES (327, 'name', '27');

INSERT INTO NP_g VALUES (327, 'industry', 'Manufacturing');

INSERT INTO NP_g VALUES (327, 'size', 'Large');

INSERT INTO NP_g VALUES (327, 'founded', '2016');

INSERT INTO N_g VALUES (328, 'Company');

INSERT INTO NP_g VALUES (328, 'name', '28');

INSERT INTO NP_g VALUES (328, 'industry', 'Technology');

INSERT INTO NP_g VALUES (328, 'size', 'Small');

INSERT INTO NP_g VALUES (328, 'founded', '2003');

INSERT INTO N_g VALUES (329, 'Company');

INSERT INTO NP_g VALUES (329, 'name', '29');

INSERT INTO NP_g VALUES (329, 'industry', 'Finance');

INSERT INTO NP_g VALUES (329, 'size', 'Medium');

INSERT INTO NP_g VALUES (329, 'founded', '2001');

INSERT INTO N_g VALUES (330, 'Company');

INSERT INTO NP_g VALUES (330, 'name', '30');

INSERT INTO NP_g VALUES (330, 'industry', 'Retail');

INSERT INTO NP_g VALUES (330, 'size', 'Enterprise');

INSERT INTO NP_g VALUES (330, 'founded', '1997');

INSERT INTO N_g VALUES (331, 'Company');

INSERT INTO NP_g VALUES (331, 'name', '31');

INSERT INTO NP_g VALUES (331, 'industry', 'Finance');

INSERT INTO NP_g VALUES (331, 'size', 'Small');

INSERT INTO NP_g VALUES (331, 'founded', '1993');

INSERT INTO N_g VALUES (332, 'Company');

INSERT INTO NP_g VALUES (332, 'name', '32');

INSERT INTO NP_g VALUES (332, 'industry', 'Technology');

INSERT INTO NP_g VALUES (332, 'size', 'Enterprise');

INSERT INTO NP_g VALUES (332, 'founded', '2017');

INSERT INTO N_g VALUES (333, 'Company');

INSERT INTO NP_g VALUES (333, 'name', '33');

INSERT INTO NP_g VALUES (333, 'industry', 'Technology');

INSERT INTO NP_g VALUES (333, 'size', 'Enterprise');

INSERT INTO NP_g VALUES (333, 'founded', '1994');

INSERT INTO N_g VALUES (334, 'Company');

INSERT INTO NP_g VALUES (334, 'name', '34');

INSERT INTO NP_g VALUES (334, 'industry', 'Healthcare');

INSERT INTO NP_g VALUES (334, 'size', 'Small');

INSERT INTO NP_g VALUES (334, 'founded', '2021');

INSERT INTO N_g VALUES (335, 'Company');

INSERT INTO NP_g VALUES (335, 'name', '35');

INSERT INTO NP_g VALUES (335, 'industry', 'Manufacturing');

INSERT INTO NP_g VALUES (335, 'size', 'Medium');

INSERT INTO NP_g VALUES (335, 'founded', '2023');

INSERT INTO N_g VALUES (336, 'Company');

INSERT INTO NP_g VALUES (336, 'name', '36');

INSERT INTO NP_g VALUES (336, 'industry', 'Healthcare');

INSERT INTO NP_g VALUES (336, 'size', 'Large');

INSERT INTO NP_g VALUES (336, 'founded', '1991');

INSERT INTO N_g VALUES (337, 'Company');

INSERT INTO NP_g VALUES (337, 'name', '37');

INSERT INTO NP_g VALUES (337, 'industry', 'Finance');

INSERT INTO NP_g VALUES (337, 'size', 'Enterprise');

INSERT INTO NP_g VALUES (337, 'founded', '2015');

INSERT INTO N_g VALUES (338, 'Company');

INSERT INTO NP_g VALUES (338, 'name', '38');

INSERT INTO NP_g VALUES (338, 'industry', 'Healthcare');

INSERT INTO NP_g VALUES (338, 'size', 'Enterprise');

INSERT INTO NP_g VALUES (338, 'founded', '2007');

INSERT INTO N_g VALUES (339, 'Company');

INSERT INTO NP_g VALUES (339, 'name', '39');

INSERT INTO NP_g VALUES (339, 'industry', 'Retail');

INSERT INTO NP_g VALUES (339, 'size', 'Medium');

INSERT INTO NP_g VALUES (339, 'founded', '2000');

INSERT INTO N_g VALUES (340, 'Company');

INSERT INTO NP_g VALUES (340, 'name', '40');

INSERT INTO NP_g VALUES (340, 'industry', 'Manufacturing');

INSERT INTO NP_g VALUES (340, 'size', 'Large');

INSERT INTO NP_g VALUES (340, 'founded', '2020');

INSERT INTO N_g VALUES (341, 'Company');

INSERT INTO NP_g VALUES (341, 'name', '41');

INSERT INTO NP_g VALUES (341, 'industry', 'Finance');

INSERT INTO NP_g VALUES (341, 'size', 'Enterprise');

INSERT INTO NP_g VALUES (341, 'founded', '2009');

INSERT INTO N_g VALUES (342, 'Company');

INSERT INTO NP_g VALUES (342, 'name', '42');

INSERT INTO NP_g VALUES (342, 'industry', 'Finance');

INSERT INTO NP_g VALUES (342, 'size', 'Small');

INSERT INTO NP_g VALUES (342, 'founded', '1992');

INSERT INTO N_g VALUES (343, 'Company');

INSERT INTO NP_g VALUES (343, 'name', '43');

INSERT INTO NP_g VALUES (343, 'industry', 'Retail');

INSERT INTO NP_g VALUES (343, 'size', 'Small');

INSERT INTO NP_g VALUES (343, 'founded', '2007');

INSERT INTO N_g VALUES (344, 'Company');

INSERT INTO NP_g VALUES (344, 'name', '44');

INSERT INTO NP_g VALUES (344, 'industry', 'Manufacturing');

INSERT INTO NP_g VALUES (344, 'size', 'Enterprise');

INSERT INTO NP_g VALUES (344, 'founded', '2003');

INSERT INTO N_g VALUES (345, 'Company');

INSERT INTO NP_g VALUES (345, 'name', '45');

INSERT INTO NP_g VALUES (345, 'industry', 'Retail');

INSERT INTO NP_g VALUES (345, 'size', 'Enterprise');

INSERT INTO NP_g VALUES (345, 'founded', '2009');

INSERT INTO N_g VALUES (346, 'Company');

INSERT INTO NP_g VALUES (346, 'name', '46');

INSERT INTO NP_g VALUES (346, 'industry', 'Technology');

INSERT INTO NP_g VALUES (346, 'size', 'Large');

INSERT INTO NP_g VALUES (346, 'founded', '1997');

INSERT INTO N_g VALUES (347, 'Company');

INSERT INTO NP_g VALUES (347, 'name', '47');

INSERT INTO NP_g VALUES (347, 'industry', 'Retail');

INSERT INTO NP_g VALUES (347, 'size', 'Medium');

INSERT INTO NP_g VALUES (347, 'founded', '2010');

INSERT INTO N_g VALUES (348, 'Company');

INSERT INTO NP_g VALUES (348, 'name', '48');

INSERT INTO NP_g VALUES (348, 'industry', 'Retail');

INSERT INTO NP_g VALUES (348, 'size', 'Small');

INSERT INTO NP_g VALUES (348, 'founded', '1997');

INSERT INTO N_g VALUES (349, 'Company');

INSERT INTO NP_g VALUES (349, 'name', '49');

INSERT INTO NP_g VALUES (349, 'industry', 'Healthcare');

INSERT INTO NP_g VALUES (349, 'size', 'Small');

INSERT INTO NP_g VALUES (349, 'founded', '1997');

INSERT INTO N_g VALUES (350, 'Company');

INSERT INTO NP_g VALUES (350, 'name', '50');

INSERT INTO NP_g VALUES (350, 'industry', 'Retail');

INSERT INTO NP_g VALUES (350, 'size', 'Small');

INSERT INTO NP_g VALUES (350, 'founded', '2018');

INSERT INTO N_g VALUES (351, 'Company');

INSERT INTO NP_g VALUES (351, 'name', '51');

INSERT INTO NP_g VALUES (351, 'industry', 'Technology');

INSERT INTO NP_g VALUES (351, 'size', 'Small');

INSERT INTO NP_g VALUES (351, 'founded', '2000');

INSERT INTO N_g VALUES (352, 'Company');

INSERT INTO NP_g VALUES (352, 'name', '52');

INSERT INTO NP_g VALUES (352, 'industry', 'Technology');

INSERT INTO NP_g VALUES (352, 'size', 'Large');

INSERT INTO NP_g VALUES (352, 'founded', '2006');

INSERT INTO N_g VALUES (353, 'Company');

INSERT INTO NP_g VALUES (353, 'name', '53');

INSERT INTO NP_g VALUES (353, 'industry', 'Retail');

INSERT INTO NP_g VALUES (353, 'size', 'Enterprise');

INSERT INTO NP_g VALUES (353, 'founded', '2016');

INSERT INTO N_g VALUES (354, 'Company');

INSERT INTO NP_g VALUES (354, 'name', '54');

INSERT INTO NP_g VALUES (354, 'industry', 'Manufacturing');

INSERT INTO NP_g VALUES (354, 'size', 'Large');

INSERT INTO NP_g VALUES (354, 'founded', '2016');

INSERT INTO N_g VALUES (355, 'Company');

INSERT INTO NP_g VALUES (355, 'name', '55');

INSERT INTO NP_g VALUES (355, 'industry', 'Healthcare');

INSERT INTO NP_g VALUES (355, 'size', 'Enterprise');

INSERT INTO NP_g VALUES (355, 'founded', '2005');

INSERT INTO N_g VALUES (356, 'Company');

INSERT INTO NP_g VALUES (356, 'name', '56');

INSERT INTO NP_g VALUES (356, 'industry', 'Healthcare');

INSERT INTO NP_g VALUES (356, 'size', 'Large');

INSERT INTO NP_g VALUES (356, 'founded', '2013');

INSERT INTO N_g VALUES (357, 'Company');

INSERT INTO NP_g VALUES (357, 'name', '57');

INSERT INTO NP_g VALUES (357, 'industry', 'Technology');

INSERT INTO NP_g VALUES (357, 'size', 'Medium');

INSERT INTO NP_g VALUES (357, 'founded', '2016');

INSERT INTO N_g VALUES (358, 'Company');

INSERT INTO NP_g VALUES (358, 'name', '58');

INSERT INTO NP_g VALUES (358, 'industry', 'Healthcare');

INSERT INTO NP_g VALUES (358, 'size', 'Medium');

INSERT INTO NP_g VALUES (358, 'founded', '2006');

INSERT INTO N_g VALUES (359, 'Company');

INSERT INTO NP_g VALUES (359, 'name', '59');

INSERT INTO NP_g VALUES (359, 'industry', 'Technology');

INSERT INTO NP_g VALUES (359, 'size', 'Enterprise');

INSERT INTO NP_g VALUES (359, 'founded', '1992');

INSERT INTO N_g VALUES (360, 'Company');

INSERT INTO NP_g VALUES (360, 'name', '60');

INSERT INTO NP_g VALUES (360, 'industry', 'Healthcare');

INSERT INTO NP_g VALUES (360, 'size', 'Medium');

INSERT INTO NP_g VALUES (360, 'founded', '2018');

INSERT INTO N_g VALUES (361, 'Company');

INSERT INTO NP_g VALUES (361, 'name', '61');

INSERT INTO NP_g VALUES (361, 'industry', 'Finance');

INSERT INTO NP_g VALUES (361, 'size', 'Medium');

INSERT INTO NP_g VALUES (361, 'founded', '1996');

INSERT INTO N_g VALUES (362, 'Company');

INSERT INTO NP_g VALUES (362, 'name', '62');

INSERT INTO NP_g VALUES (362, 'industry', 'Healthcare');

INSERT INTO NP_g VALUES (362, 'size', 'Large');

INSERT INTO NP_g VALUES (362, 'founded', '1994');

INSERT INTO N_g VALUES (363, 'Company');

INSERT INTO NP_g VALUES (363, 'name', '63');

INSERT INTO NP_g VALUES (363, 'industry', 'Retail');

INSERT INTO NP_g VALUES (363, 'size', 'Enterprise');

INSERT INTO NP_g VALUES (363, 'founded', '2016');

INSERT INTO N_g VALUES (364, 'Company');

INSERT INTO NP_g VALUES (364, 'name', '64');

INSERT INTO NP_g VALUES (364, 'industry', 'Manufacturing');

INSERT INTO NP_g VALUES (364, 'size', 'Large');

INSERT INTO NP_g VALUES (364, 'founded', '2017');

INSERT INTO N_g VALUES (365, 'Company');

INSERT INTO NP_g VALUES (365, 'name', '65');

INSERT INTO NP_g VALUES (365, 'industry', 'Retail');

INSERT INTO NP_g VALUES (365, 'size', 'Medium');

INSERT INTO NP_g VALUES (365, 'founded', '2018');

INSERT INTO N_g VALUES (366, 'Company');

INSERT INTO NP_g VALUES (366, 'name', '66');

INSERT INTO NP_g VALUES (366, 'industry', 'Finance');

INSERT INTO NP_g VALUES (366, 'size', 'Small');

INSERT INTO NP_g VALUES (366, 'founded', '2020');

INSERT INTO N_g VALUES (367, 'Company');

INSERT INTO NP_g VALUES (367, 'name', '67');

INSERT INTO NP_g VALUES (367, 'industry', 'Manufacturing');

INSERT INTO NP_g VALUES (367, 'size', 'Small');

INSERT INTO NP_g VALUES (367, 'founded', '1997');

INSERT INTO N_g VALUES (368, 'Company');

INSERT INTO NP_g VALUES (368, 'name', '68');

INSERT INTO NP_g VALUES (368, 'industry', 'Manufacturing');

INSERT INTO NP_g VALUES (368, 'size', 'Enterprise');

INSERT INTO NP_g VALUES (368, 'founded', '2019');

INSERT INTO N_g VALUES (369, 'Company');

INSERT INTO NP_g VALUES (369, 'name', '69');

INSERT INTO NP_g VALUES (369, 'industry', 'Manufacturing');

INSERT INTO NP_g VALUES (369, 'size', 'Small');

INSERT INTO NP_g VALUES (369, 'founded', '1997');

INSERT INTO N_g VALUES (370, 'Company');

INSERT INTO NP_g VALUES (370, 'name', '70');

INSERT INTO NP_g VALUES (370, 'industry', 'Retail');

INSERT INTO NP_g VALUES (370, 'size', 'Enterprise');

INSERT INTO NP_g VALUES (370, 'founded', '2005');

INSERT INTO N_g VALUES (371, 'Company');

INSERT INTO NP_g VALUES (371, 'name', '71');

INSERT INTO NP_g VALUES (371, 'industry', 'Manufacturing');

INSERT INTO NP_g VALUES (371, 'size', 'Large');

INSERT INTO NP_g VALUES (371, 'founded', '2007');

INSERT INTO N_g VALUES (372, 'Company');

INSERT INTO NP_g VALUES (372, 'name', '72');

INSERT INTO NP_g VALUES (372, 'industry', 'Retail');

INSERT INTO NP_g VALUES (372, 'size', 'Medium');

INSERT INTO NP_g VALUES (372, 'founded', '1999');

INSERT INTO N_g VALUES (373, 'Company');

INSERT INTO NP_g VALUES (373, 'name', '73');

INSERT INTO NP_g VALUES (373, 'industry', 'Retail');

INSERT INTO NP_g VALUES (373, 'size', 'Enterprise');

INSERT INTO NP_g VALUES (373, 'founded', '2021');

INSERT INTO N_g VALUES (374, 'Company');

INSERT INTO NP_g VALUES (374, 'name', '74');

INSERT INTO NP_g VALUES (374, 'industry', 'Technology');

INSERT INTO NP_g VALUES (374, 'size', 'Enterprise');

INSERT INTO NP_g VALUES (374, 'founded', '2010');

INSERT INTO N_g VALUES (375, 'Company');

INSERT INTO NP_g VALUES (375, 'name', '75');

INSERT INTO NP_g VALUES (375, 'industry', 'Retail');

INSERT INTO NP_g VALUES (375, 'size', 'Enterprise');

INSERT INTO NP_g VALUES (375, 'founded', '2021');

INSERT INTO N_g VALUES (376, 'Company');

INSERT INTO NP_g VALUES (376, 'name', '76');

INSERT INTO NP_g VALUES (376, 'industry', 'Manufacturing');

INSERT INTO NP_g VALUES (376, 'size', 'Medium');

INSERT INTO NP_g VALUES (376, 'founded', '2011');

INSERT INTO N_g VALUES (377, 'Company');

INSERT INTO NP_g VALUES (377, 'name', '77');

INSERT INTO NP_g VALUES (377, 'industry', 'Healthcare');

INSERT INTO NP_g VALUES (377, 'size', 'Large');

INSERT INTO NP_g VALUES (377, 'founded', '2006');

INSERT INTO N_g VALUES (378, 'Company');

INSERT INTO NP_g VALUES (378, 'name', '78');

INSERT INTO NP_g VALUES (378, 'industry', 'Manufacturing');

INSERT INTO NP_g VALUES (378, 'size', 'Large');

INSERT INTO NP_g VALUES (378, 'founded', '2020');

INSERT INTO N_g VALUES (379, 'Company');

INSERT INTO NP_g VALUES (379, 'name', '79');

INSERT INTO NP_g VALUES (379, 'industry', 'Retail');

INSERT INTO NP_g VALUES (379, 'size', 'Small');

INSERT INTO NP_g VALUES (379, 'founded', '2004');

INSERT INTO N_g VALUES (380, 'Company');

INSERT INTO NP_g VALUES (380, 'name', '80');

INSERT INTO NP_g VALUES (380, 'industry', 'Healthcare');

INSERT INTO NP_g VALUES (380, 'size', 'Small');

INSERT INTO NP_g VALUES (380, 'founded', '2019');

INSERT INTO N_g VALUES (381, 'Company');

INSERT INTO NP_g VALUES (381, 'name', '81');

INSERT INTO NP_g VALUES (381, 'industry', 'Retail');

INSERT INTO NP_g VALUES (381, 'size', 'Large');

INSERT INTO NP_g VALUES (381, 'founded', '1994');

INSERT INTO N_g VALUES (382, 'Company');

INSERT INTO NP_g VALUES (382, 'name', '82');

INSERT INTO NP_g VALUES (382, 'industry', 'Manufacturing');

INSERT INTO NP_g VALUES (382, 'size', 'Medium');

INSERT INTO NP_g VALUES (382, 'founded', '2018');

INSERT INTO N_g VALUES (383, 'Company');

INSERT INTO NP_g VALUES (383, 'name', '83');

INSERT INTO NP_g VALUES (383, 'industry', 'Technology');

INSERT INTO NP_g VALUES (383, 'size', 'Medium');

INSERT INTO NP_g VALUES (383, 'founded', '1993');

INSERT INTO N_g VALUES (384, 'Company');

INSERT INTO NP_g VALUES (384, 'name', '84');

INSERT INTO NP_g VALUES (384, 'industry', 'Finance');

INSERT INTO NP_g VALUES (384, 'size', 'Small');

INSERT INTO NP_g VALUES (384, 'founded', '2006');

INSERT INTO N_g VALUES (385, 'Company');

INSERT INTO NP_g VALUES (385, 'name', '85');

INSERT INTO NP_g VALUES (385, 'industry', 'Manufacturing');

INSERT INTO NP_g VALUES (385, 'size', 'Large');

INSERT INTO NP_g VALUES (385, 'founded', '1993');

INSERT INTO N_g VALUES (386, 'Company');

INSERT INTO NP_g VALUES (386, 'name', '86');

INSERT INTO NP_g VALUES (386, 'industry', 'Healthcare');

INSERT INTO NP_g VALUES (386, 'size', 'Large');

INSERT INTO NP_g VALUES (386, 'founded', '1999');

INSERT INTO N_g VALUES (387, 'Company');

INSERT INTO NP_g VALUES (387, 'name', '87');

INSERT INTO NP_g VALUES (387, 'industry', 'Technology');

INSERT INTO NP_g VALUES (387, 'size', 'Medium');

INSERT INTO NP_g VALUES (387, 'founded', '1990');

INSERT INTO N_g VALUES (388, 'Company');

INSERT INTO NP_g VALUES (388, 'name', '88');

INSERT INTO NP_g VALUES (388, 'industry', 'Manufacturing');

INSERT INTO NP_g VALUES (388, 'size', 'Enterprise');

INSERT INTO NP_g VALUES (388, 'founded', '2007');

INSERT INTO N_g VALUES (389, 'Company');

INSERT INTO NP_g VALUES (389, 'name', '89');

INSERT INTO NP_g VALUES (389, 'industry', 'Manufacturing');

INSERT INTO NP_g VALUES (389, 'size', 'Small');

INSERT INTO NP_g VALUES (389, 'founded', '1997');

INSERT INTO N_g VALUES (390, 'Company');

INSERT INTO NP_g VALUES (390, 'name', '90');

INSERT INTO NP_g VALUES (390, 'industry', 'Healthcare');

INSERT INTO NP_g VALUES (390, 'size', 'Large');

INSERT INTO NP_g VALUES (390, 'founded', '2023');

INSERT INTO N_g VALUES (391, 'Company');

INSERT INTO NP_g VALUES (391, 'name', '91');

INSERT INTO NP_g VALUES (391, 'industry', 'Finance');

INSERT INTO NP_g VALUES (391, 'size', 'Large');

INSERT INTO NP_g VALUES (391, 'founded', '2008');

INSERT INTO N_g VALUES (392, 'Company');

INSERT INTO NP_g VALUES (392, 'name', '92');

INSERT INTO NP_g VALUES (392, 'industry', 'Retail');

INSERT INTO NP_g VALUES (392, 'size', 'Medium');

INSERT INTO NP_g VALUES (392, 'founded', '2003');

INSERT INTO N_g VALUES (393, 'Company');

INSERT INTO NP_g VALUES (393, 'name', '93');

INSERT INTO NP_g VALUES (393, 'industry', 'Manufacturing');

INSERT INTO NP_g VALUES (393, 'size', 'Small');

INSERT INTO NP_g VALUES (393, 'founded', '1995');

INSERT INTO N_g VALUES (394, 'Company');

INSERT INTO NP_g VALUES (394, 'name', '94');

INSERT INTO NP_g VALUES (394, 'industry', 'Manufacturing');

INSERT INTO NP_g VALUES (394, 'size', 'Large');

INSERT INTO NP_g VALUES (394, 'founded', '2005');

INSERT INTO N_g VALUES (395, 'Company');

INSERT INTO NP_g VALUES (395, 'name', '95');

INSERT INTO NP_g VALUES (395, 'industry', 'Technology');

INSERT INTO NP_g VALUES (395, 'size', 'Large');

INSERT INTO NP_g VALUES (395, 'founded', '2018');

INSERT INTO N_g VALUES (396, 'Company');

INSERT INTO NP_g VALUES (396, 'name', '96');

INSERT INTO NP_g VALUES (396, 'industry', 'Healthcare');

INSERT INTO NP_g VALUES (396, 'size', 'Large');

INSERT INTO NP_g VALUES (396, 'founded', '1991');

INSERT INTO N_g VALUES (397, 'Company');

INSERT INTO NP_g VALUES (397, 'name', '97');

INSERT INTO NP_g VALUES (397, 'industry', 'Manufacturing');

INSERT INTO NP_g VALUES (397, 'size', 'Small');

INSERT INTO NP_g VALUES (397, 'founded', '2006');

INSERT INTO N_g VALUES (398, 'Company');

INSERT INTO NP_g VALUES (398, 'name', '98');

INSERT INTO NP_g VALUES (398, 'industry', 'Technology');

INSERT INTO NP_g VALUES (398, 'size', 'Medium');

INSERT INTO NP_g VALUES (398, 'founded', '1997');

INSERT INTO N_g VALUES (399, 'Company');

INSERT INTO NP_g VALUES (399, 'name', '99');

INSERT INTO NP_g VALUES (399, 'industry', 'Retail');

INSERT INTO NP_g VALUES (399, 'size', 'Large');

INSERT INTO NP_g VALUES (399, 'founded', '2005');

INSERT INTO N_g VALUES (400, 'Company');

INSERT INTO NP_g VALUES (400, 'name', '100');

INSERT INTO NP_g VALUES (400, 'industry', 'Manufacturing');

INSERT INTO NP_g VALUES (400, 'size', 'Small');

INSERT INTO NP_g VALUES (400, 'founded', '2017');

INSERT INTO N_g VALUES (401, 'Product');

INSERT INTO NP_g VALUES (401, 'name', 'Pro1');

INSERT INTO NP_g VALUES (401, 'price', '1399.63');

INSERT INTO NP_g VALUES (401, 'category', 'Electronics');

INSERT INTO NP_g VALUES (401, 'rating', '4.3');

INSERT INTO N_g VALUES (402, 'Product');

INSERT INTO NP_g VALUES (402, 'name', 'Pro2');

INSERT INTO NP_g VALUES (402, 'price', '1037.17');

INSERT INTO NP_g VALUES (402, 'category', 'Computing');

INSERT INTO NP_g VALUES (402, 'rating', '4.5');

INSERT INTO N_g VALUES (403, 'Product');

INSERT INTO NP_g VALUES (403, 'name', 'Pro3');

INSERT INTO NP_g VALUES (403, 'price', '706.25');

INSERT INTO NP_g VALUES (403, 'category', 'Audio');

INSERT INTO NP_g VALUES (403, 'rating', '4.6');

INSERT INTO N_g VALUES (404, 'Product');

INSERT INTO NP_g VALUES (404, 'name', 'Pro4');

INSERT INTO NP_g VALUES (404, 'price', '1273.5');

INSERT INTO NP_g VALUES (404, 'category', 'Accessories');

INSERT INTO NP_g VALUES (404, 'rating', '4.2');

INSERT INTO N_g VALUES (405, 'Product');

INSERT INTO NP_g VALUES (405, 'name', 'Pro5');

INSERT INTO NP_g VALUES (405, 'price', '722.09');

INSERT INTO NP_g VALUES (405, 'category', 'Accessories');

INSERT INTO NP_g VALUES (405, 'rating', '3.8');

INSERT INTO N_g VALUES (406, 'Product');

INSERT INTO NP_g VALUES (406, 'name', 'Pro6');

INSERT INTO NP_g VALUES (406, 'price', '1142.88');

INSERT INTO NP_g VALUES (406, 'category', 'Audio');

INSERT INTO NP_g VALUES (406, 'rating', '4.0');

INSERT INTO N_g VALUES (407, 'Product');

INSERT INTO NP_g VALUES (407, 'name', 'Pro7');

INSERT INTO NP_g VALUES (407, 'price', '742.47');

INSERT INTO NP_g VALUES (407, 'category', 'Accessories');

INSERT INTO NP_g VALUES (407, 'rating', '4.9');

INSERT INTO N_g VALUES (408, 'Product');

INSERT INTO NP_g VALUES (408, 'name', 'Pro8');

INSERT INTO NP_g VALUES (408, 'price', '1787.31');

INSERT INTO NP_g VALUES (408, 'category', 'Electronics');

INSERT INTO NP_g VALUES (408, 'rating', '3.5');

INSERT INTO N_g VALUES (409, 'Product');

INSERT INTO NP_g VALUES (409, 'name', 'Pro9');

INSERT INTO NP_g VALUES (409, 'price', '1364.4');

INSERT INTO NP_g VALUES (409, 'category', 'Electronics');

INSERT INTO NP_g VALUES (409, 'rating', '4.8');

INSERT INTO N_g VALUES (410, 'Product');

INSERT INTO NP_g VALUES (410, 'name', 'Pro10');

INSERT INTO NP_g VALUES (410, 'price', '1039.45');

INSERT INTO NP_g VALUES (410, 'category', 'Computing');

INSERT INTO NP_g VALUES (410, 'rating', '4.5');

INSERT INTO N_g VALUES (411, 'Product');

INSERT INTO NP_g VALUES (411, 'name', 'Pro11');

INSERT INTO NP_g VALUES (411, 'price', '1584.15');

INSERT INTO NP_g VALUES (411, 'category', 'Accessories');

INSERT INTO NP_g VALUES (411, 'rating', '3.7');

INSERT INTO N_g VALUES (412, 'Product');

INSERT INTO NP_g VALUES (412, 'name', 'Pro12');

INSERT INTO NP_g VALUES (412, 'price', '459.91');

INSERT INTO NP_g VALUES (412, 'category', 'Accessories');

INSERT INTO NP_g VALUES (412, 'rating', '3.8');

INSERT INTO N_g VALUES (413, 'Product');

INSERT INTO NP_g VALUES (413, 'name', 'Pro13');

INSERT INTO NP_g VALUES (413, 'price', '1581.11');

INSERT INTO NP_g VALUES (413, 'category', 'Electronics');

INSERT INTO NP_g VALUES (413, 'rating', '4.6');

INSERT INTO N_g VALUES (414, 'Product');

INSERT INTO NP_g VALUES (414, 'name', 'Pro14');

INSERT INTO NP_g VALUES (414, 'price', '312.64');

INSERT INTO NP_g VALUES (414, 'category', 'Computing');

INSERT INTO NP_g VALUES (414, 'rating', '4.9');

INSERT INTO N_g VALUES (415, 'Product');

INSERT INTO NP_g VALUES (415, 'name', 'Pro15');

INSERT INTO NP_g VALUES (415, 'price', '1889.63');

INSERT INTO NP_g VALUES (415, 'category', 'Computing');

INSERT INTO NP_g VALUES (415, 'rating', '4.6');

INSERT INTO N_g VALUES (416, 'Product');

INSERT INTO NP_g VALUES (416, 'name', 'Pro16');

INSERT INTO NP_g VALUES (416, 'price', '1727.64');

INSERT INTO NP_g VALUES (416, 'category', 'Computing');

INSERT INTO NP_g VALUES (416, 'rating', '4.3');

INSERT INTO N_g VALUES (417, 'Product');

INSERT INTO NP_g VALUES (417, 'name', 'Pro17');

INSERT INTO NP_g VALUES (417, 'price', '671.75');

INSERT INTO NP_g VALUES (417, 'category', 'Accessories');

INSERT INTO NP_g VALUES (417, 'rating', '4.8');

INSERT INTO N_g VALUES (418, 'Product');

INSERT INTO NP_g VALUES (418, 'name', 'Pro18');

INSERT INTO NP_g VALUES (418, 'price', '973.41');

INSERT INTO NP_g VALUES (418, 'category', 'Accessories');

INSERT INTO NP_g VALUES (418, 'rating', '4.0');

INSERT INTO N_g VALUES (419, 'Product');

INSERT INTO NP_g VALUES (419, 'name', 'Pro19');

INSERT INTO NP_g VALUES (419, 'price', '1797.11');

INSERT INTO NP_g VALUES (419, 'category', 'Accessories');

INSERT INTO NP_g VALUES (419, 'rating', '3.7');

INSERT INTO N_g VALUES (420, 'Product');

INSERT INTO NP_g VALUES (420, 'name', 'Pro20');

INSERT INTO NP_g VALUES (420, 'price', '1525.73');

INSERT INTO NP_g VALUES (420, 'category', 'Audio');

INSERT INTO NP_g VALUES (420, 'rating', '4.8');

INSERT INTO N_g VALUES (421, 'Product');

INSERT INTO NP_g VALUES (421, 'name', 'Pro21');

INSERT INTO NP_g VALUES (421, 'price', '1816.36');

INSERT INTO NP_g VALUES (421, 'category', 'Computing');

INSERT INTO NP_g VALUES (421, 'rating', '4.3');

INSERT INTO N_g VALUES (422, 'Product');

INSERT INTO NP_g VALUES (422, 'name', 'Pro22');

INSERT INTO NP_g VALUES (422, 'price', '671.62');

INSERT INTO NP_g VALUES (422, 'category', 'Computing');

INSERT INTO NP_g VALUES (422, 'rating', '4.5');

INSERT INTO N_g VALUES (423, 'Product');

INSERT INTO NP_g VALUES (423, 'name', 'Pro23');

INSERT INTO NP_g VALUES (423, 'price', '703.5');

INSERT INTO NP_g VALUES (423, 'category', 'Accessories');

INSERT INTO NP_g VALUES (423, 'rating', '3.6');

INSERT INTO N_g VALUES (424, 'Product');

INSERT INTO NP_g VALUES (424, 'name', 'Pro24');

INSERT INTO NP_g VALUES (424, 'price', '728.44');

INSERT INTO NP_g VALUES (424, 'category', 'Electronics');

INSERT INTO NP_g VALUES (424, 'rating', '4.6');

INSERT INTO N_g VALUES (425, 'Product');

INSERT INTO NP_g VALUES (425, 'name', 'Pro25');

INSERT INTO NP_g VALUES (425, 'price', '1340.99');

INSERT INTO NP_g VALUES (425, 'category', 'Audio');

INSERT INTO NP_g VALUES (425, 'rating', '3.7');

INSERT INTO N_g VALUES (426, 'Product');

INSERT INTO NP_g VALUES (426, 'name', 'Pro26');

INSERT INTO NP_g VALUES (426, 'price', '1616.86');

INSERT INTO NP_g VALUES (426, 'category', 'Computing');

INSERT INTO NP_g VALUES (426, 'rating', '4.9');

INSERT INTO N_g VALUES (427, 'Product');

INSERT INTO NP_g VALUES (427, 'name', 'Pro27');

INSERT INTO NP_g VALUES (427, 'price', '918.3');

INSERT INTO NP_g VALUES (427, 'category', 'Electronics');

INSERT INTO NP_g VALUES (427, 'rating', '4.7');

INSERT INTO N_g VALUES (428, 'Product');

INSERT INTO NP_g VALUES (428, 'name', 'Pro28');

INSERT INTO NP_g VALUES (428, 'price', '930.74');

INSERT INTO NP_g VALUES (428, 'category', 'Audio');

INSERT INTO NP_g VALUES (428, 'rating', '4.7');

INSERT INTO N_g VALUES (429, 'Product');

INSERT INTO NP_g VALUES (429, 'name', 'Pro29');

INSERT INTO NP_g VALUES (429, 'price', '1953.36');

INSERT INTO NP_g VALUES (429, 'category', 'Electronics');

INSERT INTO NP_g VALUES (429, 'rating', '4.9');

INSERT INTO N_g VALUES (430, 'Product');

INSERT INTO NP_g VALUES (430, 'name', 'Pro30');

INSERT INTO NP_g VALUES (430, 'price', '1419.65');

INSERT INTO NP_g VALUES (430, 'category', 'Accessories');

INSERT INTO NP_g VALUES (430, 'rating', '4.9');

INSERT INTO N_g VALUES (431, 'Product');

INSERT INTO NP_g VALUES (431, 'name', 'Pro31');

INSERT INTO NP_g VALUES (431, 'price', '731.68');

INSERT INTO NP_g VALUES (431, 'category', 'Accessories');

INSERT INTO NP_g VALUES (431, 'rating', '5.0');

INSERT INTO N_g VALUES (432, 'Product');

INSERT INTO NP_g VALUES (432, 'name', 'Pro32');

INSERT INTO NP_g VALUES (432, 'price', '1425.31');

INSERT INTO NP_g VALUES (432, 'category', 'Computing');

INSERT INTO NP_g VALUES (432, 'rating', '3.5');

INSERT INTO N_g VALUES (433, 'Product');

INSERT INTO NP_g VALUES (433, 'name', 'Pro33');

INSERT INTO NP_g VALUES (433, 'price', '967.43');

INSERT INTO NP_g VALUES (433, 'category', 'Audio');

INSERT INTO NP_g VALUES (433, 'rating', '3.6');

INSERT INTO N_g VALUES (434, 'Product');

INSERT INTO NP_g VALUES (434, 'name', 'Pro34');

INSERT INTO NP_g VALUES (434, 'price', '1392.28');

INSERT INTO NP_g VALUES (434, 'category', 'Computing');

INSERT INTO NP_g VALUES (434, 'rating', '4.9');

INSERT INTO N_g VALUES (435, 'Product');

INSERT INTO NP_g VALUES (435, 'name', 'Pro35');

INSERT INTO NP_g VALUES (435, 'price', '630.05');

INSERT INTO NP_g VALUES (435, 'category', 'Accessories');

INSERT INTO NP_g VALUES (435, 'rating', '4.3');

INSERT INTO N_g VALUES (436, 'Product');

INSERT INTO NP_g VALUES (436, 'name', 'Pro36');

INSERT INTO NP_g VALUES (436, 'price', '1820.68');

INSERT INTO NP_g VALUES (436, 'category', 'Computing');

INSERT INTO NP_g VALUES (436, 'rating', '5.0');

INSERT INTO N_g VALUES (437, 'Product');

INSERT INTO NP_g VALUES (437, 'name', 'Pro37');

INSERT INTO NP_g VALUES (437, 'price', '1884.06');

INSERT INTO NP_g VALUES (437, 'category', 'Computing');

INSERT INTO NP_g VALUES (437, 'rating', '4.1');

INSERT INTO N_g VALUES (438, 'Product');

INSERT INTO NP_g VALUES (438, 'name', 'Pro38');

INSERT INTO NP_g VALUES (438, 'price', '1622.03');

INSERT INTO NP_g VALUES (438, 'category', 'Electronics');

INSERT INTO NP_g VALUES (438, 'rating', '4.4');

INSERT INTO N_g VALUES (439, 'Product');

INSERT INTO NP_g VALUES (439, 'name', 'Pro39');

INSERT INTO NP_g VALUES (439, 'price', '1902.66');

INSERT INTO NP_g VALUES (439, 'category', 'Computing');

INSERT INTO NP_g VALUES (439, 'rating', '4.5');

INSERT INTO N_g VALUES (440, 'Product');

INSERT INTO NP_g VALUES (440, 'name', 'Pro40');

INSERT INTO NP_g VALUES (440, 'price', '446.72');

INSERT INTO NP_g VALUES (440, 'category', 'Electronics');

INSERT INTO NP_g VALUES (440, 'rating', '3.7');

INSERT INTO N_g VALUES (441, 'Product');

INSERT INTO NP_g VALUES (441, 'name', 'Pro41');

INSERT INTO NP_g VALUES (441, 'price', '1020.47');

INSERT INTO NP_g VALUES (441, 'category', 'Computing');

INSERT INTO NP_g VALUES (441, 'rating', '4.2');

INSERT INTO N_g VALUES (442, 'Product');

INSERT INTO NP_g VALUES (442, 'name', 'Pro42');

INSERT INTO NP_g VALUES (442, 'price', '1914.29');

INSERT INTO NP_g VALUES (442, 'category', 'Computing');

INSERT INTO NP_g VALUES (442, 'rating', '3.6');

INSERT INTO N_g VALUES (443, 'Product');

INSERT INTO NP_g VALUES (443, 'name', 'Pro43');

INSERT INTO NP_g VALUES (443, 'price', '343.19');

INSERT INTO NP_g VALUES (443, 'category', 'Accessories');

INSERT INTO NP_g VALUES (443, 'rating', '3.7');

INSERT INTO N_g VALUES (444, 'Product');

INSERT INTO NP_g VALUES (444, 'name', 'Pro44');

INSERT INTO NP_g VALUES (444, 'price', '1659.02');

INSERT INTO NP_g VALUES (444, 'category', 'Accessories');

INSERT INTO NP_g VALUES (444, 'rating', '4.6');

INSERT INTO N_g VALUES (445, 'Product');

INSERT INTO NP_g VALUES (445, 'name', 'Pro45');

INSERT INTO NP_g VALUES (445, 'price', '643.07');

INSERT INTO NP_g VALUES (445, 'category', 'Accessories');

INSERT INTO NP_g VALUES (445, 'rating', '3.7');

INSERT INTO N_g VALUES (446, 'Product');

INSERT INTO NP_g VALUES (446, 'name', 'Pro46');

INSERT INTO NP_g VALUES (446, 'price', '1571.2');

INSERT INTO NP_g VALUES (446, 'category', 'Computing');

INSERT INTO NP_g VALUES (446, 'rating', '4.8');

INSERT INTO N_g VALUES (447, 'Product');

INSERT INTO NP_g VALUES (447, 'name', 'Pro47');

INSERT INTO NP_g VALUES (447, 'price', '171.4');

INSERT INTO NP_g VALUES (447, 'category', 'Computing');

INSERT INTO NP_g VALUES (447, 'rating', '4.8');

INSERT INTO N_g VALUES (448, 'Product');

INSERT INTO NP_g VALUES (448, 'name', 'Pro48');

INSERT INTO NP_g VALUES (448, 'price', '857.6');

INSERT INTO NP_g VALUES (448, 'category', 'Computing');

INSERT INTO NP_g VALUES (448, 'rating', '4.3');

INSERT INTO N_g VALUES (449, 'Product');

INSERT INTO NP_g VALUES (449, 'name', 'Pro49');

INSERT INTO NP_g VALUES (449, 'price', '1705.71');

INSERT INTO NP_g VALUES (449, 'category', 'Accessories');

INSERT INTO NP_g VALUES (449, 'rating', '3.9');

INSERT INTO N_g VALUES (450, 'Product');

INSERT INTO NP_g VALUES (450, 'name', 'Pro50');

INSERT INTO NP_g VALUES (450, 'price', '102.24');

INSERT INTO NP_g VALUES (450, 'category', 'Computing');

INSERT INTO NP_g VALUES (450, 'rating', '4.3');

INSERT INTO N_g VALUES (451, 'Product');

INSERT INTO NP_g VALUES (451, 'name', 'Pro51');

INSERT INTO NP_g VALUES (451, 'price', '1754.92');

INSERT INTO NP_g VALUES (451, 'category', 'Computing');

INSERT INTO NP_g VALUES (451, 'rating', '3.7');

INSERT INTO N_g VALUES (452, 'Product');

INSERT INTO NP_g VALUES (452, 'name', 'Pro52');

INSERT INTO NP_g VALUES (452, 'price', '232.93');

INSERT INTO NP_g VALUES (452, 'category', 'Accessories');

INSERT INTO NP_g VALUES (452, 'rating', '4.4');

INSERT INTO N_g VALUES (453, 'Product');

INSERT INTO NP_g VALUES (453, 'name', 'Pro53');

INSERT INTO NP_g VALUES (453, 'price', '215.83');

INSERT INTO NP_g VALUES (453, 'category', 'Electronics');

INSERT INTO NP_g VALUES (453, 'rating', '4.4');

INSERT INTO N_g VALUES (454, 'Product');

INSERT INTO NP_g VALUES (454, 'name', 'Pro54');

INSERT INTO NP_g VALUES (454, 'price', '1706.8');

INSERT INTO NP_g VALUES (454, 'category', 'Electronics');

INSERT INTO NP_g VALUES (454, 'rating', '4.3');

INSERT INTO N_g VALUES (455, 'Product');

INSERT INTO NP_g VALUES (455, 'name', 'Pro55');

INSERT INTO NP_g VALUES (455, 'price', '1545.49');

INSERT INTO NP_g VALUES (455, 'category', 'Computing');

INSERT INTO NP_g VALUES (455, 'rating', '4.7');

INSERT INTO N_g VALUES (456, 'Product');

INSERT INTO NP_g VALUES (456, 'name', 'Pro56');

INSERT INTO NP_g VALUES (456, 'price', '440.79');

INSERT INTO NP_g VALUES (456, 'category', 'Computing');

INSERT INTO NP_g VALUES (456, 'rating', '4.9');

INSERT INTO N_g VALUES (457, 'Product');

INSERT INTO NP_g VALUES (457, 'name', 'Pro57');

INSERT INTO NP_g VALUES (457, 'price', '912.14');

INSERT INTO NP_g VALUES (457, 'category', 'Audio');

INSERT INTO NP_g VALUES (457, 'rating', '4.4');

INSERT INTO N_g VALUES (458, 'Product');

INSERT INTO NP_g VALUES (458, 'name', 'Pro58');

INSERT INTO NP_g VALUES (458, 'price', '1680.5');

INSERT INTO NP_g VALUES (458, 'category', 'Audio');

INSERT INTO NP_g VALUES (458, 'rating', '4.9');

INSERT INTO N_g VALUES (459, 'Product');

INSERT INTO NP_g VALUES (459, 'name', 'Pro59');

INSERT INTO NP_g VALUES (459, 'price', '1927.86');

INSERT INTO NP_g VALUES (459, 'category', 'Electronics');

INSERT INTO NP_g VALUES (459, 'rating', '4.0');

INSERT INTO N_g VALUES (460, 'Product');

INSERT INTO NP_g VALUES (460, 'name', 'Pro60');

INSERT INTO NP_g VALUES (460, 'price', '1721.78');

INSERT INTO NP_g VALUES (460, 'category', 'Accessories');

INSERT INTO NP_g VALUES (460, 'rating', '3.8');

INSERT INTO N_g VALUES (461, 'Product');

INSERT INTO NP_g VALUES (461, 'name', 'Pro61');

INSERT INTO NP_g VALUES (461, 'price', '724.87');

INSERT INTO NP_g VALUES (461, 'category', 'Electronics');

INSERT INTO NP_g VALUES (461, 'rating', '4.5');

INSERT INTO N_g VALUES (462, 'Product');

INSERT INTO NP_g VALUES (462, 'name', 'Pro62');

INSERT INTO NP_g VALUES (462, 'price', '186.3');

INSERT INTO NP_g VALUES (462, 'category', 'Audio');

INSERT INTO NP_g VALUES (462, 'rating', '4.2');

INSERT INTO N_g VALUES (463, 'Product');

INSERT INTO NP_g VALUES (463, 'name', 'Pro63');

INSERT INTO NP_g VALUES (463, 'price', '308.95');

INSERT INTO NP_g VALUES (463, 'category', 'Electronics');

INSERT INTO NP_g VALUES (463, 'rating', '4.2');

INSERT INTO N_g VALUES (464, 'Product');

INSERT INTO NP_g VALUES (464, 'name', 'Pro64');

INSERT INTO NP_g VALUES (464, 'price', '178.44');

INSERT INTO NP_g VALUES (464, 'category', 'Accessories');

INSERT INTO NP_g VALUES (464, 'rating', '4.8');

INSERT INTO N_g VALUES (465, 'Product');

INSERT INTO NP_g VALUES (465, 'name', 'Pro65');

INSERT INTO NP_g VALUES (465, 'price', '722.39');

INSERT INTO NP_g VALUES (465, 'category', 'Computing');

INSERT INTO NP_g VALUES (465, 'rating', '4.6');

INSERT INTO N_g VALUES (466, 'Product');

INSERT INTO NP_g VALUES (466, 'name', 'Pro66');

INSERT INTO NP_g VALUES (466, 'price', '1613.87');

INSERT INTO NP_g VALUES (466, 'category', 'Accessories');

INSERT INTO NP_g VALUES (466, 'rating', '4.6');

INSERT INTO N_g VALUES (467, 'Product');

INSERT INTO NP_g VALUES (467, 'name', 'Pro67');

INSERT INTO NP_g VALUES (467, 'price', '109.66');

INSERT INTO NP_g VALUES (467, 'category', 'Electronics');

INSERT INTO NP_g VALUES (467, 'rating', '3.5');

INSERT INTO N_g VALUES (468, 'Product');

INSERT INTO NP_g VALUES (468, 'name', 'Pro68');

INSERT INTO NP_g VALUES (468, 'price', '1275.03');

INSERT INTO NP_g VALUES (468, 'category', 'Audio');

INSERT INTO NP_g VALUES (468, 'rating', '4.1');

INSERT INTO N_g VALUES (469, 'Product');

INSERT INTO NP_g VALUES (469, 'name', 'Pro69');

INSERT INTO NP_g VALUES (469, 'price', '1983.32');

INSERT INTO NP_g VALUES (469, 'category', 'Computing');

INSERT INTO NP_g VALUES (469, 'rating', '3.7');

INSERT INTO N_g VALUES (470, 'Product');

INSERT INTO NP_g VALUES (470, 'name', 'Pro70');

INSERT INTO NP_g VALUES (470, 'price', '1924.56');

INSERT INTO NP_g VALUES (470, 'category', 'Accessories');

INSERT INTO NP_g VALUES (470, 'rating', '4.7');

INSERT INTO N_g VALUES (471, 'Product');

INSERT INTO NP_g VALUES (471, 'name', 'Pro71');

INSERT INTO NP_g VALUES (471, 'price', '1294.6');

INSERT INTO NP_g VALUES (471, 'category', 'Audio');

INSERT INTO NP_g VALUES (471, 'rating', '4.7');

INSERT INTO N_g VALUES (472, 'Product');

INSERT INTO NP_g VALUES (472, 'name', 'Pro72');

INSERT INTO NP_g VALUES (472, 'price', '478.41');

INSERT INTO NP_g VALUES (472, 'category', 'Computing');

INSERT INTO NP_g VALUES (472, 'rating', '4.0');

INSERT INTO N_g VALUES (473, 'Product');

INSERT INTO NP_g VALUES (473, 'name', 'Pro73');

INSERT INTO NP_g VALUES (473, 'price', '1130.34');

INSERT INTO NP_g VALUES (473, 'category', 'Computing');

INSERT INTO NP_g VALUES (473, 'rating', '3.6');

INSERT INTO N_g VALUES (474, 'Product');

INSERT INTO NP_g VALUES (474, 'name', 'Pro74');

INSERT INTO NP_g VALUES (474, 'price', '385.23');

INSERT INTO NP_g VALUES (474, 'category', 'Accessories');

INSERT INTO NP_g VALUES (474, 'rating', '4.5');

INSERT INTO N_g VALUES (475, 'Product');

INSERT INTO NP_g VALUES (475, 'name', 'Pro75');

INSERT INTO NP_g VALUES (475, 'price', '438.14');

INSERT INTO NP_g VALUES (475, 'category', 'Computing');

INSERT INTO NP_g VALUES (475, 'rating', '4.6');

INSERT INTO N_g VALUES (476, 'Product');

INSERT INTO NP_g VALUES (476, 'name', 'Pro76');

INSERT INTO NP_g VALUES (476, 'price', '1875.26');

INSERT INTO NP_g VALUES (476, 'category', 'Electronics');

INSERT INTO NP_g VALUES (476, 'rating', '4.0');

INSERT INTO N_g VALUES (477, 'Product');

INSERT INTO NP_g VALUES (477, 'name', 'Pro77');

INSERT INTO NP_g VALUES (477, 'price', '321.06');

INSERT INTO NP_g VALUES (477, 'category', 'Electronics');

INSERT INTO NP_g VALUES (477, 'rating', '4.5');

INSERT INTO N_g VALUES (478, 'Product');

INSERT INTO NP_g VALUES (478, 'name', 'Pro78');

INSERT INTO NP_g VALUES (478, 'price', '1142.27');

INSERT INTO NP_g VALUES (478, 'category', 'Audio');

INSERT INTO NP_g VALUES (478, 'rating', '4.5');

INSERT INTO N_g VALUES (479, 'Product');

INSERT INTO NP_g VALUES (479, 'name', 'Pro79');

INSERT INTO NP_g VALUES (479, 'price', '174.95');

INSERT INTO NP_g VALUES (479, 'category', 'Audio');

INSERT INTO NP_g VALUES (479, 'rating', '4.7');

INSERT INTO N_g VALUES (480, 'Product');

INSERT INTO NP_g VALUES (480, 'name', 'Pro80');

INSERT INTO NP_g VALUES (480, 'price', '1020.04');

INSERT INTO NP_g VALUES (480, 'category', 'Computing');

INSERT INTO NP_g VALUES (480, 'rating', '4.6');

INSERT INTO N_g VALUES (481, 'Product');

INSERT INTO NP_g VALUES (481, 'name', 'Pro81');

INSERT INTO NP_g VALUES (481, 'price', '100.44');

INSERT INTO NP_g VALUES (481, 'category', 'Accessories');

INSERT INTO NP_g VALUES (481, 'rating', '3.8');

INSERT INTO N_g VALUES (482, 'Product');

INSERT INTO NP_g VALUES (482, 'name', 'Pro82');

INSERT INTO NP_g VALUES (482, 'price', '1305.76');

INSERT INTO NP_g VALUES (482, 'category', 'Computing');

INSERT INTO NP_g VALUES (482, 'rating', '4.8');

INSERT INTO N_g VALUES (483, 'Product');

INSERT INTO NP_g VALUES (483, 'name', 'Pro83');

INSERT INTO NP_g VALUES (483, 'price', '578.98');

INSERT INTO NP_g VALUES (483, 'category', 'Electronics');

INSERT INTO NP_g VALUES (483, 'rating', '4.8');

INSERT INTO N_g VALUES (484, 'Product');

INSERT INTO NP_g VALUES (484, 'name', 'Pro84');

INSERT INTO NP_g VALUES (484, 'price', '1765.97');

INSERT INTO NP_g VALUES (484, 'category', 'Audio');

INSERT INTO NP_g VALUES (484, 'rating', '4.9');

INSERT INTO N_g VALUES (485, 'Product');

INSERT INTO NP_g VALUES (485, 'name', 'Pro85');

INSERT INTO NP_g VALUES (485, 'price', '1302.52');

INSERT INTO NP_g VALUES (485, 'category', 'Computing');

INSERT INTO NP_g VALUES (485, 'rating', '4.6');

INSERT INTO N_g VALUES (486, 'Product');

INSERT INTO NP_g VALUES (486, 'name', 'Pro86');

INSERT INTO NP_g VALUES (486, 'price', '524.15');

INSERT INTO NP_g VALUES (486, 'category', 'Computing');

INSERT INTO NP_g VALUES (486, 'rating', '3.9');

INSERT INTO N_g VALUES (487, 'Product');

INSERT INTO NP_g VALUES (487, 'name', 'Pro87');

INSERT INTO NP_g VALUES (487, 'price', '1212.52');

INSERT INTO NP_g VALUES (487, 'category', 'Computing');

INSERT INTO NP_g VALUES (487, 'rating', '3.6');

INSERT INTO N_g VALUES (488, 'Product');

INSERT INTO NP_g VALUES (488, 'name', 'Pro88');

INSERT INTO NP_g VALUES (488, 'price', '1491.56');

INSERT INTO NP_g VALUES (488, 'category', 'Electronics');

INSERT INTO NP_g VALUES (488, 'rating', '4.9');

INSERT INTO N_g VALUES (489, 'Product');

INSERT INTO NP_g VALUES (489, 'name', 'Pro89');

INSERT INTO NP_g VALUES (489, 'price', '1255.57');

INSERT INTO NP_g VALUES (489, 'category', 'Computing');

INSERT INTO NP_g VALUES (489, 'rating', '4.1');

INSERT INTO N_g VALUES (490, 'Product');

INSERT INTO NP_g VALUES (490, 'name', 'Pro90');

INSERT INTO NP_g VALUES (490, 'price', '866.56');

INSERT INTO NP_g VALUES (490, 'category', 'Accessories');

INSERT INTO NP_g VALUES (490, 'rating', '3.6');

INSERT INTO N_g VALUES (491, 'Product');

INSERT INTO NP_g VALUES (491, 'name', 'Pro91');

INSERT INTO NP_g VALUES (491, 'price', '759.59');

INSERT INTO NP_g VALUES (491, 'category', 'Computing');

INSERT INTO NP_g VALUES (491, 'rating', '3.7');

INSERT INTO N_g VALUES (492, 'Product');

INSERT INTO NP_g VALUES (492, 'name', 'Pro92');

INSERT INTO NP_g VALUES (492, 'price', '1855.69');

INSERT INTO NP_g VALUES (492, 'category', 'Computing');

INSERT INTO NP_g VALUES (492, 'rating', '4.6');

INSERT INTO N_g VALUES (493, 'Product');

INSERT INTO NP_g VALUES (493, 'name', 'Pro93');

INSERT INTO NP_g VALUES (493, 'price', '1913.33');

INSERT INTO NP_g VALUES (493, 'category', 'Computing');

INSERT INTO NP_g VALUES (493, 'rating', '4.1');

INSERT INTO N_g VALUES (494, 'Product');

INSERT INTO NP_g VALUES (494, 'name', 'Pro94');

INSERT INTO NP_g VALUES (494, 'price', '1252.9');

INSERT INTO NP_g VALUES (494, 'category', 'Audio');

INSERT INTO NP_g VALUES (494, 'rating', '4.7');

INSERT INTO N_g VALUES (495, 'Product');

INSERT INTO NP_g VALUES (495, 'name', 'Pro95');

INSERT INTO NP_g VALUES (495, 'price', '699.6');

INSERT INTO NP_g VALUES (495, 'category', 'Audio');

INSERT INTO NP_g VALUES (495, 'rating', '3.8');

INSERT INTO N_g VALUES (496, 'Product');

INSERT INTO NP_g VALUES (496, 'name', 'Pro96');

INSERT INTO NP_g VALUES (496, 'price', '217.21');

INSERT INTO NP_g VALUES (496, 'category', 'Electronics');

INSERT INTO NP_g VALUES (496, 'rating', '4.8');

INSERT INTO N_g VALUES (497, 'Product');

INSERT INTO NP_g VALUES (497, 'name', 'Pro97');

INSERT INTO NP_g VALUES (497, 'price', '1502.0');

INSERT INTO NP_g VALUES (497, 'category', 'Computing');

INSERT INTO NP_g VALUES (497, 'rating', '4.5');

INSERT INTO N_g VALUES (498, 'Product');

INSERT INTO NP_g VALUES (498, 'name', 'Pro98');

INSERT INTO NP_g VALUES (498, 'price', '114.26');

INSERT INTO NP_g VALUES (498, 'category', 'Electronics');

INSERT INTO NP_g VALUES (498, 'rating', '3.8');

INSERT INTO N_g VALUES (499, 'Product');

INSERT INTO NP_g VALUES (499, 'name', 'Pro99');

INSERT INTO NP_g VALUES (499, 'price', '147.0');

INSERT INTO NP_g VALUES (499, 'category', 'Electronics');

INSERT INTO NP_g VALUES (499, 'rating', '4.2');

INSERT INTO N_g VALUES (500, 'Product');

INSERT INTO NP_g VALUES (500, 'name', 'Pro100');

INSERT INTO NP_g VALUES (500, 'price', '1393.11');

INSERT INTO NP_g VALUES (500, 'category', 'Computing');

INSERT INTO NP_g VALUES (500, 'rating', '4.9');

INSERT INTO E_g VALUES (1000, 1, 352, 'works_at');

INSERT INTO EP_g VALUES (1000, 'department', 'Sales');

INSERT INTO EP_g VALUES (1000, 'years', '4');

INSERT INTO EP_g VALUES (1000, 'role', 'Specialist');

INSERT INTO EP_g VALUES (1000, 'salary', '142767');

INSERT INTO E_g VALUES (1001, 2, 362, 'works_at');

INSERT INTO EP_g VALUES (1001, 'department', 'Finance');

INSERT INTO EP_g VALUES (1001, 'years', '8');

INSERT INTO EP_g VALUES (1001, 'role', 'Manager');

INSERT INTO EP_g VALUES (1001, 'salary', '165881');

INSERT INTO E_g VALUES (1002, 3, 308, 'works_at');

INSERT INTO EP_g VALUES (1002, 'department', 'IT');

INSERT INTO EP_g VALUES (1002, 'years', '12');

INSERT INTO EP_g VALUES (1002, 'role', 'Director');

INSERT INTO EP_g VALUES (1002, 'salary', '187694');

INSERT INTO E_g VALUES (1003, 4, 329, 'works_at');

INSERT INTO EP_g VALUES (1003, 'department', 'IT');

INSERT INTO EP_g VALUES (1003, 'years', '3');

INSERT INTO EP_g VALUES (1003, 'role', 'Manager');

INSERT INTO EP_g VALUES (1003, 'salary', '168329');

INSERT INTO E_g VALUES (1004, 5, 314, 'works_at');

INSERT INTO EP_g VALUES (1004, 'department', 'IT');

INSERT INTO EP_g VALUES (1004, 'years', '7');

INSERT INTO EP_g VALUES (1004, 'role', 'Engineer');

INSERT INTO EP_g VALUES (1004, 'salary', '53101');

INSERT INTO E_g VALUES (1005, 6, 400, 'works_at');

INSERT INTO EP_g VALUES (1005, 'department', 'Engineering');

INSERT INTO EP_g VALUES (1005, 'years', '12');

INSERT INTO EP_g VALUES (1005, 'role', 'Director');

INSERT INTO EP_g VALUES (1005, 'salary', '199763');

INSERT INTO E_g VALUES (1006, 7, 394, 'works_at');

INSERT INTO EP_g VALUES (1006, 'department', 'Operations');

INSERT INTO EP_g VALUES (1006, 'years', '12');

INSERT INTO EP_g VALUES (1006, 'role', 'Manager');

INSERT INTO EP_g VALUES (1006, 'salary', '71531');

INSERT INTO E_g VALUES (1007, 8, 332, 'works_at');

INSERT INTO EP_g VALUES (1007, 'department', 'Finance');

INSERT INTO EP_g VALUES (1007, 'years', '4');

INSERT INTO EP_g VALUES (1007, 'role', 'Manager');

INSERT INTO EP_g VALUES (1007, 'salary', '55705');

INSERT INTO E_g VALUES (1008, 9, 306, 'works_at');

INSERT INTO EP_g VALUES (1008, 'department', 'HR');

INSERT INTO EP_g VALUES (1008, 'years', '4');

INSERT INTO EP_g VALUES (1008, 'role', 'Director');

INSERT INTO EP_g VALUES (1008, 'salary', '86779');

INSERT INTO E_g VALUES (1009, 10, 322, 'works_at');

INSERT INTO EP_g VALUES (1009, 'department', 'Operations');

INSERT INTO EP_g VALUES (1009, 'years', '15');

INSERT INTO EP_g VALUES (1009, 'role', 'Specialist');

INSERT INTO EP_g VALUES (1009, 'salary', '159679');

INSERT INTO E_g VALUES (1010, 11, 387, 'works_at');

INSERT INTO EP_g VALUES (1010, 'department', 'Finance');

INSERT INTO EP_g VALUES (1010, 'years', '12');

INSERT INTO EP_g VALUES (1010, 'role', 'Director');

INSERT INTO EP_g VALUES (1010, 'salary', '64894');

INSERT INTO E_g VALUES (1011, 15, 347, 'works_at');

INSERT INTO EP_g VALUES (1011, 'department', 'Operations');

INSERT INTO EP_g VALUES (1011, 'years', '12');

INSERT INTO EP_g VALUES (1011, 'role', 'Analyst');

INSERT INTO EP_g VALUES (1011, 'salary', '135459');

INSERT INTO E_g VALUES (1012, 16, 361, 'works_at');

INSERT INTO EP_g VALUES (1012, 'department', 'IT');

INSERT INTO EP_g VALUES (1012, 'years', '9');

INSERT INTO EP_g VALUES (1012, 'role', 'Director');

INSERT INTO EP_g VALUES (1012, 'salary', '127884');

INSERT INTO E_g VALUES (1013, 17, 332, 'works_at');

INSERT INTO EP_g VALUES (1013, 'department', 'Support');

INSERT INTO EP_g VALUES (1013, 'years', '9');

INSERT INTO EP_g VALUES (1013, 'role', 'Engineer');

INSERT INTO EP_g VALUES (1013, 'salary', '113066');

INSERT INTO E_g VALUES (1014, 19, 345, 'works_at');

INSERT INTO EP_g VALUES (1014, 'department', 'Support');

INSERT INTO EP_g VALUES (1014, 'years', '5');

INSERT INTO EP_g VALUES (1014, 'role', 'Director');

INSERT INTO EP_g VALUES (1014, 'salary', '60681');

INSERT INTO E_g VALUES (1015, 20, 308, 'works_at');

INSERT INTO EP_g VALUES (1015, 'department', 'Operations');

INSERT INTO EP_g VALUES (1015, 'years', '3');

INSERT INTO EP_g VALUES (1015, 'role', 'Manager');

INSERT INTO EP_g VALUES (1015, 'salary', '151688');

INSERT INTO E_g VALUES (1016, 21, 357, 'works_at');

INSERT INTO EP_g VALUES (1016, 'department', 'Engineering');

INSERT INTO EP_g VALUES (1016, 'years', '2');

INSERT INTO EP_g VALUES (1016, 'role', 'Engineer');

INSERT INTO EP_g VALUES (1016, 'salary', '198075');

INSERT INTO E_g VALUES (1017, 22, 363, 'works_at');

INSERT INTO EP_g VALUES (1017, 'department', 'Finance');

INSERT INTO EP_g VALUES (1017, 'years', '5');

INSERT INTO EP_g VALUES (1017, 'role', 'Manager');

INSERT INTO EP_g VALUES (1017, 'salary', '103930');

INSERT INTO E_g VALUES (1018, 23, 364, 'works_at');

INSERT INTO EP_g VALUES (1018, 'department', 'IT');

INSERT INTO EP_g VALUES (1018, 'years', '4');

INSERT INTO EP_g VALUES (1018, 'role', 'Specialist');

INSERT INTO EP_g VALUES (1018, 'salary', '128583');

INSERT INTO E_g VALUES (1019, 25, 382, 'works_at');

INSERT INTO EP_g VALUES (1019, 'department', 'Operations');

INSERT INTO EP_g VALUES (1019, 'years', '15');

INSERT INTO EP_g VALUES (1019, 'role', 'Director');

INSERT INTO EP_g VALUES (1019, 'salary', '151021');

INSERT INTO E_g VALUES (1020, 26, 377, 'works_at');

INSERT INTO EP_g VALUES (1020, 'department', 'IT');

INSERT INTO EP_g VALUES (1020, 'years', '7');

INSERT INTO EP_g VALUES (1020, 'role', 'Manager');

INSERT INTO EP_g VALUES (1020, 'salary', '183210');

INSERT INTO E_g VALUES (1021, 27, 312, 'works_at');

INSERT INTO EP_g VALUES (1021, 'department', 'Finance');

INSERT INTO EP_g VALUES (1021, 'years', '1');

INSERT INTO EP_g VALUES (1021, 'role', 'Manager');

INSERT INTO EP_g VALUES (1021, 'salary', '142876');

INSERT INTO E_g VALUES (1022, 28, 309, 'works_at');

INSERT INTO EP_g VALUES (1022, 'department', 'Support');

INSERT INTO EP_g VALUES (1022, 'years', '5');

INSERT INTO EP_g VALUES (1022, 'role', 'Analyst');

INSERT INTO EP_g VALUES (1022, 'salary', '165549');

INSERT INTO E_g VALUES (1023, 29, 342, 'works_at');

INSERT INTO EP_g VALUES (1023, 'department', 'Finance');

INSERT INTO EP_g VALUES (1023, 'years', '2');

INSERT INTO EP_g VALUES (1023, 'role', 'Analyst');

INSERT INTO EP_g VALUES (1023, 'salary', '129703');

INSERT INTO E_g VALUES (1024, 31, 361, 'works_at');

INSERT INTO EP_g VALUES (1024, 'department', 'Operations');

INSERT INTO EP_g VALUES (1024, 'years', '13');

INSERT INTO EP_g VALUES (1024, 'role', 'Manager');

INSERT INTO EP_g VALUES (1024, 'salary', '171095');

INSERT INTO E_g VALUES (1025, 32, 333, 'works_at');

INSERT INTO EP_g VALUES (1025, 'department', 'Finance');

INSERT INTO EP_g VALUES (1025, 'years', '12');

INSERT INTO EP_g VALUES (1025, 'role', 'Specialist');

INSERT INTO EP_g VALUES (1025, 'salary', '60119');

INSERT INTO E_g VALUES (1026, 33, 334, 'works_at');

INSERT INTO EP_g VALUES (1026, 'department', 'IT');

INSERT INTO EP_g VALUES (1026, 'years', '11');

INSERT INTO EP_g VALUES (1026, 'role', 'Engineer');

INSERT INTO EP_g VALUES (1026, 'salary', '56159');

INSERT INTO E_g VALUES (1027, 35, 380, 'works_at');

INSERT INTO EP_g VALUES (1027, 'department', 'IT');

INSERT INTO EP_g VALUES (1027, 'years', '10');

INSERT INTO EP_g VALUES (1027, 'role', 'Analyst');

INSERT INTO EP_g VALUES (1027, 'salary', '173072');

INSERT INTO E_g VALUES (1028, 37, 386, 'works_at');

INSERT INTO EP_g VALUES (1028, 'department', 'Engineering');

INSERT INTO EP_g VALUES (1028, 'years', '9');

INSERT INTO EP_g VALUES (1028, 'role', 'Manager');

INSERT INTO EP_g VALUES (1028, 'salary', '188352');

INSERT INTO E_g VALUES (1029, 38, 356, 'works_at');

INSERT INTO EP_g VALUES (1029, 'department', 'Finance');

INSERT INTO EP_g VALUES (1029, 'years', '11');

INSERT INTO EP_g VALUES (1029, 'role', 'Engineer');

INSERT INTO EP_g VALUES (1029, 'salary', '141456');

INSERT INTO E_g VALUES (1030, 39, 323, 'works_at');

INSERT INTO EP_g VALUES (1030, 'department', 'Marketing');

INSERT INTO EP_g VALUES (1030, 'years', '4');

INSERT INTO EP_g VALUES (1030, 'role', 'Director');

INSERT INTO EP_g VALUES (1030, 'salary', '185854');

INSERT INTO E_g VALUES (1031, 40, 372, 'works_at');

INSERT INTO EP_g VALUES (1031, 'department', 'Marketing');

INSERT INTO EP_g VALUES (1031, 'years', '3');

INSERT INTO EP_g VALUES (1031, 'role', 'Engineer');

INSERT INTO EP_g VALUES (1031, 'salary', '88884');

INSERT INTO E_g VALUES (1032, 42, 373, 'works_at');

INSERT INTO EP_g VALUES (1032, 'department', 'Operations');

INSERT INTO EP_g VALUES (1032, 'years', '14');

INSERT INTO EP_g VALUES (1032, 'role', 'Engineer');

INSERT INTO EP_g VALUES (1032, 'salary', '196722');

INSERT INTO E_g VALUES (1033, 43, 348, 'works_at');

INSERT INTO EP_g VALUES (1033, 'department', 'Marketing');

INSERT INTO EP_g VALUES (1033, 'years', '6');

INSERT INTO EP_g VALUES (1033, 'role', 'Director');

INSERT INTO EP_g VALUES (1033, 'salary', '179756');

INSERT INTO E_g VALUES (1034, 44, 380, 'works_at');

INSERT INTO EP_g VALUES (1034, 'department', 'Support');

INSERT INTO EP_g VALUES (1034, 'years', '11');

INSERT INTO EP_g VALUES (1034, 'role', 'Analyst');

INSERT INTO EP_g VALUES (1034, 'salary', '94345');

INSERT INTO E_g VALUES (1035, 45, 347, 'works_at');

INSERT INTO EP_g VALUES (1035, 'department', 'Finance');

INSERT INTO EP_g VALUES (1035, 'years', '15');

INSERT INTO EP_g VALUES (1035, 'role', 'Manager');

INSERT INTO EP_g VALUES (1035, 'salary', '60736');

INSERT INTO E_g VALUES (1036, 46, 321, 'works_at');

INSERT INTO EP_g VALUES (1036, 'department', 'HR');

INSERT INTO EP_g VALUES (1036, 'years', '2');

INSERT INTO EP_g VALUES (1036, 'role', 'Engineer');

INSERT INTO EP_g VALUES (1036, 'salary', '184001');

INSERT INTO E_g VALUES (1037, 47, 321, 'works_at');

INSERT INTO EP_g VALUES (1037, 'department', 'IT');

INSERT INTO EP_g VALUES (1037, 'years', '2');

INSERT INTO EP_g VALUES (1037, 'role', 'Engineer');

INSERT INTO EP_g VALUES (1037, 'salary', '175084');

INSERT INTO E_g VALUES (1038, 49, 355, 'works_at');

INSERT INTO EP_g VALUES (1038, 'department', 'Operations');

INSERT INTO EP_g VALUES (1038, 'years', '9');

INSERT INTO EP_g VALUES (1038, 'role', 'Director');

INSERT INTO EP_g VALUES (1038, 'salary', '60832');

INSERT INTO E_g VALUES (1039, 50, 341, 'works_at');

INSERT INTO EP_g VALUES (1039, 'department', 'IT');

INSERT INTO EP_g VALUES (1039, 'years', '2');

INSERT INTO EP_g VALUES (1039, 'role', 'Analyst');

INSERT INTO EP_g VALUES (1039, 'salary', '139402');

INSERT INTO E_g VALUES (1040, 51, 314, 'works_at');

INSERT INTO EP_g VALUES (1040, 'department', 'Sales');

INSERT INTO EP_g VALUES (1040, 'years', '5');

INSERT INTO EP_g VALUES (1040, 'role', 'Analyst');

INSERT INTO EP_g VALUES (1040, 'salary', '111035');

INSERT INTO E_g VALUES (1041, 52, 307, 'works_at');

INSERT INTO EP_g VALUES (1041, 'department', 'Support');

INSERT INTO EP_g VALUES (1041, 'years', '6');

INSERT INTO EP_g VALUES (1041, 'role', 'Manager');

INSERT INTO EP_g VALUES (1041, 'salary', '163138');

INSERT INTO E_g VALUES (1042, 53, 351, 'works_at');

INSERT INTO EP_g VALUES (1042, 'department', 'Operations');

INSERT INTO EP_g VALUES (1042, 'years', '13');

INSERT INTO EP_g VALUES (1042, 'role', 'Director');

INSERT INTO EP_g VALUES (1042, 'salary', '145280');

INSERT INTO E_g VALUES (1043, 54, 379, 'works_at');

INSERT INTO EP_g VALUES (1043, 'department', 'Finance');

INSERT INTO EP_g VALUES (1043, 'years', '1');

INSERT INTO EP_g VALUES (1043, 'role', 'Engineer');

INSERT INTO EP_g VALUES (1043, 'salary', '64451');

INSERT INTO E_g VALUES (1044, 55, 374, 'works_at');

INSERT INTO EP_g VALUES (1044, 'department', 'Engineering');

INSERT INTO EP_g VALUES (1044, 'years', '1');

INSERT INTO EP_g VALUES (1044, 'role', 'Specialist');

INSERT INTO EP_g VALUES (1044, 'salary', '141745');

INSERT INTO E_g VALUES (1045, 56, 386, 'works_at');

INSERT INTO EP_g VALUES (1045, 'department', 'Finance');

INSERT INTO EP_g VALUES (1045, 'years', '14');

INSERT INTO EP_g VALUES (1045, 'role', 'Analyst');

INSERT INTO EP_g VALUES (1045, 'salary', '66807');

INSERT INTO E_g VALUES (1046, 57, 380, 'works_at');

INSERT INTO EP_g VALUES (1046, 'department', 'Sales');

INSERT INTO EP_g VALUES (1046, 'years', '12');

INSERT INTO EP_g VALUES (1046, 'role', 'Analyst');

INSERT INTO EP_g VALUES (1046, 'salary', '157655');

INSERT INTO E_g VALUES (1047, 58, 354, 'works_at');

INSERT INTO EP_g VALUES (1047, 'department', 'IT');

INSERT INTO EP_g VALUES (1047, 'years', '12');

INSERT INTO EP_g VALUES (1047, 'role', 'Manager');

INSERT INTO EP_g VALUES (1047, 'salary', '129240');

INSERT INTO E_g VALUES (1048, 59, 350, 'works_at');

INSERT INTO EP_g VALUES (1048, 'department', 'Finance');

INSERT INTO EP_g VALUES (1048, 'years', '1');

INSERT INTO EP_g VALUES (1048, 'role', 'Director');

INSERT INTO EP_g VALUES (1048, 'salary', '73723');

INSERT INTO E_g VALUES (1049, 60, 349, 'works_at');

INSERT INTO EP_g VALUES (1049, 'department', 'Sales');

INSERT INTO EP_g VALUES (1049, 'years', '6');

INSERT INTO EP_g VALUES (1049, 'role', 'Analyst');

INSERT INTO EP_g VALUES (1049, 'salary', '139859');

INSERT INTO E_g VALUES (1050, 63, 380, 'works_at');

INSERT INTO EP_g VALUES (1050, 'department', 'HR');

INSERT INTO EP_g VALUES (1050, 'years', '15');

INSERT INTO EP_g VALUES (1050, 'role', 'Specialist');

INSERT INTO EP_g VALUES (1050, 'salary', '79132');

INSERT INTO E_g VALUES (1051, 66, 315, 'works_at');

INSERT INTO EP_g VALUES (1051, 'department', 'Engineering');

INSERT INTO EP_g VALUES (1051, 'years', '13');

INSERT INTO EP_g VALUES (1051, 'role', 'Analyst');

INSERT INTO EP_g VALUES (1051, 'salary', '111136');

INSERT INTO E_g VALUES (1052, 67, 302, 'works_at');

INSERT INTO EP_g VALUES (1052, 'department', 'Support');

INSERT INTO EP_g VALUES (1052, 'years', '14');

INSERT INTO EP_g VALUES (1052, 'role', 'Specialist');

INSERT INTO EP_g VALUES (1052, 'salary', '138063');

INSERT INTO E_g VALUES (1053, 69, 381, 'works_at');

INSERT INTO EP_g VALUES (1053, 'department', 'IT');

INSERT INTO EP_g VALUES (1053, 'years', '3');

INSERT INTO EP_g VALUES (1053, 'role', 'Manager');

INSERT INTO EP_g VALUES (1053, 'salary', '80334');

INSERT INTO E_g VALUES (1054, 72, 324, 'works_at');

INSERT INTO EP_g VALUES (1054, 'department', 'Engineering');

INSERT INTO EP_g VALUES (1054, 'years', '8');

INSERT INTO EP_g VALUES (1054, 'role', 'Manager');

INSERT INTO EP_g VALUES (1054, 'salary', '161239');

INSERT INTO E_g VALUES (1055, 73, 328, 'works_at');

INSERT INTO EP_g VALUES (1055, 'department', 'Engineering');

INSERT INTO EP_g VALUES (1055, 'years', '2');

INSERT INTO EP_g VALUES (1055, 'role', 'Analyst');

INSERT INTO EP_g VALUES (1055, 'salary', '166890');

INSERT INTO E_g VALUES (1056, 79, 392, 'works_at');

INSERT INTO EP_g VALUES (1056, 'department', 'Finance');

INSERT INTO EP_g VALUES (1056, 'years', '11');

INSERT INTO EP_g VALUES (1056, 'role', 'Manager');

INSERT INTO EP_g VALUES (1056, 'salary', '110114');

INSERT INTO E_g VALUES (1057, 80, 329, 'works_at');

INSERT INTO EP_g VALUES (1057, 'department', 'Engineering');

INSERT INTO EP_g VALUES (1057, 'years', '15');

INSERT INTO EP_g VALUES (1057, 'role', 'Engineer');

INSERT INTO EP_g VALUES (1057, 'salary', '185982');

INSERT INTO E_g VALUES (1058, 81, 309, 'works_at');

INSERT INTO EP_g VALUES (1058, 'department', 'IT');

INSERT INTO EP_g VALUES (1058, 'years', '12');

INSERT INTO EP_g VALUES (1058, 'role', 'Engineer');

INSERT INTO EP_g VALUES (1058, 'salary', '157969');

INSERT INTO E_g VALUES (1059, 82, 385, 'works_at');

INSERT INTO EP_g VALUES (1059, 'department', 'Engineering');

INSERT INTO EP_g VALUES (1059, 'years', '1');

INSERT INTO EP_g VALUES (1059, 'role', 'Engineer');

INSERT INTO EP_g VALUES (1059, 'salary', '178059');

INSERT INTO E_g VALUES (1060, 87, 350, 'works_at');

INSERT INTO EP_g VALUES (1060, 'department', 'Sales');

INSERT INTO EP_g VALUES (1060, 'years', '8');

INSERT INTO EP_g VALUES (1060, 'role', 'Analyst');

INSERT INTO EP_g VALUES (1060, 'salary', '90434');

INSERT INTO E_g VALUES (1061, 89, 379, 'works_at');

INSERT INTO EP_g VALUES (1061, 'department', 'Marketing');

INSERT INTO EP_g VALUES (1061, 'years', '5');

INSERT INTO EP_g VALUES (1061, 'role', 'Director');

INSERT INTO EP_g VALUES (1061, 'salary', '113490');

INSERT INTO E_g VALUES (1062, 90, 312, 'works_at');

INSERT INTO EP_g VALUES (1062, 'department', 'Marketing');

INSERT INTO EP_g VALUES (1062, 'years', '11');

INSERT INTO EP_g VALUES (1062, 'role', 'Analyst');

INSERT INTO EP_g VALUES (1062, 'salary', '179254');

INSERT INTO E_g VALUES (1063, 91, 342, 'works_at');

INSERT INTO EP_g VALUES (1063, 'department', 'Engineering');

INSERT INTO EP_g VALUES (1063, 'years', '7');

INSERT INTO EP_g VALUES (1063, 'role', 'Analyst');

INSERT INTO EP_g VALUES (1063, 'salary', '154877');

INSERT INTO E_g VALUES (1064, 92, 380, 'works_at');

INSERT INTO EP_g VALUES (1064, 'department', 'HR');

INSERT INTO EP_g VALUES (1064, 'years', '7');

INSERT INTO EP_g VALUES (1064, 'role', 'Analyst');

INSERT INTO EP_g VALUES (1064, 'salary', '83403');

INSERT INTO E_g VALUES (1065, 93, 400, 'works_at');

INSERT INTO EP_g VALUES (1065, 'department', 'HR');

INSERT INTO EP_g VALUES (1065, 'years', '7');

INSERT INTO EP_g VALUES (1065, 'role', 'Director');

INSERT INTO EP_g VALUES (1065, 'salary', '188849');

INSERT INTO E_g VALUES (1066, 95, 304, 'works_at');

INSERT INTO EP_g VALUES (1066, 'department', 'Sales');

INSERT INTO EP_g VALUES (1066, 'years', '15');

INSERT INTO EP_g VALUES (1066, 'role', 'Specialist');

INSERT INTO EP_g VALUES (1066, 'salary', '141467');

INSERT INTO E_g VALUES (1067, 96, 365, 'works_at');

INSERT INTO EP_g VALUES (1067, 'department', 'Marketing');

INSERT INTO EP_g VALUES (1067, 'years', '1');

INSERT INTO EP_g VALUES (1067, 'role', 'Manager');

INSERT INTO EP_g VALUES (1067, 'salary', '57162');

INSERT INTO E_g VALUES (1068, 97, 313, 'works_at');

INSERT INTO EP_g VALUES (1068, 'department', 'Finance');

INSERT INTO EP_g VALUES (1068, 'years', '7');

INSERT INTO EP_g VALUES (1068, 'role', 'Director');

INSERT INTO EP_g VALUES (1068, 'salary', '129657');

INSERT INTO E_g VALUES (1069, 98, 351, 'works_at');

INSERT INTO EP_g VALUES (1069, 'department', 'Engineering');

INSERT INTO EP_g VALUES (1069, 'years', '8');

INSERT INTO EP_g VALUES (1069, 'role', 'Engineer');

INSERT INTO EP_g VALUES (1069, 'salary', '182144');

INSERT INTO E_g VALUES (1070, 101, 379, 'works_at');

INSERT INTO EP_g VALUES (1070, 'department', 'HR');

INSERT INTO EP_g VALUES (1070, 'years', '15');

INSERT INTO EP_g VALUES (1070, 'role', 'Engineer');

INSERT INTO EP_g VALUES (1070, 'salary', '57663');

INSERT INTO E_g VALUES (1071, 102, 385, 'works_at');

INSERT INTO EP_g VALUES (1071, 'department', 'Sales');

INSERT INTO EP_g VALUES (1071, 'years', '11');

INSERT INTO EP_g VALUES (1071, 'role', 'Engineer');

INSERT INTO EP_g VALUES (1071, 'salary', '143706');

INSERT INTO E_g VALUES (1072, 103, 321, 'works_at');

INSERT INTO EP_g VALUES (1072, 'department', 'HR');

INSERT INTO EP_g VALUES (1072, 'years', '12');

INSERT INTO EP_g VALUES (1072, 'role', 'Specialist');

INSERT INTO EP_g VALUES (1072, 'salary', '107090');

INSERT INTO E_g VALUES (1073, 104, 399, 'works_at');

INSERT INTO EP_g VALUES (1073, 'department', 'Support');

INSERT INTO EP_g VALUES (1073, 'years', '5');

INSERT INTO EP_g VALUES (1073, 'role', 'Analyst');

INSERT INTO EP_g VALUES (1073, 'salary', '102767');

INSERT INTO E_g VALUES (1074, 105, 380, 'works_at');

INSERT INTO EP_g VALUES (1074, 'department', 'Sales');

INSERT INTO EP_g VALUES (1074, 'years', '3');

INSERT INTO EP_g VALUES (1074, 'role', 'Analyst');

INSERT INTO EP_g VALUES (1074, 'salary', '184403');

INSERT INTO E_g VALUES (1075, 106, 391, 'works_at');

INSERT INTO EP_g VALUES (1075, 'department', 'Engineering');

INSERT INTO EP_g VALUES (1075, 'years', '7');

INSERT INTO EP_g VALUES (1075, 'role', 'Engineer');

INSERT INTO EP_g VALUES (1075, 'salary', '146390');

INSERT INTO E_g VALUES (1076, 109, 369, 'works_at');

INSERT INTO EP_g VALUES (1076, 'department', 'IT');

INSERT INTO EP_g VALUES (1076, 'years', '7');

INSERT INTO EP_g VALUES (1076, 'role', 'Analyst');

INSERT INTO EP_g VALUES (1076, 'salary', '85305');

INSERT INTO E_g VALUES (1077, 110, 308, 'works_at');

INSERT INTO EP_g VALUES (1077, 'department', 'HR');

INSERT INTO EP_g VALUES (1077, 'years', '11');

INSERT INTO EP_g VALUES (1077, 'role', 'Analyst');

INSERT INTO EP_g VALUES (1077, 'salary', '97908');

INSERT INTO E_g VALUES (1078, 112, 373, 'works_at');

INSERT INTO EP_g VALUES (1078, 'department', 'Finance');

INSERT INTO EP_g VALUES (1078, 'years', '7');

INSERT INTO EP_g VALUES (1078, 'role', 'Manager');

INSERT INTO EP_g VALUES (1078, 'salary', '107528');

INSERT INTO E_g VALUES (1079, 118, 387, 'works_at');

INSERT INTO EP_g VALUES (1079, 'department', 'Support');

INSERT INTO EP_g VALUES (1079, 'years', '14');

INSERT INTO EP_g VALUES (1079, 'role', 'Engineer');

INSERT INTO EP_g VALUES (1079, 'salary', '123276');

INSERT INTO E_g VALUES (1080, 120, 384, 'works_at');

INSERT INTO EP_g VALUES (1080, 'department', 'Operations');

INSERT INTO EP_g VALUES (1080, 'years', '12');

INSERT INTO EP_g VALUES (1080, 'role', 'Specialist');

INSERT INTO EP_g VALUES (1080, 'salary', '147934');

INSERT INTO E_g VALUES (1081, 121, 329, 'works_at');

INSERT INTO EP_g VALUES (1081, 'department', 'Finance');

INSERT INTO EP_g VALUES (1081, 'years', '11');

INSERT INTO EP_g VALUES (1081, 'role', 'Analyst');

INSERT INTO EP_g VALUES (1081, 'salary', '151303');

INSERT INTO E_g VALUES (1082, 122, 312, 'works_at');

INSERT INTO EP_g VALUES (1082, 'department', 'Engineering');

INSERT INTO EP_g VALUES (1082, 'years', '3');

INSERT INTO EP_g VALUES (1082, 'role', 'Analyst');

INSERT INTO EP_g VALUES (1082, 'salary', '135713');

INSERT INTO E_g VALUES (1083, 123, 314, 'works_at');

INSERT INTO EP_g VALUES (1083, 'department', 'Engineering');

INSERT INTO EP_g VALUES (1083, 'years', '8');

INSERT INTO EP_g VALUES (1083, 'role', 'Analyst');

INSERT INTO EP_g VALUES (1083, 'salary', '141230');

INSERT INTO E_g VALUES (1084, 124, 375, 'works_at');

INSERT INTO EP_g VALUES (1084, 'department', 'IT');

INSERT INTO EP_g VALUES (1084, 'years', '10');

INSERT INTO EP_g VALUES (1084, 'role', 'Manager');

INSERT INTO EP_g VALUES (1084, 'salary', '168641');

INSERT INTO E_g VALUES (1085, 126, 332, 'works_at');

INSERT INTO EP_g VALUES (1085, 'department', 'Marketing');

INSERT INTO EP_g VALUES (1085, 'years', '9');

INSERT INTO EP_g VALUES (1085, 'role', 'Specialist');

INSERT INTO EP_g VALUES (1085, 'salary', '146395');

INSERT INTO E_g VALUES (1086, 127, 377, 'works_at');

INSERT INTO EP_g VALUES (1086, 'department', 'Engineering');

INSERT INTO EP_g VALUES (1086, 'years', '2');

INSERT INTO EP_g VALUES (1086, 'role', 'Engineer');

INSERT INTO EP_g VALUES (1086, 'salary', '95951');

INSERT INTO E_g VALUES (1087, 128, 330, 'works_at');

INSERT INTO EP_g VALUES (1087, 'department', 'Finance');

INSERT INTO EP_g VALUES (1087, 'years', '3');

INSERT INTO EP_g VALUES (1087, 'role', 'Analyst');

INSERT INTO EP_g VALUES (1087, 'salary', '98298');

INSERT INTO E_g VALUES (1088, 130, 327, 'works_at');

INSERT INTO EP_g VALUES (1088, 'department', 'IT');

INSERT INTO EP_g VALUES (1088, 'years', '4');

INSERT INTO EP_g VALUES (1088, 'role', 'Specialist');

INSERT INTO EP_g VALUES (1088, 'salary', '175721');

INSERT INTO E_g VALUES (1089, 132, 302, 'works_at');

INSERT INTO EP_g VALUES (1089, 'department', 'Operations');

INSERT INTO EP_g VALUES (1089, 'years', '7');

INSERT INTO EP_g VALUES (1089, 'role', 'Specialist');

INSERT INTO EP_g VALUES (1089, 'salary', '177791');

INSERT INTO E_g VALUES (1090, 133, 307, 'works_at');

INSERT INTO EP_g VALUES (1090, 'department', 'Operations');

INSERT INTO EP_g VALUES (1090, 'years', '9');

INSERT INTO EP_g VALUES (1090, 'role', 'Specialist');

INSERT INTO EP_g VALUES (1090, 'salary', '172304');

INSERT INTO E_g VALUES (1091, 134, 305, 'works_at');

INSERT INTO EP_g VALUES (1091, 'department', 'Operations');

INSERT INTO EP_g VALUES (1091, 'years', '15');

INSERT INTO EP_g VALUES (1091, 'role', 'Manager');

INSERT INTO EP_g VALUES (1091, 'salary', '161907');

INSERT INTO E_g VALUES (1092, 135, 308, 'works_at');

INSERT INTO EP_g VALUES (1092, 'department', 'Marketing');

INSERT INTO EP_g VALUES (1092, 'years', '3');

INSERT INTO EP_g VALUES (1092, 'role', 'Analyst');

INSERT INTO EP_g VALUES (1092, 'salary', '194554');

INSERT INTO E_g VALUES (1093, 136, 371, 'works_at');

INSERT INTO EP_g VALUES (1093, 'department', 'Sales');

INSERT INTO EP_g VALUES (1093, 'years', '10');

INSERT INTO EP_g VALUES (1093, 'role', 'Director');

INSERT INTO EP_g VALUES (1093, 'salary', '74883');

INSERT INTO E_g VALUES (1094, 137, 396, 'works_at');

INSERT INTO EP_g VALUES (1094, 'department', 'HR');

INSERT INTO EP_g VALUES (1094, 'years', '11');

INSERT INTO EP_g VALUES (1094, 'role', 'Analyst');

INSERT INTO EP_g VALUES (1094, 'salary', '103889');

INSERT INTO E_g VALUES (1095, 139, 392, 'works_at');

INSERT INTO EP_g VALUES (1095, 'department', 'Support');

INSERT INTO EP_g VALUES (1095, 'years', '14');

INSERT INTO EP_g VALUES (1095, 'role', 'Engineer');

INSERT INTO EP_g VALUES (1095, 'salary', '164418');

INSERT INTO E_g VALUES (1096, 140, 386, 'works_at');

INSERT INTO EP_g VALUES (1096, 'department', 'Support');

INSERT INTO EP_g VALUES (1096, 'years', '11');

INSERT INTO EP_g VALUES (1096, 'role', 'Manager');

INSERT INTO EP_g VALUES (1096, 'salary', '78808');

INSERT INTO E_g VALUES (1097, 142, 312, 'works_at');

INSERT INTO EP_g VALUES (1097, 'department', 'Sales');

INSERT INTO EP_g VALUES (1097, 'years', '3');

INSERT INTO EP_g VALUES (1097, 'role', 'Manager');

INSERT INTO EP_g VALUES (1097, 'salary', '114335');

INSERT INTO E_g VALUES (1098, 143, 319, 'works_at');

INSERT INTO EP_g VALUES (1098, 'department', 'Support');

INSERT INTO EP_g VALUES (1098, 'years', '15');

INSERT INTO EP_g VALUES (1098, 'role', 'Engineer');

INSERT INTO EP_g VALUES (1098, 'salary', '124106');

INSERT INTO E_g VALUES (1099, 144, 367, 'works_at');

INSERT INTO EP_g VALUES (1099, 'department', 'Finance');

INSERT INTO EP_g VALUES (1099, 'years', '7');

INSERT INTO EP_g VALUES (1099, 'role', 'Manager');

INSERT INTO EP_g VALUES (1099, 'salary', '82736');

INSERT INTO E_g VALUES (1100, 146, 364, 'works_at');

INSERT INTO EP_g VALUES (1100, 'department', 'Sales');

INSERT INTO EP_g VALUES (1100, 'years', '10');

INSERT INTO EP_g VALUES (1100, 'role', 'Specialist');

INSERT INTO EP_g VALUES (1100, 'salary', '130305');

INSERT INTO E_g VALUES (1101, 148, 350, 'works_at');

INSERT INTO EP_g VALUES (1101, 'department', 'Marketing');

INSERT INTO EP_g VALUES (1101, 'years', '8');

INSERT INTO EP_g VALUES (1101, 'role', 'Analyst');

INSERT INTO EP_g VALUES (1101, 'salary', '63221');

INSERT INTO E_g VALUES (1102, 149, 386, 'works_at');

INSERT INTO EP_g VALUES (1102, 'department', 'Operations');

INSERT INTO EP_g VALUES (1102, 'years', '12');

INSERT INTO EP_g VALUES (1102, 'role', 'Analyst');

INSERT INTO EP_g VALUES (1102, 'salary', '64454');

INSERT INTO E_g VALUES (1103, 150, 371, 'works_at');

INSERT INTO EP_g VALUES (1103, 'department', 'HR');

INSERT INTO EP_g VALUES (1103, 'years', '12');

INSERT INTO EP_g VALUES (1103, 'role', 'Manager');

INSERT INTO EP_g VALUES (1103, 'salary', '192912');

INSERT INTO E_g VALUES (1104, 151, 341, 'works_at');

INSERT INTO EP_g VALUES (1104, 'department', 'IT');

INSERT INTO EP_g VALUES (1104, 'years', '6');

INSERT INTO EP_g VALUES (1104, 'role', 'Director');

INSERT INTO EP_g VALUES (1104, 'salary', '63112');

INSERT INTO E_g VALUES (1105, 152, 301, 'works_at');

INSERT INTO EP_g VALUES (1105, 'department', 'Marketing');

INSERT INTO EP_g VALUES (1105, 'years', '7');

INSERT INTO EP_g VALUES (1105, 'role', 'Director');

INSERT INTO EP_g VALUES (1105, 'salary', '51238');

INSERT INTO E_g VALUES (1106, 153, 385, 'works_at');

INSERT INTO EP_g VALUES (1106, 'department', 'Operations');

INSERT INTO EP_g VALUES (1106, 'years', '10');

INSERT INTO EP_g VALUES (1106, 'role', 'Director');

INSERT INTO EP_g VALUES (1106, 'salary', '189220');

INSERT INTO E_g VALUES (1107, 157, 392, 'works_at');

INSERT INTO EP_g VALUES (1107, 'department', 'Operations');

INSERT INTO EP_g VALUES (1107, 'years', '2');

INSERT INTO EP_g VALUES (1107, 'role', 'Analyst');

INSERT INTO EP_g VALUES (1107, 'salary', '80750');

INSERT INTO E_g VALUES (1108, 158, 320, 'works_at');

INSERT INTO EP_g VALUES (1108, 'department', 'IT');

INSERT INTO EP_g VALUES (1108, 'years', '2');

INSERT INTO EP_g VALUES (1108, 'role', 'Engineer');

INSERT INTO EP_g VALUES (1108, 'salary', '54630');

INSERT INTO E_g VALUES (1109, 159, 342, 'works_at');

INSERT INTO EP_g VALUES (1109, 'department', 'Engineering');

INSERT INTO EP_g VALUES (1109, 'years', '2');

INSERT INTO EP_g VALUES (1109, 'role', 'Manager');

INSERT INTO EP_g VALUES (1109, 'salary', '69678');

INSERT INTO E_g VALUES (1110, 161, 346, 'works_at');

INSERT INTO EP_g VALUES (1110, 'department', 'IT');

INSERT INTO EP_g VALUES (1110, 'years', '14');

INSERT INTO EP_g VALUES (1110, 'role', 'Analyst');

INSERT INTO EP_g VALUES (1110, 'salary', '67180');

INSERT INTO E_g VALUES (1111, 162, 373, 'works_at');

INSERT INTO EP_g VALUES (1111, 'department', 'Marketing');

INSERT INTO EP_g VALUES (1111, 'years', '6');

INSERT INTO EP_g VALUES (1111, 'role', 'Engineer');

INSERT INTO EP_g VALUES (1111, 'salary', '95767');

INSERT INTO E_g VALUES (1112, 163, 358, 'works_at');

INSERT INTO EP_g VALUES (1112, 'department', 'Engineering');

INSERT INTO EP_g VALUES (1112, 'years', '11');

INSERT INTO EP_g VALUES (1112, 'role', 'Engineer');

INSERT INTO EP_g VALUES (1112, 'salary', '93394');

INSERT INTO E_g VALUES (1113, 164, 316, 'works_at');

INSERT INTO EP_g VALUES (1113, 'department', 'Marketing');

INSERT INTO EP_g VALUES (1113, 'years', '10');

INSERT INTO EP_g VALUES (1113, 'role', 'Engineer');

INSERT INTO EP_g VALUES (1113, 'salary', '162200');

INSERT INTO E_g VALUES (1114, 165, 400, 'works_at');

INSERT INTO EP_g VALUES (1114, 'department', 'Engineering');

INSERT INTO EP_g VALUES (1114, 'years', '4');

INSERT INTO EP_g VALUES (1114, 'role', 'Manager');

INSERT INTO EP_g VALUES (1114, 'salary', '191133');

INSERT INTO E_g VALUES (1115, 166, 356, 'works_at');

INSERT INTO EP_g VALUES (1115, 'department', 'IT');

INSERT INTO EP_g VALUES (1115, 'years', '13');

INSERT INTO EP_g VALUES (1115, 'role', 'Manager');

INSERT INTO EP_g VALUES (1115, 'salary', '69827');

INSERT INTO E_g VALUES (1116, 167, 376, 'works_at');

INSERT INTO EP_g VALUES (1116, 'department', 'Operations');

INSERT INTO EP_g VALUES (1116, 'years', '12');

INSERT INTO EP_g VALUES (1116, 'role', 'Engineer');

INSERT INTO EP_g VALUES (1116, 'salary', '125476');

INSERT INTO E_g VALUES (1117, 169, 301, 'works_at');

INSERT INTO EP_g VALUES (1117, 'department', 'Engineering');

INSERT INTO EP_g VALUES (1117, 'years', '8');

INSERT INTO EP_g VALUES (1117, 'role', 'Engineer');

INSERT INTO EP_g VALUES (1117, 'salary', '163877');

INSERT INTO E_g VALUES (1118, 171, 333, 'works_at');

INSERT INTO EP_g VALUES (1118, 'department', 'Engineering');

INSERT INTO EP_g VALUES (1118, 'years', '12');

INSERT INTO EP_g VALUES (1118, 'role', 'Engineer');

INSERT INTO EP_g VALUES (1118, 'salary', '157441');

INSERT INTO E_g VALUES (1119, 172, 356, 'works_at');

INSERT INTO EP_g VALUES (1119, 'department', 'Operations');

INSERT INTO EP_g VALUES (1119, 'years', '2');

INSERT INTO EP_g VALUES (1119, 'role', 'Manager');

INSERT INTO EP_g VALUES (1119, 'salary', '56205');

INSERT INTO E_g VALUES (1120, 173, 324, 'works_at');

INSERT INTO EP_g VALUES (1120, 'department', 'Sales');

INSERT INTO EP_g VALUES (1120, 'years', '11');

INSERT INTO EP_g VALUES (1120, 'role', 'Engineer');

INSERT INTO EP_g VALUES (1120, 'salary', '165092');

INSERT INTO E_g VALUES (1121, 174, 305, 'works_at');

INSERT INTO EP_g VALUES (1121, 'department', 'HR');

INSERT INTO EP_g VALUES (1121, 'years', '10');

INSERT INTO EP_g VALUES (1121, 'role', 'Engineer');

INSERT INTO EP_g VALUES (1121, 'salary', '59699');

INSERT INTO E_g VALUES (1122, 175, 328, 'works_at');

INSERT INTO EP_g VALUES (1122, 'department', 'HR');

INSERT INTO EP_g VALUES (1122, 'years', '6');

INSERT INTO EP_g VALUES (1122, 'role', 'Analyst');

INSERT INTO EP_g VALUES (1122, 'salary', '194959');

INSERT INTO E_g VALUES (1123, 176, 397, 'works_at');

INSERT INTO EP_g VALUES (1123, 'department', 'Marketing');

INSERT INTO EP_g VALUES (1123, 'years', '8');

INSERT INTO EP_g VALUES (1123, 'role', 'Analyst');

INSERT INTO EP_g VALUES (1123, 'salary', '107653');

INSERT INTO E_g VALUES (1124, 178, 399, 'works_at');

INSERT INTO EP_g VALUES (1124, 'department', 'Operations');

INSERT INTO EP_g VALUES (1124, 'years', '12');

INSERT INTO EP_g VALUES (1124, 'role', 'Engineer');

INSERT INTO EP_g VALUES (1124, 'salary', '181338');

INSERT INTO E_g VALUES (1125, 181, 332, 'works_at');

INSERT INTO EP_g VALUES (1125, 'department', 'IT');

INSERT INTO EP_g VALUES (1125, 'years', '11');

INSERT INTO EP_g VALUES (1125, 'role', 'Specialist');

INSERT INTO EP_g VALUES (1125, 'salary', '163962');

INSERT INTO E_g VALUES (1126, 182, 351, 'works_at');

INSERT INTO EP_g VALUES (1126, 'department', 'Sales');

INSERT INTO EP_g VALUES (1126, 'years', '1');

INSERT INTO EP_g VALUES (1126, 'role', 'Manager');

INSERT INTO EP_g VALUES (1126, 'salary', '131671');

INSERT INTO E_g VALUES (1127, 183, 386, 'works_at');

INSERT INTO EP_g VALUES (1127, 'department', 'Sales');

INSERT INTO EP_g VALUES (1127, 'years', '15');

INSERT INTO EP_g VALUES (1127, 'role', 'Specialist');

INSERT INTO EP_g VALUES (1127, 'salary', '115884');

INSERT INTO E_g VALUES (1128, 184, 374, 'works_at');

INSERT INTO EP_g VALUES (1128, 'department', 'Finance');

INSERT INTO EP_g VALUES (1128, 'years', '8');

INSERT INTO EP_g VALUES (1128, 'role', 'Analyst');

INSERT INTO EP_g VALUES (1128, 'salary', '76025');

INSERT INTO E_g VALUES (1129, 185, 348, 'works_at');

INSERT INTO EP_g VALUES (1129, 'department', 'HR');

INSERT INTO EP_g VALUES (1129, 'years', '14');

INSERT INTO EP_g VALUES (1129, 'role', 'Manager');

INSERT INTO EP_g VALUES (1129, 'salary', '161686');

INSERT INTO E_g VALUES (1130, 186, 364, 'works_at');

INSERT INTO EP_g VALUES (1130, 'department', 'Operations');

INSERT INTO EP_g VALUES (1130, 'years', '8');

INSERT INTO EP_g VALUES (1130, 'role', 'Director');

INSERT INTO EP_g VALUES (1130, 'salary', '151951');

INSERT INTO E_g VALUES (1131, 187, 318, 'works_at');

INSERT INTO EP_g VALUES (1131, 'department', 'Sales');

INSERT INTO EP_g VALUES (1131, 'years', '9');

INSERT INTO EP_g VALUES (1131, 'role', 'Engineer');

INSERT INTO EP_g VALUES (1131, 'salary', '144378');

INSERT INTO E_g VALUES (1132, 188, 301, 'works_at');

INSERT INTO EP_g VALUES (1132, 'department', 'Finance');

INSERT INTO EP_g VALUES (1132, 'years', '10');

INSERT INTO EP_g VALUES (1132, 'role', 'Specialist');

INSERT INTO EP_g VALUES (1132, 'salary', '151552');

INSERT INTO E_g VALUES (1133, 189, 373, 'works_at');

INSERT INTO EP_g VALUES (1133, 'department', 'Support');

INSERT INTO EP_g VALUES (1133, 'years', '15');

INSERT INTO EP_g VALUES (1133, 'role', 'Specialist');

INSERT INTO EP_g VALUES (1133, 'salary', '96235');

INSERT INTO E_g VALUES (1134, 190, 308, 'works_at');

INSERT INTO EP_g VALUES (1134, 'department', 'Marketing');

INSERT INTO EP_g VALUES (1134, 'years', '14');

INSERT INTO EP_g VALUES (1134, 'role', 'Specialist');

INSERT INTO EP_g VALUES (1134, 'salary', '97997');

INSERT INTO E_g VALUES (1135, 191, 323, 'works_at');

INSERT INTO EP_g VALUES (1135, 'department', 'Support');

INSERT INTO EP_g VALUES (1135, 'years', '11');

INSERT INTO EP_g VALUES (1135, 'role', 'Analyst');

INSERT INTO EP_g VALUES (1135, 'salary', '82141');

INSERT INTO E_g VALUES (1136, 193, 342, 'works_at');

INSERT INTO EP_g VALUES (1136, 'department', 'HR');

INSERT INTO EP_g VALUES (1136, 'years', '9');

INSERT INTO EP_g VALUES (1136, 'role', 'Analyst');

INSERT INTO EP_g VALUES (1136, 'salary', '190157');

INSERT INTO E_g VALUES (1137, 194, 306, 'works_at');

INSERT INTO EP_g VALUES (1137, 'department', 'Support');

INSERT INTO EP_g VALUES (1137, 'years', '4');

INSERT INTO EP_g VALUES (1137, 'role', 'Director');

INSERT INTO EP_g VALUES (1137, 'salary', '67052');

INSERT INTO E_g VALUES (1138, 195, 305, 'works_at');

INSERT INTO EP_g VALUES (1138, 'department', 'IT');

INSERT INTO EP_g VALUES (1138, 'years', '14');

INSERT INTO EP_g VALUES (1138, 'role', 'Analyst');

INSERT INTO EP_g VALUES (1138, 'salary', '89323');

INSERT INTO E_g VALUES (1139, 196, 377, 'works_at');

INSERT INTO EP_g VALUES (1139, 'department', 'Sales');

INSERT INTO EP_g VALUES (1139, 'years', '4');

INSERT INTO EP_g VALUES (1139, 'role', 'Specialist');

INSERT INTO EP_g VALUES (1139, 'salary', '176520');

INSERT INTO E_g VALUES (1140, 199, 303, 'works_at');

INSERT INTO EP_g VALUES (1140, 'department', 'Engineering');

INSERT INTO EP_g VALUES (1140, 'years', '7');

INSERT INTO EP_g VALUES (1140, 'role', 'Specialist');

INSERT INTO EP_g VALUES (1140, 'salary', '170488');

INSERT INTO E_g VALUES (1141, 200, 317, 'works_at');

INSERT INTO EP_g VALUES (1141, 'department', 'Support');

INSERT INTO EP_g VALUES (1141, 'years', '9');

INSERT INTO EP_g VALUES (1141, 'role', 'Specialist');

INSERT INTO EP_g VALUES (1141, 'salary', '189865');

INSERT INTO E_g VALUES (1142, 201, 395, 'works_at');

INSERT INTO EP_g VALUES (1142, 'department', 'Marketing');

INSERT INTO EP_g VALUES (1142, 'years', '9');

INSERT INTO EP_g VALUES (1142, 'role', 'Director');

INSERT INTO EP_g VALUES (1142, 'salary', '142536');

INSERT INTO E_g VALUES (1143, 202, 380, 'works_at');

INSERT INTO EP_g VALUES (1143, 'department', 'Operations');

INSERT INTO EP_g VALUES (1143, 'years', '13');

INSERT INTO EP_g VALUES (1143, 'role', 'Analyst');

INSERT INTO EP_g VALUES (1143, 'salary', '63286');

INSERT INTO E_g VALUES (1144, 203, 319, 'works_at');

INSERT INTO EP_g VALUES (1144, 'department', 'Sales');

INSERT INTO EP_g VALUES (1144, 'years', '13');

INSERT INTO EP_g VALUES (1144, 'role', 'Manager');

INSERT INTO EP_g VALUES (1144, 'salary', '155015');

INSERT INTO E_g VALUES (1145, 204, 361, 'works_at');

INSERT INTO EP_g VALUES (1145, 'department', 'Support');

INSERT INTO EP_g VALUES (1145, 'years', '12');

INSERT INTO EP_g VALUES (1145, 'role', 'Director');

INSERT INTO EP_g VALUES (1145, 'salary', '81319');

INSERT INTO E_g VALUES (1146, 206, 328, 'works_at');

INSERT INTO EP_g VALUES (1146, 'department', 'Engineering');

INSERT INTO EP_g VALUES (1146, 'years', '5');

INSERT INTO EP_g VALUES (1146, 'role', 'Director');

INSERT INTO EP_g VALUES (1146, 'salary', '101658');

INSERT INTO E_g VALUES (1147, 207, 361, 'works_at');

INSERT INTO EP_g VALUES (1147, 'department', 'HR');

INSERT INTO EP_g VALUES (1147, 'years', '9');

INSERT INTO EP_g VALUES (1147, 'role', 'Manager');

INSERT INTO EP_g VALUES (1147, 'salary', '69095');

INSERT INTO E_g VALUES (1148, 209, 378, 'works_at');

INSERT INTO EP_g VALUES (1148, 'department', 'IT');

INSERT INTO EP_g VALUES (1148, 'years', '13');

INSERT INTO EP_g VALUES (1148, 'role', 'Director');

INSERT INTO EP_g VALUES (1148, 'salary', '164837');

INSERT INTO E_g VALUES (1149, 210, 399, 'works_at');

INSERT INTO EP_g VALUES (1149, 'department', 'Engineering');

INSERT INTO EP_g VALUES (1149, 'years', '7');

INSERT INTO EP_g VALUES (1149, 'role', 'Specialist');

INSERT INTO EP_g VALUES (1149, 'salary', '79908');

INSERT INTO E_g VALUES (1150, 213, 387, 'works_at');

INSERT INTO EP_g VALUES (1150, 'department', 'Engineering');

INSERT INTO EP_g VALUES (1150, 'years', '6');

INSERT INTO EP_g VALUES (1150, 'role', 'Director');

INSERT INTO EP_g VALUES (1150, 'salary', '127363');

INSERT INTO E_g VALUES (1151, 217, 329, 'works_at');

INSERT INTO EP_g VALUES (1151, 'department', 'Marketing');

INSERT INTO EP_g VALUES (1151, 'years', '8');

INSERT INTO EP_g VALUES (1151, 'role', 'Manager');

INSERT INTO EP_g VALUES (1151, 'salary', '65922');

INSERT INTO E_g VALUES (1152, 218, 387, 'works_at');

INSERT INTO EP_g VALUES (1152, 'department', 'IT');

INSERT INTO EP_g VALUES (1152, 'years', '5');

INSERT INTO EP_g VALUES (1152, 'role', 'Engineer');

INSERT INTO EP_g VALUES (1152, 'salary', '190900');

INSERT INTO E_g VALUES (1153, 219, 390, 'works_at');

INSERT INTO EP_g VALUES (1153, 'department', 'Support');

INSERT INTO EP_g VALUES (1153, 'years', '11');

INSERT INTO EP_g VALUES (1153, 'role', 'Manager');

INSERT INTO EP_g VALUES (1153, 'salary', '63158');

INSERT INTO E_g VALUES (1154, 220, 360, 'works_at');

INSERT INTO EP_g VALUES (1154, 'department', 'Engineering');

INSERT INTO EP_g VALUES (1154, 'years', '6');

INSERT INTO EP_g VALUES (1154, 'role', 'Engineer');

INSERT INTO EP_g VALUES (1154, 'salary', '156514');

INSERT INTO E_g VALUES (1155, 221, 355, 'works_at');

INSERT INTO EP_g VALUES (1155, 'department', 'HR');

INSERT INTO EP_g VALUES (1155, 'years', '8');

INSERT INTO EP_g VALUES (1155, 'role', 'Director');

INSERT INTO EP_g VALUES (1155, 'salary', '195108');

INSERT INTO E_g VALUES (1156, 224, 375, 'works_at');

INSERT INTO EP_g VALUES (1156, 'department', 'HR');

INSERT INTO EP_g VALUES (1156, 'years', '5');

INSERT INTO EP_g VALUES (1156, 'role', 'Analyst');

INSERT INTO EP_g VALUES (1156, 'salary', '109398');

INSERT INTO E_g VALUES (1157, 225, 379, 'works_at');

INSERT INTO EP_g VALUES (1157, 'department', 'Marketing');

INSERT INTO EP_g VALUES (1157, 'years', '6');

INSERT INTO EP_g VALUES (1157, 'role', 'Specialist');

INSERT INTO EP_g VALUES (1157, 'salary', '76988');

INSERT INTO E_g VALUES (1158, 227, 319, 'works_at');

INSERT INTO EP_g VALUES (1158, 'department', 'IT');

INSERT INTO EP_g VALUES (1158, 'years', '1');

INSERT INTO EP_g VALUES (1158, 'role', 'Director');

INSERT INTO EP_g VALUES (1158, 'salary', '157722');

INSERT INTO E_g VALUES (1159, 228, 330, 'works_at');

INSERT INTO EP_g VALUES (1159, 'department', 'Support');

INSERT INTO EP_g VALUES (1159, 'years', '6');

INSERT INTO EP_g VALUES (1159, 'role', 'Engineer');

INSERT INTO EP_g VALUES (1159, 'salary', '75439');

INSERT INTO E_g VALUES (1160, 229, 351, 'works_at');

INSERT INTO EP_g VALUES (1160, 'department', 'Finance');

INSERT INTO EP_g VALUES (1160, 'years', '11');

INSERT INTO EP_g VALUES (1160, 'role', 'Analyst');

INSERT INTO EP_g VALUES (1160, 'salary', '137816');

INSERT INTO E_g VALUES (1161, 231, 387, 'works_at');

INSERT INTO EP_g VALUES (1161, 'department', 'Support');

INSERT INTO EP_g VALUES (1161, 'years', '1');

INSERT INTO EP_g VALUES (1161, 'role', 'Analyst');

INSERT INTO EP_g VALUES (1161, 'salary', '131870');

INSERT INTO E_g VALUES (1162, 233, 325, 'works_at');

INSERT INTO EP_g VALUES (1162, 'department', 'Operations');

INSERT INTO EP_g VALUES (1162, 'years', '11');

INSERT INTO EP_g VALUES (1162, 'role', 'Engineer');

INSERT INTO EP_g VALUES (1162, 'salary', '88844');

INSERT INTO E_g VALUES (1163, 234, 353, 'works_at');

INSERT INTO EP_g VALUES (1163, 'department', 'Finance');

INSERT INTO EP_g VALUES (1163, 'years', '6');

INSERT INTO EP_g VALUES (1163, 'role', 'Analyst');

INSERT INTO EP_g VALUES (1163, 'salary', '125299');

INSERT INTO E_g VALUES (1164, 235, 305, 'works_at');

INSERT INTO EP_g VALUES (1164, 'department', 'Marketing');

INSERT INTO EP_g VALUES (1164, 'years', '8');

INSERT INTO EP_g VALUES (1164, 'role', 'Engineer');

INSERT INTO EP_g VALUES (1164, 'salary', '156580');

INSERT INTO E_g VALUES (1165, 238, 331, 'works_at');

INSERT INTO EP_g VALUES (1165, 'department', 'Support');

INSERT INTO EP_g VALUES (1165, 'years', '9');

INSERT INTO EP_g VALUES (1165, 'role', 'Analyst');

INSERT INTO EP_g VALUES (1165, 'salary', '157354');

INSERT INTO E_g VALUES (1166, 240, 385, 'works_at');

INSERT INTO EP_g VALUES (1166, 'department', 'Engineering');

INSERT INTO EP_g VALUES (1166, 'years', '7');

INSERT INTO EP_g VALUES (1166, 'role', 'Specialist');

INSERT INTO EP_g VALUES (1166, 'salary', '82158');

INSERT INTO E_g VALUES (1167, 243, 379, 'works_at');

INSERT INTO EP_g VALUES (1167, 'department', 'Finance');

INSERT INTO EP_g VALUES (1167, 'years', '9');

INSERT INTO EP_g VALUES (1167, 'role', 'Analyst');

INSERT INTO EP_g VALUES (1167, 'salary', '54222');

INSERT INTO E_g VALUES (1168, 244, 397, 'works_at');

INSERT INTO EP_g VALUES (1168, 'department', 'Sales');

INSERT INTO EP_g VALUES (1168, 'years', '13');

INSERT INTO EP_g VALUES (1168, 'role', 'Manager');

INSERT INTO EP_g VALUES (1168, 'salary', '93841');

INSERT INTO E_g VALUES (1169, 245, 369, 'works_at');

INSERT INTO EP_g VALUES (1169, 'department', 'Support');

INSERT INTO EP_g VALUES (1169, 'years', '1');

INSERT INTO EP_g VALUES (1169, 'role', 'Director');

INSERT INTO EP_g VALUES (1169, 'salary', '178971');

INSERT INTO E_g VALUES (1170, 246, 363, 'works_at');

INSERT INTO EP_g VALUES (1170, 'department', 'Support');

INSERT INTO EP_g VALUES (1170, 'years', '9');

INSERT INTO EP_g VALUES (1170, 'role', 'Engineer');

INSERT INTO EP_g VALUES (1170, 'salary', '156012');

INSERT INTO E_g VALUES (1171, 248, 367, 'works_at');

INSERT INTO EP_g VALUES (1171, 'department', 'Finance');

INSERT INTO EP_g VALUES (1171, 'years', '1');

INSERT INTO EP_g VALUES (1171, 'role', 'Manager');

INSERT INTO EP_g VALUES (1171, 'salary', '186604');

INSERT INTO E_g VALUES (1172, 250, 358, 'works_at');

INSERT INTO EP_g VALUES (1172, 'department', 'Support');

INSERT INTO EP_g VALUES (1172, 'years', '4');

INSERT INTO EP_g VALUES (1172, 'role', 'Specialist');

INSERT INTO EP_g VALUES (1172, 'salary', '194556');

INSERT INTO E_g VALUES (1173, 251, 308, 'works_at');

INSERT INTO EP_g VALUES (1173, 'department', 'IT');

INSERT INTO EP_g VALUES (1173, 'years', '6');

INSERT INTO EP_g VALUES (1173, 'role', 'Analyst');

INSERT INTO EP_g VALUES (1173, 'salary', '189466');

INSERT INTO E_g VALUES (1174, 252, 314, 'works_at');

INSERT INTO EP_g VALUES (1174, 'department', 'Marketing');

INSERT INTO EP_g VALUES (1174, 'years', '5');

INSERT INTO EP_g VALUES (1174, 'role', 'Specialist');

INSERT INTO EP_g VALUES (1174, 'salary', '108422');

INSERT INTO E_g VALUES (1175, 253, 317, 'works_at');

INSERT INTO EP_g VALUES (1175, 'department', 'Marketing');

INSERT INTO EP_g VALUES (1175, 'years', '12');

INSERT INTO EP_g VALUES (1175, 'role', 'Director');

INSERT INTO EP_g VALUES (1175, 'salary', '187099');

INSERT INTO E_g VALUES (1176, 254, 312, 'works_at');

INSERT INTO EP_g VALUES (1176, 'department', 'Operations');

INSERT INTO EP_g VALUES (1176, 'years', '9');

INSERT INTO EP_g VALUES (1176, 'role', 'Analyst');

INSERT INTO EP_g VALUES (1176, 'salary', '134607');

INSERT INTO E_g VALUES (1177, 256, 372, 'works_at');

INSERT INTO EP_g VALUES (1177, 'department', 'Marketing');

INSERT INTO EP_g VALUES (1177, 'years', '8');

INSERT INTO EP_g VALUES (1177, 'role', 'Manager');

INSERT INTO EP_g VALUES (1177, 'salary', '182833');

INSERT INTO E_g VALUES (1178, 258, 324, 'works_at');

INSERT INTO EP_g VALUES (1178, 'department', 'HR');

INSERT INTO EP_g VALUES (1178, 'years', '3');

INSERT INTO EP_g VALUES (1178, 'role', 'Director');

INSERT INTO EP_g VALUES (1178, 'salary', '134890');

INSERT INTO E_g VALUES (1179, 259, 336, 'works_at');

INSERT INTO EP_g VALUES (1179, 'department', 'HR');

INSERT INTO EP_g VALUES (1179, 'years', '9');

INSERT INTO EP_g VALUES (1179, 'role', 'Manager');

INSERT INTO EP_g VALUES (1179, 'salary', '116468');

INSERT INTO E_g VALUES (1180, 260, 389, 'works_at');

INSERT INTO EP_g VALUES (1180, 'department', 'Support');

INSERT INTO EP_g VALUES (1180, 'years', '6');

INSERT INTO EP_g VALUES (1180, 'role', 'Analyst');

INSERT INTO EP_g VALUES (1180, 'salary', '123833');

INSERT INTO E_g VALUES (1181, 261, 393, 'works_at');

INSERT INTO EP_g VALUES (1181, 'department', 'IT');

INSERT INTO EP_g VALUES (1181, 'years', '15');

INSERT INTO EP_g VALUES (1181, 'role', 'Engineer');

INSERT INTO EP_g VALUES (1181, 'salary', '160641');

INSERT INTO E_g VALUES (1182, 262, 381, 'works_at');

INSERT INTO EP_g VALUES (1182, 'department', 'IT');

INSERT INTO EP_g VALUES (1182, 'years', '10');

INSERT INTO EP_g VALUES (1182, 'role', 'Engineer');

INSERT INTO EP_g VALUES (1182, 'salary', '145755');

INSERT INTO E_g VALUES (1183, 263, 359, 'works_at');

INSERT INTO EP_g VALUES (1183, 'department', 'Finance');

INSERT INTO EP_g VALUES (1183, 'years', '7');

INSERT INTO EP_g VALUES (1183, 'role', 'Engineer');

INSERT INTO EP_g VALUES (1183, 'salary', '140892');

INSERT INTO E_g VALUES (1184, 264, 399, 'works_at');

INSERT INTO EP_g VALUES (1184, 'department', 'IT');

INSERT INTO EP_g VALUES (1184, 'years', '2');

INSERT INTO EP_g VALUES (1184, 'role', 'Analyst');

INSERT INTO EP_g VALUES (1184, 'salary', '68820');

INSERT INTO E_g VALUES (1185, 265, 394, 'works_at');

INSERT INTO EP_g VALUES (1185, 'department', 'Support');

INSERT INTO EP_g VALUES (1185, 'years', '15');

INSERT INTO EP_g VALUES (1185, 'role', 'Specialist');

INSERT INTO EP_g VALUES (1185, 'salary', '155895');

INSERT INTO E_g VALUES (1186, 266, 346, 'works_at');

INSERT INTO EP_g VALUES (1186, 'department', 'Marketing');

INSERT INTO EP_g VALUES (1186, 'years', '4');

INSERT INTO EP_g VALUES (1186, 'role', 'Analyst');

INSERT INTO EP_g VALUES (1186, 'salary', '165596');

INSERT INTO E_g VALUES (1187, 269, 336, 'works_at');

INSERT INTO EP_g VALUES (1187, 'department', 'HR');

INSERT INTO EP_g VALUES (1187, 'years', '5');

INSERT INTO EP_g VALUES (1187, 'role', 'Engineer');

INSERT INTO EP_g VALUES (1187, 'salary', '70319');

INSERT INTO E_g VALUES (1188, 270, 375, 'works_at');

INSERT INTO EP_g VALUES (1188, 'department', 'Support');

INSERT INTO EP_g VALUES (1188, 'years', '6');

INSERT INTO EP_g VALUES (1188, 'role', 'Engineer');

INSERT INTO EP_g VALUES (1188, 'salary', '194428');

INSERT INTO E_g VALUES (1189, 271, 348, 'works_at');

INSERT INTO EP_g VALUES (1189, 'department', 'HR');

INSERT INTO EP_g VALUES (1189, 'years', '14');

INSERT INTO EP_g VALUES (1189, 'role', 'Specialist');

INSERT INTO EP_g VALUES (1189, 'salary', '162261');

INSERT INTO E_g VALUES (1190, 272, 366, 'works_at');

INSERT INTO EP_g VALUES (1190, 'department', 'HR');

INSERT INTO EP_g VALUES (1190, 'years', '9');

INSERT INTO EP_g VALUES (1190, 'role', 'Analyst');

INSERT INTO EP_g VALUES (1190, 'salary', '98087');

INSERT INTO E_g VALUES (1191, 273, 308, 'works_at');

INSERT INTO EP_g VALUES (1191, 'department', 'Marketing');

INSERT INTO EP_g VALUES (1191, 'years', '3');

INSERT INTO EP_g VALUES (1191, 'role', 'Director');

INSERT INTO EP_g VALUES (1191, 'salary', '57346');

INSERT INTO E_g VALUES (1192, 274, 372, 'works_at');

INSERT INTO EP_g VALUES (1192, 'department', 'Finance');

INSERT INTO EP_g VALUES (1192, 'years', '6');

INSERT INTO EP_g VALUES (1192, 'role', 'Analyst');

INSERT INTO EP_g VALUES (1192, 'salary', '175104');

INSERT INTO E_g VALUES (1193, 275, 332, 'works_at');

INSERT INTO EP_g VALUES (1193, 'department', 'Finance');

INSERT INTO EP_g VALUES (1193, 'years', '14');

INSERT INTO EP_g VALUES (1193, 'role', 'Specialist');

INSERT INTO EP_g VALUES (1193, 'salary', '79645');

INSERT INTO E_g VALUES (1194, 276, 400, 'works_at');

INSERT INTO EP_g VALUES (1194, 'department', 'HR');

INSERT INTO EP_g VALUES (1194, 'years', '12');

INSERT INTO EP_g VALUES (1194, 'role', 'Engineer');

INSERT INTO EP_g VALUES (1194, 'salary', '90970');

INSERT INTO E_g VALUES (1195, 277, 316, 'works_at');

INSERT INTO EP_g VALUES (1195, 'department', 'Engineering');

INSERT INTO EP_g VALUES (1195, 'years', '13');

INSERT INTO EP_g VALUES (1195, 'role', 'Specialist');

INSERT INTO EP_g VALUES (1195, 'salary', '81164');

INSERT INTO E_g VALUES (1196, 278, 313, 'works_at');

INSERT INTO EP_g VALUES (1196, 'department', 'HR');

INSERT INTO EP_g VALUES (1196, 'years', '5');

INSERT INTO EP_g VALUES (1196, 'role', 'Engineer');

INSERT INTO EP_g VALUES (1196, 'salary', '130289');

INSERT INTO E_g VALUES (1197, 279, 338, 'works_at');

INSERT INTO EP_g VALUES (1197, 'department', 'Operations');

INSERT INTO EP_g VALUES (1197, 'years', '6');

INSERT INTO EP_g VALUES (1197, 'role', 'Director');

INSERT INTO EP_g VALUES (1197, 'salary', '137130');

INSERT INTO E_g VALUES (1198, 280, 328, 'works_at');

INSERT INTO EP_g VALUES (1198, 'department', 'Engineering');

INSERT INTO EP_g VALUES (1198, 'years', '2');

INSERT INTO EP_g VALUES (1198, 'role', 'Engineer');

INSERT INTO EP_g VALUES (1198, 'salary', '50205');

INSERT INTO E_g VALUES (1199, 281, 394, 'works_at');

INSERT INTO EP_g VALUES (1199, 'department', 'Engineering');

INSERT INTO EP_g VALUES (1199, 'years', '12');

INSERT INTO EP_g VALUES (1199, 'role', 'Specialist');

INSERT INTO EP_g VALUES (1199, 'salary', '85270');

INSERT INTO E_g VALUES (1200, 282, 354, 'works_at');

INSERT INTO EP_g VALUES (1200, 'department', 'Marketing');

INSERT INTO EP_g VALUES (1200, 'years', '14');

INSERT INTO EP_g VALUES (1200, 'role', 'Director');

INSERT INTO EP_g VALUES (1200, 'salary', '145598');

INSERT INTO E_g VALUES (1201, 284, 400, 'works_at');

INSERT INTO EP_g VALUES (1201, 'department', 'Engineering');

INSERT INTO EP_g VALUES (1201, 'years', '13');

INSERT INTO EP_g VALUES (1201, 'role', 'Analyst');

INSERT INTO EP_g VALUES (1201, 'salary', '51243');

INSERT INTO E_g VALUES (1202, 285, 385, 'works_at');

INSERT INTO EP_g VALUES (1202, 'department', 'Sales');

INSERT INTO EP_g VALUES (1202, 'years', '13');

INSERT INTO EP_g VALUES (1202, 'role', 'Engineer');

INSERT INTO EP_g VALUES (1202, 'salary', '121258');

INSERT INTO E_g VALUES (1203, 286, 365, 'works_at');

INSERT INTO EP_g VALUES (1203, 'department', 'Marketing');

INSERT INTO EP_g VALUES (1203, 'years', '2');

INSERT INTO EP_g VALUES (1203, 'role', 'Analyst');

INSERT INTO EP_g VALUES (1203, 'salary', '60834');

INSERT INTO E_g VALUES (1204, 287, 326, 'works_at');

INSERT INTO EP_g VALUES (1204, 'department', 'HR');

INSERT INTO EP_g VALUES (1204, 'years', '12');

INSERT INTO EP_g VALUES (1204, 'role', 'Manager');

INSERT INTO EP_g VALUES (1204, 'salary', '178617');

INSERT INTO E_g VALUES (1205, 289, 354, 'works_at');

INSERT INTO EP_g VALUES (1205, 'department', 'Engineering');

INSERT INTO EP_g VALUES (1205, 'years', '1');

INSERT INTO EP_g VALUES (1205, 'role', 'Engineer');

INSERT INTO EP_g VALUES (1205, 'salary', '168606');

INSERT INTO E_g VALUES (1206, 290, 357, 'works_at');

INSERT INTO EP_g VALUES (1206, 'department', 'IT');

INSERT INTO EP_g VALUES (1206, 'years', '12');

INSERT INTO EP_g VALUES (1206, 'role', 'Analyst');

INSERT INTO EP_g VALUES (1206, 'salary', '193851');

INSERT INTO E_g VALUES (1207, 291, 385, 'works_at');

INSERT INTO EP_g VALUES (1207, 'department', 'Support');

INSERT INTO EP_g VALUES (1207, 'years', '5');

INSERT INTO EP_g VALUES (1207, 'role', 'Analyst');

INSERT INTO EP_g VALUES (1207, 'salary', '154354');

INSERT INTO E_g VALUES (1208, 294, 367, 'works_at');

INSERT INTO EP_g VALUES (1208, 'department', 'IT');

INSERT INTO EP_g VALUES (1208, 'years', '4');

INSERT INTO EP_g VALUES (1208, 'role', 'Director');

INSERT INTO EP_g VALUES (1208, 'salary', '116516');

INSERT INTO E_g VALUES (1209, 297, 393, 'works_at');

INSERT INTO EP_g VALUES (1209, 'department', 'Support');

INSERT INTO EP_g VALUES (1209, 'years', '4');

INSERT INTO EP_g VALUES (1209, 'role', 'Analyst');

INSERT INTO EP_g VALUES (1209, 'salary', '92495');

INSERT INTO E_g VALUES (1210, 298, 394, 'works_at');

INSERT INTO EP_g VALUES (1210, 'department', 'Support');

INSERT INTO EP_g VALUES (1210, 'years', '9');

INSERT INTO EP_g VALUES (1210, 'role', 'Analyst');

INSERT INTO EP_g VALUES (1210, 'salary', '78400');

INSERT INTO E_g VALUES (1211, 299, 346, 'works_at');

INSERT INTO EP_g VALUES (1211, 'department', 'Marketing');

INSERT INTO EP_g VALUES (1211, 'years', '14');

INSERT INTO EP_g VALUES (1211, 'role', 'Manager');

INSERT INTO EP_g VALUES (1211, 'salary', '141038');

INSERT INTO E_g VALUES (1212, 300, 355, 'works_at');

INSERT INTO EP_g VALUES (1212, 'department', 'Sales');

INSERT INTO EP_g VALUES (1212, 'years', '1');

INSERT INTO EP_g VALUES (1212, 'role', 'Manager');

INSERT INTO EP_g VALUES (1212, 'salary', '94522');

INSERT INTO E_g VALUES (1213, 1, 35, 'knows');

INSERT INTO EP_g VALUES (1213, 'since', '2012');

INSERT INTO EP_g VALUES (1213, 'relationship', 'acquaintance');

INSERT INTO EP_g VALUES (1213, 'contact_frequency', 'rarely');

INSERT INTO E_g VALUES (1214, 1, 39, 'knows');

INSERT INTO EP_g VALUES (1214, 'since', '2014');

INSERT INTO EP_g VALUES (1214, 'relationship', 'family');

INSERT INTO EP_g VALUES (1214, 'contact_frequency', 'monthly');

INSERT INTO E_g VALUES (1215, 1, 74, 'knows');

INSERT INTO EP_g VALUES (1215, 'since', '2012');

INSERT INTO EP_g VALUES (1215, 'relationship', 'family');

INSERT INTO EP_g VALUES (1215, 'contact_frequency', 'rarely');

INSERT INTO E_g VALUES (1216, 1, 293, 'knows');

INSERT INTO EP_g VALUES (1216, 'since', '2022');

INSERT INTO EP_g VALUES (1216, 'relationship', 'acquaintance');

INSERT INTO EP_g VALUES (1216, 'contact_frequency', 'rarely');

INSERT INTO E_g VALUES (1217, 1, 25, 'knows');

INSERT INTO EP_g VALUES (1217, 'since', '2017');

INSERT INTO EP_g VALUES (1217, 'relationship', 'colleague');

INSERT INTO EP_g VALUES (1217, 'contact_frequency', 'monthly');

INSERT INTO E_g VALUES (1218, 1, 43, 'knows');

INSERT INTO EP_g VALUES (1218, 'since', '2020');

INSERT INTO EP_g VALUES (1218, 'relationship', 'acquaintance');

INSERT INTO EP_g VALUES (1218, 'contact_frequency', 'rarely');

INSERT INTO E_g VALUES (1219, 1, 109, 'knows');

INSERT INTO EP_g VALUES (1219, 'since', '2013');

INSERT INTO EP_g VALUES (1219, 'relationship', 'friend');

INSERT INTO EP_g VALUES (1219, 'contact_frequency', 'rarely');

INSERT INTO E_g VALUES (1220, 1, 30, 'knows');

INSERT INTO EP_g VALUES (1220, 'since', '2010');

INSERT INTO EP_g VALUES (1220, 'relationship', 'colleague');

INSERT INTO EP_g VALUES (1220, 'contact_frequency', 'monthly');

INSERT INTO E_g VALUES (1221, 1, 91, 'knows');

INSERT INTO EP_g VALUES (1221, 'since', '2021');

INSERT INTO EP_g VALUES (1221, 'relationship', 'acquaintance');

INSERT INTO EP_g VALUES (1221, 'contact_frequency', 'monthly');

INSERT INTO E_g VALUES (1222, 2, 144, 'knows');

INSERT INTO EP_g VALUES (1222, 'since', '2010');

INSERT INTO EP_g VALUES (1222, 'relationship', 'colleague');

INSERT INTO EP_g VALUES (1222, 'contact_frequency', 'weekly');

INSERT INTO E_g VALUES (1223, 2, 230, 'knows');

INSERT INTO EP_g VALUES (1223, 'since', '2021');

INSERT INTO EP_g VALUES (1223, 'relationship', 'family');

INSERT INTO EP_g VALUES (1223, 'contact_frequency', 'weekly');

INSERT INTO E_g VALUES (1224, 2, 10, 'knows');

INSERT INTO EP_g VALUES (1224, 'since', '2016');

INSERT INTO EP_g VALUES (1224, 'relationship', 'family');

INSERT INTO EP_g VALUES (1224, 'contact_frequency', 'daily');

INSERT INTO E_g VALUES (1225, 2, 79, 'knows');

INSERT INTO EP_g VALUES (1225, 'since', '2012');

INSERT INTO EP_g VALUES (1225, 'relationship', 'acquaintance');

INSERT INTO EP_g VALUES (1225, 'contact_frequency', 'monthly');

INSERT INTO E_g VALUES (1226, 2, 75, 'knows');

INSERT INTO EP_g VALUES (1226, 'since', '2012');

INSERT INTO EP_g VALUES (1226, 'relationship', 'friend');

INSERT INTO EP_g VALUES (1226, 'contact_frequency', 'rarely');

INSERT INTO E_g VALUES (1227, 2, 162, 'knows');

INSERT INTO EP_g VALUES (1227, 'since', '2017');

INSERT INTO EP_g VALUES (1227, 'relationship', 'friend');

INSERT INTO EP_g VALUES (1227, 'contact_frequency', 'monthly');

INSERT INTO E_g VALUES (1228, 2, 35, 'knows');

INSERT INTO EP_g VALUES (1228, 'since', '2018');

INSERT INTO EP_g VALUES (1228, 'relationship', 'family');

INSERT INTO EP_g VALUES (1228, 'contact_frequency', 'daily');

INSERT INTO E_g VALUES (1229, 2, 175, 'knows');

INSERT INTO EP_g VALUES (1229, 'since', '2019');

INSERT INTO EP_g VALUES (1229, 'relationship', 'family');

INSERT INTO EP_g VALUES (1229, 'contact_frequency', 'daily');

INSERT INTO E_g VALUES (1230, 2, 204, 'knows');

INSERT INTO EP_g VALUES (1230, 'since', '2010');

INSERT INTO EP_g VALUES (1230, 'relationship', 'acquaintance');

INSERT INTO EP_g VALUES (1230, 'contact_frequency', 'rarely');

INSERT INTO E_g VALUES (1231, 3, 25, 'knows');

INSERT INTO EP_g VALUES (1231, 'since', '2012');

INSERT INTO EP_g VALUES (1231, 'relationship', 'colleague');

INSERT INTO EP_g VALUES (1231, 'contact_frequency', 'monthly');

INSERT INTO E_g VALUES (1232, 3, 139, 'knows');

INSERT INTO EP_g VALUES (1232, 'since', '2022');

INSERT INTO EP_g VALUES (1232, 'relationship', 'acquaintance');

INSERT INTO EP_g VALUES (1232, 'contact_frequency', 'monthly');

INSERT INTO E_g VALUES (1233, 3, 88, 'knows');

INSERT INTO EP_g VALUES (1233, 'since', '2012');

INSERT INTO EP_g VALUES (1233, 'relationship', 'colleague');

INSERT INTO EP_g VALUES (1233, 'contact_frequency', 'rarely');

INSERT INTO E_g VALUES (1234, 3, 210, 'knows');

INSERT INTO EP_g VALUES (1234, 'since', '2023');

INSERT INTO EP_g VALUES (1234, 'relationship', 'family');

INSERT INTO EP_g VALUES (1234, 'contact_frequency', 'rarely');

INSERT INTO E_g VALUES (1235, 3, 106, 'knows');

INSERT INTO EP_g VALUES (1235, 'since', '2016');

INSERT INTO EP_g VALUES (1235, 'relationship', 'friend');

INSERT INTO EP_g VALUES (1235, 'contact_frequency', 'rarely');

INSERT INTO E_g VALUES (1236, 3, 157, 'knows');

INSERT INTO EP_g VALUES (1236, 'since', '2013');

INSERT INTO EP_g VALUES (1236, 'relationship', 'family');

INSERT INTO EP_g VALUES (1236, 'contact_frequency', 'monthly');

INSERT INTO E_g VALUES (1237, 3, 288, 'knows');

INSERT INTO EP_g VALUES (1237, 'since', '2016');

INSERT INTO EP_g VALUES (1237, 'relationship', 'family');

INSERT INTO EP_g VALUES (1237, 'contact_frequency', 'monthly');

INSERT INTO E_g VALUES (1238, 3, 55, 'knows');

INSERT INTO EP_g VALUES (1238, 'since', '2012');

INSERT INTO EP_g VALUES (1238, 'relationship', 'acquaintance');

INSERT INTO EP_g VALUES (1238, 'contact_frequency', 'monthly');

INSERT INTO E_g VALUES (1239, 3, 50, 'knows');

INSERT INTO EP_g VALUES (1239, 'since', '2014');

INSERT INTO EP_g VALUES (1239, 'relationship', 'acquaintance');

INSERT INTO EP_g VALUES (1239, 'contact_frequency', 'rarely');

INSERT INTO E_g VALUES (1240, 3, 120, 'knows');

INSERT INTO EP_g VALUES (1240, 'since', '2012');

INSERT INTO EP_g VALUES (1240, 'relationship', 'family');

INSERT INTO EP_g VALUES (1240, 'contact_frequency', 'rarely');

INSERT INTO E_g VALUES (1241, 4, 181, 'knows');

INSERT INTO EP_g VALUES (1241, 'since', '2012');

INSERT INTO EP_g VALUES (1241, 'relationship', 'colleague');

INSERT INTO EP_g VALUES (1241, 'contact_frequency', 'rarely');

INSERT INTO E_g VALUES (1242, 4, 204, 'knows');

INSERT INTO EP_g VALUES (1242, 'since', '2014');

INSERT INTO EP_g VALUES (1242, 'relationship', 'acquaintance');

INSERT INTO EP_g VALUES (1242, 'contact_frequency', 'daily');

INSERT INTO E_g VALUES (1243, 4, 227, 'knows');

INSERT INTO EP_g VALUES (1243, 'since', '2011');

INSERT INTO EP_g VALUES (1243, 'relationship', 'acquaintance');

INSERT INTO EP_g VALUES (1243, 'contact_frequency', 'monthly');

INSERT INTO E_g VALUES (1244, 5, 154, 'knows');

INSERT INTO EP_g VALUES (1244, 'since', '2017');

INSERT INTO EP_g VALUES (1244, 'relationship', 'family');

INSERT INTO EP_g VALUES (1244, 'contact_frequency', 'daily');

INSERT INTO E_g VALUES (1245, 5, 153, 'knows');

INSERT INTO EP_g VALUES (1245, 'since', '2013');

INSERT INTO EP_g VALUES (1245, 'relationship', 'colleague');

INSERT INTO EP_g VALUES (1245, 'contact_frequency', 'weekly');

INSERT INTO E_g VALUES (1246, 5, 98, 'knows');

INSERT INTO EP_g VALUES (1246, 'since', '2018');

INSERT INTO EP_g VALUES (1246, 'relationship', 'friend');

INSERT INTO EP_g VALUES (1246, 'contact_frequency', 'monthly');

INSERT INTO E_g VALUES (1247, 5, 140, 'knows');

INSERT INTO EP_g VALUES (1247, 'since', '2014');

INSERT INTO EP_g VALUES (1247, 'relationship', 'family');

INSERT INTO EP_g VALUES (1247, 'contact_frequency', 'daily');

INSERT INTO E_g VALUES (1248, 5, 91, 'knows');

INSERT INTO EP_g VALUES (1248, 'since', '2018');

INSERT INTO EP_g VALUES (1248, 'relationship', 'colleague');

INSERT INTO EP_g VALUES (1248, 'contact_frequency', 'rarely');

INSERT INTO E_g VALUES (1249, 5, 77, 'knows');

INSERT INTO EP_g VALUES (1249, 'since', '2012');

INSERT INTO EP_g VALUES (1249, 'relationship', 'colleague');

INSERT INTO EP_g VALUES (1249, 'contact_frequency', 'weekly');

INSERT INTO E_g VALUES (1250, 5, 38, 'knows');

INSERT INTO EP_g VALUES (1250, 'since', '2012');

INSERT INTO EP_g VALUES (1250, 'relationship', 'acquaintance');

INSERT INTO EP_g VALUES (1250, 'contact_frequency', 'daily');

INSERT INTO E_g VALUES (1251, 5, 299, 'knows');

INSERT INTO EP_g VALUES (1251, 'since', '2016');

INSERT INTO EP_g VALUES (1251, 'relationship', 'friend');

INSERT INTO EP_g VALUES (1251, 'contact_frequency', 'daily');

INSERT INTO E_g VALUES (1252, 5, 201, 'knows');

INSERT INTO EP_g VALUES (1252, 'since', '2011');

INSERT INTO EP_g VALUES (1252, 'relationship', 'family');

INSERT INTO EP_g VALUES (1252, 'contact_frequency', 'weekly');

INSERT INTO E_g VALUES (1253, 6, 80, 'knows');

INSERT INTO EP_g VALUES (1253, 'since', '2022');

INSERT INTO EP_g VALUES (1253, 'relationship', 'acquaintance');

INSERT INTO EP_g VALUES (1253, 'contact_frequency', 'rarely');

INSERT INTO E_g VALUES (1254, 6, 33, 'knows');

INSERT INTO EP_g VALUES (1254, 'since', '2017');

INSERT INTO EP_g VALUES (1254, 'relationship', 'family');

INSERT INTO EP_g VALUES (1254, 'contact_frequency', 'weekly');

INSERT INTO E_g VALUES (1255, 6, 254, 'knows');

INSERT INTO EP_g VALUES (1255, 'since', '2016');

INSERT INTO EP_g VALUES (1255, 'relationship', 'colleague');

INSERT INTO EP_g VALUES (1255, 'contact_frequency', 'rarely');

INSERT INTO E_g VALUES (1256, 6, 265, 'knows');

INSERT INTO EP_g VALUES (1256, 'since', '2018');

INSERT INTO EP_g VALUES (1256, 'relationship', 'acquaintance');

INSERT INTO EP_g VALUES (1256, 'contact_frequency', 'monthly');

INSERT INTO E_g VALUES (1257, 6, 61, 'knows');

INSERT INTO EP_g VALUES (1257, 'since', '2017');

INSERT INTO EP_g VALUES (1257, 'relationship', 'family');

INSERT INTO EP_g VALUES (1257, 'contact_frequency', 'monthly');

INSERT INTO E_g VALUES (1258, 6, 138, 'knows');

INSERT INTO EP_g VALUES (1258, 'since', '2011');

INSERT INTO EP_g VALUES (1258, 'relationship', 'friend');

INSERT INTO EP_g VALUES (1258, 'contact_frequency', 'rarely');

INSERT INTO E_g VALUES (1259, 7, 40, 'knows');

INSERT INTO EP_g VALUES (1259, 'since', '2011');

INSERT INTO EP_g VALUES (1259, 'relationship', 'friend');

INSERT INTO EP_g VALUES (1259, 'contact_frequency', 'daily');

INSERT INTO E_g VALUES (1260, 7, 143, 'knows');

INSERT INTO EP_g VALUES (1260, 'since', '2020');

INSERT INTO EP_g VALUES (1260, 'relationship', 'friend');

INSERT INTO EP_g VALUES (1260, 'contact_frequency', 'rarely');

INSERT INTO E_g VALUES (1261, 7, 206, 'knows');

INSERT INTO EP_g VALUES (1261, 'since', '2018');

INSERT INTO EP_g VALUES (1261, 'relationship', 'friend');

INSERT INTO EP_g VALUES (1261, 'contact_frequency', 'weekly');

INSERT INTO E_g VALUES (1262, 8, 167, 'knows');

INSERT INTO EP_g VALUES (1262, 'since', '2016');

INSERT INTO EP_g VALUES (1262, 'relationship', 'friend');

INSERT INTO EP_g VALUES (1262, 'contact_frequency', 'weekly');

INSERT INTO E_g VALUES (1263, 8, 89, 'knows');

INSERT INTO EP_g VALUES (1263, 'since', '2022');

INSERT INTO EP_g VALUES (1263, 'relationship', 'acquaintance');

INSERT INTO EP_g VALUES (1263, 'contact_frequency', 'daily');

INSERT INTO E_g VALUES (1264, 8, 95, 'knows');

INSERT INTO EP_g VALUES (1264, 'since', '2014');

INSERT INTO EP_g VALUES (1264, 'relationship', 'colleague');

INSERT INTO EP_g VALUES (1264, 'contact_frequency', 'weekly');

INSERT INTO E_g VALUES (1265, 9, 87, 'knows');

INSERT INTO EP_g VALUES (1265, 'since', '2015');

INSERT INTO EP_g VALUES (1265, 'relationship', 'colleague');

INSERT INTO EP_g VALUES (1265, 'contact_frequency', 'monthly');

INSERT INTO E_g VALUES (1266, 9, 249, 'knows');

INSERT INTO EP_g VALUES (1266, 'since', '2022');

INSERT INTO EP_g VALUES (1266, 'relationship', 'family');

INSERT INTO EP_g VALUES (1266, 'contact_frequency', 'weekly');

INSERT INTO E_g VALUES (1267, 10, 253, 'knows');

INSERT INTO EP_g VALUES (1267, 'since', '2016');

INSERT INTO EP_g VALUES (1267, 'relationship', 'colleague');

INSERT INTO EP_g VALUES (1267, 'contact_frequency', 'monthly');

INSERT INTO E_g VALUES (1268, 10, 139, 'knows');

INSERT INTO EP_g VALUES (1268, 'since', '2012');

INSERT INTO EP_g VALUES (1268, 'relationship', 'acquaintance');

INSERT INTO EP_g VALUES (1268, 'contact_frequency', 'monthly');

INSERT INTO E_g VALUES (1269, 10, 147, 'knows');

INSERT INTO EP_g VALUES (1269, 'since', '2021');

INSERT INTO EP_g VALUES (1269, 'relationship', 'colleague');

INSERT INTO EP_g VALUES (1269, 'contact_frequency', 'monthly');

INSERT INTO E_g VALUES (1270, 11, 2, 'knows');

INSERT INTO EP_g VALUES (1270, 'since', '2012');

INSERT INTO EP_g VALUES (1270, 'relationship', 'friend');

INSERT INTO EP_g VALUES (1270, 'contact_frequency', 'daily');

INSERT INTO E_g VALUES (1271, 11, 218, 'knows');

INSERT INTO EP_g VALUES (1271, 'since', '2013');

INSERT INTO EP_g VALUES (1271, 'relationship', 'colleague');

INSERT INTO EP_g VALUES (1271, 'contact_frequency', 'weekly');

INSERT INTO E_g VALUES (1272, 11, 290, 'knows');

INSERT INTO EP_g VALUES (1272, 'since', '2011');

INSERT INTO EP_g VALUES (1272, 'relationship', 'colleague');

INSERT INTO EP_g VALUES (1272, 'contact_frequency', 'monthly');

INSERT INTO E_g VALUES (1273, 11, 207, 'knows');

INSERT INTO EP_g VALUES (1273, 'since', '2021');

INSERT INTO EP_g VALUES (1273, 'relationship', 'acquaintance');

INSERT INTO EP_g VALUES (1273, 'contact_frequency', 'weekly');

INSERT INTO E_g VALUES (1274, 11, 268, 'knows');

INSERT INTO EP_g VALUES (1274, 'since', '2012');

INSERT INTO EP_g VALUES (1274, 'relationship', 'family');

INSERT INTO EP_g VALUES (1274, 'contact_frequency', 'daily');

INSERT INTO E_g VALUES (1275, 11, 81, 'knows');

INSERT INTO EP_g VALUES (1275, 'since', '2014');

INSERT INTO EP_g VALUES (1275, 'relationship', 'friend');

INSERT INTO EP_g VALUES (1275, 'contact_frequency', 'daily');

INSERT INTO E_g VALUES (1276, 11, 12, 'knows');

INSERT INTO EP_g VALUES (1276, 'since', '2023');

INSERT INTO EP_g VALUES (1276, 'relationship', 'acquaintance');

INSERT INTO EP_g VALUES (1276, 'contact_frequency', 'monthly');

INSERT INTO E_g VALUES (1277, 12, 276, 'knows');

INSERT INTO EP_g VALUES (1277, 'since', '2013');

INSERT INTO EP_g VALUES (1277, 'relationship', 'colleague');

INSERT INTO EP_g VALUES (1277, 'contact_frequency', 'weekly');

INSERT INTO E_g VALUES (1278, 12, 193, 'knows');

INSERT INTO EP_g VALUES (1278, 'since', '2017');

INSERT INTO EP_g VALUES (1278, 'relationship', 'colleague');

INSERT INTO EP_g VALUES (1278, 'contact_frequency', 'rarely');

INSERT INTO E_g VALUES (1279, 12, 250, 'knows');

INSERT INTO EP_g VALUES (1279, 'since', '2010');

INSERT INTO EP_g VALUES (1279, 'relationship', 'colleague');

INSERT INTO EP_g VALUES (1279, 'contact_frequency', 'monthly');

INSERT INTO E_g VALUES (1280, 13, 111, 'knows');

INSERT INTO EP_g VALUES (1280, 'since', '2023');

INSERT INTO EP_g VALUES (1280, 'relationship', 'colleague');

INSERT INTO EP_g VALUES (1280, 'contact_frequency', 'monthly');

INSERT INTO E_g VALUES (1281, 13, 94, 'knows');

INSERT INTO EP_g VALUES (1281, 'since', '2017');

INSERT INTO EP_g VALUES (1281, 'relationship', 'colleague');

INSERT INTO EP_g VALUES (1281, 'contact_frequency', 'daily');

INSERT INTO E_g VALUES (1282, 13, 171, 'knows');

INSERT INTO EP_g VALUES (1282, 'since', '2014');

INSERT INTO EP_g VALUES (1282, 'relationship', 'acquaintance');

INSERT INTO EP_g VALUES (1282, 'contact_frequency', 'rarely');

INSERT INTO E_g VALUES (1283, 13, 209, 'knows');

INSERT INTO EP_g VALUES (1283, 'since', '2014');

INSERT INTO EP_g VALUES (1283, 'relationship', 'friend');

INSERT INTO EP_g VALUES (1283, 'contact_frequency', 'monthly');

INSERT INTO E_g VALUES (1284, 13, 285, 'knows');

INSERT INTO EP_g VALUES (1284, 'since', '2017');

INSERT INTO EP_g VALUES (1284, 'relationship', 'acquaintance');

INSERT INTO EP_g VALUES (1284, 'contact_frequency', 'weekly');

INSERT INTO E_g VALUES (1285, 13, 253, 'knows');

INSERT INTO EP_g VALUES (1285, 'since', '2018');

INSERT INTO EP_g VALUES (1285, 'relationship', 'family');

INSERT INTO EP_g VALUES (1285, 'contact_frequency', 'weekly');

INSERT INTO E_g VALUES (1286, 13, 293, 'knows');

INSERT INTO EP_g VALUES (1286, 'since', '2017');

INSERT INTO EP_g VALUES (1286, 'relationship', 'acquaintance');

INSERT INTO EP_g VALUES (1286, 'contact_frequency', 'monthly');

INSERT INTO E_g VALUES (1287, 14, 185, 'knows');

INSERT INTO EP_g VALUES (1287, 'since', '2015');

INSERT INTO EP_g VALUES (1287, 'relationship', 'friend');

INSERT INTO EP_g VALUES (1287, 'contact_frequency', 'weekly');

INSERT INTO E_g VALUES (1288, 14, 102, 'knows');

INSERT INTO EP_g VALUES (1288, 'since', '2015');

INSERT INTO EP_g VALUES (1288, 'relationship', 'acquaintance');

INSERT INTO EP_g VALUES (1288, 'contact_frequency', 'monthly');

INSERT INTO E_g VALUES (1289, 14, 247, 'knows');

INSERT INTO EP_g VALUES (1289, 'since', '2011');

INSERT INTO EP_g VALUES (1289, 'relationship', 'colleague');

INSERT INTO EP_g VALUES (1289, 'contact_frequency', 'monthly');

INSERT INTO E_g VALUES (1290, 14, 72, 'knows');

INSERT INTO EP_g VALUES (1290, 'since', '2010');

INSERT INTO EP_g VALUES (1290, 'relationship', 'friend');

INSERT INTO EP_g VALUES (1290, 'contact_frequency', 'monthly');

INSERT INTO E_g VALUES (1291, 15, 133, 'knows');

INSERT INTO EP_g VALUES (1291, 'since', '2016');

INSERT INTO EP_g VALUES (1291, 'relationship', 'acquaintance');

INSERT INTO EP_g VALUES (1291, 'contact_frequency', 'monthly');

INSERT INTO E_g VALUES (1292, 15, 152, 'knows');

INSERT INTO EP_g VALUES (1292, 'since', '2011');

INSERT INTO EP_g VALUES (1292, 'relationship', 'acquaintance');

INSERT INTO EP_g VALUES (1292, 'contact_frequency', 'daily');

INSERT INTO E_g VALUES (1293, 15, 296, 'knows');

INSERT INTO EP_g VALUES (1293, 'since', '2020');

INSERT INTO EP_g VALUES (1293, 'relationship', 'friend');

INSERT INTO EP_g VALUES (1293, 'contact_frequency', 'rarely');

INSERT INTO E_g VALUES (1294, 15, 93, 'knows');

INSERT INTO EP_g VALUES (1294, 'since', '2012');

INSERT INTO EP_g VALUES (1294, 'relationship', 'colleague');

INSERT INTO EP_g VALUES (1294, 'contact_frequency', 'rarely');

INSERT INTO E_g VALUES (1295, 15, 51, 'knows');

INSERT INTO EP_g VALUES (1295, 'since', '2021');

INSERT INTO EP_g VALUES (1295, 'relationship', 'colleague');

INSERT INTO EP_g VALUES (1295, 'contact_frequency', 'daily');

INSERT INTO E_g VALUES (1296, 15, 87, 'knows');

INSERT INTO EP_g VALUES (1296, 'since', '2017');

INSERT INTO EP_g VALUES (1296, 'relationship', 'colleague');

INSERT INTO EP_g VALUES (1296, 'contact_frequency', 'daily');

INSERT INTO E_g VALUES (1297, 15, 120, 'knows');

INSERT INTO EP_g VALUES (1297, 'since', '2013');

INSERT INTO EP_g VALUES (1297, 'relationship', 'acquaintance');

INSERT INTO EP_g VALUES (1297, 'contact_frequency', 'rarely');

INSERT INTO E_g VALUES (1298, 16, 11, 'knows');

INSERT INTO EP_g VALUES (1298, 'since', '2020');

INSERT INTO EP_g VALUES (1298, 'relationship', 'family');

INSERT INTO EP_g VALUES (1298, 'contact_frequency', 'daily');

INSERT INTO E_g VALUES (1299, 16, 14, 'knows');

INSERT INTO EP_g VALUES (1299, 'since', '2010');

INSERT INTO EP_g VALUES (1299, 'relationship', 'acquaintance');

INSERT INTO EP_g VALUES (1299, 'contact_frequency', 'rarely');

INSERT INTO E_g VALUES (1300, 17, 192, 'knows');

INSERT INTO EP_g VALUES (1300, 'since', '2011');

INSERT INTO EP_g VALUES (1300, 'relationship', 'friend');

INSERT INTO EP_g VALUES (1300, 'contact_frequency', 'daily');

INSERT INTO E_g VALUES (1301, 17, 241, 'knows');

INSERT INTO EP_g VALUES (1301, 'since', '2014');

INSERT INTO EP_g VALUES (1301, 'relationship', 'family');

INSERT INTO EP_g VALUES (1301, 'contact_frequency', 'daily');

INSERT INTO E_g VALUES (1302, 17, 37, 'knows');

INSERT INTO EP_g VALUES (1302, 'since', '2013');

INSERT INTO EP_g VALUES (1302, 'relationship', 'acquaintance');

INSERT INTO EP_g VALUES (1302, 'contact_frequency', 'weekly');

INSERT INTO E_g VALUES (1303, 17, 59, 'knows');

INSERT INTO EP_g VALUES (1303, 'since', '2017');

INSERT INTO EP_g VALUES (1303, 'relationship', 'colleague');

INSERT INTO EP_g VALUES (1303, 'contact_frequency', 'daily');

INSERT INTO E_g VALUES (1304, 18, 276, 'knows');

INSERT INTO EP_g VALUES (1304, 'since', '2018');

INSERT INTO EP_g VALUES (1304, 'relationship', 'acquaintance');

INSERT INTO EP_g VALUES (1304, 'contact_frequency', 'rarely');

INSERT INTO E_g VALUES (1305, 18, 30, 'knows');

INSERT INTO EP_g VALUES (1305, 'since', '2019');

INSERT INTO EP_g VALUES (1305, 'relationship', 'family');

INSERT INTO EP_g VALUES (1305, 'contact_frequency', 'weekly');

INSERT INTO E_g VALUES (1306, 18, 279, 'knows');

INSERT INTO EP_g VALUES (1306, 'since', '2015');

INSERT INTO EP_g VALUES (1306, 'relationship', 'colleague');

INSERT INTO EP_g VALUES (1306, 'contact_frequency', 'rarely');

INSERT INTO E_g VALUES (1307, 18, 12, 'knows');

INSERT INTO EP_g VALUES (1307, 'since', '2018');

INSERT INTO EP_g VALUES (1307, 'relationship', 'friend');

INSERT INTO EP_g VALUES (1307, 'contact_frequency', 'weekly');

INSERT INTO E_g VALUES (1308, 19, 225, 'knows');

INSERT INTO EP_g VALUES (1308, 'since', '2023');

INSERT INTO EP_g VALUES (1308, 'relationship', 'family');

INSERT INTO EP_g VALUES (1308, 'contact_frequency', 'weekly');

INSERT INTO E_g VALUES (1309, 19, 91, 'knows');

INSERT INTO EP_g VALUES (1309, 'since', '2019');

INSERT INTO EP_g VALUES (1309, 'relationship', 'colleague');

INSERT INTO EP_g VALUES (1309, 'contact_frequency', 'weekly');

INSERT INTO E_g VALUES (1310, 19, 137, 'knows');

INSERT INTO EP_g VALUES (1310, 'since', '2019');

INSERT INTO EP_g VALUES (1310, 'relationship', 'family');

INSERT INTO EP_g VALUES (1310, 'contact_frequency', 'rarely');

INSERT INTO E_g VALUES (1311, 19, 169, 'knows');

INSERT INTO EP_g VALUES (1311, 'since', '2019');

INSERT INTO EP_g VALUES (1311, 'relationship', 'acquaintance');

INSERT INTO EP_g VALUES (1311, 'contact_frequency', 'rarely');

INSERT INTO E_g VALUES (1312, 19, 87, 'knows');

INSERT INTO EP_g VALUES (1312, 'since', '2013');

INSERT INTO EP_g VALUES (1312, 'relationship', 'colleague');

INSERT INTO EP_g VALUES (1312, 'contact_frequency', 'weekly');

INSERT INTO E_g VALUES (1313, 19, 224, 'knows');

INSERT INTO EP_g VALUES (1313, 'since', '2021');

INSERT INTO EP_g VALUES (1313, 'relationship', 'colleague');

INSERT INTO EP_g VALUES (1313, 'contact_frequency', 'rarely');

INSERT INTO E_g VALUES (1314, 19, 232, 'knows');

INSERT INTO EP_g VALUES (1314, 'since', '2018');

INSERT INTO EP_g VALUES (1314, 'relationship', 'friend');

INSERT INTO EP_g VALUES (1314, 'contact_frequency', 'weekly');

INSERT INTO E_g VALUES (1315, 19, 170, 'knows');

INSERT INTO EP_g VALUES (1315, 'since', '2015');

INSERT INTO EP_g VALUES (1315, 'relationship', 'colleague');

INSERT INTO EP_g VALUES (1315, 'contact_frequency', 'monthly');

INSERT INTO E_g VALUES (1316, 20, 23, 'knows');

INSERT INTO EP_g VALUES (1316, 'since', '2022');

INSERT INTO EP_g VALUES (1316, 'relationship', 'family');

INSERT INTO EP_g VALUES (1316, 'contact_frequency', 'monthly');

INSERT INTO E_g VALUES (1317, 20, 151, 'knows');

INSERT INTO EP_g VALUES (1317, 'since', '2014');

INSERT INTO EP_g VALUES (1317, 'relationship', 'family');

INSERT INTO EP_g VALUES (1317, 'contact_frequency', 'daily');

INSERT INTO E_g VALUES (1318, 21, 74, 'knows');

INSERT INTO EP_g VALUES (1318, 'since', '2024');

INSERT INTO EP_g VALUES (1318, 'relationship', 'family');

INSERT INTO EP_g VALUES (1318, 'contact_frequency', 'rarely');

INSERT INTO E_g VALUES (1319, 21, 106, 'knows');

INSERT INTO EP_g VALUES (1319, 'since', '2012');

INSERT INTO EP_g VALUES (1319, 'relationship', 'acquaintance');

INSERT INTO EP_g VALUES (1319, 'contact_frequency', 'monthly');

INSERT INTO E_g VALUES (1320, 21, 37, 'knows');

INSERT INTO EP_g VALUES (1320, 'since', '2019');

INSERT INTO EP_g VALUES (1320, 'relationship', 'family');

INSERT INTO EP_g VALUES (1320, 'contact_frequency', 'monthly');

INSERT INTO E_g VALUES (1321, 22, 74, 'knows');

INSERT INTO EP_g VALUES (1321, 'since', '2016');

INSERT INTO EP_g VALUES (1321, 'relationship', 'colleague');

INSERT INTO EP_g VALUES (1321, 'contact_frequency', 'daily');

INSERT INTO E_g VALUES (1322, 22, 153, 'knows');

INSERT INTO EP_g VALUES (1322, 'since', '2022');

INSERT INTO EP_g VALUES (1322, 'relationship', 'colleague');

INSERT INTO EP_g VALUES (1322, 'contact_frequency', 'daily');

INSERT INTO E_g VALUES (1323, 22, 21, 'knows');

INSERT INTO EP_g VALUES (1323, 'since', '2016');

INSERT INTO EP_g VALUES (1323, 'relationship', 'acquaintance');

INSERT INTO EP_g VALUES (1323, 'contact_frequency', 'daily');

INSERT INTO E_g VALUES (1324, 22, 262, 'knows');

INSERT INTO EP_g VALUES (1324, 'since', '2019');

INSERT INTO EP_g VALUES (1324, 'relationship', 'acquaintance');

INSERT INTO EP_g VALUES (1324, 'contact_frequency', 'rarely');

INSERT INTO E_g VALUES (1325, 22, 293, 'knows');

INSERT INTO EP_g VALUES (1325, 'since', '2019');

INSERT INTO EP_g VALUES (1325, 'relationship', 'acquaintance');

INSERT INTO EP_g VALUES (1325, 'contact_frequency', 'rarely');

INSERT INTO E_g VALUES (1326, 22, 15, 'knows');

INSERT INTO EP_g VALUES (1326, 'since', '2010');

INSERT INTO EP_g VALUES (1326, 'relationship', 'friend');

INSERT INTO EP_g VALUES (1326, 'contact_frequency', 'weekly');

INSERT INTO E_g VALUES (1327, 22, 123, 'knows');

INSERT INTO EP_g VALUES (1327, 'since', '2016');

INSERT INTO EP_g VALUES (1327, 'relationship', 'colleague');

INSERT INTO EP_g VALUES (1327, 'contact_frequency', 'monthly');

INSERT INTO E_g VALUES (1328, 22, 278, 'knows');

INSERT INTO EP_g VALUES (1328, 'since', '2021');

INSERT INTO EP_g VALUES (1328, 'relationship', 'friend');

INSERT INTO EP_g VALUES (1328, 'contact_frequency', 'weekly');

INSERT INTO E_g VALUES (1329, 23, 101, 'knows');

INSERT INTO EP_g VALUES (1329, 'since', '2019');

INSERT INTO EP_g VALUES (1329, 'relationship', 'colleague');

INSERT INTO EP_g VALUES (1329, 'contact_frequency', 'weekly');

INSERT INTO E_g VALUES (1330, 23, 27, 'knows');

INSERT INTO EP_g VALUES (1330, 'since', '2017');

INSERT INTO EP_g VALUES (1330, 'relationship', 'family');

INSERT INTO EP_g VALUES (1330, 'contact_frequency', 'weekly');

INSERT INTO E_g VALUES (1331, 23, 16, 'knows');

INSERT INTO EP_g VALUES (1331, 'since', '2023');

INSERT INTO EP_g VALUES (1331, 'relationship', 'friend');

INSERT INTO EP_g VALUES (1331, 'contact_frequency', 'monthly');

INSERT INTO E_g VALUES (1332, 23, 246, 'knows');

INSERT INTO EP_g VALUES (1332, 'since', '2022');

INSERT INTO EP_g VALUES (1332, 'relationship', 'family');

INSERT INTO EP_g VALUES (1332, 'contact_frequency', 'rarely');

INSERT INTO E_g VALUES (1333, 23, 138, 'knows');

INSERT INTO EP_g VALUES (1333, 'since', '2012');

INSERT INTO EP_g VALUES (1333, 'relationship', 'friend');

INSERT INTO EP_g VALUES (1333, 'contact_frequency', 'weekly');

INSERT INTO E_g VALUES (1334, 23, 123, 'knows');

INSERT INTO EP_g VALUES (1334, 'since', '2018');

INSERT INTO EP_g VALUES (1334, 'relationship', 'family');

INSERT INTO EP_g VALUES (1334, 'contact_frequency', 'rarely');

INSERT INTO E_g VALUES (1335, 23, 131, 'knows');

INSERT INTO EP_g VALUES (1335, 'since', '2023');

INSERT INTO EP_g VALUES (1335, 'relationship', 'acquaintance');

INSERT INTO EP_g VALUES (1335, 'contact_frequency', 'daily');

INSERT INTO E_g VALUES (1336, 23, 134, 'knows');

INSERT INTO EP_g VALUES (1336, 'since', '2011');

INSERT INTO EP_g VALUES (1336, 'relationship', 'acquaintance');

INSERT INTO EP_g VALUES (1336, 'contact_frequency', 'monthly');

INSERT INTO E_g VALUES (1337, 23, 64, 'knows');

INSERT INTO EP_g VALUES (1337, 'since', '2018');

INSERT INTO EP_g VALUES (1337, 'relationship', 'acquaintance');

INSERT INTO EP_g VALUES (1337, 'contact_frequency', 'daily');

INSERT INTO E_g VALUES (1338, 23, 76, 'knows');

INSERT INTO EP_g VALUES (1338, 'since', '2022');

INSERT INTO EP_g VALUES (1338, 'relationship', 'colleague');

INSERT INTO EP_g VALUES (1338, 'contact_frequency', 'monthly');

INSERT INTO E_g VALUES (1339, 24, 44, 'knows');

INSERT INTO EP_g VALUES (1339, 'since', '2011');

INSERT INTO EP_g VALUES (1339, 'relationship', 'colleague');

INSERT INTO EP_g VALUES (1339, 'contact_frequency', 'monthly');

INSERT INTO E_g VALUES (1340, 24, 36, 'knows');

INSERT INTO EP_g VALUES (1340, 'since', '2010');

INSERT INTO EP_g VALUES (1340, 'relationship', 'colleague');

INSERT INTO EP_g VALUES (1340, 'contact_frequency', 'rarely');

INSERT INTO E_g VALUES (1341, 24, 136, 'knows');

INSERT INTO EP_g VALUES (1341, 'since', '2019');

INSERT INTO EP_g VALUES (1341, 'relationship', 'acquaintance');

INSERT INTO EP_g VALUES (1341, 'contact_frequency', 'rarely');

INSERT INTO E_g VALUES (1342, 24, 1, 'knows');

INSERT INTO EP_g VALUES (1342, 'since', '2024');

INSERT INTO EP_g VALUES (1342, 'relationship', 'colleague');

INSERT INTO EP_g VALUES (1342, 'contact_frequency', 'rarely');

INSERT INTO E_g VALUES (1343, 24, 163, 'knows');

INSERT INTO EP_g VALUES (1343, 'since', '2015');

INSERT INTO EP_g VALUES (1343, 'relationship', 'family');

INSERT INTO EP_g VALUES (1343, 'contact_frequency', 'rarely');

INSERT INTO E_g VALUES (1344, 24, 55, 'knows');

INSERT INTO EP_g VALUES (1344, 'since', '2023');

INSERT INTO EP_g VALUES (1344, 'relationship', 'friend');

INSERT INTO EP_g VALUES (1344, 'contact_frequency', 'rarely');

INSERT INTO E_g VALUES (1345, 25, 222, 'knows');

INSERT INTO EP_g VALUES (1345, 'since', '2017');

INSERT INTO EP_g VALUES (1345, 'relationship', 'friend');

INSERT INTO EP_g VALUES (1345, 'contact_frequency', 'rarely');

INSERT INTO E_g VALUES (1346, 25, 97, 'knows');

INSERT INTO EP_g VALUES (1346, 'since', '2024');

INSERT INTO EP_g VALUES (1346, 'relationship', 'family');

INSERT INTO EP_g VALUES (1346, 'contact_frequency', 'weekly');

INSERT INTO E_g VALUES (1347, 25, 161, 'knows');

INSERT INTO EP_g VALUES (1347, 'since', '2015');

INSERT INTO EP_g VALUES (1347, 'relationship', 'colleague');

INSERT INTO EP_g VALUES (1347, 'contact_frequency', 'weekly');

INSERT INTO E_g VALUES (1348, 25, 170, 'knows');

INSERT INTO EP_g VALUES (1348, 'since', '2010');

INSERT INTO EP_g VALUES (1348, 'relationship', 'family');

INSERT INTO EP_g VALUES (1348, 'contact_frequency', 'daily');

INSERT INTO E_g VALUES (1349, 25, 26, 'knows');

INSERT INTO EP_g VALUES (1349, 'since', '2014');

INSERT INTO EP_g VALUES (1349, 'relationship', 'family');

INSERT INTO EP_g VALUES (1349, 'contact_frequency', 'weekly');

INSERT INTO E_g VALUES (1350, 25, 284, 'knows');

INSERT INTO EP_g VALUES (1350, 'since', '2019');

INSERT INTO EP_g VALUES (1350, 'relationship', 'acquaintance');

INSERT INTO EP_g VALUES (1350, 'contact_frequency', 'daily');

INSERT INTO E_g VALUES (1351, 25, 30, 'knows');

INSERT INTO EP_g VALUES (1351, 'since', '2011');

INSERT INTO EP_g VALUES (1351, 'relationship', 'family');

INSERT INTO EP_g VALUES (1351, 'contact_frequency', 'daily');

INSERT INTO E_g VALUES (1352, 25, 197, 'knows');

INSERT INTO EP_g VALUES (1352, 'since', '2023');

INSERT INTO EP_g VALUES (1352, 'relationship', 'acquaintance');

INSERT INTO EP_g VALUES (1352, 'contact_frequency', 'rarely');

INSERT INTO E_g VALUES (1353, 26, 151, 'knows');

INSERT INTO EP_g VALUES (1353, 'since', '2017');

INSERT INTO EP_g VALUES (1353, 'relationship', 'colleague');

INSERT INTO EP_g VALUES (1353, 'contact_frequency', 'weekly');

INSERT INTO E_g VALUES (1354, 26, 174, 'knows');

INSERT INTO EP_g VALUES (1354, 'since', '2014');

INSERT INTO EP_g VALUES (1354, 'relationship', 'colleague');

INSERT INTO EP_g VALUES (1354, 'contact_frequency', 'daily');

INSERT INTO E_g VALUES (1355, 26, 30, 'knows');

INSERT INTO EP_g VALUES (1355, 'since', '2023');

INSERT INTO EP_g VALUES (1355, 'relationship', 'colleague');

INSERT INTO EP_g VALUES (1355, 'contact_frequency', 'rarely');

INSERT INTO E_g VALUES (1356, 26, 76, 'knows');

INSERT INTO EP_g VALUES (1356, 'since', '2010');

INSERT INTO EP_g VALUES (1356, 'relationship', 'acquaintance');

INSERT INTO EP_g VALUES (1356, 'contact_frequency', 'monthly');

INSERT INTO E_g VALUES (1357, 26, 222, 'knows');

INSERT INTO EP_g VALUES (1357, 'since', '2011');

INSERT INTO EP_g VALUES (1357, 'relationship', 'friend');

INSERT INTO EP_g VALUES (1357, 'contact_frequency', 'monthly');

INSERT INTO E_g VALUES (1358, 26, 163, 'knows');

INSERT INTO EP_g VALUES (1358, 'since', '2017');

INSERT INTO EP_g VALUES (1358, 'relationship', 'family');

INSERT INTO EP_g VALUES (1358, 'contact_frequency', 'weekly');

INSERT INTO E_g VALUES (1359, 26, 80, 'knows');

INSERT INTO EP_g VALUES (1359, 'since', '2023');

INSERT INTO EP_g VALUES (1359, 'relationship', 'friend');

INSERT INTO EP_g VALUES (1359, 'contact_frequency', 'rarely');

INSERT INTO E_g VALUES (1360, 26, 195, 'knows');

INSERT INTO EP_g VALUES (1360, 'since', '2014');

INSERT INTO EP_g VALUES (1360, 'relationship', 'acquaintance');

INSERT INTO EP_g VALUES (1360, 'contact_frequency', 'monthly');

INSERT INTO E_g VALUES (1361, 26, 196, 'knows');

INSERT INTO EP_g VALUES (1361, 'since', '2022');

INSERT INTO EP_g VALUES (1361, 'relationship', 'family');

INSERT INTO EP_g VALUES (1361, 'contact_frequency', 'daily');

INSERT INTO E_g VALUES (1362, 26, 23, 'knows');

INSERT INTO EP_g VALUES (1362, 'since', '2017');

INSERT INTO EP_g VALUES (1362, 'relationship', 'colleague');

INSERT INTO EP_g VALUES (1362, 'contact_frequency', 'daily');

INSERT INTO E_g VALUES (1363, 27, 259, 'knows');

INSERT INTO EP_g VALUES (1363, 'since', '2018');

INSERT INTO EP_g VALUES (1363, 'relationship', 'acquaintance');

INSERT INTO EP_g VALUES (1363, 'contact_frequency', 'weekly');

INSERT INTO E_g VALUES (1364, 27, 115, 'knows');

INSERT INTO EP_g VALUES (1364, 'since', '2012');

INSERT INTO EP_g VALUES (1364, 'relationship', 'friend');

INSERT INTO EP_g VALUES (1364, 'contact_frequency', 'rarely');

INSERT INTO E_g VALUES (1365, 27, 47, 'knows');

INSERT INTO EP_g VALUES (1365, 'since', '2017');

INSERT INTO EP_g VALUES (1365, 'relationship', 'acquaintance');

INSERT INTO EP_g VALUES (1365, 'contact_frequency', 'daily');

INSERT INTO E_g VALUES (1366, 28, 66, 'knows');

INSERT INTO EP_g VALUES (1366, 'since', '2015');

INSERT INTO EP_g VALUES (1366, 'relationship', 'family');

INSERT INTO EP_g VALUES (1366, 'contact_frequency', 'rarely');

INSERT INTO E_g VALUES (1367, 28, 277, 'knows');

INSERT INTO EP_g VALUES (1367, 'since', '2022');

INSERT INTO EP_g VALUES (1367, 'relationship', 'family');

INSERT INTO EP_g VALUES (1367, 'contact_frequency', 'rarely');

INSERT INTO E_g VALUES (1368, 28, 299, 'knows');

INSERT INTO EP_g VALUES (1368, 'since', '2014');

INSERT INTO EP_g VALUES (1368, 'relationship', 'colleague');

INSERT INTO EP_g VALUES (1368, 'contact_frequency', 'daily');

INSERT INTO E_g VALUES (1369, 28, 211, 'knows');

INSERT INTO EP_g VALUES (1369, 'since', '2020');

INSERT INTO EP_g VALUES (1369, 'relationship', 'acquaintance');

INSERT INTO EP_g VALUES (1369, 'contact_frequency', 'weekly');

INSERT INTO E_g VALUES (1370, 28, 97, 'knows');

INSERT INTO EP_g VALUES (1370, 'since', '2010');

INSERT INTO EP_g VALUES (1370, 'relationship', 'family');

INSERT INTO EP_g VALUES (1370, 'contact_frequency', 'daily');

INSERT INTO E_g VALUES (1371, 28, 23, 'knows');

INSERT INTO EP_g VALUES (1371, 'since', '2010');

INSERT INTO EP_g VALUES (1371, 'relationship', 'colleague');

INSERT INTO EP_g VALUES (1371, 'contact_frequency', 'weekly');

INSERT INTO E_g VALUES (1372, 29, 52, 'knows');

INSERT INTO EP_g VALUES (1372, 'since', '2010');

INSERT INTO EP_g VALUES (1372, 'relationship', 'family');

INSERT INTO EP_g VALUES (1372, 'contact_frequency', 'daily');

INSERT INTO E_g VALUES (1373, 29, 105, 'knows');

INSERT INTO EP_g VALUES (1373, 'since', '2012');

INSERT INTO EP_g VALUES (1373, 'relationship', 'acquaintance');

INSERT INTO EP_g VALUES (1373, 'contact_frequency', 'rarely');

INSERT INTO E_g VALUES (1374, 29, 192, 'knows');

INSERT INTO EP_g VALUES (1374, 'since', '2017');

INSERT INTO EP_g VALUES (1374, 'relationship', 'colleague');

INSERT INTO EP_g VALUES (1374, 'contact_frequency', 'monthly');

INSERT INTO E_g VALUES (1375, 29, 265, 'knows');

INSERT INTO EP_g VALUES (1375, 'since', '2016');

INSERT INTO EP_g VALUES (1375, 'relationship', 'friend');

INSERT INTO EP_g VALUES (1375, 'contact_frequency', 'rarely');

INSERT INTO E_g VALUES (1376, 30, 206, 'knows');

INSERT INTO EP_g VALUES (1376, 'since', '2023');

INSERT INTO EP_g VALUES (1376, 'relationship', 'acquaintance');

INSERT INTO EP_g VALUES (1376, 'contact_frequency', 'rarely');

INSERT INTO E_g VALUES (1377, 30, 225, 'knows');

INSERT INTO EP_g VALUES (1377, 'since', '2015');

INSERT INTO EP_g VALUES (1377, 'relationship', 'friend');

INSERT INTO EP_g VALUES (1377, 'contact_frequency', 'rarely');

INSERT INTO E_g VALUES (1378, 30, 151, 'knows');

INSERT INTO EP_g VALUES (1378, 'since', '2012');

INSERT INTO EP_g VALUES (1378, 'relationship', 'colleague');

INSERT INTO EP_g VALUES (1378, 'contact_frequency', 'daily');

INSERT INTO E_g VALUES (1379, 31, 104, 'knows');

INSERT INTO EP_g VALUES (1379, 'since', '2012');

INSERT INTO EP_g VALUES (1379, 'relationship', 'colleague');

INSERT INTO EP_g VALUES (1379, 'contact_frequency', 'rarely');

INSERT INTO E_g VALUES (1380, 31, 284, 'knows');

INSERT INTO EP_g VALUES (1380, 'since', '2022');

INSERT INTO EP_g VALUES (1380, 'relationship', 'friend');

INSERT INTO EP_g VALUES (1380, 'contact_frequency', 'weekly');

INSERT INTO E_g VALUES (1381, 31, 10, 'knows');

INSERT INTO EP_g VALUES (1381, 'since', '2022');

INSERT INTO EP_g VALUES (1381, 'relationship', 'family');

INSERT INTO EP_g VALUES (1381, 'contact_frequency', 'weekly');

INSERT INTO E_g VALUES (1382, 31, 175, 'knows');

INSERT INTO EP_g VALUES (1382, 'since', '2018');

INSERT INTO EP_g VALUES (1382, 'relationship', 'family');

INSERT INTO EP_g VALUES (1382, 'contact_frequency', 'rarely');

INSERT INTO E_g VALUES (1383, 31, 252, 'knows');

INSERT INTO EP_g VALUES (1383, 'since', '2024');

INSERT INTO EP_g VALUES (1383, 'relationship', 'colleague');

INSERT INTO EP_g VALUES (1383, 'contact_frequency', 'daily');

INSERT INTO E_g VALUES (1384, 31, 148, 'knows');

INSERT INTO EP_g VALUES (1384, 'since', '2013');

INSERT INTO EP_g VALUES (1384, 'relationship', 'acquaintance');

INSERT INTO EP_g VALUES (1384, 'contact_frequency', 'daily');

INSERT INTO E_g VALUES (1385, 31, 297, 'knows');

INSERT INTO EP_g VALUES (1385, 'since', '2020');

INSERT INTO EP_g VALUES (1385, 'relationship', 'acquaintance');

INSERT INTO EP_g VALUES (1385, 'contact_frequency', 'monthly');

INSERT INTO E_g VALUES (1386, 31, 150, 'knows');

INSERT INTO EP_g VALUES (1386, 'since', '2020');

INSERT INTO EP_g VALUES (1386, 'relationship', 'acquaintance');

INSERT INTO EP_g VALUES (1386, 'contact_frequency', 'rarely');

INSERT INTO E_g VALUES (1387, 31, 46, 'knows');

INSERT INTO EP_g VALUES (1387, 'since', '2018');

INSERT INTO EP_g VALUES (1387, 'relationship', 'acquaintance');

INSERT INTO EP_g VALUES (1387, 'contact_frequency', 'monthly');

INSERT INTO E_g VALUES (1388, 32, 287, 'knows');

INSERT INTO EP_g VALUES (1388, 'since', '2016');

INSERT INTO EP_g VALUES (1388, 'relationship', 'family');

INSERT INTO EP_g VALUES (1388, 'contact_frequency', 'weekly');

INSERT INTO E_g VALUES (1389, 32, 42, 'knows');

INSERT INTO EP_g VALUES (1389, 'since', '2010');

INSERT INTO EP_g VALUES (1389, 'relationship', 'friend');

INSERT INTO EP_g VALUES (1389, 'contact_frequency', 'daily');

INSERT INTO E_g VALUES (1390, 32, 188, 'knows');

INSERT INTO EP_g VALUES (1390, 'since', '2013');

INSERT INTO EP_g VALUES (1390, 'relationship', 'colleague');

INSERT INTO EP_g VALUES (1390, 'contact_frequency', 'weekly');

INSERT INTO E_g VALUES (1391, 32, 214, 'knows');

INSERT INTO EP_g VALUES (1391, 'since', '2011');

INSERT INTO EP_g VALUES (1391, 'relationship', 'friend');

INSERT INTO EP_g VALUES (1391, 'contact_frequency', 'monthly');

INSERT INTO E_g VALUES (1392, 32, 202, 'knows');

INSERT INTO EP_g VALUES (1392, 'since', '2017');

INSERT INTO EP_g VALUES (1392, 'relationship', 'colleague');

INSERT INTO EP_g VALUES (1392, 'contact_frequency', 'monthly');

INSERT INTO E_g VALUES (1393, 32, 137, 'knows');

INSERT INTO EP_g VALUES (1393, 'since', '2016');

INSERT INTO EP_g VALUES (1393, 'relationship', 'friend');

INSERT INTO EP_g VALUES (1393, 'contact_frequency', 'weekly');

INSERT INTO E_g VALUES (1394, 32, 183, 'knows');

INSERT INTO EP_g VALUES (1394, 'since', '2017');

INSERT INTO EP_g VALUES (1394, 'relationship', 'acquaintance');

INSERT INTO EP_g VALUES (1394, 'contact_frequency', 'weekly');

INSERT INTO E_g VALUES (1395, 33, 41, 'knows');

INSERT INTO EP_g VALUES (1395, 'since', '2013');

INSERT INTO EP_g VALUES (1395, 'relationship', 'family');

INSERT INTO EP_g VALUES (1395, 'contact_frequency', 'weekly');

INSERT INTO E_g VALUES (1396, 33, 49, 'knows');

INSERT INTO EP_g VALUES (1396, 'since', '2013');

INSERT INTO EP_g VALUES (1396, 'relationship', 'friend');

INSERT INTO EP_g VALUES (1396, 'contact_frequency', 'monthly');

INSERT INTO E_g VALUES (1397, 33, 16, 'knows');

INSERT INTO EP_g VALUES (1397, 'since', '2021');

INSERT INTO EP_g VALUES (1397, 'relationship', 'colleague');

INSERT INTO EP_g VALUES (1397, 'contact_frequency', 'monthly');

INSERT INTO E_g VALUES (1398, 33, 16, 'knows');

INSERT INTO EP_g VALUES (1398, 'since', '2014');

INSERT INTO EP_g VALUES (1398, 'relationship', 'family');

INSERT INTO EP_g VALUES (1398, 'contact_frequency', 'weekly');

INSERT INTO E_g VALUES (1399, 33, 35, 'knows');

INSERT INTO EP_g VALUES (1399, 'since', '2020');

INSERT INTO EP_g VALUES (1399, 'relationship', 'colleague');

INSERT INTO EP_g VALUES (1399, 'contact_frequency', 'daily');

INSERT INTO E_g VALUES (1400, 33, 204, 'knows');

INSERT INTO EP_g VALUES (1400, 'since', '2023');

INSERT INTO EP_g VALUES (1400, 'relationship', 'acquaintance');

INSERT INTO EP_g VALUES (1400, 'contact_frequency', 'rarely');

INSERT INTO E_g VALUES (1401, 33, 154, 'knows');

INSERT INTO EP_g VALUES (1401, 'since', '2023');

INSERT INTO EP_g VALUES (1401, 'relationship', 'acquaintance');

INSERT INTO EP_g VALUES (1401, 'contact_frequency', 'rarely');

INSERT INTO E_g VALUES (1402, 33, 47, 'knows');

INSERT INTO EP_g VALUES (1402, 'since', '2017');

INSERT INTO EP_g VALUES (1402, 'relationship', 'acquaintance');

INSERT INTO EP_g VALUES (1402, 'contact_frequency', 'rarely');

INSERT INTO E_g VALUES (1403, 33, 159, 'knows');

INSERT INTO EP_g VALUES (1403, 'since', '2021');

INSERT INTO EP_g VALUES (1403, 'relationship', 'colleague');

INSERT INTO EP_g VALUES (1403, 'contact_frequency', 'daily');

INSERT INTO E_g VALUES (1404, 33, 155, 'knows');

INSERT INTO EP_g VALUES (1404, 'since', '2010');

INSERT INTO EP_g VALUES (1404, 'relationship', 'friend');

INSERT INTO EP_g VALUES (1404, 'contact_frequency', 'daily');

INSERT INTO E_g VALUES (1405, 34, 198, 'knows');

INSERT INTO EP_g VALUES (1405, 'since', '2011');

INSERT INTO EP_g VALUES (1405, 'relationship', 'friend');

INSERT INTO EP_g VALUES (1405, 'contact_frequency', 'monthly');

INSERT INTO E_g VALUES (1406, 34, 283, 'knows');

INSERT INTO EP_g VALUES (1406, 'since', '2012');

INSERT INTO EP_g VALUES (1406, 'relationship', 'acquaintance');

INSERT INTO EP_g VALUES (1406, 'contact_frequency', 'weekly');

INSERT INTO E_g VALUES (1407, 34, 188, 'knows');

INSERT INTO EP_g VALUES (1407, 'since', '2024');

INSERT INTO EP_g VALUES (1407, 'relationship', 'family');

INSERT INTO EP_g VALUES (1407, 'contact_frequency', 'rarely');

INSERT INTO E_g VALUES (1408, 34, 28, 'knows');

INSERT INTO EP_g VALUES (1408, 'since', '2021');

INSERT INTO EP_g VALUES (1408, 'relationship', 'acquaintance');

INSERT INTO EP_g VALUES (1408, 'contact_frequency', 'monthly');

INSERT INTO E_g VALUES (1409, 34, 275, 'knows');

INSERT INTO EP_g VALUES (1409, 'since', '2019');

INSERT INTO EP_g VALUES (1409, 'relationship', 'friend');

INSERT INTO EP_g VALUES (1409, 'contact_frequency', 'monthly');

INSERT INTO E_g VALUES (1410, 34, 172, 'knows');

INSERT INTO EP_g VALUES (1410, 'since', '2015');

INSERT INTO EP_g VALUES (1410, 'relationship', 'friend');

INSERT INTO EP_g VALUES (1410, 'contact_frequency', 'weekly');

INSERT INTO E_g VALUES (1411, 35, 259, 'knows');

INSERT INTO EP_g VALUES (1411, 'since', '2017');

INSERT INTO EP_g VALUES (1411, 'relationship', 'family');

INSERT INTO EP_g VALUES (1411, 'contact_frequency', 'monthly');

INSERT INTO E_g VALUES (1412, 35, 217, 'knows');

INSERT INTO EP_g VALUES (1412, 'since', '2010');

INSERT INTO EP_g VALUES (1412, 'relationship', 'family');

INSERT INTO EP_g VALUES (1412, 'contact_frequency', 'monthly');

INSERT INTO E_g VALUES (1413, 35, 56, 'knows');

INSERT INTO EP_g VALUES (1413, 'since', '2012');

INSERT INTO EP_g VALUES (1413, 'relationship', 'acquaintance');

INSERT INTO EP_g VALUES (1413, 'contact_frequency', 'rarely');

INSERT INTO E_g VALUES (1414, 35, 221, 'knows');

INSERT INTO EP_g VALUES (1414, 'since', '2019');

INSERT INTO EP_g VALUES (1414, 'relationship', 'acquaintance');

INSERT INTO EP_g VALUES (1414, 'contact_frequency', 'rarely');

INSERT INTO E_g VALUES (1415, 35, 192, 'knows');

INSERT INTO EP_g VALUES (1415, 'since', '2014');

INSERT INTO EP_g VALUES (1415, 'relationship', 'family');

INSERT INTO EP_g VALUES (1415, 'contact_frequency', 'daily');

INSERT INTO E_g VALUES (1416, 35, 208, 'knows');

INSERT INTO EP_g VALUES (1416, 'since', '2018');

INSERT INTO EP_g VALUES (1416, 'relationship', 'acquaintance');

INSERT INTO EP_g VALUES (1416, 'contact_frequency', 'monthly');

INSERT INTO E_g VALUES (1417, 36, 286, 'knows');

INSERT INTO EP_g VALUES (1417, 'since', '2016');

INSERT INTO EP_g VALUES (1417, 'relationship', 'friend');

INSERT INTO EP_g VALUES (1417, 'contact_frequency', 'daily');

INSERT INTO E_g VALUES (1418, 36, 230, 'knows');

INSERT INTO EP_g VALUES (1418, 'since', '2013');

INSERT INTO EP_g VALUES (1418, 'relationship', 'colleague');

INSERT INTO EP_g VALUES (1418, 'contact_frequency', 'daily');

INSERT INTO E_g VALUES (1419, 36, 219, 'knows');

INSERT INTO EP_g VALUES (1419, 'since', '2023');

INSERT INTO EP_g VALUES (1419, 'relationship', 'colleague');

INSERT INTO EP_g VALUES (1419, 'contact_frequency', 'rarely');

INSERT INTO E_g VALUES (1420, 36, 247, 'knows');

INSERT INTO EP_g VALUES (1420, 'since', '2017');

INSERT INTO EP_g VALUES (1420, 'relationship', 'friend');

INSERT INTO EP_g VALUES (1420, 'contact_frequency', 'weekly');

INSERT INTO E_g VALUES (1421, 36, 124, 'knows');

INSERT INTO EP_g VALUES (1421, 'since', '2023');

INSERT INTO EP_g VALUES (1421, 'relationship', 'friend');

INSERT INTO EP_g VALUES (1421, 'contact_frequency', 'daily');

INSERT INTO E_g VALUES (1422, 36, 98, 'knows');

INSERT INTO EP_g VALUES (1422, 'since', '2024');

INSERT INTO EP_g VALUES (1422, 'relationship', 'family');

INSERT INTO EP_g VALUES (1422, 'contact_frequency', 'daily');

INSERT INTO E_g VALUES (1423, 36, 97, 'knows');

INSERT INTO EP_g VALUES (1423, 'since', '2014');

INSERT INTO EP_g VALUES (1423, 'relationship', 'family');

INSERT INTO EP_g VALUES (1423, 'contact_frequency', 'weekly');

INSERT INTO E_g VALUES (1424, 36, 50, 'knows');

INSERT INTO EP_g VALUES (1424, 'since', '2014');

INSERT INTO EP_g VALUES (1424, 'relationship', 'friend');

INSERT INTO EP_g VALUES (1424, 'contact_frequency', 'daily');

INSERT INTO E_g VALUES (1425, 37, 88, 'knows');

INSERT INTO EP_g VALUES (1425, 'since', '2021');

INSERT INTO EP_g VALUES (1425, 'relationship', 'colleague');

INSERT INTO EP_g VALUES (1425, 'contact_frequency', 'monthly');

INSERT INTO E_g VALUES (1426, 37, 205, 'knows');

INSERT INTO EP_g VALUES (1426, 'since', '2016');

INSERT INTO EP_g VALUES (1426, 'relationship', 'friend');

INSERT INTO EP_g VALUES (1426, 'contact_frequency', 'daily');

INSERT INTO E_g VALUES (1427, 37, 256, 'knows');

INSERT INTO EP_g VALUES (1427, 'since', '2014');

INSERT INTO EP_g VALUES (1427, 'relationship', 'family');

INSERT INTO EP_g VALUES (1427, 'contact_frequency', 'weekly');

INSERT INTO E_g VALUES (1428, 37, 36, 'knows');

INSERT INTO EP_g VALUES (1428, 'since', '2016');

INSERT INTO EP_g VALUES (1428, 'relationship', 'family');

INSERT INTO EP_g VALUES (1428, 'contact_frequency', 'weekly');

INSERT INTO E_g VALUES (1429, 37, 276, 'knows');

INSERT INTO EP_g VALUES (1429, 'since', '2024');

INSERT INTO EP_g VALUES (1429, 'relationship', 'colleague');

INSERT INTO EP_g VALUES (1429, 'contact_frequency', 'rarely');

INSERT INTO E_g VALUES (1430, 37, 59, 'knows');

INSERT INTO EP_g VALUES (1430, 'since', '2020');

INSERT INTO EP_g VALUES (1430, 'relationship', 'friend');

INSERT INTO EP_g VALUES (1430, 'contact_frequency', 'monthly');

INSERT INTO E_g VALUES (1431, 37, 67, 'knows');

INSERT INTO EP_g VALUES (1431, 'since', '2022');

INSERT INTO EP_g VALUES (1431, 'relationship', 'colleague');

INSERT INTO EP_g VALUES (1431, 'contact_frequency', 'weekly');

INSERT INTO E_g VALUES (1432, 38, 270, 'knows');

INSERT INTO EP_g VALUES (1432, 'since', '2016');

INSERT INTO EP_g VALUES (1432, 'relationship', 'friend');

INSERT INTO EP_g VALUES (1432, 'contact_frequency', 'daily');

INSERT INTO E_g VALUES (1433, 38, 210, 'knows');

INSERT INTO EP_g VALUES (1433, 'since', '2018');

INSERT INTO EP_g VALUES (1433, 'relationship', 'colleague');

INSERT INTO EP_g VALUES (1433, 'contact_frequency', 'monthly');

INSERT INTO E_g VALUES (1434, 38, 165, 'knows');

INSERT INTO EP_g VALUES (1434, 'since', '2018');

INSERT INTO EP_g VALUES (1434, 'relationship', 'friend');

INSERT INTO EP_g VALUES (1434, 'contact_frequency', 'daily');

INSERT INTO E_g VALUES (1435, 38, 3, 'knows');

INSERT INTO EP_g VALUES (1435, 'since', '2015');

INSERT INTO EP_g VALUES (1435, 'relationship', 'acquaintance');

INSERT INTO EP_g VALUES (1435, 'contact_frequency', 'weekly');

INSERT INTO E_g VALUES (1436, 38, 140, 'knows');

INSERT INTO EP_g VALUES (1436, 'since', '2016');

INSERT INTO EP_g VALUES (1436, 'relationship', 'friend');

INSERT INTO EP_g VALUES (1436, 'contact_frequency', 'weekly');

INSERT INTO E_g VALUES (1437, 39, 247, 'knows');

INSERT INTO EP_g VALUES (1437, 'since', '2020');

INSERT INTO EP_g VALUES (1437, 'relationship', 'friend');

INSERT INTO EP_g VALUES (1437, 'contact_frequency', 'weekly');

INSERT INTO E_g VALUES (1438, 39, 197, 'knows');

INSERT INTO EP_g VALUES (1438, 'since', '2021');

INSERT INTO EP_g VALUES (1438, 'relationship', 'acquaintance');

INSERT INTO EP_g VALUES (1438, 'contact_frequency', 'rarely');

INSERT INTO E_g VALUES (1439, 40, 121, 'knows');

INSERT INTO EP_g VALUES (1439, 'since', '2012');

INSERT INTO EP_g VALUES (1439, 'relationship', 'friend');

INSERT INTO EP_g VALUES (1439, 'contact_frequency', 'weekly');

INSERT INTO E_g VALUES (1440, 40, 28, 'knows');

INSERT INTO EP_g VALUES (1440, 'since', '2015');

INSERT INTO EP_g VALUES (1440, 'relationship', 'acquaintance');

INSERT INTO EP_g VALUES (1440, 'contact_frequency', 'daily');

INSERT INTO E_g VALUES (1441, 40, 100, 'knows');

INSERT INTO EP_g VALUES (1441, 'since', '2010');

INSERT INTO EP_g VALUES (1441, 'relationship', 'acquaintance');

INSERT INTO EP_g VALUES (1441, 'contact_frequency', 'daily');

INSERT INTO E_g VALUES (1442, 40, 234, 'knows');

INSERT INTO EP_g VALUES (1442, 'since', '2023');

INSERT INTO EP_g VALUES (1442, 'relationship', 'family');

INSERT INTO EP_g VALUES (1442, 'contact_frequency', 'rarely');

INSERT INTO E_g VALUES (1443, 40, 10, 'knows');

INSERT INTO EP_g VALUES (1443, 'since', '2010');

INSERT INTO EP_g VALUES (1443, 'relationship', 'friend');

INSERT INTO EP_g VALUES (1443, 'contact_frequency', 'monthly');

INSERT INTO E_g VALUES (1444, 40, 1, 'knows');

INSERT INTO EP_g VALUES (1444, 'since', '2023');

INSERT INTO EP_g VALUES (1444, 'relationship', 'colleague');

INSERT INTO EP_g VALUES (1444, 'contact_frequency', 'monthly');

INSERT INTO E_g VALUES (1445, 41, 252, 'knows');

INSERT INTO EP_g VALUES (1445, 'since', '2012');

INSERT INTO EP_g VALUES (1445, 'relationship', 'colleague');

INSERT INTO EP_g VALUES (1445, 'contact_frequency', 'weekly');

INSERT INTO E_g VALUES (1446, 41, 121, 'knows');

INSERT INTO EP_g VALUES (1446, 'since', '2018');

INSERT INTO EP_g VALUES (1446, 'relationship', 'acquaintance');

INSERT INTO EP_g VALUES (1446, 'contact_frequency', 'rarely');

INSERT INTO E_g VALUES (1447, 41, 259, 'knows');

INSERT INTO EP_g VALUES (1447, 'since', '2020');

INSERT INTO EP_g VALUES (1447, 'relationship', 'acquaintance');

INSERT INTO EP_g VALUES (1447, 'contact_frequency', 'weekly');

INSERT INTO E_g VALUES (1448, 41, 36, 'knows');

INSERT INTO EP_g VALUES (1448, 'since', '2021');

INSERT INTO EP_g VALUES (1448, 'relationship', 'colleague');

INSERT INTO EP_g VALUES (1448, 'contact_frequency', 'monthly');

INSERT INTO E_g VALUES (1449, 41, 274, 'knows');

INSERT INTO EP_g VALUES (1449, 'since', '2017');

INSERT INTO EP_g VALUES (1449, 'relationship', 'friend');

INSERT INTO EP_g VALUES (1449, 'contact_frequency', 'rarely');

INSERT INTO E_g VALUES (1450, 42, 13, 'knows');

INSERT INTO EP_g VALUES (1450, 'since', '2014');

INSERT INTO EP_g VALUES (1450, 'relationship', 'acquaintance');

INSERT INTO EP_g VALUES (1450, 'contact_frequency', 'weekly');

INSERT INTO E_g VALUES (1451, 42, 224, 'knows');

INSERT INTO EP_g VALUES (1451, 'since', '2024');

INSERT INTO EP_g VALUES (1451, 'relationship', 'family');

INSERT INTO EP_g VALUES (1451, 'contact_frequency', 'monthly');

INSERT INTO E_g VALUES (1452, 42, 235, 'knows');

INSERT INTO EP_g VALUES (1452, 'since', '2012');

INSERT INTO EP_g VALUES (1452, 'relationship', 'acquaintance');

INSERT INTO EP_g VALUES (1452, 'contact_frequency', 'weekly');

INSERT INTO E_g VALUES (1453, 42, 276, 'knows');

INSERT INTO EP_g VALUES (1453, 'since', '2014');

INSERT INTO EP_g VALUES (1453, 'relationship', 'family');

INSERT INTO EP_g VALUES (1453, 'contact_frequency', 'weekly');

INSERT INTO E_g VALUES (1454, 43, 235, 'knows');

INSERT INTO EP_g VALUES (1454, 'since', '2014');

INSERT INTO EP_g VALUES (1454, 'relationship', 'friend');

INSERT INTO EP_g VALUES (1454, 'contact_frequency', 'monthly');

INSERT INTO E_g VALUES (1455, 43, 236, 'knows');

INSERT INTO EP_g VALUES (1455, 'since', '2024');

INSERT INTO EP_g VALUES (1455, 'relationship', 'friend');

INSERT INTO EP_g VALUES (1455, 'contact_frequency', 'monthly');

INSERT INTO E_g VALUES (1456, 43, 5, 'knows');

INSERT INTO EP_g VALUES (1456, 'since', '2019');

INSERT INTO EP_g VALUES (1456, 'relationship', 'friend');

INSERT INTO EP_g VALUES (1456, 'contact_frequency', 'rarely');

INSERT INTO E_g VALUES (1457, 43, 21, 'knows');

INSERT INTO EP_g VALUES (1457, 'since', '2015');

INSERT INTO EP_g VALUES (1457, 'relationship', 'colleague');

INSERT INTO EP_g VALUES (1457, 'contact_frequency', 'weekly');

INSERT INTO E_g VALUES (1458, 43, 215, 'knows');

INSERT INTO EP_g VALUES (1458, 'since', '2024');

INSERT INTO EP_g VALUES (1458, 'relationship', 'family');

INSERT INTO EP_g VALUES (1458, 'contact_frequency', 'rarely');

INSERT INTO E_g VALUES (1459, 43, 37, 'knows');

INSERT INTO EP_g VALUES (1459, 'since', '2013');

INSERT INTO EP_g VALUES (1459, 'relationship', 'family');

INSERT INTO EP_g VALUES (1459, 'contact_frequency', 'monthly');

INSERT INTO E_g VALUES (1460, 43, 247, 'knows');

INSERT INTO EP_g VALUES (1460, 'since', '2016');

INSERT INTO EP_g VALUES (1460, 'relationship', 'acquaintance');

INSERT INTO EP_g VALUES (1460, 'contact_frequency', 'monthly');

INSERT INTO E_g VALUES (1461, 43, 187, 'knows');

INSERT INTO EP_g VALUES (1461, 'since', '2019');

INSERT INTO EP_g VALUES (1461, 'relationship', 'colleague');

INSERT INTO EP_g VALUES (1461, 'contact_frequency', 'daily');

INSERT INTO E_g VALUES (1462, 43, 299, 'knows');

INSERT INTO EP_g VALUES (1462, 'since', '2020');

INSERT INTO EP_g VALUES (1462, 'relationship', 'colleague');

INSERT INTO EP_g VALUES (1462, 'contact_frequency', 'daily');

INSERT INTO E_g VALUES (1463, 43, 279, 'knows');

INSERT INTO EP_g VALUES (1463, 'since', '2022');

INSERT INTO EP_g VALUES (1463, 'relationship', 'family');

INSERT INTO EP_g VALUES (1463, 'contact_frequency', 'weekly');

INSERT INTO E_g VALUES (1464, 44, 195, 'knows');

INSERT INTO EP_g VALUES (1464, 'since', '2016');

INSERT INTO EP_g VALUES (1464, 'relationship', 'acquaintance');

INSERT INTO EP_g VALUES (1464, 'contact_frequency', 'rarely');

INSERT INTO E_g VALUES (1465, 44, 218, 'knows');

INSERT INTO EP_g VALUES (1465, 'since', '2014');

INSERT INTO EP_g VALUES (1465, 'relationship', 'colleague');

INSERT INTO EP_g VALUES (1465, 'contact_frequency', 'monthly');

INSERT INTO E_g VALUES (1466, 44, 37, 'knows');

INSERT INTO EP_g VALUES (1466, 'since', '2015');

INSERT INTO EP_g VALUES (1466, 'relationship', 'family');

INSERT INTO EP_g VALUES (1466, 'contact_frequency', 'weekly');

INSERT INTO E_g VALUES (1467, 44, 199, 'knows');

INSERT INTO EP_g VALUES (1467, 'since', '2011');

INSERT INTO EP_g VALUES (1467, 'relationship', 'acquaintance');

INSERT INTO EP_g VALUES (1467, 'contact_frequency', 'daily');

INSERT INTO E_g VALUES (1468, 44, 136, 'knows');

INSERT INTO EP_g VALUES (1468, 'since', '2024');

INSERT INTO EP_g VALUES (1468, 'relationship', 'acquaintance');

INSERT INTO EP_g VALUES (1468, 'contact_frequency', 'rarely');

INSERT INTO E_g VALUES (1469, 44, 71, 'knows');

INSERT INTO EP_g VALUES (1469, 'since', '2010');

INSERT INTO EP_g VALUES (1469, 'relationship', 'acquaintance');

INSERT INTO EP_g VALUES (1469, 'contact_frequency', 'monthly');

INSERT INTO E_g VALUES (1470, 44, 240, 'knows');

INSERT INTO EP_g VALUES (1470, 'since', '2020');

INSERT INTO EP_g VALUES (1470, 'relationship', 'family');

INSERT INTO EP_g VALUES (1470, 'contact_frequency', 'monthly');

INSERT INTO E_g VALUES (1471, 44, 268, 'knows');

INSERT INTO EP_g VALUES (1471, 'since', '2016');

INSERT INTO EP_g VALUES (1471, 'relationship', 'colleague');

INSERT INTO EP_g VALUES (1471, 'contact_frequency', 'rarely');

INSERT INTO E_g VALUES (1472, 44, 264, 'knows');

INSERT INTO EP_g VALUES (1472, 'since', '2011');

INSERT INTO EP_g VALUES (1472, 'relationship', 'friend');

INSERT INTO EP_g VALUES (1472, 'contact_frequency', 'rarely');

INSERT INTO E_g VALUES (1473, 44, 103, 'knows');

INSERT INTO EP_g VALUES (1473, 'since', '2015');

INSERT INTO EP_g VALUES (1473, 'relationship', 'colleague');

INSERT INTO EP_g VALUES (1473, 'contact_frequency', 'monthly');

INSERT INTO E_g VALUES (1474, 45, 133, 'knows');

INSERT INTO EP_g VALUES (1474, 'since', '2011');

INSERT INTO EP_g VALUES (1474, 'relationship', 'colleague');

INSERT INTO EP_g VALUES (1474, 'contact_frequency', 'weekly');

INSERT INTO E_g VALUES (1475, 45, 255, 'knows');

INSERT INTO EP_g VALUES (1475, 'since', '2019');

INSERT INTO EP_g VALUES (1475, 'relationship', 'acquaintance');

INSERT INTO EP_g VALUES (1475, 'contact_frequency', 'monthly');

INSERT INTO E_g VALUES (1476, 45, 282, 'knows');

INSERT INTO EP_g VALUES (1476, 'since', '2015');

INSERT INTO EP_g VALUES (1476, 'relationship', 'acquaintance');

INSERT INTO EP_g VALUES (1476, 'contact_frequency', 'monthly');

INSERT INTO E_g VALUES (1477, 45, 279, 'knows');

INSERT INTO EP_g VALUES (1477, 'since', '2014');

INSERT INTO EP_g VALUES (1477, 'relationship', 'acquaintance');

INSERT INTO EP_g VALUES (1477, 'contact_frequency', 'monthly');

INSERT INTO E_g VALUES (1478, 46, 139, 'knows');

INSERT INTO EP_g VALUES (1478, 'since', '2012');

INSERT INTO EP_g VALUES (1478, 'relationship', 'friend');

INSERT INTO EP_g VALUES (1478, 'contact_frequency', 'monthly');

INSERT INTO E_g VALUES (1479, 46, 220, 'knows');

INSERT INTO EP_g VALUES (1479, 'since', '2014');

INSERT INTO EP_g VALUES (1479, 'relationship', 'colleague');

INSERT INTO EP_g VALUES (1479, 'contact_frequency', 'weekly');

INSERT INTO E_g VALUES (1480, 46, 179, 'knows');

INSERT INTO EP_g VALUES (1480, 'since', '2017');

INSERT INTO EP_g VALUES (1480, 'relationship', 'acquaintance');

INSERT INTO EP_g VALUES (1480, 'contact_frequency', 'daily');

INSERT INTO E_g VALUES (1481, 46, 166, 'knows');

INSERT INTO EP_g VALUES (1481, 'since', '2012');

INSERT INTO EP_g VALUES (1481, 'relationship', 'colleague');

INSERT INTO EP_g VALUES (1481, 'contact_frequency', 'rarely');

INSERT INTO E_g VALUES (1482, 46, 24, 'knows');

INSERT INTO EP_g VALUES (1482, 'since', '2016');

INSERT INTO EP_g VALUES (1482, 'relationship', 'family');

INSERT INTO EP_g VALUES (1482, 'contact_frequency', 'weekly');

INSERT INTO E_g VALUES (1483, 46, 54, 'knows');

INSERT INTO EP_g VALUES (1483, 'since', '2018');

INSERT INTO EP_g VALUES (1483, 'relationship', 'colleague');

INSERT INTO EP_g VALUES (1483, 'contact_frequency', 'rarely');

INSERT INTO E_g VALUES (1484, 47, 216, 'knows');

INSERT INTO EP_g VALUES (1484, 'since', '2018');

INSERT INTO EP_g VALUES (1484, 'relationship', 'colleague');

INSERT INTO EP_g VALUES (1484, 'contact_frequency', 'rarely');

INSERT INTO E_g VALUES (1485, 47, 259, 'knows');

INSERT INTO EP_g VALUES (1485, 'since', '2016');

INSERT INTO EP_g VALUES (1485, 'relationship', 'acquaintance');

INSERT INTO EP_g VALUES (1485, 'contact_frequency', 'monthly');

INSERT INTO E_g VALUES (1486, 47, 208, 'knows');

INSERT INTO EP_g VALUES (1486, 'since', '2014');

INSERT INTO EP_g VALUES (1486, 'relationship', 'friend');

INSERT INTO EP_g VALUES (1486, 'contact_frequency', 'monthly');

INSERT INTO E_g VALUES (1487, 47, 85, 'knows');

INSERT INTO EP_g VALUES (1487, 'since', '2017');

INSERT INTO EP_g VALUES (1487, 'relationship', 'family');

INSERT INTO EP_g VALUES (1487, 'contact_frequency', 'rarely');

INSERT INTO E_g VALUES (1488, 47, 13, 'knows');

INSERT INTO EP_g VALUES (1488, 'since', '2021');

INSERT INTO EP_g VALUES (1488, 'relationship', 'family');

INSERT INTO EP_g VALUES (1488, 'contact_frequency', 'rarely');

INSERT INTO E_g VALUES (1489, 47, 92, 'knows');

INSERT INTO EP_g VALUES (1489, 'since', '2019');

INSERT INTO EP_g VALUES (1489, 'relationship', 'colleague');

INSERT INTO EP_g VALUES (1489, 'contact_frequency', 'weekly');

INSERT INTO E_g VALUES (1490, 47, 112, 'knows');

INSERT INTO EP_g VALUES (1490, 'since', '2013');

INSERT INTO EP_g VALUES (1490, 'relationship', 'acquaintance');

INSERT INTO EP_g VALUES (1490, 'contact_frequency', 'rarely');

INSERT INTO E_g VALUES (1491, 47, 26, 'knows');

INSERT INTO EP_g VALUES (1491, 'since', '2011');

INSERT INTO EP_g VALUES (1491, 'relationship', 'acquaintance');

INSERT INTO EP_g VALUES (1491, 'contact_frequency', 'monthly');

INSERT INTO E_g VALUES (1492, 48, 191, 'knows');

INSERT INTO EP_g VALUES (1492, 'since', '2023');

INSERT INTO EP_g VALUES (1492, 'relationship', 'family');

INSERT INTO EP_g VALUES (1492, 'contact_frequency', 'weekly');

INSERT INTO E_g VALUES (1493, 48, 270, 'knows');

INSERT INTO EP_g VALUES (1493, 'since', '2011');

INSERT INTO EP_g VALUES (1493, 'relationship', 'friend');

INSERT INTO EP_g VALUES (1493, 'contact_frequency', 'rarely');

INSERT INTO E_g VALUES (1494, 48, 200, 'knows');

INSERT INTO EP_g VALUES (1494, 'since', '2015');

INSERT INTO EP_g VALUES (1494, 'relationship', 'acquaintance');

INSERT INTO EP_g VALUES (1494, 'contact_frequency', 'weekly');

INSERT INTO E_g VALUES (1495, 48, 283, 'knows');

INSERT INTO EP_g VALUES (1495, 'since', '2018');

INSERT INTO EP_g VALUES (1495, 'relationship', 'family');

INSERT INTO EP_g VALUES (1495, 'contact_frequency', 'daily');

INSERT INTO E_g VALUES (1496, 48, 64, 'knows');

INSERT INTO EP_g VALUES (1496, 'since', '2011');

INSERT INTO EP_g VALUES (1496, 'relationship', 'family');

INSERT INTO EP_g VALUES (1496, 'contact_frequency', 'monthly');

INSERT INTO E_g VALUES (1497, 48, 298, 'knows');

INSERT INTO EP_g VALUES (1497, 'since', '2014');

INSERT INTO EP_g VALUES (1497, 'relationship', 'acquaintance');

INSERT INTO EP_g VALUES (1497, 'contact_frequency', 'weekly');

INSERT INTO E_g VALUES (1498, 49, 185, 'knows');

INSERT INTO EP_g VALUES (1498, 'since', '2016');

INSERT INTO EP_g VALUES (1498, 'relationship', 'acquaintance');

INSERT INTO EP_g VALUES (1498, 'contact_frequency', 'daily');

INSERT INTO E_g VALUES (1499, 49, 26, 'knows');

INSERT INTO EP_g VALUES (1499, 'since', '2022');

INSERT INTO EP_g VALUES (1499, 'relationship', 'family');

INSERT INTO EP_g VALUES (1499, 'contact_frequency', 'weekly');

INSERT INTO E_g VALUES (1500, 49, 240, 'knows');

INSERT INTO EP_g VALUES (1500, 'since', '2023');

INSERT INTO EP_g VALUES (1500, 'relationship', 'family');

INSERT INTO EP_g VALUES (1500, 'contact_frequency', 'rarely');

INSERT INTO E_g VALUES (1501, 49, 128, 'knows');

INSERT INTO EP_g VALUES (1501, 'since', '2010');

INSERT INTO EP_g VALUES (1501, 'relationship', 'colleague');

INSERT INTO EP_g VALUES (1501, 'contact_frequency', 'weekly');

INSERT INTO E_g VALUES (1502, 49, 157, 'knows');

INSERT INTO EP_g VALUES (1502, 'since', '2020');

INSERT INTO EP_g VALUES (1502, 'relationship', 'family');

INSERT INTO EP_g VALUES (1502, 'contact_frequency', 'weekly');

INSERT INTO E_g VALUES (1503, 49, 282, 'knows');

INSERT INTO EP_g VALUES (1503, 'since', '2020');

INSERT INTO EP_g VALUES (1503, 'relationship', 'colleague');

INSERT INTO EP_g VALUES (1503, 'contact_frequency', 'rarely');

INSERT INTO E_g VALUES (1504, 50, 75, 'knows');

INSERT INTO EP_g VALUES (1504, 'since', '2017');

INSERT INTO EP_g VALUES (1504, 'relationship', 'friend');

INSERT INTO EP_g VALUES (1504, 'contact_frequency', 'rarely');

INSERT INTO E_g VALUES (1505, 50, 298, 'knows');

INSERT INTO EP_g VALUES (1505, 'since', '2024');

INSERT INTO EP_g VALUES (1505, 'relationship', 'friend');

INSERT INTO EP_g VALUES (1505, 'contact_frequency', 'daily');

INSERT INTO E_g VALUES (1506, 50, 288, 'knows');

INSERT INTO EP_g VALUES (1506, 'since', '2014');

INSERT INTO EP_g VALUES (1506, 'relationship', 'family');

INSERT INTO EP_g VALUES (1506, 'contact_frequency', 'weekly');

INSERT INTO E_g VALUES (1507, 50, 182, 'knows');

INSERT INTO EP_g VALUES (1507, 'since', '2020');

INSERT INTO EP_g VALUES (1507, 'relationship', 'family');

INSERT INTO EP_g VALUES (1507, 'contact_frequency', 'rarely');

INSERT INTO E_g VALUES (1508, 50, 35, 'knows');

INSERT INTO EP_g VALUES (1508, 'since', '2018');

INSERT INTO EP_g VALUES (1508, 'relationship', 'colleague');

INSERT INTO EP_g VALUES (1508, 'contact_frequency', 'rarely');

INSERT INTO E_g VALUES (1509, 50, 90, 'knows');

INSERT INTO EP_g VALUES (1509, 'since', '2014');

INSERT INTO EP_g VALUES (1509, 'relationship', 'family');

INSERT INTO EP_g VALUES (1509, 'contact_frequency', 'daily');

INSERT INTO E_g VALUES (1510, 50, 17, 'knows');

INSERT INTO EP_g VALUES (1510, 'since', '2015');

INSERT INTO EP_g VALUES (1510, 'relationship', 'colleague');

INSERT INTO EP_g VALUES (1510, 'contact_frequency', 'weekly');

INSERT INTO E_g VALUES (1511, 50, 95, 'knows');

INSERT INTO EP_g VALUES (1511, 'since', '2019');

INSERT INTO EP_g VALUES (1511, 'relationship', 'family');

INSERT INTO EP_g VALUES (1511, 'contact_frequency', 'monthly');

INSERT INTO E_g VALUES (1512, 50, 46, 'knows');

INSERT INTO EP_g VALUES (1512, 'since', '2020');

INSERT INTO EP_g VALUES (1512, 'relationship', 'friend');

INSERT INTO EP_g VALUES (1512, 'contact_frequency', 'rarely');

INSERT INTO E_g VALUES (1513, 51, 36, 'knows');

INSERT INTO EP_g VALUES (1513, 'since', '2013');

INSERT INTO EP_g VALUES (1513, 'relationship', 'family');

INSERT INTO EP_g VALUES (1513, 'contact_frequency', 'daily');

INSERT INTO E_g VALUES (1514, 51, 92, 'knows');

INSERT INTO EP_g VALUES (1514, 'since', '2011');

INSERT INTO EP_g VALUES (1514, 'relationship', 'friend');

INSERT INTO EP_g VALUES (1514, 'contact_frequency', 'rarely');

INSERT INTO E_g VALUES (1515, 51, 76, 'knows');

INSERT INTO EP_g VALUES (1515, 'since', '2017');

INSERT INTO EP_g VALUES (1515, 'relationship', 'acquaintance');

INSERT INTO EP_g VALUES (1515, 'contact_frequency', 'monthly');

INSERT INTO E_g VALUES (1516, 51, 194, 'knows');

INSERT INTO EP_g VALUES (1516, 'since', '2014');

INSERT INTO EP_g VALUES (1516, 'relationship', 'acquaintance');

INSERT INTO EP_g VALUES (1516, 'contact_frequency', 'daily');

INSERT INTO E_g VALUES (1517, 51, 246, 'knows');

INSERT INTO EP_g VALUES (1517, 'since', '2013');

INSERT INTO EP_g VALUES (1517, 'relationship', 'colleague');

INSERT INTO EP_g VALUES (1517, 'contact_frequency', 'rarely');

INSERT INTO E_g VALUES (1518, 51, 112, 'knows');

INSERT INTO EP_g VALUES (1518, 'since', '2019');

INSERT INTO EP_g VALUES (1518, 'relationship', 'friend');

INSERT INTO EP_g VALUES (1518, 'contact_frequency', 'rarely');

INSERT INTO E_g VALUES (1519, 51, 214, 'knows');

INSERT INTO EP_g VALUES (1519, 'since', '2015');

INSERT INTO EP_g VALUES (1519, 'relationship', 'acquaintance');

INSERT INTO EP_g VALUES (1519, 'contact_frequency', 'weekly');

INSERT INTO E_g VALUES (1520, 52, 240, 'knows');

INSERT INTO EP_g VALUES (1520, 'since', '2013');

INSERT INTO EP_g VALUES (1520, 'relationship', 'acquaintance');

INSERT INTO EP_g VALUES (1520, 'contact_frequency', 'monthly');

INSERT INTO E_g VALUES (1521, 52, 87, 'knows');

INSERT INTO EP_g VALUES (1521, 'since', '2010');

INSERT INTO EP_g VALUES (1521, 'relationship', 'family');

INSERT INTO EP_g VALUES (1521, 'contact_frequency', 'monthly');

INSERT INTO E_g VALUES (1522, 53, 288, 'knows');

INSERT INTO EP_g VALUES (1522, 'since', '2011');

INSERT INTO EP_g VALUES (1522, 'relationship', 'acquaintance');

INSERT INTO EP_g VALUES (1522, 'contact_frequency', 'daily');

INSERT INTO E_g VALUES (1523, 53, 207, 'knows');

INSERT INTO EP_g VALUES (1523, 'since', '2022');

INSERT INTO EP_g VALUES (1523, 'relationship', 'colleague');

INSERT INTO EP_g VALUES (1523, 'contact_frequency', 'daily');

INSERT INTO E_g VALUES (1524, 53, 63, 'knows');

INSERT INTO EP_g VALUES (1524, 'since', '2010');

INSERT INTO EP_g VALUES (1524, 'relationship', 'family');

INSERT INTO EP_g VALUES (1524, 'contact_frequency', 'rarely');

INSERT INTO E_g VALUES (1525, 53, 270, 'knows');

INSERT INTO EP_g VALUES (1525, 'since', '2011');

INSERT INTO EP_g VALUES (1525, 'relationship', 'friend');

INSERT INTO EP_g VALUES (1525, 'contact_frequency', 'weekly');

INSERT INTO E_g VALUES (1526, 53, 74, 'knows');

INSERT INTO EP_g VALUES (1526, 'since', '2020');

INSERT INTO EP_g VALUES (1526, 'relationship', 'acquaintance');

INSERT INTO EP_g VALUES (1526, 'contact_frequency', 'weekly');

INSERT INTO E_g VALUES (1527, 53, 45, 'knows');

INSERT INTO EP_g VALUES (1527, 'since', '2015');

INSERT INTO EP_g VALUES (1527, 'relationship', 'colleague');

INSERT INTO EP_g VALUES (1527, 'contact_frequency', 'weekly');

INSERT INTO E_g VALUES (1528, 53, 258, 'knows');

INSERT INTO EP_g VALUES (1528, 'since', '2016');

INSERT INTO EP_g VALUES (1528, 'relationship', 'family');

INSERT INTO EP_g VALUES (1528, 'contact_frequency', 'weekly');

INSERT INTO E_g VALUES (1529, 54, 56, 'knows');

INSERT INTO EP_g VALUES (1529, 'since', '2017');

INSERT INTO EP_g VALUES (1529, 'relationship', 'family');

INSERT INTO EP_g VALUES (1529, 'contact_frequency', 'weekly');

INSERT INTO E_g VALUES (1530, 54, 36, 'knows');

INSERT INTO EP_g VALUES (1530, 'since', '2024');

INSERT INTO EP_g VALUES (1530, 'relationship', 'family');

INSERT INTO EP_g VALUES (1530, 'contact_frequency', 'weekly');

INSERT INTO E_g VALUES (1531, 54, 141, 'knows');

INSERT INTO EP_g VALUES (1531, 'since', '2024');

INSERT INTO EP_g VALUES (1531, 'relationship', 'family');

INSERT INTO EP_g VALUES (1531, 'contact_frequency', 'weekly');

INSERT INTO E_g VALUES (1532, 55, 73, 'knows');

INSERT INTO EP_g VALUES (1532, 'since', '2010');

INSERT INTO EP_g VALUES (1532, 'relationship', 'family');

INSERT INTO EP_g VALUES (1532, 'contact_frequency', 'weekly');

INSERT INTO E_g VALUES (1533, 55, 209, 'knows');

INSERT INTO EP_g VALUES (1533, 'since', '2021');

INSERT INTO EP_g VALUES (1533, 'relationship', 'friend');

INSERT INTO EP_g VALUES (1533, 'contact_frequency', 'weekly');

INSERT INTO E_g VALUES (1534, 55, 105, 'knows');

INSERT INTO EP_g VALUES (1534, 'since', '2021');

INSERT INTO EP_g VALUES (1534, 'relationship', 'family');

INSERT INTO EP_g VALUES (1534, 'contact_frequency', 'monthly');

INSERT INTO E_g VALUES (1535, 56, 266, 'knows');

INSERT INTO EP_g VALUES (1535, 'since', '2015');

INSERT INTO EP_g VALUES (1535, 'relationship', 'colleague');

INSERT INTO EP_g VALUES (1535, 'contact_frequency', 'weekly');

INSERT INTO E_g VALUES (1536, 56, 222, 'knows');

INSERT INTO EP_g VALUES (1536, 'since', '2024');

INSERT INTO EP_g VALUES (1536, 'relationship', 'acquaintance');

INSERT INTO EP_g VALUES (1536, 'contact_frequency', 'daily');

INSERT INTO E_g VALUES (1537, 56, 117, 'knows');

INSERT INTO EP_g VALUES (1537, 'since', '2022');

INSERT INTO EP_g VALUES (1537, 'relationship', 'colleague');

INSERT INTO EP_g VALUES (1537, 'contact_frequency', 'weekly');

INSERT INTO E_g VALUES (1538, 56, 176, 'knows');

INSERT INTO EP_g VALUES (1538, 'since', '2018');

INSERT INTO EP_g VALUES (1538, 'relationship', 'colleague');

INSERT INTO EP_g VALUES (1538, 'contact_frequency', 'daily');

INSERT INTO E_g VALUES (1539, 56, 161, 'knows');

INSERT INTO EP_g VALUES (1539, 'since', '2023');

INSERT INTO EP_g VALUES (1539, 'relationship', 'acquaintance');

INSERT INTO EP_g VALUES (1539, 'contact_frequency', 'monthly');

INSERT INTO E_g VALUES (1540, 57, 206, 'knows');

INSERT INTO EP_g VALUES (1540, 'since', '2014');

INSERT INTO EP_g VALUES (1540, 'relationship', 'acquaintance');

INSERT INTO EP_g VALUES (1540, 'contact_frequency', 'daily');

INSERT INTO E_g VALUES (1541, 57, 188, 'knows');

INSERT INTO EP_g VALUES (1541, 'since', '2014');

INSERT INTO EP_g VALUES (1541, 'relationship', 'acquaintance');

INSERT INTO EP_g VALUES (1541, 'contact_frequency', 'monthly');

INSERT INTO E_g VALUES (1542, 57, 97, 'knows');

INSERT INTO EP_g VALUES (1542, 'since', '2024');

INSERT INTO EP_g VALUES (1542, 'relationship', 'friend');

INSERT INTO EP_g VALUES (1542, 'contact_frequency', 'monthly');

INSERT INTO E_g VALUES (1543, 57, 24, 'knows');

INSERT INTO EP_g VALUES (1543, 'since', '2011');

INSERT INTO EP_g VALUES (1543, 'relationship', 'friend');

INSERT INTO EP_g VALUES (1543, 'contact_frequency', 'rarely');

INSERT INTO E_g VALUES (1544, 57, 105, 'knows');

INSERT INTO EP_g VALUES (1544, 'since', '2020');

INSERT INTO EP_g VALUES (1544, 'relationship', 'family');

INSERT INTO EP_g VALUES (1544, 'contact_frequency', 'daily');

INSERT INTO E_g VALUES (1545, 57, 257, 'knows');

INSERT INTO EP_g VALUES (1545, 'since', '2010');

INSERT INTO EP_g VALUES (1545, 'relationship', 'acquaintance');

INSERT INTO EP_g VALUES (1545, 'contact_frequency', 'daily');

INSERT INTO E_g VALUES (1546, 57, 159, 'knows');

INSERT INTO EP_g VALUES (1546, 'since', '2023');

INSERT INTO EP_g VALUES (1546, 'relationship', 'colleague');

INSERT INTO EP_g VALUES (1546, 'contact_frequency', 'rarely');

INSERT INTO E_g VALUES (1547, 57, 108, 'knows');

INSERT INTO EP_g VALUES (1547, 'since', '2010');

INSERT INTO EP_g VALUES (1547, 'relationship', 'family');

INSERT INTO EP_g VALUES (1547, 'contact_frequency', 'weekly');

INSERT INTO E_g VALUES (1548, 57, 59, 'knows');

INSERT INTO EP_g VALUES (1548, 'since', '2019');

INSERT INTO EP_g VALUES (1548, 'relationship', 'colleague');

INSERT INTO EP_g VALUES (1548, 'contact_frequency', 'monthly');

INSERT INTO E_g VALUES (1549, 58, 280, 'knows');

INSERT INTO EP_g VALUES (1549, 'since', '2020');

INSERT INTO EP_g VALUES (1549, 'relationship', 'colleague');

INSERT INTO EP_g VALUES (1549, 'contact_frequency', 'monthly');

INSERT INTO E_g VALUES (1550, 58, 250, 'knows');

INSERT INTO EP_g VALUES (1550, 'since', '2022');

INSERT INTO EP_g VALUES (1550, 'relationship', 'family');

INSERT INTO EP_g VALUES (1550, 'contact_frequency', 'daily');

INSERT INTO E_g VALUES (1551, 58, 183, 'knows');

INSERT INTO EP_g VALUES (1551, 'since', '2022');

INSERT INTO EP_g VALUES (1551, 'relationship', 'acquaintance');

INSERT INTO EP_g VALUES (1551, 'contact_frequency', 'monthly');

INSERT INTO E_g VALUES (1552, 59, 155, 'knows');

INSERT INTO EP_g VALUES (1552, 'since', '2017');

INSERT INTO EP_g VALUES (1552, 'relationship', 'colleague');

INSERT INTO EP_g VALUES (1552, 'contact_frequency', 'monthly');

INSERT INTO E_g VALUES (1553, 59, 30, 'knows');

INSERT INTO EP_g VALUES (1553, 'since', '2014');

INSERT INTO EP_g VALUES (1553, 'relationship', 'friend');

INSERT INTO EP_g VALUES (1553, 'contact_frequency', 'monthly');

INSERT INTO E_g VALUES (1554, 59, 180, 'knows');

INSERT INTO EP_g VALUES (1554, 'since', '2022');

INSERT INTO EP_g VALUES (1554, 'relationship', 'family');

INSERT INTO EP_g VALUES (1554, 'contact_frequency', 'monthly');

INSERT INTO E_g VALUES (1555, 59, 212, 'knows');

INSERT INTO EP_g VALUES (1555, 'since', '2021');

INSERT INTO EP_g VALUES (1555, 'relationship', 'colleague');

INSERT INTO EP_g VALUES (1555, 'contact_frequency', 'daily');

INSERT INTO E_g VALUES (1556, 59, 178, 'knows');

INSERT INTO EP_g VALUES (1556, 'since', '2011');

INSERT INTO EP_g VALUES (1556, 'relationship', 'acquaintance');

INSERT INTO EP_g VALUES (1556, 'contact_frequency', 'monthly');

INSERT INTO E_g VALUES (1557, 59, 64, 'knows');

INSERT INTO EP_g VALUES (1557, 'since', '2023');

INSERT INTO EP_g VALUES (1557, 'relationship', 'colleague');

INSERT INTO EP_g VALUES (1557, 'contact_frequency', 'daily');

INSERT INTO E_g VALUES (1558, 60, 208, 'knows');

INSERT INTO EP_g VALUES (1558, 'since', '2024');

INSERT INTO EP_g VALUES (1558, 'relationship', 'acquaintance');

INSERT INTO EP_g VALUES (1558, 'contact_frequency', 'daily');

INSERT INTO E_g VALUES (1559, 60, 17, 'knows');

INSERT INTO EP_g VALUES (1559, 'since', '2021');

INSERT INTO EP_g VALUES (1559, 'relationship', 'friend');

INSERT INTO EP_g VALUES (1559, 'contact_frequency', 'weekly');

INSERT INTO E_g VALUES (1560, 60, 119, 'knows');

INSERT INTO EP_g VALUES (1560, 'since', '2022');

INSERT INTO EP_g VALUES (1560, 'relationship', 'family');

INSERT INTO EP_g VALUES (1560, 'contact_frequency', 'weekly');

INSERT INTO E_g VALUES (1561, 60, 299, 'knows');

INSERT INTO EP_g VALUES (1561, 'since', '2012');

INSERT INTO EP_g VALUES (1561, 'relationship', 'acquaintance');

INSERT INTO EP_g VALUES (1561, 'contact_frequency', 'weekly');

INSERT INTO E_g VALUES (1562, 61, 249, 'knows');

INSERT INTO EP_g VALUES (1562, 'since', '2010');

INSERT INTO EP_g VALUES (1562, 'relationship', 'friend');

INSERT INTO EP_g VALUES (1562, 'contact_frequency', 'rarely');

INSERT INTO E_g VALUES (1563, 61, 294, 'knows');

INSERT INTO EP_g VALUES (1563, 'since', '2012');

INSERT INTO EP_g VALUES (1563, 'relationship', 'colleague');

INSERT INTO EP_g VALUES (1563, 'contact_frequency', 'monthly');

INSERT INTO E_g VALUES (1564, 61, 156, 'knows');

INSERT INTO EP_g VALUES (1564, 'since', '2012');

INSERT INTO EP_g VALUES (1564, 'relationship', 'family');

INSERT INTO EP_g VALUES (1564, 'contact_frequency', 'monthly');

INSERT INTO E_g VALUES (1565, 61, 193, 'knows');

INSERT INTO EP_g VALUES (1565, 'since', '2017');

INSERT INTO EP_g VALUES (1565, 'relationship', 'friend');

INSERT INTO EP_g VALUES (1565, 'contact_frequency', 'rarely');

INSERT INTO E_g VALUES (1566, 61, 26, 'knows');

INSERT INTO EP_g VALUES (1566, 'since', '2014');

INSERT INTO EP_g VALUES (1566, 'relationship', 'friend');

INSERT INTO EP_g VALUES (1566, 'contact_frequency', 'monthly');

INSERT INTO E_g VALUES (1567, 61, 167, 'knows');

INSERT INTO EP_g VALUES (1567, 'since', '2022');

INSERT INTO EP_g VALUES (1567, 'relationship', 'friend');

INSERT INTO EP_g VALUES (1567, 'contact_frequency', 'daily');

INSERT INTO E_g VALUES (1568, 61, 169, 'knows');

INSERT INTO EP_g VALUES (1568, 'since', '2015');

INSERT INTO EP_g VALUES (1568, 'relationship', 'family');

INSERT INTO EP_g VALUES (1568, 'contact_frequency', 'daily');

INSERT INTO E_g VALUES (1569, 62, 86, 'knows');

INSERT INTO EP_g VALUES (1569, 'since', '2021');

INSERT INTO EP_g VALUES (1569, 'relationship', 'acquaintance');

INSERT INTO EP_g VALUES (1569, 'contact_frequency', 'monthly');

INSERT INTO E_g VALUES (1570, 62, 266, 'knows');

INSERT INTO EP_g VALUES (1570, 'since', '2010');

INSERT INTO EP_g VALUES (1570, 'relationship', 'acquaintance');

INSERT INTO EP_g VALUES (1570, 'contact_frequency', 'monthly');

INSERT INTO E_g VALUES (1571, 62, 114, 'knows');

INSERT INTO EP_g VALUES (1571, 'since', '2016');

INSERT INTO EP_g VALUES (1571, 'relationship', 'friend');

INSERT INTO EP_g VALUES (1571, 'contact_frequency', 'daily');

INSERT INTO E_g VALUES (1572, 63, 175, 'knows');

INSERT INTO EP_g VALUES (1572, 'since', '2022');

INSERT INTO EP_g VALUES (1572, 'relationship', 'colleague');

INSERT INTO EP_g VALUES (1572, 'contact_frequency', 'weekly');

INSERT INTO E_g VALUES (1573, 63, 160, 'knows');

INSERT INTO EP_g VALUES (1573, 'since', '2019');

INSERT INTO EP_g VALUES (1573, 'relationship', 'family');

INSERT INTO EP_g VALUES (1573, 'contact_frequency', 'rarely');

INSERT INTO E_g VALUES (1574, 63, 27, 'knows');

INSERT INTO EP_g VALUES (1574, 'since', '2013');

INSERT INTO EP_g VALUES (1574, 'relationship', 'friend');

INSERT INTO EP_g VALUES (1574, 'contact_frequency', 'weekly');

INSERT INTO E_g VALUES (1575, 63, 278, 'knows');

INSERT INTO EP_g VALUES (1575, 'since', '2012');

INSERT INTO EP_g VALUES (1575, 'relationship', 'acquaintance');

INSERT INTO EP_g VALUES (1575, 'contact_frequency', 'monthly');

INSERT INTO E_g VALUES (1576, 64, 278, 'knows');

INSERT INTO EP_g VALUES (1576, 'since', '2024');

INSERT INTO EP_g VALUES (1576, 'relationship', 'colleague');

INSERT INTO EP_g VALUES (1576, 'contact_frequency', 'weekly');

INSERT INTO E_g VALUES (1577, 64, 174, 'knows');

INSERT INTO EP_g VALUES (1577, 'since', '2015');

INSERT INTO EP_g VALUES (1577, 'relationship', 'family');

INSERT INTO EP_g VALUES (1577, 'contact_frequency', 'daily');

INSERT INTO E_g VALUES (1578, 65, 175, 'knows');

INSERT INTO EP_g VALUES (1578, 'since', '2024');

INSERT INTO EP_g VALUES (1578, 'relationship', 'friend');

INSERT INTO EP_g VALUES (1578, 'contact_frequency', 'weekly');

INSERT INTO E_g VALUES (1579, 65, 220, 'knows');

INSERT INTO EP_g VALUES (1579, 'since', '2018');

INSERT INTO EP_g VALUES (1579, 'relationship', 'family');

INSERT INTO EP_g VALUES (1579, 'contact_frequency', 'daily');

INSERT INTO E_g VALUES (1580, 65, 179, 'knows');

INSERT INTO EP_g VALUES (1580, 'since', '2019');

INSERT INTO EP_g VALUES (1580, 'relationship', 'friend');

INSERT INTO EP_g VALUES (1580, 'contact_frequency', 'daily');

INSERT INTO E_g VALUES (1581, 65, 34, 'knows');

INSERT INTO EP_g VALUES (1581, 'since', '2024');

INSERT INTO EP_g VALUES (1581, 'relationship', 'acquaintance');

INSERT INTO EP_g VALUES (1581, 'contact_frequency', 'rarely');

INSERT INTO E_g VALUES (1582, 65, 7, 'knows');

INSERT INTO EP_g VALUES (1582, 'since', '2016');

INSERT INTO EP_g VALUES (1582, 'relationship', 'colleague');

INSERT INTO EP_g VALUES (1582, 'contact_frequency', 'monthly');

INSERT INTO E_g VALUES (1583, 65, 10, 'knows');

INSERT INTO EP_g VALUES (1583, 'since', '2022');

INSERT INTO EP_g VALUES (1583, 'relationship', 'family');

INSERT INTO EP_g VALUES (1583, 'contact_frequency', 'monthly');

INSERT INTO E_g VALUES (1584, 66, 13, 'knows');

INSERT INTO EP_g VALUES (1584, 'since', '2011');

INSERT INTO EP_g VALUES (1584, 'relationship', 'colleague');

INSERT INTO EP_g VALUES (1584, 'contact_frequency', 'rarely');

INSERT INTO E_g VALUES (1585, 66, 97, 'knows');

INSERT INTO EP_g VALUES (1585, 'since', '2024');

INSERT INTO EP_g VALUES (1585, 'relationship', 'colleague');

INSERT INTO EP_g VALUES (1585, 'contact_frequency', 'daily');

INSERT INTO E_g VALUES (1586, 66, 273, 'knows');

INSERT INTO EP_g VALUES (1586, 'since', '2022');

INSERT INTO EP_g VALUES (1586, 'relationship', 'friend');

INSERT INTO EP_g VALUES (1586, 'contact_frequency', 'weekly');

INSERT INTO E_g VALUES (1587, 66, 231, 'knows');

INSERT INTO EP_g VALUES (1587, 'since', '2021');

INSERT INTO EP_g VALUES (1587, 'relationship', 'colleague');

INSERT INTO EP_g VALUES (1587, 'contact_frequency', 'monthly');

INSERT INTO E_g VALUES (1588, 66, 292, 'knows');

INSERT INTO EP_g VALUES (1588, 'since', '2011');

INSERT INTO EP_g VALUES (1588, 'relationship', 'family');

INSERT INTO EP_g VALUES (1588, 'contact_frequency', 'rarely');

INSERT INTO E_g VALUES (1589, 66, 279, 'knows');

INSERT INTO EP_g VALUES (1589, 'since', '2023');

INSERT INTO EP_g VALUES (1589, 'relationship', 'family');

INSERT INTO EP_g VALUES (1589, 'contact_frequency', 'daily');

INSERT INTO E_g VALUES (1590, 66, 3, 'knows');

INSERT INTO EP_g VALUES (1590, 'since', '2017');

INSERT INTO EP_g VALUES (1590, 'relationship', 'colleague');

INSERT INTO EP_g VALUES (1590, 'contact_frequency', 'weekly');

INSERT INTO E_g VALUES (1591, 67, 258, 'knows');

INSERT INTO EP_g VALUES (1591, 'since', '2011');

INSERT INTO EP_g VALUES (1591, 'relationship', 'acquaintance');

INSERT INTO EP_g VALUES (1591, 'contact_frequency', 'rarely');

INSERT INTO E_g VALUES (1592, 67, 166, 'knows');

INSERT INTO EP_g VALUES (1592, 'since', '2023');

INSERT INTO EP_g VALUES (1592, 'relationship', 'acquaintance');

INSERT INTO EP_g VALUES (1592, 'contact_frequency', 'weekly');

INSERT INTO E_g VALUES (1593, 67, 165, 'knows');

INSERT INTO EP_g VALUES (1593, 'since', '2015');

INSERT INTO EP_g VALUES (1593, 'relationship', 'colleague');

INSERT INTO EP_g VALUES (1593, 'contact_frequency', 'monthly');

INSERT INTO E_g VALUES (1594, 67, 262, 'knows');

INSERT INTO EP_g VALUES (1594, 'since', '2023');

INSERT INTO EP_g VALUES (1594, 'relationship', 'acquaintance');

INSERT INTO EP_g VALUES (1594, 'contact_frequency', 'monthly');

INSERT INTO E_g VALUES (1595, 67, 39, 'knows');

INSERT INTO EP_g VALUES (1595, 'since', '2012');

INSERT INTO EP_g VALUES (1595, 'relationship', 'acquaintance');

INSERT INTO EP_g VALUES (1595, 'contact_frequency', 'weekly');

INSERT INTO E_g VALUES (1596, 67, 256, 'knows');

INSERT INTO EP_g VALUES (1596, 'since', '2024');

INSERT INTO EP_g VALUES (1596, 'relationship', 'friend');

INSERT INTO EP_g VALUES (1596, 'contact_frequency', 'rarely');

INSERT INTO E_g VALUES (1597, 67, 97, 'knows');

INSERT INTO EP_g VALUES (1597, 'since', '2023');

INSERT INTO EP_g VALUES (1597, 'relationship', 'acquaintance');

INSERT INTO EP_g VALUES (1597, 'contact_frequency', 'rarely');

INSERT INTO E_g VALUES (1598, 67, 246, 'knows');

INSERT INTO EP_g VALUES (1598, 'since', '2013');

INSERT INTO EP_g VALUES (1598, 'relationship', 'colleague');

INSERT INTO EP_g VALUES (1598, 'contact_frequency', 'weekly');

INSERT INTO E_g VALUES (1599, 67, 154, 'knows');

INSERT INTO EP_g VALUES (1599, 'since', '2011');

INSERT INTO EP_g VALUES (1599, 'relationship', 'friend');

INSERT INTO EP_g VALUES (1599, 'contact_frequency', 'monthly');

INSERT INTO E_g VALUES (1600, 67, 34, 'knows');

INSERT INTO EP_g VALUES (1600, 'since', '2018');

INSERT INTO EP_g VALUES (1600, 'relationship', 'friend');

INSERT INTO EP_g VALUES (1600, 'contact_frequency', 'weekly');

INSERT INTO E_g VALUES (1601, 68, 4, 'knows');

INSERT INTO EP_g VALUES (1601, 'since', '2013');

INSERT INTO EP_g VALUES (1601, 'relationship', 'acquaintance');

INSERT INTO EP_g VALUES (1601, 'contact_frequency', 'weekly');

INSERT INTO E_g VALUES (1602, 68, 277, 'knows');

INSERT INTO EP_g VALUES (1602, 'since', '2013');

INSERT INTO EP_g VALUES (1602, 'relationship', 'colleague');

INSERT INTO EP_g VALUES (1602, 'contact_frequency', 'rarely');

INSERT INTO E_g VALUES (1603, 68, 114, 'knows');

INSERT INTO EP_g VALUES (1603, 'since', '2014');

INSERT INTO EP_g VALUES (1603, 'relationship', 'family');

INSERT INTO EP_g VALUES (1603, 'contact_frequency', 'monthly');

INSERT INTO E_g VALUES (1604, 68, 228, 'knows');

INSERT INTO EP_g VALUES (1604, 'since', '2010');

INSERT INTO EP_g VALUES (1604, 'relationship', 'colleague');

INSERT INTO EP_g VALUES (1604, 'contact_frequency', 'daily');

INSERT INTO E_g VALUES (1605, 68, 85, 'knows');

INSERT INTO EP_g VALUES (1605, 'since', '2018');

INSERT INTO EP_g VALUES (1605, 'relationship', 'acquaintance');

INSERT INTO EP_g VALUES (1605, 'contact_frequency', 'weekly');

INSERT INTO E_g VALUES (1606, 69, 293, 'knows');

INSERT INTO EP_g VALUES (1606, 'since', '2014');

INSERT INTO EP_g VALUES (1606, 'relationship', 'friend');

INSERT INTO EP_g VALUES (1606, 'contact_frequency', 'rarely');

INSERT INTO E_g VALUES (1607, 69, 180, 'knows');

INSERT INTO EP_g VALUES (1607, 'since', '2015');

INSERT INTO EP_g VALUES (1607, 'relationship', 'friend');

INSERT INTO EP_g VALUES (1607, 'contact_frequency', 'weekly');

INSERT INTO E_g VALUES (1608, 69, 276, 'knows');

INSERT INTO EP_g VALUES (1608, 'since', '2013');

INSERT INTO EP_g VALUES (1608, 'relationship', 'friend');

INSERT INTO EP_g VALUES (1608, 'contact_frequency', 'daily');

INSERT INTO E_g VALUES (1609, 69, 261, 'knows');

INSERT INTO EP_g VALUES (1609, 'since', '2013');

INSERT INTO EP_g VALUES (1609, 'relationship', 'family');

INSERT INTO EP_g VALUES (1609, 'contact_frequency', 'daily');

INSERT INTO E_g VALUES (1610, 69, 28, 'knows');

INSERT INTO EP_g VALUES (1610, 'since', '2021');

INSERT INTO EP_g VALUES (1610, 'relationship', 'acquaintance');

INSERT INTO EP_g VALUES (1610, 'contact_frequency', 'daily');

INSERT INTO E_g VALUES (1611, 69, 192, 'knows');

INSERT INTO EP_g VALUES (1611, 'since', '2014');

INSERT INTO EP_g VALUES (1611, 'relationship', 'friend');

INSERT INTO EP_g VALUES (1611, 'contact_frequency', 'rarely');

INSERT INTO E_g VALUES (1612, 69, 94, 'knows');

INSERT INTO EP_g VALUES (1612, 'since', '2011');

INSERT INTO EP_g VALUES (1612, 'relationship', 'colleague');

INSERT INTO EP_g VALUES (1612, 'contact_frequency', 'weekly');

INSERT INTO E_g VALUES (1613, 69, 270, 'knows');

INSERT INTO EP_g VALUES (1613, 'since', '2016');

INSERT INTO EP_g VALUES (1613, 'relationship', 'colleague');

INSERT INTO EP_g VALUES (1613, 'contact_frequency', 'rarely');

INSERT INTO E_g VALUES (1614, 70, 222, 'knows');

INSERT INTO EP_g VALUES (1614, 'since', '2024');

INSERT INTO EP_g VALUES (1614, 'relationship', 'colleague');

INSERT INTO EP_g VALUES (1614, 'contact_frequency', 'monthly');

INSERT INTO E_g VALUES (1615, 70, 193, 'knows');

INSERT INTO EP_g VALUES (1615, 'since', '2022');

INSERT INTO EP_g VALUES (1615, 'relationship', 'colleague');

INSERT INTO EP_g VALUES (1615, 'contact_frequency', 'daily');

INSERT INTO E_g VALUES (1616, 70, 2, 'knows');

INSERT INTO EP_g VALUES (1616, 'since', '2018');

INSERT INTO EP_g VALUES (1616, 'relationship', 'family');

INSERT INTO EP_g VALUES (1616, 'contact_frequency', 'monthly');

INSERT INTO E_g VALUES (1617, 70, 110, 'knows');

INSERT INTO EP_g VALUES (1617, 'since', '2013');

INSERT INTO EP_g VALUES (1617, 'relationship', 'friend');

INSERT INTO EP_g VALUES (1617, 'contact_frequency', 'daily');

INSERT INTO E_g VALUES (1618, 70, 223, 'knows');

INSERT INTO EP_g VALUES (1618, 'since', '2019');

INSERT INTO EP_g VALUES (1618, 'relationship', 'family');

INSERT INTO EP_g VALUES (1618, 'contact_frequency', 'daily');

INSERT INTO E_g VALUES (1619, 70, 31, 'knows');

INSERT INTO EP_g VALUES (1619, 'since', '2013');

INSERT INTO EP_g VALUES (1619, 'relationship', 'friend');

INSERT INTO EP_g VALUES (1619, 'contact_frequency', 'monthly');

INSERT INTO E_g VALUES (1620, 71, 223, 'knows');

INSERT INTO EP_g VALUES (1620, 'since', '2017');

INSERT INTO EP_g VALUES (1620, 'relationship', 'acquaintance');

INSERT INTO EP_g VALUES (1620, 'contact_frequency', 'rarely');

INSERT INTO E_g VALUES (1621, 71, 51, 'knows');

INSERT INTO EP_g VALUES (1621, 'since', '2018');

INSERT INTO EP_g VALUES (1621, 'relationship', 'family');

INSERT INTO EP_g VALUES (1621, 'contact_frequency', 'daily');

INSERT INTO E_g VALUES (1622, 71, 9, 'knows');

INSERT INTO EP_g VALUES (1622, 'since', '2024');

INSERT INTO EP_g VALUES (1622, 'relationship', 'friend');

INSERT INTO EP_g VALUES (1622, 'contact_frequency', 'weekly');

INSERT INTO E_g VALUES (1623, 71, 178, 'knows');

INSERT INTO EP_g VALUES (1623, 'since', '2010');

INSERT INTO EP_g VALUES (1623, 'relationship', 'acquaintance');

INSERT INTO EP_g VALUES (1623, 'contact_frequency', 'rarely');

INSERT INTO E_g VALUES (1624, 71, 144, 'knows');

INSERT INTO EP_g VALUES (1624, 'since', '2021');

INSERT INTO EP_g VALUES (1624, 'relationship', 'colleague');

INSERT INTO EP_g VALUES (1624, 'contact_frequency', 'rarely');

INSERT INTO E_g VALUES (1625, 72, 264, 'knows');

INSERT INTO EP_g VALUES (1625, 'since', '2022');

INSERT INTO EP_g VALUES (1625, 'relationship', 'acquaintance');

INSERT INTO EP_g VALUES (1625, 'contact_frequency', 'daily');

INSERT INTO E_g VALUES (1626, 72, 177, 'knows');

INSERT INTO EP_g VALUES (1626, 'since', '2019');

INSERT INTO EP_g VALUES (1626, 'relationship', 'friend');

INSERT INTO EP_g VALUES (1626, 'contact_frequency', 'monthly');

INSERT INTO E_g VALUES (1627, 72, 46, 'knows');

INSERT INTO EP_g VALUES (1627, 'since', '2022');

INSERT INTO EP_g VALUES (1627, 'relationship', 'colleague');

INSERT INTO EP_g VALUES (1627, 'contact_frequency', 'rarely');

INSERT INTO E_g VALUES (1628, 73, 289, 'knows');

INSERT INTO EP_g VALUES (1628, 'since', '2022');

INSERT INTO EP_g VALUES (1628, 'relationship', 'family');

INSERT INTO EP_g VALUES (1628, 'contact_frequency', 'daily');

INSERT INTO E_g VALUES (1629, 73, 213, 'knows');

INSERT INTO EP_g VALUES (1629, 'since', '2018');

INSERT INTO EP_g VALUES (1629, 'relationship', 'colleague');

INSERT INTO EP_g VALUES (1629, 'contact_frequency', 'weekly');

INSERT INTO E_g VALUES (1630, 73, 53, 'knows');

INSERT INTO EP_g VALUES (1630, 'since', '2014');

INSERT INTO EP_g VALUES (1630, 'relationship', 'friend');

INSERT INTO EP_g VALUES (1630, 'contact_frequency', 'weekly');

INSERT INTO E_g VALUES (1631, 73, 51, 'knows');

INSERT INTO EP_g VALUES (1631, 'since', '2015');

INSERT INTO EP_g VALUES (1631, 'relationship', 'family');

INSERT INTO EP_g VALUES (1631, 'contact_frequency', 'rarely');

INSERT INTO E_g VALUES (1632, 73, 159, 'knows');

INSERT INTO EP_g VALUES (1632, 'since', '2017');

INSERT INTO EP_g VALUES (1632, 'relationship', 'acquaintance');

INSERT INTO EP_g VALUES (1632, 'contact_frequency', 'weekly');

INSERT INTO E_g VALUES (1633, 73, 16, 'knows');

INSERT INTO EP_g VALUES (1633, 'since', '2022');

INSERT INTO EP_g VALUES (1633, 'relationship', 'family');

INSERT INTO EP_g VALUES (1633, 'contact_frequency', 'monthly');

INSERT INTO E_g VALUES (1634, 73, 158, 'knows');

INSERT INTO EP_g VALUES (1634, 'since', '2014');

INSERT INTO EP_g VALUES (1634, 'relationship', 'friend');

INSERT INTO EP_g VALUES (1634, 'contact_frequency', 'weekly');

INSERT INTO E_g VALUES (1635, 74, 33, 'knows');

INSERT INTO EP_g VALUES (1635, 'since', '2023');

INSERT INTO EP_g VALUES (1635, 'relationship', 'colleague');

INSERT INTO EP_g VALUES (1635, 'contact_frequency', 'monthly');

INSERT INTO E_g VALUES (1636, 74, 81, 'knows');

INSERT INTO EP_g VALUES (1636, 'since', '2011');

INSERT INTO EP_g VALUES (1636, 'relationship', 'acquaintance');

INSERT INTO EP_g VALUES (1636, 'contact_frequency', 'monthly');

INSERT INTO E_g VALUES (1637, 74, 222, 'knows');

INSERT INTO EP_g VALUES (1637, 'since', '2016');

INSERT INTO EP_g VALUES (1637, 'relationship', 'family');

INSERT INTO EP_g VALUES (1637, 'contact_frequency', 'monthly');

INSERT INTO E_g VALUES (1638, 74, 257, 'knows');

INSERT INTO EP_g VALUES (1638, 'since', '2021');

INSERT INTO EP_g VALUES (1638, 'relationship', 'acquaintance');

INSERT INTO EP_g VALUES (1638, 'contact_frequency', 'monthly');

INSERT INTO E_g VALUES (1639, 74, 282, 'knows');

INSERT INTO EP_g VALUES (1639, 'since', '2011');

INSERT INTO EP_g VALUES (1639, 'relationship', 'colleague');

INSERT INTO EP_g VALUES (1639, 'contact_frequency', 'weekly');

INSERT INTO E_g VALUES (1640, 74, 6, 'knows');

INSERT INTO EP_g VALUES (1640, 'since', '2010');

INSERT INTO EP_g VALUES (1640, 'relationship', 'friend');

INSERT INTO EP_g VALUES (1640, 'contact_frequency', 'monthly');

INSERT INTO E_g VALUES (1641, 74, 27, 'knows');

INSERT INTO EP_g VALUES (1641, 'since', '2010');

INSERT INTO EP_g VALUES (1641, 'relationship', 'friend');

INSERT INTO EP_g VALUES (1641, 'contact_frequency', 'weekly');

INSERT INTO E_g VALUES (1642, 74, 213, 'knows');

INSERT INTO EP_g VALUES (1642, 'since', '2022');

INSERT INTO EP_g VALUES (1642, 'relationship', 'friend');

INSERT INTO EP_g VALUES (1642, 'contact_frequency', 'weekly');

INSERT INTO E_g VALUES (1643, 74, 44, 'knows');

INSERT INTO EP_g VALUES (1643, 'since', '2020');

INSERT INTO EP_g VALUES (1643, 'relationship', 'acquaintance');

INSERT INTO EP_g VALUES (1643, 'contact_frequency', 'monthly');

INSERT INTO E_g VALUES (1644, 75, 277, 'knows');

INSERT INTO EP_g VALUES (1644, 'since', '2023');

INSERT INTO EP_g VALUES (1644, 'relationship', 'acquaintance');

INSERT INTO EP_g VALUES (1644, 'contact_frequency', 'weekly');

INSERT INTO E_g VALUES (1645, 75, 154, 'knows');

INSERT INTO EP_g VALUES (1645, 'since', '2018');

INSERT INTO EP_g VALUES (1645, 'relationship', 'friend');

INSERT INTO EP_g VALUES (1645, 'contact_frequency', 'weekly');

INSERT INTO E_g VALUES (1646, 75, 238, 'knows');

INSERT INTO EP_g VALUES (1646, 'since', '2022');

INSERT INTO EP_g VALUES (1646, 'relationship', 'colleague');

INSERT INTO EP_g VALUES (1646, 'contact_frequency', 'weekly');

INSERT INTO E_g VALUES (1647, 75, 158, 'knows');

INSERT INTO EP_g VALUES (1647, 'since', '2015');

INSERT INTO EP_g VALUES (1647, 'relationship', 'colleague');

INSERT INTO EP_g VALUES (1647, 'contact_frequency', 'daily');

INSERT INTO E_g VALUES (1648, 76, 298, 'knows');

INSERT INTO EP_g VALUES (1648, 'since', '2022');

INSERT INTO EP_g VALUES (1648, 'relationship', 'colleague');

INSERT INTO EP_g VALUES (1648, 'contact_frequency', 'monthly');

INSERT INTO E_g VALUES (1649, 76, 241, 'knows');

INSERT INTO EP_g VALUES (1649, 'since', '2020');

INSERT INTO EP_g VALUES (1649, 'relationship', 'friend');

INSERT INTO EP_g VALUES (1649, 'contact_frequency', 'daily');

INSERT INTO E_g VALUES (1650, 76, 180, 'knows');

INSERT INTO EP_g VALUES (1650, 'since', '2011');

INSERT INTO EP_g VALUES (1650, 'relationship', 'friend');

INSERT INTO EP_g VALUES (1650, 'contact_frequency', 'rarely');

INSERT INTO E_g VALUES (1651, 76, 150, 'knows');

INSERT INTO EP_g VALUES (1651, 'since', '2011');

INSERT INTO EP_g VALUES (1651, 'relationship', 'acquaintance');

INSERT INTO EP_g VALUES (1651, 'contact_frequency', 'rarely');

INSERT INTO E_g VALUES (1652, 76, 134, 'knows');

INSERT INTO EP_g VALUES (1652, 'since', '2019');

INSERT INTO EP_g VALUES (1652, 'relationship', 'acquaintance');

INSERT INTO EP_g VALUES (1652, 'contact_frequency', 'daily');

INSERT INTO E_g VALUES (1653, 76, 172, 'knows');

INSERT INTO EP_g VALUES (1653, 'since', '2022');

INSERT INTO EP_g VALUES (1653, 'relationship', 'family');

INSERT INTO EP_g VALUES (1653, 'contact_frequency', 'weekly');

INSERT INTO E_g VALUES (1654, 76, 67, 'knows');

INSERT INTO EP_g VALUES (1654, 'since', '2016');

INSERT INTO EP_g VALUES (1654, 'relationship', 'friend');

INSERT INTO EP_g VALUES (1654, 'contact_frequency', 'weekly');

INSERT INTO E_g VALUES (1655, 76, 270, 'knows');

INSERT INTO EP_g VALUES (1655, 'since', '2023');

INSERT INTO EP_g VALUES (1655, 'relationship', 'colleague');

INSERT INTO EP_g VALUES (1655, 'contact_frequency', 'rarely');

INSERT INTO E_g VALUES (1656, 76, 171, 'knows');

INSERT INTO EP_g VALUES (1656, 'since', '2016');

INSERT INTO EP_g VALUES (1656, 'relationship', 'family');

INSERT INTO EP_g VALUES (1656, 'contact_frequency', 'weekly');

INSERT INTO E_g VALUES (1657, 77, 92, 'knows');

INSERT INTO EP_g VALUES (1657, 'since', '2017');

INSERT INTO EP_g VALUES (1657, 'relationship', 'colleague');

INSERT INTO EP_g VALUES (1657, 'contact_frequency', 'weekly');

INSERT INTO E_g VALUES (1658, 77, 228, 'knows');

INSERT INTO EP_g VALUES (1658, 'since', '2016');

INSERT INTO EP_g VALUES (1658, 'relationship', 'friend');

INSERT INTO EP_g VALUES (1658, 'contact_frequency', 'daily');

INSERT INTO E_g VALUES (1659, 77, 129, 'knows');

INSERT INTO EP_g VALUES (1659, 'since', '2015');

INSERT INTO EP_g VALUES (1659, 'relationship', 'friend');

INSERT INTO EP_g VALUES (1659, 'contact_frequency', 'rarely');

INSERT INTO E_g VALUES (1660, 77, 166, 'knows');

INSERT INTO EP_g VALUES (1660, 'since', '2015');

INSERT INTO EP_g VALUES (1660, 'relationship', 'colleague');

INSERT INTO EP_g VALUES (1660, 'contact_frequency', 'weekly');

INSERT INTO E_g VALUES (1661, 77, 256, 'knows');

INSERT INTO EP_g VALUES (1661, 'since', '2020');

INSERT INTO EP_g VALUES (1661, 'relationship', 'acquaintance');

INSERT INTO EP_g VALUES (1661, 'contact_frequency', 'weekly');

INSERT INTO E_g VALUES (1662, 77, 78, 'knows');

INSERT INTO EP_g VALUES (1662, 'since', '2020');

INSERT INTO EP_g VALUES (1662, 'relationship', 'family');

INSERT INTO EP_g VALUES (1662, 'contact_frequency', 'weekly');

INSERT INTO E_g VALUES (1663, 77, 57, 'knows');

INSERT INTO EP_g VALUES (1663, 'since', '2024');

INSERT INTO EP_g VALUES (1663, 'relationship', 'colleague');

INSERT INTO EP_g VALUES (1663, 'contact_frequency', 'weekly');

INSERT INTO E_g VALUES (1664, 77, 154, 'knows');

INSERT INTO EP_g VALUES (1664, 'since', '2016');

INSERT INTO EP_g VALUES (1664, 'relationship', 'friend');

INSERT INTO EP_g VALUES (1664, 'contact_frequency', 'weekly');

INSERT INTO E_g VALUES (1665, 77, 272, 'knows');

INSERT INTO EP_g VALUES (1665, 'since', '2012');

INSERT INTO EP_g VALUES (1665, 'relationship', 'friend');

INSERT INTO EP_g VALUES (1665, 'contact_frequency', 'weekly');

INSERT INTO E_g VALUES (1666, 78, 253, 'knows');

INSERT INTO EP_g VALUES (1666, 'since', '2017');

INSERT INTO EP_g VALUES (1666, 'relationship', 'friend');

INSERT INTO EP_g VALUES (1666, 'contact_frequency', 'weekly');

INSERT INTO E_g VALUES (1667, 78, 164, 'knows');

INSERT INTO EP_g VALUES (1667, 'since', '2014');

INSERT INTO EP_g VALUES (1667, 'relationship', 'acquaintance');

INSERT INTO EP_g VALUES (1667, 'contact_frequency', 'monthly');

INSERT INTO E_g VALUES (1668, 78, 36, 'knows');

INSERT INTO EP_g VALUES (1668, 'since', '2018');

INSERT INTO EP_g VALUES (1668, 'relationship', 'acquaintance');

INSERT INTO EP_g VALUES (1668, 'contact_frequency', 'weekly');

INSERT INTO E_g VALUES (1669, 78, 104, 'knows');

INSERT INTO EP_g VALUES (1669, 'since', '2012');

INSERT INTO EP_g VALUES (1669, 'relationship', 'colleague');

INSERT INTO EP_g VALUES (1669, 'contact_frequency', 'monthly');

INSERT INTO E_g VALUES (1670, 79, 185, 'knows');

INSERT INTO EP_g VALUES (1670, 'since', '2014');

INSERT INTO EP_g VALUES (1670, 'relationship', 'colleague');

INSERT INTO EP_g VALUES (1670, 'contact_frequency', 'weekly');

INSERT INTO E_g VALUES (1671, 79, 178, 'knows');

INSERT INTO EP_g VALUES (1671, 'since', '2014');

INSERT INTO EP_g VALUES (1671, 'relationship', 'friend');

INSERT INTO EP_g VALUES (1671, 'contact_frequency', 'rarely');

INSERT INTO E_g VALUES (1672, 79, 279, 'knows');

INSERT INTO EP_g VALUES (1672, 'since', '2024');

INSERT INTO EP_g VALUES (1672, 'relationship', 'family');

INSERT INTO EP_g VALUES (1672, 'contact_frequency', 'daily');

INSERT INTO E_g VALUES (1673, 79, 80, 'knows');

INSERT INTO EP_g VALUES (1673, 'since', '2012');

INSERT INTO EP_g VALUES (1673, 'relationship', 'family');

INSERT INTO EP_g VALUES (1673, 'contact_frequency', 'weekly');

INSERT INTO E_g VALUES (1674, 79, 231, 'knows');

INSERT INTO EP_g VALUES (1674, 'since', '2017');

INSERT INTO EP_g VALUES (1674, 'relationship', 'friend');

INSERT INTO EP_g VALUES (1674, 'contact_frequency', 'daily');

INSERT INTO E_g VALUES (1675, 79, 272, 'knows');

INSERT INTO EP_g VALUES (1675, 'since', '2015');

INSERT INTO EP_g VALUES (1675, 'relationship', 'acquaintance');

INSERT INTO EP_g VALUES (1675, 'contact_frequency', 'weekly');

INSERT INTO E_g VALUES (1676, 79, 249, 'knows');

INSERT INTO EP_g VALUES (1676, 'since', '2020');

INSERT INTO EP_g VALUES (1676, 'relationship', 'colleague');

INSERT INTO EP_g VALUES (1676, 'contact_frequency', 'monthly');

INSERT INTO E_g VALUES (1677, 79, 78, 'knows');

INSERT INTO EP_g VALUES (1677, 'since', '2021');

INSERT INTO EP_g VALUES (1677, 'relationship', 'colleague');

INSERT INTO EP_g VALUES (1677, 'contact_frequency', 'rarely');

INSERT INTO E_g VALUES (1678, 79, 43, 'knows');

INSERT INTO EP_g VALUES (1678, 'since', '2012');

INSERT INTO EP_g VALUES (1678, 'relationship', 'friend');

INSERT INTO EP_g VALUES (1678, 'contact_frequency', 'monthly');

INSERT INTO E_g VALUES (1679, 80, 84, 'knows');

INSERT INTO EP_g VALUES (1679, 'since', '2020');

INSERT INTO EP_g VALUES (1679, 'relationship', 'acquaintance');

INSERT INTO EP_g VALUES (1679, 'contact_frequency', 'rarely');

INSERT INTO E_g VALUES (1680, 80, 52, 'knows');

INSERT INTO EP_g VALUES (1680, 'since', '2015');

INSERT INTO EP_g VALUES (1680, 'relationship', 'family');

INSERT INTO EP_g VALUES (1680, 'contact_frequency', 'monthly');

INSERT INTO E_g VALUES (1681, 80, 210, 'knows');

INSERT INTO EP_g VALUES (1681, 'since', '2017');

INSERT INTO EP_g VALUES (1681, 'relationship', 'colleague');

INSERT INTO EP_g VALUES (1681, 'contact_frequency', 'rarely');

INSERT INTO E_g VALUES (1682, 80, 145, 'knows');

INSERT INTO EP_g VALUES (1682, 'since', '2012');

INSERT INTO EP_g VALUES (1682, 'relationship', 'colleague');

INSERT INTO EP_g VALUES (1682, 'contact_frequency', 'rarely');

INSERT INTO E_g VALUES (1683, 80, 79, 'knows');

INSERT INTO EP_g VALUES (1683, 'since', '2013');

INSERT INTO EP_g VALUES (1683, 'relationship', 'acquaintance');

INSERT INTO EP_g VALUES (1683, 'contact_frequency', 'monthly');

INSERT INTO E_g VALUES (1684, 80, 200, 'knows');

INSERT INTO EP_g VALUES (1684, 'since', '2015');

INSERT INTO EP_g VALUES (1684, 'relationship', 'friend');

INSERT INTO EP_g VALUES (1684, 'contact_frequency', 'rarely');

INSERT INTO E_g VALUES (1685, 80, 62, 'knows');

INSERT INTO EP_g VALUES (1685, 'since', '2015');

INSERT INTO EP_g VALUES (1685, 'relationship', 'colleague');

INSERT INTO EP_g VALUES (1685, 'contact_frequency', 'daily');

INSERT INTO E_g VALUES (1686, 80, 266, 'knows');

INSERT INTO EP_g VALUES (1686, 'since', '2017');

INSERT INTO EP_g VALUES (1686, 'relationship', 'colleague');

INSERT INTO EP_g VALUES (1686, 'contact_frequency', 'rarely');

INSERT INTO E_g VALUES (1687, 80, 148, 'knows');

INSERT INTO EP_g VALUES (1687, 'since', '2016');

INSERT INTO EP_g VALUES (1687, 'relationship', 'colleague');

INSERT INTO EP_g VALUES (1687, 'contact_frequency', 'monthly');

INSERT INTO E_g VALUES (1688, 81, 159, 'knows');

INSERT INTO EP_g VALUES (1688, 'since', '2015');

INSERT INTO EP_g VALUES (1688, 'relationship', 'family');

INSERT INTO EP_g VALUES (1688, 'contact_frequency', 'daily');

INSERT INTO E_g VALUES (1689, 81, 75, 'knows');

INSERT INTO EP_g VALUES (1689, 'since', '2013');

INSERT INTO EP_g VALUES (1689, 'relationship', 'family');

INSERT INTO EP_g VALUES (1689, 'contact_frequency', 'weekly');

INSERT INTO E_g VALUES (1690, 81, 279, 'knows');

INSERT INTO EP_g VALUES (1690, 'since', '2020');

INSERT INTO EP_g VALUES (1690, 'relationship', 'colleague');

INSERT INTO EP_g VALUES (1690, 'contact_frequency', 'weekly');

INSERT INTO E_g VALUES (1691, 81, 51, 'knows');

INSERT INTO EP_g VALUES (1691, 'since', '2017');

INSERT INTO EP_g VALUES (1691, 'relationship', 'acquaintance');

INSERT INTO EP_g VALUES (1691, 'contact_frequency', 'rarely');

INSERT INTO E_g VALUES (1692, 81, 138, 'knows');

INSERT INTO EP_g VALUES (1692, 'since', '2015');

INSERT INTO EP_g VALUES (1692, 'relationship', 'colleague');

INSERT INTO EP_g VALUES (1692, 'contact_frequency', 'rarely');

INSERT INTO E_g VALUES (1693, 81, 249, 'knows');

INSERT INTO EP_g VALUES (1693, 'since', '2019');

INSERT INTO EP_g VALUES (1693, 'relationship', 'family');

INSERT INTO EP_g VALUES (1693, 'contact_frequency', 'weekly');

INSERT INTO E_g VALUES (1694, 81, 27, 'knows');

INSERT INTO EP_g VALUES (1694, 'since', '2010');

INSERT INTO EP_g VALUES (1694, 'relationship', 'friend');

INSERT INTO EP_g VALUES (1694, 'contact_frequency', 'rarely');

INSERT INTO E_g VALUES (1695, 81, 233, 'knows');

INSERT INTO EP_g VALUES (1695, 'since', '2022');

INSERT INTO EP_g VALUES (1695, 'relationship', 'acquaintance');

INSERT INTO EP_g VALUES (1695, 'contact_frequency', 'weekly');

INSERT INTO E_g VALUES (1696, 82, 57, 'knows');

INSERT INTO EP_g VALUES (1696, 'since', '2024');

INSERT INTO EP_g VALUES (1696, 'relationship', 'acquaintance');

INSERT INTO EP_g VALUES (1696, 'contact_frequency', 'daily');

INSERT INTO E_g VALUES (1697, 82, 203, 'knows');

INSERT INTO EP_g VALUES (1697, 'since', '2016');

INSERT INTO EP_g VALUES (1697, 'relationship', 'family');

INSERT INTO EP_g VALUES (1697, 'contact_frequency', 'monthly');

INSERT INTO E_g VALUES (1698, 82, 52, 'knows');

INSERT INTO EP_g VALUES (1698, 'since', '2018');

INSERT INTO EP_g VALUES (1698, 'relationship', 'acquaintance');

INSERT INTO EP_g VALUES (1698, 'contact_frequency', 'monthly');

INSERT INTO E_g VALUES (1699, 82, 144, 'knows');

INSERT INTO EP_g VALUES (1699, 'since', '2015');

INSERT INTO EP_g VALUES (1699, 'relationship', 'colleague');

INSERT INTO EP_g VALUES (1699, 'contact_frequency', 'daily');

INSERT INTO E_g VALUES (1700, 83, 188, 'knows');

INSERT INTO EP_g VALUES (1700, 'since', '2023');

INSERT INTO EP_g VALUES (1700, 'relationship', 'friend');

INSERT INTO EP_g VALUES (1700, 'contact_frequency', 'daily');

INSERT INTO E_g VALUES (1701, 83, 168, 'knows');

INSERT INTO EP_g VALUES (1701, 'since', '2023');

INSERT INTO EP_g VALUES (1701, 'relationship', 'friend');

INSERT INTO EP_g VALUES (1701, 'contact_frequency', 'daily');

INSERT INTO E_g VALUES (1702, 83, 279, 'knows');

INSERT INTO EP_g VALUES (1702, 'since', '2017');

INSERT INTO EP_g VALUES (1702, 'relationship', 'colleague');

INSERT INTO EP_g VALUES (1702, 'contact_frequency', 'daily');

INSERT INTO E_g VALUES (1703, 83, 135, 'knows');

INSERT INTO EP_g VALUES (1703, 'since', '2024');

INSERT INTO EP_g VALUES (1703, 'relationship', 'family');

INSERT INTO EP_g VALUES (1703, 'contact_frequency', 'monthly');

INSERT INTO E_g VALUES (1704, 83, 76, 'knows');

INSERT INTO EP_g VALUES (1704, 'since', '2023');

INSERT INTO EP_g VALUES (1704, 'relationship', 'friend');

INSERT INTO EP_g VALUES (1704, 'contact_frequency', 'weekly');

INSERT INTO E_g VALUES (1705, 83, 119, 'knows');

INSERT INTO EP_g VALUES (1705, 'since', '2010');

INSERT INTO EP_g VALUES (1705, 'relationship', 'acquaintance');

INSERT INTO EP_g VALUES (1705, 'contact_frequency', 'monthly');

INSERT INTO E_g VALUES (1706, 84, 253, 'knows');

INSERT INTO EP_g VALUES (1706, 'since', '2011');

INSERT INTO EP_g VALUES (1706, 'relationship', 'acquaintance');

INSERT INTO EP_g VALUES (1706, 'contact_frequency', 'rarely');

INSERT INTO E_g VALUES (1707, 84, 148, 'knows');

INSERT INTO EP_g VALUES (1707, 'since', '2013');

INSERT INTO EP_g VALUES (1707, 'relationship', 'acquaintance');

INSERT INTO EP_g VALUES (1707, 'contact_frequency', 'daily');

INSERT INTO E_g VALUES (1708, 84, 179, 'knows');

INSERT INTO EP_g VALUES (1708, 'since', '2023');

INSERT INTO EP_g VALUES (1708, 'relationship', 'family');

INSERT INTO EP_g VALUES (1708, 'contact_frequency', 'monthly');

INSERT INTO E_g VALUES (1709, 85, 44, 'knows');

INSERT INTO EP_g VALUES (1709, 'since', '2021');

INSERT INTO EP_g VALUES (1709, 'relationship', 'colleague');

INSERT INTO EP_g VALUES (1709, 'contact_frequency', 'rarely');

INSERT INTO E_g VALUES (1710, 85, 275, 'knows');

INSERT INTO EP_g VALUES (1710, 'since', '2017');

INSERT INTO EP_g VALUES (1710, 'relationship', 'family');

INSERT INTO EP_g VALUES (1710, 'contact_frequency', 'monthly');

INSERT INTO E_g VALUES (1711, 85, 210, 'knows');

INSERT INTO EP_g VALUES (1711, 'since', '2015');

INSERT INTO EP_g VALUES (1711, 'relationship', 'acquaintance');

INSERT INTO EP_g VALUES (1711, 'contact_frequency', 'rarely');

INSERT INTO E_g VALUES (1712, 85, 141, 'knows');

INSERT INTO EP_g VALUES (1712, 'since', '2022');

INSERT INTO EP_g VALUES (1712, 'relationship', 'friend');

INSERT INTO EP_g VALUES (1712, 'contact_frequency', 'rarely');

INSERT INTO E_g VALUES (1713, 85, 95, 'knows');

INSERT INTO EP_g VALUES (1713, 'since', '2020');

INSERT INTO EP_g VALUES (1713, 'relationship', 'acquaintance');

INSERT INTO EP_g VALUES (1713, 'contact_frequency', 'daily');

INSERT INTO E_g VALUES (1714, 85, 130, 'knows');

INSERT INTO EP_g VALUES (1714, 'since', '2017');

INSERT INTO EP_g VALUES (1714, 'relationship', 'acquaintance');

INSERT INTO EP_g VALUES (1714, 'contact_frequency', 'daily');

INSERT INTO E_g VALUES (1715, 85, 64, 'knows');

INSERT INTO EP_g VALUES (1715, 'since', '2010');

INSERT INTO EP_g VALUES (1715, 'relationship', 'acquaintance');

INSERT INTO EP_g VALUES (1715, 'contact_frequency', 'rarely');

INSERT INTO E_g VALUES (1716, 85, 46, 'knows');

INSERT INTO EP_g VALUES (1716, 'since', '2022');

INSERT INTO EP_g VALUES (1716, 'relationship', 'colleague');

INSERT INTO EP_g VALUES (1716, 'contact_frequency', 'daily');

INSERT INTO E_g VALUES (1717, 85, 224, 'knows');

INSERT INTO EP_g VALUES (1717, 'since', '2017');

INSERT INTO EP_g VALUES (1717, 'relationship', 'family');

INSERT INTO EP_g VALUES (1717, 'contact_frequency', 'monthly');

INSERT INTO E_g VALUES (1718, 85, 275, 'knows');

INSERT INTO EP_g VALUES (1718, 'since', '2015');

INSERT INTO EP_g VALUES (1718, 'relationship', 'acquaintance');

INSERT INTO EP_g VALUES (1718, 'contact_frequency', 'rarely');

INSERT INTO E_g VALUES (1719, 86, 33, 'knows');

INSERT INTO EP_g VALUES (1719, 'since', '2018');

INSERT INTO EP_g VALUES (1719, 'relationship', 'acquaintance');

INSERT INTO EP_g VALUES (1719, 'contact_frequency', 'rarely');

INSERT INTO E_g VALUES (1720, 86, 24, 'knows');

INSERT INTO EP_g VALUES (1720, 'since', '2011');

INSERT INTO EP_g VALUES (1720, 'relationship', 'colleague');

INSERT INTO EP_g VALUES (1720, 'contact_frequency', 'monthly');

INSERT INTO E_g VALUES (1721, 86, 284, 'knows');

INSERT INTO EP_g VALUES (1721, 'since', '2020');

INSERT INTO EP_g VALUES (1721, 'relationship', 'acquaintance');

INSERT INTO EP_g VALUES (1721, 'contact_frequency', 'rarely');

INSERT INTO E_g VALUES (1722, 86, 292, 'knows');

INSERT INTO EP_g VALUES (1722, 'since', '2020');

INSERT INTO EP_g VALUES (1722, 'relationship', 'family');

INSERT INTO EP_g VALUES (1722, 'contact_frequency', 'rarely');

INSERT INTO E_g VALUES (1723, 86, 95, 'knows');

INSERT INTO EP_g VALUES (1723, 'since', '2018');

INSERT INTO EP_g VALUES (1723, 'relationship', 'acquaintance');

INSERT INTO EP_g VALUES (1723, 'contact_frequency', 'monthly');

INSERT INTO E_g VALUES (1724, 86, 213, 'knows');

INSERT INTO EP_g VALUES (1724, 'since', '2012');

INSERT INTO EP_g VALUES (1724, 'relationship', 'family');

INSERT INTO EP_g VALUES (1724, 'contact_frequency', 'rarely');

INSERT INTO E_g VALUES (1725, 86, 76, 'knows');

INSERT INTO EP_g VALUES (1725, 'since', '2011');

INSERT INTO EP_g VALUES (1725, 'relationship', 'colleague');

INSERT INTO EP_g VALUES (1725, 'contact_frequency', 'rarely');

INSERT INTO E_g VALUES (1726, 86, 218, 'knows');

INSERT INTO EP_g VALUES (1726, 'since', '2014');

INSERT INTO EP_g VALUES (1726, 'relationship', 'friend');

INSERT INTO EP_g VALUES (1726, 'contact_frequency', 'rarely');

INSERT INTO E_g VALUES (1727, 87, 216, 'knows');

INSERT INTO EP_g VALUES (1727, 'since', '2021');

INSERT INTO EP_g VALUES (1727, 'relationship', 'colleague');

INSERT INTO EP_g VALUES (1727, 'contact_frequency', 'monthly');

INSERT INTO E_g VALUES (1728, 87, 122, 'knows');

INSERT INTO EP_g VALUES (1728, 'since', '2015');

INSERT INTO EP_g VALUES (1728, 'relationship', 'friend');

INSERT INTO EP_g VALUES (1728, 'contact_frequency', 'monthly');

INSERT INTO E_g VALUES (1729, 87, 226, 'knows');

INSERT INTO EP_g VALUES (1729, 'since', '2017');

INSERT INTO EP_g VALUES (1729, 'relationship', 'acquaintance');

INSERT INTO EP_g VALUES (1729, 'contact_frequency', 'rarely');

INSERT INTO E_g VALUES (1730, 87, 206, 'knows');

INSERT INTO EP_g VALUES (1730, 'since', '2012');

INSERT INTO EP_g VALUES (1730, 'relationship', 'colleague');

INSERT INTO EP_g VALUES (1730, 'contact_frequency', 'weekly');

INSERT INTO E_g VALUES (1731, 87, 9, 'knows');

INSERT INTO EP_g VALUES (1731, 'since', '2019');

INSERT INTO EP_g VALUES (1731, 'relationship', 'colleague');

INSERT INTO EP_g VALUES (1731, 'contact_frequency', 'rarely');

INSERT INTO E_g VALUES (1732, 88, 23, 'knows');

INSERT INTO EP_g VALUES (1732, 'since', '2020');

INSERT INTO EP_g VALUES (1732, 'relationship', 'friend');

INSERT INTO EP_g VALUES (1732, 'contact_frequency', 'monthly');

INSERT INTO E_g VALUES (1733, 88, 222, 'knows');

INSERT INTO EP_g VALUES (1733, 'since', '2011');

INSERT INTO EP_g VALUES (1733, 'relationship', 'family');

INSERT INTO EP_g VALUES (1733, 'contact_frequency', 'weekly');

INSERT INTO E_g VALUES (1734, 88, 262, 'knows');

INSERT INTO EP_g VALUES (1734, 'since', '2012');

INSERT INTO EP_g VALUES (1734, 'relationship', 'family');

INSERT INTO EP_g VALUES (1734, 'contact_frequency', 'weekly');

INSERT INTO E_g VALUES (1735, 88, 292, 'knows');

INSERT INTO EP_g VALUES (1735, 'since', '2015');

INSERT INTO EP_g VALUES (1735, 'relationship', 'acquaintance');

INSERT INTO EP_g VALUES (1735, 'contact_frequency', 'weekly');

INSERT INTO E_g VALUES (1736, 88, 133, 'knows');

INSERT INTO EP_g VALUES (1736, 'since', '2013');

INSERT INTO EP_g VALUES (1736, 'relationship', 'friend');

INSERT INTO EP_g VALUES (1736, 'contact_frequency', 'weekly');

INSERT INTO E_g VALUES (1737, 88, 131, 'knows');

INSERT INTO EP_g VALUES (1737, 'since', '2024');

INSERT INTO EP_g VALUES (1737, 'relationship', 'friend');

INSERT INTO EP_g VALUES (1737, 'contact_frequency', 'daily');

INSERT INTO E_g VALUES (1738, 89, 161, 'knows');

INSERT INTO EP_g VALUES (1738, 'since', '2018');

INSERT INTO EP_g VALUES (1738, 'relationship', 'colleague');

INSERT INTO EP_g VALUES (1738, 'contact_frequency', 'weekly');

INSERT INTO E_g VALUES (1739, 89, 238, 'knows');

INSERT INTO EP_g VALUES (1739, 'since', '2011');

INSERT INTO EP_g VALUES (1739, 'relationship', 'family');

INSERT INTO EP_g VALUES (1739, 'contact_frequency', 'monthly');

INSERT INTO E_g VALUES (1740, 89, 31, 'knows');

INSERT INTO EP_g VALUES (1740, 'since', '2015');

INSERT INTO EP_g VALUES (1740, 'relationship', 'colleague');

INSERT INTO EP_g VALUES (1740, 'contact_frequency', 'daily');

INSERT INTO E_g VALUES (1741, 89, 52, 'knows');

INSERT INTO EP_g VALUES (1741, 'since', '2022');

INSERT INTO EP_g VALUES (1741, 'relationship', 'acquaintance');

INSERT INTO EP_g VALUES (1741, 'contact_frequency', 'daily');

INSERT INTO E_g VALUES (1742, 89, 135, 'knows');

INSERT INTO EP_g VALUES (1742, 'since', '2021');

INSERT INTO EP_g VALUES (1742, 'relationship', 'acquaintance');

INSERT INTO EP_g VALUES (1742, 'contact_frequency', 'monthly');

INSERT INTO E_g VALUES (1743, 89, 217, 'knows');

INSERT INTO EP_g VALUES (1743, 'since', '2011');

INSERT INTO EP_g VALUES (1743, 'relationship', 'acquaintance');

INSERT INTO EP_g VALUES (1743, 'contact_frequency', 'daily');

INSERT INTO E_g VALUES (1744, 90, 106, 'knows');

INSERT INTO EP_g VALUES (1744, 'since', '2024');

INSERT INTO EP_g VALUES (1744, 'relationship', 'acquaintance');

INSERT INTO EP_g VALUES (1744, 'contact_frequency', 'daily');

INSERT INTO E_g VALUES (1745, 90, 241, 'knows');

INSERT INTO EP_g VALUES (1745, 'since', '2010');

INSERT INTO EP_g VALUES (1745, 'relationship', 'acquaintance');

INSERT INTO EP_g VALUES (1745, 'contact_frequency', 'daily');

INSERT INTO E_g VALUES (1746, 90, 283, 'knows');

INSERT INTO EP_g VALUES (1746, 'since', '2014');

INSERT INTO EP_g VALUES (1746, 'relationship', 'colleague');

INSERT INTO EP_g VALUES (1746, 'contact_frequency', 'daily');

INSERT INTO E_g VALUES (1747, 91, 107, 'knows');

INSERT INTO EP_g VALUES (1747, 'since', '2012');

INSERT INTO EP_g VALUES (1747, 'relationship', 'acquaintance');

INSERT INTO EP_g VALUES (1747, 'contact_frequency', 'monthly');

INSERT INTO E_g VALUES (1748, 91, 13, 'knows');

INSERT INTO EP_g VALUES (1748, 'since', '2012');

INSERT INTO EP_g VALUES (1748, 'relationship', 'friend');

INSERT INTO EP_g VALUES (1748, 'contact_frequency', 'rarely');

INSERT INTO E_g VALUES (1749, 92, 74, 'knows');

INSERT INTO EP_g VALUES (1749, 'since', '2023');

INSERT INTO EP_g VALUES (1749, 'relationship', 'friend');

INSERT INTO EP_g VALUES (1749, 'contact_frequency', 'daily');

INSERT INTO E_g VALUES (1750, 92, 169, 'knows');

INSERT INTO EP_g VALUES (1750, 'since', '2022');

INSERT INTO EP_g VALUES (1750, 'relationship', 'friend');

INSERT INTO EP_g VALUES (1750, 'contact_frequency', 'daily');

INSERT INTO E_g VALUES (1751, 93, 256, 'knows');

INSERT INTO EP_g VALUES (1751, 'since', '2016');

INSERT INTO EP_g VALUES (1751, 'relationship', 'colleague');

INSERT INTO EP_g VALUES (1751, 'contact_frequency', 'rarely');

INSERT INTO E_g VALUES (1752, 93, 84, 'knows');

INSERT INTO EP_g VALUES (1752, 'since', '2020');

INSERT INTO EP_g VALUES (1752, 'relationship', 'colleague');

INSERT INTO EP_g VALUES (1752, 'contact_frequency', 'weekly');

INSERT INTO E_g VALUES (1753, 93, 261, 'knows');

INSERT INTO EP_g VALUES (1753, 'since', '2014');

INSERT INTO EP_g VALUES (1753, 'relationship', 'acquaintance');

INSERT INTO EP_g VALUES (1753, 'contact_frequency', 'weekly');

INSERT INTO E_g VALUES (1754, 93, 257, 'knows');

INSERT INTO EP_g VALUES (1754, 'since', '2017');

INSERT INTO EP_g VALUES (1754, 'relationship', 'colleague');

INSERT INTO EP_g VALUES (1754, 'contact_frequency', 'monthly');

INSERT INTO E_g VALUES (1755, 93, 299, 'knows');

INSERT INTO EP_g VALUES (1755, 'since', '2020');

INSERT INTO EP_g VALUES (1755, 'relationship', 'family');

INSERT INTO EP_g VALUES (1755, 'contact_frequency', 'weekly');

INSERT INTO E_g VALUES (1756, 93, 58, 'knows');

INSERT INTO EP_g VALUES (1756, 'since', '2011');

INSERT INTO EP_g VALUES (1756, 'relationship', 'acquaintance');

INSERT INTO EP_g VALUES (1756, 'contact_frequency', 'weekly');

INSERT INTO E_g VALUES (1757, 93, 271, 'knows');

INSERT INTO EP_g VALUES (1757, 'since', '2024');

INSERT INTO EP_g VALUES (1757, 'relationship', 'family');

INSERT INTO EP_g VALUES (1757, 'contact_frequency', 'rarely');

INSERT INTO E_g VALUES (1758, 94, 262, 'knows');

INSERT INTO EP_g VALUES (1758, 'since', '2024');

INSERT INTO EP_g VALUES (1758, 'relationship', 'family');

INSERT INTO EP_g VALUES (1758, 'contact_frequency', 'weekly');

INSERT INTO E_g VALUES (1759, 94, 76, 'knows');

INSERT INTO EP_g VALUES (1759, 'since', '2016');

INSERT INTO EP_g VALUES (1759, 'relationship', 'friend');

INSERT INTO EP_g VALUES (1759, 'contact_frequency', 'rarely');

INSERT INTO E_g VALUES (1760, 94, 73, 'knows');

INSERT INTO EP_g VALUES (1760, 'since', '2015');

INSERT INTO EP_g VALUES (1760, 'relationship', 'acquaintance');

INSERT INTO EP_g VALUES (1760, 'contact_frequency', 'weekly');

INSERT INTO E_g VALUES (1761, 94, 198, 'knows');

INSERT INTO EP_g VALUES (1761, 'since', '2021');

INSERT INTO EP_g VALUES (1761, 'relationship', 'family');

INSERT INTO EP_g VALUES (1761, 'contact_frequency', 'monthly');

INSERT INTO E_g VALUES (1762, 94, 203, 'knows');

INSERT INTO EP_g VALUES (1762, 'since', '2012');

INSERT INTO EP_g VALUES (1762, 'relationship', 'friend');

INSERT INTO EP_g VALUES (1762, 'contact_frequency', 'rarely');

INSERT INTO E_g VALUES (1763, 94, 173, 'knows');

INSERT INTO EP_g VALUES (1763, 'since', '2020');

INSERT INTO EP_g VALUES (1763, 'relationship', 'acquaintance');

INSERT INTO EP_g VALUES (1763, 'contact_frequency', 'daily');

INSERT INTO E_g VALUES (1764, 94, 184, 'knows');

INSERT INTO EP_g VALUES (1764, 'since', '2015');

INSERT INTO EP_g VALUES (1764, 'relationship', 'colleague');

INSERT INTO EP_g VALUES (1764, 'contact_frequency', 'monthly');

INSERT INTO E_g VALUES (1765, 95, 102, 'knows');

INSERT INTO EP_g VALUES (1765, 'since', '2015');

INSERT INTO EP_g VALUES (1765, 'relationship', 'colleague');

INSERT INTO EP_g VALUES (1765, 'contact_frequency', 'daily');

INSERT INTO E_g VALUES (1766, 95, 141, 'knows');

INSERT INTO EP_g VALUES (1766, 'since', '2015');

INSERT INTO EP_g VALUES (1766, 'relationship', 'acquaintance');

INSERT INTO EP_g VALUES (1766, 'contact_frequency', 'rarely');

INSERT INTO E_g VALUES (1767, 95, 136, 'knows');

INSERT INTO EP_g VALUES (1767, 'since', '2015');

INSERT INTO EP_g VALUES (1767, 'relationship', 'friend');

INSERT INTO EP_g VALUES (1767, 'contact_frequency', 'rarely');

INSERT INTO E_g VALUES (1768, 95, 240, 'knows');

INSERT INTO EP_g VALUES (1768, 'since', '2020');

INSERT INTO EP_g VALUES (1768, 'relationship', 'family');

INSERT INTO EP_g VALUES (1768, 'contact_frequency', 'weekly');

INSERT INTO E_g VALUES (1769, 95, 23, 'knows');

INSERT INTO EP_g VALUES (1769, 'since', '2013');

INSERT INTO EP_g VALUES (1769, 'relationship', 'acquaintance');

INSERT INTO EP_g VALUES (1769, 'contact_frequency', 'weekly');

INSERT INTO E_g VALUES (1770, 95, 211, 'knows');

INSERT INTO EP_g VALUES (1770, 'since', '2022');

INSERT INTO EP_g VALUES (1770, 'relationship', 'acquaintance');

INSERT INTO EP_g VALUES (1770, 'contact_frequency', 'weekly');

INSERT INTO E_g VALUES (1771, 95, 199, 'knows');

INSERT INTO EP_g VALUES (1771, 'since', '2017');

INSERT INTO EP_g VALUES (1771, 'relationship', 'friend');

INSERT INTO EP_g VALUES (1771, 'contact_frequency', 'weekly');

INSERT INTO E_g VALUES (1772, 95, 99, 'knows');

INSERT INTO EP_g VALUES (1772, 'since', '2010');

INSERT INTO EP_g VALUES (1772, 'relationship', 'colleague');

INSERT INTO EP_g VALUES (1772, 'contact_frequency', 'weekly');

INSERT INTO E_g VALUES (1773, 95, 52, 'knows');

INSERT INTO EP_g VALUES (1773, 'since', '2013');

INSERT INTO EP_g VALUES (1773, 'relationship', 'family');

INSERT INTO EP_g VALUES (1773, 'contact_frequency', 'weekly');

INSERT INTO E_g VALUES (1774, 95, 45, 'knows');

INSERT INTO EP_g VALUES (1774, 'since', '2015');

INSERT INTO EP_g VALUES (1774, 'relationship', 'acquaintance');

INSERT INTO EP_g VALUES (1774, 'contact_frequency', 'monthly');

INSERT INTO E_g VALUES (1775, 96, 299, 'knows');

INSERT INTO EP_g VALUES (1775, 'since', '2016');

INSERT INTO EP_g VALUES (1775, 'relationship', 'family');

INSERT INTO EP_g VALUES (1775, 'contact_frequency', 'rarely');

INSERT INTO E_g VALUES (1776, 96, 20, 'knows');

INSERT INTO EP_g VALUES (1776, 'since', '2017');

INSERT INTO EP_g VALUES (1776, 'relationship', 'acquaintance');

INSERT INTO EP_g VALUES (1776, 'contact_frequency', 'weekly');

INSERT INTO E_g VALUES (1777, 96, 246, 'knows');

INSERT INTO EP_g VALUES (1777, 'since', '2020');

INSERT INTO EP_g VALUES (1777, 'relationship', 'acquaintance');

INSERT INTO EP_g VALUES (1777, 'contact_frequency', 'monthly');

INSERT INTO E_g VALUES (1778, 96, 25, 'knows');

INSERT INTO EP_g VALUES (1778, 'since', '2015');

INSERT INTO EP_g VALUES (1778, 'relationship', 'acquaintance');

INSERT INTO EP_g VALUES (1778, 'contact_frequency', 'monthly');

INSERT INTO E_g VALUES (1779, 96, 243, 'knows');

INSERT INTO EP_g VALUES (1779, 'since', '2018');

INSERT INTO EP_g VALUES (1779, 'relationship', 'family');

INSERT INTO EP_g VALUES (1779, 'contact_frequency', 'rarely');

INSERT INTO E_g VALUES (1780, 96, 235, 'knows');

INSERT INTO EP_g VALUES (1780, 'since', '2024');

INSERT INTO EP_g VALUES (1780, 'relationship', 'colleague');

INSERT INTO EP_g VALUES (1780, 'contact_frequency', 'monthly');

INSERT INTO E_g VALUES (1781, 96, 78, 'knows');

INSERT INTO EP_g VALUES (1781, 'since', '2022');

INSERT INTO EP_g VALUES (1781, 'relationship', 'colleague');

INSERT INTO EP_g VALUES (1781, 'contact_frequency', 'daily');

INSERT INTO E_g VALUES (1782, 96, 66, 'knows');

INSERT INTO EP_g VALUES (1782, 'since', '2021');

INSERT INTO EP_g VALUES (1782, 'relationship', 'family');

INSERT INTO EP_g VALUES (1782, 'contact_frequency', 'rarely');

INSERT INTO E_g VALUES (1783, 96, 190, 'knows');

INSERT INTO EP_g VALUES (1783, 'since', '2014');

INSERT INTO EP_g VALUES (1783, 'relationship', 'acquaintance');

INSERT INTO EP_g VALUES (1783, 'contact_frequency', 'daily');

INSERT INTO E_g VALUES (1784, 97, 76, 'knows');

INSERT INTO EP_g VALUES (1784, 'since', '2023');

INSERT INTO EP_g VALUES (1784, 'relationship', 'family');

INSERT INTO EP_g VALUES (1784, 'contact_frequency', 'monthly');

INSERT INTO E_g VALUES (1785, 97, 165, 'knows');

INSERT INTO EP_g VALUES (1785, 'since', '2021');

INSERT INTO EP_g VALUES (1785, 'relationship', 'acquaintance');

INSERT INTO EP_g VALUES (1785, 'contact_frequency', 'rarely');

INSERT INTO E_g VALUES (1786, 97, 95, 'knows');

INSERT INTO EP_g VALUES (1786, 'since', '2021');

INSERT INTO EP_g VALUES (1786, 'relationship', 'family');

INSERT INTO EP_g VALUES (1786, 'contact_frequency', 'monthly');

INSERT INTO E_g VALUES (1787, 97, 69, 'knows');

INSERT INTO EP_g VALUES (1787, 'since', '2014');

INSERT INTO EP_g VALUES (1787, 'relationship', 'family');

INSERT INTO EP_g VALUES (1787, 'contact_frequency', 'rarely');

INSERT INTO E_g VALUES (1788, 98, 276, 'knows');

INSERT INTO EP_g VALUES (1788, 'since', '2015');

INSERT INTO EP_g VALUES (1788, 'relationship', 'colleague');

INSERT INTO EP_g VALUES (1788, 'contact_frequency', 'weekly');

INSERT INTO E_g VALUES (1789, 98, 119, 'knows');

INSERT INTO EP_g VALUES (1789, 'since', '2015');

INSERT INTO EP_g VALUES (1789, 'relationship', 'colleague');

INSERT INTO EP_g VALUES (1789, 'contact_frequency', 'weekly');

INSERT INTO E_g VALUES (1790, 98, 149, 'knows');

INSERT INTO EP_g VALUES (1790, 'since', '2020');

INSERT INTO EP_g VALUES (1790, 'relationship', 'friend');

INSERT INTO EP_g VALUES (1790, 'contact_frequency', 'daily');

INSERT INTO E_g VALUES (1791, 98, 16, 'knows');

INSERT INTO EP_g VALUES (1791, 'since', '2011');

INSERT INTO EP_g VALUES (1791, 'relationship', 'friend');

INSERT INTO EP_g VALUES (1791, 'contact_frequency', 'weekly');

INSERT INTO E_g VALUES (1792, 98, 28, 'knows');

INSERT INTO EP_g VALUES (1792, 'since', '2022');

INSERT INTO EP_g VALUES (1792, 'relationship', 'colleague');

INSERT INTO EP_g VALUES (1792, 'contact_frequency', 'daily');

INSERT INTO E_g VALUES (1793, 98, 264, 'knows');

INSERT INTO EP_g VALUES (1793, 'since', '2017');

INSERT INTO EP_g VALUES (1793, 'relationship', 'friend');

INSERT INTO EP_g VALUES (1793, 'contact_frequency', 'monthly');

INSERT INTO E_g VALUES (1794, 98, 265, 'knows');

INSERT INTO EP_g VALUES (1794, 'since', '2015');

INSERT INTO EP_g VALUES (1794, 'relationship', 'acquaintance');

INSERT INTO EP_g VALUES (1794, 'contact_frequency', 'rarely');

INSERT INTO E_g VALUES (1795, 98, 156, 'knows');

INSERT INTO EP_g VALUES (1795, 'since', '2018');

INSERT INTO EP_g VALUES (1795, 'relationship', 'colleague');

INSERT INTO EP_g VALUES (1795, 'contact_frequency', 'rarely');

INSERT INTO E_g VALUES (1796, 99, 263, 'knows');

INSERT INTO EP_g VALUES (1796, 'since', '2023');

INSERT INTO EP_g VALUES (1796, 'relationship', 'family');

INSERT INTO EP_g VALUES (1796, 'contact_frequency', 'monthly');

INSERT INTO E_g VALUES (1797, 99, 64, 'knows');

INSERT INTO EP_g VALUES (1797, 'since', '2016');

INSERT INTO EP_g VALUES (1797, 'relationship', 'friend');

INSERT INTO EP_g VALUES (1797, 'contact_frequency', 'monthly');

INSERT INTO E_g VALUES (1798, 99, 296, 'knows');

INSERT INTO EP_g VALUES (1798, 'since', '2012');

INSERT INTO EP_g VALUES (1798, 'relationship', 'acquaintance');

INSERT INTO EP_g VALUES (1798, 'contact_frequency', 'daily');

INSERT INTO E_g VALUES (1799, 99, 272, 'knows');

INSERT INTO EP_g VALUES (1799, 'since', '2023');

INSERT INTO EP_g VALUES (1799, 'relationship', 'acquaintance');

INSERT INTO EP_g VALUES (1799, 'contact_frequency', 'daily');

INSERT INTO E_g VALUES (1800, 99, 187, 'knows');

INSERT INTO EP_g VALUES (1800, 'since', '2015');

INSERT INTO EP_g VALUES (1800, 'relationship', 'acquaintance');

INSERT INTO EP_g VALUES (1800, 'contact_frequency', 'monthly');

INSERT INTO E_g VALUES (1801, 99, 264, 'knows');

INSERT INTO EP_g VALUES (1801, 'since', '2023');

INSERT INTO EP_g VALUES (1801, 'relationship', 'acquaintance');

INSERT INTO EP_g VALUES (1801, 'contact_frequency', 'weekly');

INSERT INTO E_g VALUES (1802, 99, 151, 'knows');

INSERT INTO EP_g VALUES (1802, 'since', '2021');

INSERT INTO EP_g VALUES (1802, 'relationship', 'family');

INSERT INTO EP_g VALUES (1802, 'contact_frequency', 'rarely');

INSERT INTO E_g VALUES (1803, 99, 163, 'knows');

INSERT INTO EP_g VALUES (1803, 'since', '2011');

INSERT INTO EP_g VALUES (1803, 'relationship', 'friend');

INSERT INTO EP_g VALUES (1803, 'contact_frequency', 'daily');

INSERT INTO E_g VALUES (1804, 100, 113, 'knows');

INSERT INTO EP_g VALUES (1804, 'since', '2022');

INSERT INTO EP_g VALUES (1804, 'relationship', 'friend');

INSERT INTO EP_g VALUES (1804, 'contact_frequency', 'weekly');

INSERT INTO E_g VALUES (1805, 100, 197, 'knows');

INSERT INTO EP_g VALUES (1805, 'since', '2023');

INSERT INTO EP_g VALUES (1805, 'relationship', 'colleague');

INSERT INTO EP_g VALUES (1805, 'contact_frequency', 'rarely');

INSERT INTO E_g VALUES (1806, 100, 107, 'knows');

INSERT INTO EP_g VALUES (1806, 'since', '2022');

INSERT INTO EP_g VALUES (1806, 'relationship', 'colleague');

INSERT INTO EP_g VALUES (1806, 'contact_frequency', 'daily');

INSERT INTO E_g VALUES (1807, 101, 65, 'knows');

INSERT INTO EP_g VALUES (1807, 'since', '2018');

INSERT INTO EP_g VALUES (1807, 'relationship', 'colleague');

INSERT INTO EP_g VALUES (1807, 'contact_frequency', 'weekly');

INSERT INTO E_g VALUES (1808, 101, 90, 'knows');

INSERT INTO EP_g VALUES (1808, 'since', '2023');

INSERT INTO EP_g VALUES (1808, 'relationship', 'colleague');

INSERT INTO EP_g VALUES (1808, 'contact_frequency', 'monthly');

INSERT INTO E_g VALUES (1809, 101, 138, 'knows');

INSERT INTO EP_g VALUES (1809, 'since', '2021');

INSERT INTO EP_g VALUES (1809, 'relationship', 'family');

INSERT INTO EP_g VALUES (1809, 'contact_frequency', 'weekly');

INSERT INTO E_g VALUES (1810, 101, 141, 'knows');

INSERT INTO EP_g VALUES (1810, 'since', '2016');

INSERT INTO EP_g VALUES (1810, 'relationship', 'family');

INSERT INTO EP_g VALUES (1810, 'contact_frequency', 'daily');

INSERT INTO E_g VALUES (1811, 102, 91, 'knows');

INSERT INTO EP_g VALUES (1811, 'since', '2016');

INSERT INTO EP_g VALUES (1811, 'relationship', 'family');

INSERT INTO EP_g VALUES (1811, 'contact_frequency', 'daily');

INSERT INTO E_g VALUES (1812, 102, 265, 'knows');

INSERT INTO EP_g VALUES (1812, 'since', '2023');

INSERT INTO EP_g VALUES (1812, 'relationship', 'acquaintance');

INSERT INTO EP_g VALUES (1812, 'contact_frequency', 'rarely');

INSERT INTO E_g VALUES (1813, 103, 41, 'knows');

INSERT INTO EP_g VALUES (1813, 'since', '2021');

INSERT INTO EP_g VALUES (1813, 'relationship', 'acquaintance');

INSERT INTO EP_g VALUES (1813, 'contact_frequency', 'rarely');

INSERT INTO E_g VALUES (1814, 103, 22, 'knows');

INSERT INTO EP_g VALUES (1814, 'since', '2010');

INSERT INTO EP_g VALUES (1814, 'relationship', 'family');

INSERT INTO EP_g VALUES (1814, 'contact_frequency', 'weekly');

INSERT INTO E_g VALUES (1815, 103, 191, 'knows');

INSERT INTO EP_g VALUES (1815, 'since', '2014');

INSERT INTO EP_g VALUES (1815, 'relationship', 'colleague');

INSERT INTO EP_g VALUES (1815, 'contact_frequency', 'weekly');

INSERT INTO E_g VALUES (1816, 103, 200, 'knows');

INSERT INTO EP_g VALUES (1816, 'since', '2012');

INSERT INTO EP_g VALUES (1816, 'relationship', 'family');

INSERT INTO EP_g VALUES (1816, 'contact_frequency', 'weekly');

INSERT INTO E_g VALUES (1817, 103, 62, 'knows');

INSERT INTO EP_g VALUES (1817, 'since', '2010');

INSERT INTO EP_g VALUES (1817, 'relationship', 'friend');

INSERT INTO EP_g VALUES (1817, 'contact_frequency', 'rarely');

INSERT INTO E_g VALUES (1818, 103, 268, 'knows');

INSERT INTO EP_g VALUES (1818, 'since', '2014');

INSERT INTO EP_g VALUES (1818, 'relationship', 'friend');

INSERT INTO EP_g VALUES (1818, 'contact_frequency', 'daily');

INSERT INTO E_g VALUES (1819, 104, 103, 'knows');

INSERT INTO EP_g VALUES (1819, 'since', '2020');

INSERT INTO EP_g VALUES (1819, 'relationship', 'friend');

INSERT INTO EP_g VALUES (1819, 'contact_frequency', 'rarely');

INSERT INTO E_g VALUES (1820, 104, 210, 'knows');

INSERT INTO EP_g VALUES (1820, 'since', '2013');

INSERT INTO EP_g VALUES (1820, 'relationship', 'colleague');

INSERT INTO EP_g VALUES (1820, 'contact_frequency', 'weekly');

INSERT INTO E_g VALUES (1821, 104, 72, 'knows');

INSERT INTO EP_g VALUES (1821, 'since', '2024');

INSERT INTO EP_g VALUES (1821, 'relationship', 'colleague');

INSERT INTO EP_g VALUES (1821, 'contact_frequency', 'rarely');

INSERT INTO E_g VALUES (1822, 104, 234, 'knows');

INSERT INTO EP_g VALUES (1822, 'since', '2021');

INSERT INTO EP_g VALUES (1822, 'relationship', 'family');

INSERT INTO EP_g VALUES (1822, 'contact_frequency', 'monthly');

INSERT INTO E_g VALUES (1823, 105, 14, 'knows');

INSERT INTO EP_g VALUES (1823, 'since', '2013');

INSERT INTO EP_g VALUES (1823, 'relationship', 'friend');

INSERT INTO EP_g VALUES (1823, 'contact_frequency', 'rarely');

INSERT INTO E_g VALUES (1824, 105, 218, 'knows');

INSERT INTO EP_g VALUES (1824, 'since', '2017');

INSERT INTO EP_g VALUES (1824, 'relationship', 'family');

INSERT INTO EP_g VALUES (1824, 'contact_frequency', 'rarely');

INSERT INTO E_g VALUES (1825, 105, 57, 'knows');

INSERT INTO EP_g VALUES (1825, 'since', '2011');

INSERT INTO EP_g VALUES (1825, 'relationship', 'acquaintance');

INSERT INTO EP_g VALUES (1825, 'contact_frequency', 'monthly');

INSERT INTO E_g VALUES (1826, 105, 42, 'knows');

INSERT INTO EP_g VALUES (1826, 'since', '2011');

INSERT INTO EP_g VALUES (1826, 'relationship', 'colleague');

INSERT INTO EP_g VALUES (1826, 'contact_frequency', 'weekly');

INSERT INTO E_g VALUES (1827, 106, 264, 'knows');

INSERT INTO EP_g VALUES (1827, 'since', '2024');

INSERT INTO EP_g VALUES (1827, 'relationship', 'family');

INSERT INTO EP_g VALUES (1827, 'contact_frequency', 'rarely');

INSERT INTO E_g VALUES (1828, 106, 222, 'knows');

INSERT INTO EP_g VALUES (1828, 'since', '2023');

INSERT INTO EP_g VALUES (1828, 'relationship', 'acquaintance');

INSERT INTO EP_g VALUES (1828, 'contact_frequency', 'monthly');

INSERT INTO E_g VALUES (1829, 106, 253, 'knows');

INSERT INTO EP_g VALUES (1829, 'since', '2016');

INSERT INTO EP_g VALUES (1829, 'relationship', 'family');

INSERT INTO EP_g VALUES (1829, 'contact_frequency', 'monthly');

INSERT INTO E_g VALUES (1830, 106, 42, 'knows');

INSERT INTO EP_g VALUES (1830, 'since', '2023');

INSERT INTO EP_g VALUES (1830, 'relationship', 'colleague');

INSERT INTO EP_g VALUES (1830, 'contact_frequency', 'weekly');

INSERT INTO E_g VALUES (1831, 107, 79, 'knows');

INSERT INTO EP_g VALUES (1831, 'since', '2016');

INSERT INTO EP_g VALUES (1831, 'relationship', 'family');

INSERT INTO EP_g VALUES (1831, 'contact_frequency', 'daily');

INSERT INTO E_g VALUES (1832, 107, 281, 'knows');

INSERT INTO EP_g VALUES (1832, 'since', '2019');

INSERT INTO EP_g VALUES (1832, 'relationship', 'colleague');

INSERT INTO EP_g VALUES (1832, 'contact_frequency', 'rarely');

INSERT INTO E_g VALUES (1833, 107, 92, 'knows');

INSERT INTO EP_g VALUES (1833, 'since', '2017');

INSERT INTO EP_g VALUES (1833, 'relationship', 'colleague');

INSERT INTO EP_g VALUES (1833, 'contact_frequency', 'monthly');

INSERT INTO E_g VALUES (1834, 107, 104, 'knows');

INSERT INTO EP_g VALUES (1834, 'since', '2015');

INSERT INTO EP_g VALUES (1834, 'relationship', 'family');

INSERT INTO EP_g VALUES (1834, 'contact_frequency', 'monthly');

INSERT INTO E_g VALUES (1835, 107, 148, 'knows');

INSERT INTO EP_g VALUES (1835, 'since', '2015');

INSERT INTO EP_g VALUES (1835, 'relationship', 'acquaintance');

INSERT INTO EP_g VALUES (1835, 'contact_frequency', 'monthly');

INSERT INTO E_g VALUES (1836, 107, 24, 'knows');

INSERT INTO EP_g VALUES (1836, 'since', '2017');

INSERT INTO EP_g VALUES (1836, 'relationship', 'colleague');

INSERT INTO EP_g VALUES (1836, 'contact_frequency', 'monthly');

INSERT INTO E_g VALUES (1837, 107, 49, 'knows');

INSERT INTO EP_g VALUES (1837, 'since', '2021');

INSERT INTO EP_g VALUES (1837, 'relationship', 'friend');

INSERT INTO EP_g VALUES (1837, 'contact_frequency', 'weekly');

INSERT INTO E_g VALUES (1838, 107, 258, 'knows');

INSERT INTO EP_g VALUES (1838, 'since', '2013');

INSERT INTO EP_g VALUES (1838, 'relationship', 'friend');

INSERT INTO EP_g VALUES (1838, 'contact_frequency', 'rarely');

INSERT INTO E_g VALUES (1839, 107, 73, 'knows');

INSERT INTO EP_g VALUES (1839, 'since', '2024');

INSERT INTO EP_g VALUES (1839, 'relationship', 'family');

INSERT INTO EP_g VALUES (1839, 'contact_frequency', 'weekly');

INSERT INTO E_g VALUES (1840, 107, 192, 'knows');

INSERT INTO EP_g VALUES (1840, 'since', '2021');

INSERT INTO EP_g VALUES (1840, 'relationship', 'colleague');

INSERT INTO EP_g VALUES (1840, 'contact_frequency', 'weekly');

INSERT INTO E_g VALUES (1841, 108, 176, 'knows');

INSERT INTO EP_g VALUES (1841, 'since', '2012');

INSERT INTO EP_g VALUES (1841, 'relationship', 'acquaintance');

INSERT INTO EP_g VALUES (1841, 'contact_frequency', 'weekly');

INSERT INTO E_g VALUES (1842, 108, 224, 'knows');

INSERT INTO EP_g VALUES (1842, 'since', '2023');

INSERT INTO EP_g VALUES (1842, 'relationship', 'family');

INSERT INTO EP_g VALUES (1842, 'contact_frequency', 'daily');

INSERT INTO E_g VALUES (1843, 109, 283, 'knows');

INSERT INTO EP_g VALUES (1843, 'since', '2021');

INSERT INTO EP_g VALUES (1843, 'relationship', 'friend');

INSERT INTO EP_g VALUES (1843, 'contact_frequency', 'rarely');

INSERT INTO E_g VALUES (1844, 109, 45, 'knows');

INSERT INTO EP_g VALUES (1844, 'since', '2016');

INSERT INTO EP_g VALUES (1844, 'relationship', 'friend');

INSERT INTO EP_g VALUES (1844, 'contact_frequency', 'weekly');

INSERT INTO E_g VALUES (1845, 109, 207, 'knows');

INSERT INTO EP_g VALUES (1845, 'since', '2013');

INSERT INTO EP_g VALUES (1845, 'relationship', 'friend');

INSERT INTO EP_g VALUES (1845, 'contact_frequency', 'daily');

INSERT INTO E_g VALUES (1846, 109, 229, 'knows');

INSERT INTO EP_g VALUES (1846, 'since', '2016');

INSERT INTO EP_g VALUES (1846, 'relationship', 'acquaintance');

INSERT INTO EP_g VALUES (1846, 'contact_frequency', 'rarely');

INSERT INTO E_g VALUES (1847, 109, 161, 'knows');

INSERT INTO EP_g VALUES (1847, 'since', '2021');

INSERT INTO EP_g VALUES (1847, 'relationship', 'colleague');

INSERT INTO EP_g VALUES (1847, 'contact_frequency', 'rarely');

INSERT INTO E_g VALUES (1848, 109, 10, 'knows');

INSERT INTO EP_g VALUES (1848, 'since', '2013');

INSERT INTO EP_g VALUES (1848, 'relationship', 'family');

INSERT INTO EP_g VALUES (1848, 'contact_frequency', 'monthly');

INSERT INTO E_g VALUES (1849, 109, 116, 'knows');

INSERT INTO EP_g VALUES (1849, 'since', '2018');

INSERT INTO EP_g VALUES (1849, 'relationship', 'acquaintance');

INSERT INTO EP_g VALUES (1849, 'contact_frequency', 'rarely');

INSERT INTO E_g VALUES (1850, 109, 86, 'knows');

INSERT INTO EP_g VALUES (1850, 'since', '2015');

INSERT INTO EP_g VALUES (1850, 'relationship', 'colleague');

INSERT INTO EP_g VALUES (1850, 'contact_frequency', 'rarely');

INSERT INTO E_g VALUES (1851, 110, 214, 'knows');

INSERT INTO EP_g VALUES (1851, 'since', '2017');

INSERT INTO EP_g VALUES (1851, 'relationship', 'friend');

INSERT INTO EP_g VALUES (1851, 'contact_frequency', 'weekly');

INSERT INTO E_g VALUES (1852, 110, 194, 'knows');

INSERT INTO EP_g VALUES (1852, 'since', '2013');

INSERT INTO EP_g VALUES (1852, 'relationship', 'acquaintance');

INSERT INTO EP_g VALUES (1852, 'contact_frequency', 'weekly');

INSERT INTO E_g VALUES (1853, 110, 68, 'knows');

INSERT INTO EP_g VALUES (1853, 'since', '2013');

INSERT INTO EP_g VALUES (1853, 'relationship', 'family');

INSERT INTO EP_g VALUES (1853, 'contact_frequency', 'monthly');

INSERT INTO E_g VALUES (1854, 110, 268, 'knows');

INSERT INTO EP_g VALUES (1854, 'since', '2022');

INSERT INTO EP_g VALUES (1854, 'relationship', 'family');

INSERT INTO EP_g VALUES (1854, 'contact_frequency', 'weekly');

INSERT INTO E_g VALUES (1855, 111, 59, 'knows');

INSERT INTO EP_g VALUES (1855, 'since', '2020');

INSERT INTO EP_g VALUES (1855, 'relationship', 'acquaintance');

INSERT INTO EP_g VALUES (1855, 'contact_frequency', 'rarely');

INSERT INTO E_g VALUES (1856, 111, 214, 'knows');

INSERT INTO EP_g VALUES (1856, 'since', '2024');

INSERT INTO EP_g VALUES (1856, 'relationship', 'acquaintance');

INSERT INTO EP_g VALUES (1856, 'contact_frequency', 'monthly');

INSERT INTO E_g VALUES (1857, 111, 141, 'knows');

INSERT INTO EP_g VALUES (1857, 'since', '2020');

INSERT INTO EP_g VALUES (1857, 'relationship', 'acquaintance');

INSERT INTO EP_g VALUES (1857, 'contact_frequency', 'daily');

INSERT INTO E_g VALUES (1858, 112, 34, 'knows');

INSERT INTO EP_g VALUES (1858, 'since', '2019');

INSERT INTO EP_g VALUES (1858, 'relationship', 'family');

INSERT INTO EP_g VALUES (1858, 'contact_frequency', 'monthly');

INSERT INTO E_g VALUES (1859, 112, 27, 'knows');

INSERT INTO EP_g VALUES (1859, 'since', '2019');

INSERT INTO EP_g VALUES (1859, 'relationship', 'family');

INSERT INTO EP_g VALUES (1859, 'contact_frequency', 'monthly');

INSERT INTO E_g VALUES (1860, 112, 110, 'knows');

INSERT INTO EP_g VALUES (1860, 'since', '2012');

INSERT INTO EP_g VALUES (1860, 'relationship', 'friend');

INSERT INTO EP_g VALUES (1860, 'contact_frequency', 'weekly');

INSERT INTO E_g VALUES (1861, 112, 64, 'knows');

INSERT INTO EP_g VALUES (1861, 'since', '2017');

INSERT INTO EP_g VALUES (1861, 'relationship', 'colleague');

INSERT INTO EP_g VALUES (1861, 'contact_frequency', 'daily');

INSERT INTO E_g VALUES (1862, 113, 258, 'knows');

INSERT INTO EP_g VALUES (1862, 'since', '2011');

INSERT INTO EP_g VALUES (1862, 'relationship', 'family');

INSERT INTO EP_g VALUES (1862, 'contact_frequency', 'rarely');

INSERT INTO E_g VALUES (1863, 113, 290, 'knows');

INSERT INTO EP_g VALUES (1863, 'since', '2015');

INSERT INTO EP_g VALUES (1863, 'relationship', 'colleague');

INSERT INTO EP_g VALUES (1863, 'contact_frequency', 'weekly');

INSERT INTO E_g VALUES (1864, 113, 58, 'knows');

INSERT INTO EP_g VALUES (1864, 'since', '2022');

INSERT INTO EP_g VALUES (1864, 'relationship', 'friend');

INSERT INTO EP_g VALUES (1864, 'contact_frequency', 'monthly');

INSERT INTO E_g VALUES (1865, 113, 273, 'knows');

INSERT INTO EP_g VALUES (1865, 'since', '2017');

INSERT INTO EP_g VALUES (1865, 'relationship', 'family');

INSERT INTO EP_g VALUES (1865, 'contact_frequency', 'weekly');

INSERT INTO E_g VALUES (1866, 113, 240, 'knows');

INSERT INTO EP_g VALUES (1866, 'since', '2017');

INSERT INTO EP_g VALUES (1866, 'relationship', 'colleague');

INSERT INTO EP_g VALUES (1866, 'contact_frequency', 'monthly');

INSERT INTO E_g VALUES (1867, 114, 218, 'knows');

INSERT INTO EP_g VALUES (1867, 'since', '2018');

INSERT INTO EP_g VALUES (1867, 'relationship', 'acquaintance');

INSERT INTO EP_g VALUES (1867, 'contact_frequency', 'daily');

INSERT INTO E_g VALUES (1868, 114, 84, 'knows');

INSERT INTO EP_g VALUES (1868, 'since', '2011');

INSERT INTO EP_g VALUES (1868, 'relationship', 'friend');

INSERT INTO EP_g VALUES (1868, 'contact_frequency', 'weekly');

INSERT INTO E_g VALUES (1869, 115, 138, 'knows');

INSERT INTO EP_g VALUES (1869, 'since', '2021');

INSERT INTO EP_g VALUES (1869, 'relationship', 'colleague');

INSERT INTO EP_g VALUES (1869, 'contact_frequency', 'weekly');

INSERT INTO E_g VALUES (1870, 115, 150, 'knows');

INSERT INTO EP_g VALUES (1870, 'since', '2015');

INSERT INTO EP_g VALUES (1870, 'relationship', 'friend');

INSERT INTO EP_g VALUES (1870, 'contact_frequency', 'monthly');

INSERT INTO E_g VALUES (1871, 115, 40, 'knows');

INSERT INTO EP_g VALUES (1871, 'since', '2013');

INSERT INTO EP_g VALUES (1871, 'relationship', 'acquaintance');

INSERT INTO EP_g VALUES (1871, 'contact_frequency', 'rarely');

INSERT INTO E_g VALUES (1872, 115, 126, 'knows');

INSERT INTO EP_g VALUES (1872, 'since', '2017');

INSERT INTO EP_g VALUES (1872, 'relationship', 'acquaintance');

INSERT INTO EP_g VALUES (1872, 'contact_frequency', 'daily');

INSERT INTO E_g VALUES (1873, 115, 217, 'knows');

INSERT INTO EP_g VALUES (1873, 'since', '2022');

INSERT INTO EP_g VALUES (1873, 'relationship', 'acquaintance');

INSERT INTO EP_g VALUES (1873, 'contact_frequency', 'rarely');

INSERT INTO E_g VALUES (1874, 115, 233, 'knows');

INSERT INTO EP_g VALUES (1874, 'since', '2018');

INSERT INTO EP_g VALUES (1874, 'relationship', 'friend');

INSERT INTO EP_g VALUES (1874, 'contact_frequency', 'monthly');

INSERT INTO E_g VALUES (1875, 115, 68, 'knows');

INSERT INTO EP_g VALUES (1875, 'since', '2021');

INSERT INTO EP_g VALUES (1875, 'relationship', 'family');

INSERT INTO EP_g VALUES (1875, 'contact_frequency', 'weekly');

INSERT INTO E_g VALUES (1876, 115, 84, 'knows');

INSERT INTO EP_g VALUES (1876, 'since', '2010');

INSERT INTO EP_g VALUES (1876, 'relationship', 'acquaintance');

INSERT INTO EP_g VALUES (1876, 'contact_frequency', 'rarely');

INSERT INTO E_g VALUES (1877, 115, 62, 'knows');

INSERT INTO EP_g VALUES (1877, 'since', '2010');

INSERT INTO EP_g VALUES (1877, 'relationship', 'friend');

INSERT INTO EP_g VALUES (1877, 'contact_frequency', 'monthly');

INSERT INTO E_g VALUES (1878, 115, 292, 'knows');

INSERT INTO EP_g VALUES (1878, 'since', '2019');

INSERT INTO EP_g VALUES (1878, 'relationship', 'friend');

INSERT INTO EP_g VALUES (1878, 'contact_frequency', 'daily');

INSERT INTO E_g VALUES (1879, 116, 215, 'knows');

INSERT INTO EP_g VALUES (1879, 'since', '2010');

INSERT INTO EP_g VALUES (1879, 'relationship', 'family');

INSERT INTO EP_g VALUES (1879, 'contact_frequency', 'daily');

INSERT INTO E_g VALUES (1880, 116, 139, 'knows');

INSERT INTO EP_g VALUES (1880, 'since', '2024');

INSERT INTO EP_g VALUES (1880, 'relationship', 'friend');

INSERT INTO EP_g VALUES (1880, 'contact_frequency', 'daily');

INSERT INTO E_g VALUES (1881, 117, 288, 'knows');

INSERT INTO EP_g VALUES (1881, 'since', '2024');

INSERT INTO EP_g VALUES (1881, 'relationship', 'acquaintance');

INSERT INTO EP_g VALUES (1881, 'contact_frequency', 'daily');

INSERT INTO E_g VALUES (1882, 117, 115, 'knows');

INSERT INTO EP_g VALUES (1882, 'since', '2023');

INSERT INTO EP_g VALUES (1882, 'relationship', 'colleague');

INSERT INTO EP_g VALUES (1882, 'contact_frequency', 'weekly');

INSERT INTO E_g VALUES (1883, 117, 33, 'knows');

INSERT INTO EP_g VALUES (1883, 'since', '2016');

INSERT INTO EP_g VALUES (1883, 'relationship', 'family');

INSERT INTO EP_g VALUES (1883, 'contact_frequency', 'monthly');

INSERT INTO E_g VALUES (1884, 117, 207, 'knows');

INSERT INTO EP_g VALUES (1884, 'since', '2018');

INSERT INTO EP_g VALUES (1884, 'relationship', 'acquaintance');

INSERT INTO EP_g VALUES (1884, 'contact_frequency', 'monthly');

INSERT INTO E_g VALUES (1885, 118, 13, 'knows');

INSERT INTO EP_g VALUES (1885, 'since', '2022');

INSERT INTO EP_g VALUES (1885, 'relationship', 'family');

INSERT INTO EP_g VALUES (1885, 'contact_frequency', 'monthly');

INSERT INTO E_g VALUES (1886, 118, 252, 'knows');

INSERT INTO EP_g VALUES (1886, 'since', '2016');

INSERT INTO EP_g VALUES (1886, 'relationship', 'colleague');

INSERT INTO EP_g VALUES (1886, 'contact_frequency', 'rarely');

INSERT INTO E_g VALUES (1887, 118, 122, 'knows');

INSERT INTO EP_g VALUES (1887, 'since', '2018');

INSERT INTO EP_g VALUES (1887, 'relationship', 'colleague');

INSERT INTO EP_g VALUES (1887, 'contact_frequency', 'weekly');

INSERT INTO E_g VALUES (1888, 118, 229, 'knows');

INSERT INTO EP_g VALUES (1888, 'since', '2014');

INSERT INTO EP_g VALUES (1888, 'relationship', 'colleague');

INSERT INTO EP_g VALUES (1888, 'contact_frequency', 'daily');

INSERT INTO E_g VALUES (1889, 118, 199, 'knows');

INSERT INTO EP_g VALUES (1889, 'since', '2021');

INSERT INTO EP_g VALUES (1889, 'relationship', 'friend');

INSERT INTO EP_g VALUES (1889, 'contact_frequency', 'daily');

INSERT INTO E_g VALUES (1890, 118, 1, 'knows');

INSERT INTO EP_g VALUES (1890, 'since', '2010');

INSERT INTO EP_g VALUES (1890, 'relationship', 'acquaintance');

INSERT INTO EP_g VALUES (1890, 'contact_frequency', 'daily');

INSERT INTO E_g VALUES (1891, 118, 25, 'knows');

INSERT INTO EP_g VALUES (1891, 'since', '2020');

INSERT INTO EP_g VALUES (1891, 'relationship', 'friend');

INSERT INTO EP_g VALUES (1891, 'contact_frequency', 'monthly');

INSERT INTO E_g VALUES (1892, 119, 131, 'knows');

INSERT INTO EP_g VALUES (1892, 'since', '2015');

INSERT INTO EP_g VALUES (1892, 'relationship', 'colleague');

INSERT INTO EP_g VALUES (1892, 'contact_frequency', 'rarely');

INSERT INTO E_g VALUES (1893, 119, 123, 'knows');

INSERT INTO EP_g VALUES (1893, 'since', '2010');

INSERT INTO EP_g VALUES (1893, 'relationship', 'acquaintance');

INSERT INTO EP_g VALUES (1893, 'contact_frequency', 'rarely');

INSERT INTO E_g VALUES (1894, 119, 134, 'knows');

INSERT INTO EP_g VALUES (1894, 'since', '2010');

INSERT INTO EP_g VALUES (1894, 'relationship', 'friend');

INSERT INTO EP_g VALUES (1894, 'contact_frequency', 'rarely');

INSERT INTO E_g VALUES (1895, 119, 58, 'knows');

INSERT INTO EP_g VALUES (1895, 'since', '2016');

INSERT INTO EP_g VALUES (1895, 'relationship', 'acquaintance');

INSERT INTO EP_g VALUES (1895, 'contact_frequency', 'daily');

INSERT INTO E_g VALUES (1896, 120, 241, 'knows');

INSERT INTO EP_g VALUES (1896, 'since', '2020');

INSERT INTO EP_g VALUES (1896, 'relationship', 'family');

INSERT INTO EP_g VALUES (1896, 'contact_frequency', 'weekly');

INSERT INTO E_g VALUES (1897, 120, 121, 'knows');

INSERT INTO EP_g VALUES (1897, 'since', '2013');

INSERT INTO EP_g VALUES (1897, 'relationship', 'colleague');

INSERT INTO EP_g VALUES (1897, 'contact_frequency', 'weekly');

INSERT INTO E_g VALUES (1898, 120, 146, 'knows');

INSERT INTO EP_g VALUES (1898, 'since', '2015');

INSERT INTO EP_g VALUES (1898, 'relationship', 'friend');

INSERT INTO EP_g VALUES (1898, 'contact_frequency', 'weekly');

INSERT INTO E_g VALUES (1899, 121, 168, 'knows');

INSERT INTO EP_g VALUES (1899, 'since', '2022');

INSERT INTO EP_g VALUES (1899, 'relationship', 'colleague');

INSERT INTO EP_g VALUES (1899, 'contact_frequency', 'rarely');

INSERT INTO E_g VALUES (1900, 121, 83, 'knows');

INSERT INTO EP_g VALUES (1900, 'since', '2023');

INSERT INTO EP_g VALUES (1900, 'relationship', 'colleague');

INSERT INTO EP_g VALUES (1900, 'contact_frequency', 'daily');

INSERT INTO E_g VALUES (1901, 121, 275, 'knows');

INSERT INTO EP_g VALUES (1901, 'since', '2011');

INSERT INTO EP_g VALUES (1901, 'relationship', 'family');

INSERT INTO EP_g VALUES (1901, 'contact_frequency', 'monthly');

INSERT INTO E_g VALUES (1902, 121, 275, 'knows');

INSERT INTO EP_g VALUES (1902, 'since', '2015');

INSERT INTO EP_g VALUES (1902, 'relationship', 'colleague');

INSERT INTO EP_g VALUES (1902, 'contact_frequency', 'rarely');

INSERT INTO E_g VALUES (1903, 121, 21, 'knows');

INSERT INTO EP_g VALUES (1903, 'since', '2012');

INSERT INTO EP_g VALUES (1903, 'relationship', 'colleague');

INSERT INTO EP_g VALUES (1903, 'contact_frequency', 'monthly');

INSERT INTO E_g VALUES (1904, 122, 233, 'knows');

INSERT INTO EP_g VALUES (1904, 'since', '2018');

INSERT INTO EP_g VALUES (1904, 'relationship', 'colleague');

INSERT INTO EP_g VALUES (1904, 'contact_frequency', 'monthly');

INSERT INTO E_g VALUES (1905, 122, 238, 'knows');

INSERT INTO EP_g VALUES (1905, 'since', '2015');

INSERT INTO EP_g VALUES (1905, 'relationship', 'acquaintance');

INSERT INTO EP_g VALUES (1905, 'contact_frequency', 'daily');

INSERT INTO E_g VALUES (1906, 122, 85, 'knows');

INSERT INTO EP_g VALUES (1906, 'since', '2012');

INSERT INTO EP_g VALUES (1906, 'relationship', 'acquaintance');

INSERT INTO EP_g VALUES (1906, 'contact_frequency', 'monthly');

INSERT INTO E_g VALUES (1907, 123, 261, 'knows');

INSERT INTO EP_g VALUES (1907, 'since', '2015');

INSERT INTO EP_g VALUES (1907, 'relationship', 'colleague');

INSERT INTO EP_g VALUES (1907, 'contact_frequency', 'daily');

INSERT INTO E_g VALUES (1908, 123, 108, 'knows');

INSERT INTO EP_g VALUES (1908, 'since', '2017');

INSERT INTO EP_g VALUES (1908, 'relationship', 'colleague');

INSERT INTO EP_g VALUES (1908, 'contact_frequency', 'monthly');

INSERT INTO E_g VALUES (1909, 123, 126, 'knows');

INSERT INTO EP_g VALUES (1909, 'since', '2016');

INSERT INTO EP_g VALUES (1909, 'relationship', 'acquaintance');

INSERT INTO EP_g VALUES (1909, 'contact_frequency', 'daily');

INSERT INTO E_g VALUES (1910, 123, 124, 'knows');

INSERT INTO EP_g VALUES (1910, 'since', '2017');

INSERT INTO EP_g VALUES (1910, 'relationship', 'acquaintance');

INSERT INTO EP_g VALUES (1910, 'contact_frequency', 'daily');

INSERT INTO E_g VALUES (1911, 123, 6, 'knows');

INSERT INTO EP_g VALUES (1911, 'since', '2017');

INSERT INTO EP_g VALUES (1911, 'relationship', 'colleague');

INSERT INTO EP_g VALUES (1911, 'contact_frequency', 'weekly');

INSERT INTO E_g VALUES (1912, 123, 207, 'knows');

INSERT INTO EP_g VALUES (1912, 'since', '2013');

INSERT INTO EP_g VALUES (1912, 'relationship', 'colleague');

INSERT INTO EP_g VALUES (1912, 'contact_frequency', 'daily');

INSERT INTO E_g VALUES (1913, 123, 237, 'knows');

INSERT INTO EP_g VALUES (1913, 'since', '2010');

INSERT INTO EP_g VALUES (1913, 'relationship', 'acquaintance');

INSERT INTO EP_g VALUES (1913, 'contact_frequency', 'monthly');

INSERT INTO E_g VALUES (1914, 123, 300, 'knows');

INSERT INTO EP_g VALUES (1914, 'since', '2014');

INSERT INTO EP_g VALUES (1914, 'relationship', 'friend');

INSERT INTO EP_g VALUES (1914, 'contact_frequency', 'monthly');

INSERT INTO E_g VALUES (1915, 123, 214, 'knows');

INSERT INTO EP_g VALUES (1915, 'since', '2019');

INSERT INTO EP_g VALUES (1915, 'relationship', 'colleague');

INSERT INTO EP_g VALUES (1915, 'contact_frequency', 'daily');

INSERT INTO E_g VALUES (1916, 123, 153, 'knows');

INSERT INTO EP_g VALUES (1916, 'since', '2011');

INSERT INTO EP_g VALUES (1916, 'relationship', 'acquaintance');

INSERT INTO EP_g VALUES (1916, 'contact_frequency', 'daily');

INSERT INTO E_g VALUES (1917, 124, 93, 'knows');

INSERT INTO EP_g VALUES (1917, 'since', '2020');

INSERT INTO EP_g VALUES (1917, 'relationship', 'friend');

INSERT INTO EP_g VALUES (1917, 'contact_frequency', 'daily');

INSERT INTO E_g VALUES (1918, 124, 206, 'knows');

INSERT INTO EP_g VALUES (1918, 'since', '2023');

INSERT INTO EP_g VALUES (1918, 'relationship', 'family');

INSERT INTO EP_g VALUES (1918, 'contact_frequency', 'weekly');

INSERT INTO E_g VALUES (1919, 124, 286, 'knows');

INSERT INTO EP_g VALUES (1919, 'since', '2023');

INSERT INTO EP_g VALUES (1919, 'relationship', 'acquaintance');

INSERT INTO EP_g VALUES (1919, 'contact_frequency', 'rarely');

INSERT INTO E_g VALUES (1920, 125, 235, 'knows');

INSERT INTO EP_g VALUES (1920, 'since', '2016');

INSERT INTO EP_g VALUES (1920, 'relationship', 'acquaintance');

INSERT INTO EP_g VALUES (1920, 'contact_frequency', 'monthly');

INSERT INTO E_g VALUES (1921, 125, 216, 'knows');

INSERT INTO EP_g VALUES (1921, 'since', '2018');

INSERT INTO EP_g VALUES (1921, 'relationship', 'family');

INSERT INTO EP_g VALUES (1921, 'contact_frequency', 'daily');

INSERT INTO E_g VALUES (1922, 125, 93, 'knows');

INSERT INTO EP_g VALUES (1922, 'since', '2019');

INSERT INTO EP_g VALUES (1922, 'relationship', 'family');

INSERT INTO EP_g VALUES (1922, 'contact_frequency', 'daily');

INSERT INTO E_g VALUES (1923, 125, 186, 'knows');

INSERT INTO EP_g VALUES (1923, 'since', '2014');

INSERT INTO EP_g VALUES (1923, 'relationship', 'family');

INSERT INTO EP_g VALUES (1923, 'contact_frequency', 'monthly');

INSERT INTO E_g VALUES (1924, 125, 1, 'knows');

INSERT INTO EP_g VALUES (1924, 'since', '2019');

INSERT INTO EP_g VALUES (1924, 'relationship', 'colleague');

INSERT INTO EP_g VALUES (1924, 'contact_frequency', 'monthly');

INSERT INTO E_g VALUES (1925, 126, 30, 'knows');

INSERT INTO EP_g VALUES (1925, 'since', '2022');

INSERT INTO EP_g VALUES (1925, 'relationship', 'friend');

INSERT INTO EP_g VALUES (1925, 'contact_frequency', 'daily');

INSERT INTO E_g VALUES (1926, 126, 296, 'knows');

INSERT INTO EP_g VALUES (1926, 'since', '2023');

INSERT INTO EP_g VALUES (1926, 'relationship', 'friend');

INSERT INTO EP_g VALUES (1926, 'contact_frequency', 'weekly');

INSERT INTO E_g VALUES (1927, 126, 250, 'knows');

INSERT INTO EP_g VALUES (1927, 'since', '2020');

INSERT INTO EP_g VALUES (1927, 'relationship', 'friend');

INSERT INTO EP_g VALUES (1927, 'contact_frequency', 'monthly');

INSERT INTO E_g VALUES (1928, 126, 191, 'knows');

INSERT INTO EP_g VALUES (1928, 'since', '2023');

INSERT INTO EP_g VALUES (1928, 'relationship', 'family');

INSERT INTO EP_g VALUES (1928, 'contact_frequency', 'monthly');

INSERT INTO E_g VALUES (1929, 126, 247, 'knows');

INSERT INTO EP_g VALUES (1929, 'since', '2019');

INSERT INTO EP_g VALUES (1929, 'relationship', 'family');

INSERT INTO EP_g VALUES (1929, 'contact_frequency', 'monthly');

INSERT INTO E_g VALUES (1930, 126, 145, 'knows');

INSERT INTO EP_g VALUES (1930, 'since', '2018');

INSERT INTO EP_g VALUES (1930, 'relationship', 'friend');

INSERT INTO EP_g VALUES (1930, 'contact_frequency', 'rarely');

INSERT INTO E_g VALUES (1931, 126, 221, 'knows');

INSERT INTO EP_g VALUES (1931, 'since', '2019');

INSERT INTO EP_g VALUES (1931, 'relationship', 'friend');

INSERT INTO EP_g VALUES (1931, 'contact_frequency', 'daily');

INSERT INTO E_g VALUES (1932, 127, 169, 'knows');

INSERT INTO EP_g VALUES (1932, 'since', '2023');

INSERT INTO EP_g VALUES (1932, 'relationship', 'acquaintance');

INSERT INTO EP_g VALUES (1932, 'contact_frequency', 'rarely');

INSERT INTO E_g VALUES (1933, 127, 151, 'knows');

INSERT INTO EP_g VALUES (1933, 'since', '2012');

INSERT INTO EP_g VALUES (1933, 'relationship', 'acquaintance');

INSERT INTO EP_g VALUES (1933, 'contact_frequency', 'weekly');

INSERT INTO E_g VALUES (1934, 127, 161, 'knows');

INSERT INTO EP_g VALUES (1934, 'since', '2018');

INSERT INTO EP_g VALUES (1934, 'relationship', 'colleague');

INSERT INTO EP_g VALUES (1934, 'contact_frequency', 'monthly');

INSERT INTO E_g VALUES (1935, 127, 44, 'knows');

INSERT INTO EP_g VALUES (1935, 'since', '2021');

INSERT INTO EP_g VALUES (1935, 'relationship', 'colleague');

INSERT INTO EP_g VALUES (1935, 'contact_frequency', 'monthly');

INSERT INTO E_g VALUES (1936, 127, 133, 'knows');

INSERT INTO EP_g VALUES (1936, 'since', '2018');

INSERT INTO EP_g VALUES (1936, 'relationship', 'acquaintance');

INSERT INTO EP_g VALUES (1936, 'contact_frequency', 'weekly');

INSERT INTO E_g VALUES (1937, 127, 167, 'knows');

INSERT INTO EP_g VALUES (1937, 'since', '2017');

INSERT INTO EP_g VALUES (1937, 'relationship', 'acquaintance');

INSERT INTO EP_g VALUES (1937, 'contact_frequency', 'rarely');

INSERT INTO E_g VALUES (1938, 127, 89, 'knows');

INSERT INTO EP_g VALUES (1938, 'since', '2010');

INSERT INTO EP_g VALUES (1938, 'relationship', 'acquaintance');

INSERT INTO EP_g VALUES (1938, 'contact_frequency', 'daily');

INSERT INTO E_g VALUES (1939, 127, 297, 'knows');

INSERT INTO EP_g VALUES (1939, 'since', '2022');

INSERT INTO EP_g VALUES (1939, 'relationship', 'colleague');

INSERT INTO EP_g VALUES (1939, 'contact_frequency', 'monthly');

INSERT INTO E_g VALUES (1940, 127, 232, 'knows');

INSERT INTO EP_g VALUES (1940, 'since', '2011');

INSERT INTO EP_g VALUES (1940, 'relationship', 'acquaintance');

INSERT INTO EP_g VALUES (1940, 'contact_frequency', 'daily');

INSERT INTO E_g VALUES (1941, 127, 166, 'knows');

INSERT INTO EP_g VALUES (1941, 'since', '2016');

INSERT INTO EP_g VALUES (1941, 'relationship', 'friend');

INSERT INTO EP_g VALUES (1941, 'contact_frequency', 'daily');

INSERT INTO E_g VALUES (1942, 128, 130, 'knows');

INSERT INTO EP_g VALUES (1942, 'since', '2014');

INSERT INTO EP_g VALUES (1942, 'relationship', 'friend');

INSERT INTO EP_g VALUES (1942, 'contact_frequency', 'rarely');

INSERT INTO E_g VALUES (1943, 128, 173, 'knows');

INSERT INTO EP_g VALUES (1943, 'since', '2017');

INSERT INTO EP_g VALUES (1943, 'relationship', 'colleague');

INSERT INTO EP_g VALUES (1943, 'contact_frequency', 'rarely');

INSERT INTO E_g VALUES (1944, 128, 119, 'knows');

INSERT INTO EP_g VALUES (1944, 'since', '2024');

INSERT INTO EP_g VALUES (1944, 'relationship', 'family');

INSERT INTO EP_g VALUES (1944, 'contact_frequency', 'weekly');

INSERT INTO E_g VALUES (1945, 129, 4, 'knows');

INSERT INTO EP_g VALUES (1945, 'since', '2023');

INSERT INTO EP_g VALUES (1945, 'relationship', 'acquaintance');

INSERT INTO EP_g VALUES (1945, 'contact_frequency', 'daily');

INSERT INTO E_g VALUES (1946, 129, 104, 'knows');

INSERT INTO EP_g VALUES (1946, 'since', '2011');

INSERT INTO EP_g VALUES (1946, 'relationship', 'family');

INSERT INTO EP_g VALUES (1946, 'contact_frequency', 'rarely');

INSERT INTO E_g VALUES (1947, 129, 34, 'knows');

INSERT INTO EP_g VALUES (1947, 'since', '2019');

INSERT INTO EP_g VALUES (1947, 'relationship', 'acquaintance');

INSERT INTO EP_g VALUES (1947, 'contact_frequency', 'daily');

INSERT INTO E_g VALUES (1948, 130, 29, 'knows');

INSERT INTO EP_g VALUES (1948, 'since', '2015');

INSERT INTO EP_g VALUES (1948, 'relationship', 'friend');

INSERT INTO EP_g VALUES (1948, 'contact_frequency', 'monthly');

INSERT INTO E_g VALUES (1949, 130, 163, 'knows');

INSERT INTO EP_g VALUES (1949, 'since', '2013');

INSERT INTO EP_g VALUES (1949, 'relationship', 'friend');

INSERT INTO EP_g VALUES (1949, 'contact_frequency', 'daily');

INSERT INTO E_g VALUES (1950, 130, 267, 'knows');

INSERT INTO EP_g VALUES (1950, 'since', '2024');

INSERT INTO EP_g VALUES (1950, 'relationship', 'colleague');

INSERT INTO EP_g VALUES (1950, 'contact_frequency', 'monthly');

INSERT INTO E_g VALUES (1951, 131, 26, 'knows');

INSERT INTO EP_g VALUES (1951, 'since', '2019');

INSERT INTO EP_g VALUES (1951, 'relationship', 'acquaintance');

INSERT INTO EP_g VALUES (1951, 'contact_frequency', 'monthly');

INSERT INTO E_g VALUES (1952, 131, 292, 'knows');

INSERT INTO EP_g VALUES (1952, 'since', '2023');

INSERT INTO EP_g VALUES (1952, 'relationship', 'family');

INSERT INTO EP_g VALUES (1952, 'contact_frequency', 'monthly');

INSERT INTO E_g VALUES (1953, 131, 159, 'knows');

INSERT INTO EP_g VALUES (1953, 'since', '2020');

INSERT INTO EP_g VALUES (1953, 'relationship', 'friend');

INSERT INTO EP_g VALUES (1953, 'contact_frequency', 'rarely');

INSERT INTO E_g VALUES (1954, 131, 200, 'knows');

INSERT INTO EP_g VALUES (1954, 'since', '2022');

INSERT INTO EP_g VALUES (1954, 'relationship', 'colleague');

INSERT INTO EP_g VALUES (1954, 'contact_frequency', 'daily');

INSERT INTO E_g VALUES (1955, 132, 64, 'knows');

INSERT INTO EP_g VALUES (1955, 'since', '2010');

INSERT INTO EP_g VALUES (1955, 'relationship', 'friend');

INSERT INTO EP_g VALUES (1955, 'contact_frequency', 'daily');

INSERT INTO E_g VALUES (1956, 132, 248, 'knows');

INSERT INTO EP_g VALUES (1956, 'since', '2013');

INSERT INTO EP_g VALUES (1956, 'relationship', 'family');

INSERT INTO EP_g VALUES (1956, 'contact_frequency', 'weekly');

INSERT INTO E_g VALUES (1957, 132, 119, 'knows');

INSERT INTO EP_g VALUES (1957, 'since', '2011');

INSERT INTO EP_g VALUES (1957, 'relationship', 'colleague');

INSERT INTO EP_g VALUES (1957, 'contact_frequency', 'monthly');

INSERT INTO E_g VALUES (1958, 132, 19, 'knows');

INSERT INTO EP_g VALUES (1958, 'since', '2020');

INSERT INTO EP_g VALUES (1958, 'relationship', 'acquaintance');

INSERT INTO EP_g VALUES (1958, 'contact_frequency', 'weekly');

INSERT INTO E_g VALUES (1959, 132, 68, 'knows');

INSERT INTO EP_g VALUES (1959, 'since', '2019');

INSERT INTO EP_g VALUES (1959, 'relationship', 'family');

INSERT INTO EP_g VALUES (1959, 'contact_frequency', 'weekly');

INSERT INTO E_g VALUES (1960, 132, 273, 'knows');

INSERT INTO EP_g VALUES (1960, 'since', '2013');

INSERT INTO EP_g VALUES (1960, 'relationship', 'family');

INSERT INTO EP_g VALUES (1960, 'contact_frequency', 'daily');

INSERT INTO E_g VALUES (1961, 132, 262, 'knows');

INSERT INTO EP_g VALUES (1961, 'since', '2017');

INSERT INTO EP_g VALUES (1961, 'relationship', 'friend');

INSERT INTO EP_g VALUES (1961, 'contact_frequency', 'rarely');

INSERT INTO E_g VALUES (1962, 132, 251, 'knows');

INSERT INTO EP_g VALUES (1962, 'since', '2015');

INSERT INTO EP_g VALUES (1962, 'relationship', 'colleague');

INSERT INTO EP_g VALUES (1962, 'contact_frequency', 'weekly');

INSERT INTO E_g VALUES (1963, 132, 262, 'knows');

INSERT INTO EP_g VALUES (1963, 'since', '2014');

INSERT INTO EP_g VALUES (1963, 'relationship', 'friend');

INSERT INTO EP_g VALUES (1963, 'contact_frequency', 'monthly');

INSERT INTO E_g VALUES (1964, 132, 5, 'knows');

INSERT INTO EP_g VALUES (1964, 'since', '2017');

INSERT INTO EP_g VALUES (1964, 'relationship', 'family');

INSERT INTO EP_g VALUES (1964, 'contact_frequency', 'weekly');

INSERT INTO E_g VALUES (1965, 133, 54, 'knows');

INSERT INTO EP_g VALUES (1965, 'since', '2011');

INSERT INTO EP_g VALUES (1965, 'relationship', 'colleague');

INSERT INTO EP_g VALUES (1965, 'contact_frequency', 'weekly');

INSERT INTO E_g VALUES (1966, 133, 195, 'knows');

INSERT INTO EP_g VALUES (1966, 'since', '2010');

INSERT INTO EP_g VALUES (1966, 'relationship', 'friend');

INSERT INTO EP_g VALUES (1966, 'contact_frequency', 'weekly');

INSERT INTO E_g VALUES (1967, 133, 295, 'knows');

INSERT INTO EP_g VALUES (1967, 'since', '2014');

INSERT INTO EP_g VALUES (1967, 'relationship', 'colleague');

INSERT INTO EP_g VALUES (1967, 'contact_frequency', 'rarely');

INSERT INTO E_g VALUES (1968, 133, 179, 'knows');

INSERT INTO EP_g VALUES (1968, 'since', '2014');

INSERT INTO EP_g VALUES (1968, 'relationship', 'friend');

INSERT INTO EP_g VALUES (1968, 'contact_frequency', 'daily');

INSERT INTO E_g VALUES (1969, 133, 258, 'knows');

INSERT INTO EP_g VALUES (1969, 'since', '2012');

INSERT INTO EP_g VALUES (1969, 'relationship', 'friend');

INSERT INTO EP_g VALUES (1969, 'contact_frequency', 'weekly');

INSERT INTO E_g VALUES (1970, 133, 104, 'knows');

INSERT INTO EP_g VALUES (1970, 'since', '2021');

INSERT INTO EP_g VALUES (1970, 'relationship', 'colleague');

INSERT INTO EP_g VALUES (1970, 'contact_frequency', 'daily');

INSERT INTO E_g VALUES (1971, 133, 289, 'knows');

INSERT INTO EP_g VALUES (1971, 'since', '2023');

INSERT INTO EP_g VALUES (1971, 'relationship', 'family');

INSERT INTO EP_g VALUES (1971, 'contact_frequency', 'daily');

INSERT INTO E_g VALUES (1972, 133, 128, 'knows');

INSERT INTO EP_g VALUES (1972, 'since', '2023');

INSERT INTO EP_g VALUES (1972, 'relationship', 'acquaintance');

INSERT INTO EP_g VALUES (1972, 'contact_frequency', 'rarely');

INSERT INTO E_g VALUES (1973, 133, 295, 'knows');

INSERT INTO EP_g VALUES (1973, 'since', '2014');

INSERT INTO EP_g VALUES (1973, 'relationship', 'colleague');

INSERT INTO EP_g VALUES (1973, 'contact_frequency', 'daily');

INSERT INTO E_g VALUES (1974, 134, 58, 'knows');

INSERT INTO EP_g VALUES (1974, 'since', '2015');

INSERT INTO EP_g VALUES (1974, 'relationship', 'acquaintance');

INSERT INTO EP_g VALUES (1974, 'contact_frequency', 'weekly');

INSERT INTO E_g VALUES (1975, 134, 278, 'knows');

INSERT INTO EP_g VALUES (1975, 'since', '2020');

INSERT INTO EP_g VALUES (1975, 'relationship', 'colleague');

INSERT INTO EP_g VALUES (1975, 'contact_frequency', 'weekly');

INSERT INTO E_g VALUES (1976, 134, 112, 'knows');

INSERT INTO EP_g VALUES (1976, 'since', '2011');

INSERT INTO EP_g VALUES (1976, 'relationship', 'acquaintance');

INSERT INTO EP_g VALUES (1976, 'contact_frequency', 'daily');

INSERT INTO E_g VALUES (1977, 134, 212, 'knows');

INSERT INTO EP_g VALUES (1977, 'since', '2014');

INSERT INTO EP_g VALUES (1977, 'relationship', 'colleague');

INSERT INTO EP_g VALUES (1977, 'contact_frequency', 'rarely');

INSERT INTO E_g VALUES (1978, 134, 247, 'knows');

INSERT INTO EP_g VALUES (1978, 'since', '2020');

INSERT INTO EP_g VALUES (1978, 'relationship', 'acquaintance');

INSERT INTO EP_g VALUES (1978, 'contact_frequency', 'daily');

INSERT INTO E_g VALUES (1979, 135, 208, 'knows');

INSERT INTO EP_g VALUES (1979, 'since', '2017');

INSERT INTO EP_g VALUES (1979, 'relationship', 'family');

INSERT INTO EP_g VALUES (1979, 'contact_frequency', 'daily');

INSERT INTO E_g VALUES (1980, 135, 1, 'knows');

INSERT INTO EP_g VALUES (1980, 'since', '2024');

INSERT INTO EP_g VALUES (1980, 'relationship', 'family');

INSERT INTO EP_g VALUES (1980, 'contact_frequency', 'weekly');

INSERT INTO E_g VALUES (1981, 135, 263, 'knows');

INSERT INTO EP_g VALUES (1981, 'since', '2019');

INSERT INTO EP_g VALUES (1981, 'relationship', 'colleague');

INSERT INTO EP_g VALUES (1981, 'contact_frequency', 'weekly');

INSERT INTO E_g VALUES (1982, 135, 230, 'knows');

INSERT INTO EP_g VALUES (1982, 'since', '2016');

INSERT INTO EP_g VALUES (1982, 'relationship', 'friend');

INSERT INTO EP_g VALUES (1982, 'contact_frequency', 'rarely');

INSERT INTO E_g VALUES (1983, 135, 273, 'knows');

INSERT INTO EP_g VALUES (1983, 'since', '2021');

INSERT INTO EP_g VALUES (1983, 'relationship', 'family');

INSERT INTO EP_g VALUES (1983, 'contact_frequency', 'monthly');

INSERT INTO E_g VALUES (1984, 136, 147, 'knows');

INSERT INTO EP_g VALUES (1984, 'since', '2015');

INSERT INTO EP_g VALUES (1984, 'relationship', 'friend');

INSERT INTO EP_g VALUES (1984, 'contact_frequency', 'weekly');

INSERT INTO E_g VALUES (1985, 136, 215, 'knows');

INSERT INTO EP_g VALUES (1985, 'since', '2020');

INSERT INTO EP_g VALUES (1985, 'relationship', 'acquaintance');

INSERT INTO EP_g VALUES (1985, 'contact_frequency', 'rarely');

INSERT INTO E_g VALUES (1986, 136, 109, 'knows');

INSERT INTO EP_g VALUES (1986, 'since', '2011');

INSERT INTO EP_g VALUES (1986, 'relationship', 'family');

INSERT INTO EP_g VALUES (1986, 'contact_frequency', 'monthly');

INSERT INTO E_g VALUES (1987, 136, 198, 'knows');

INSERT INTO EP_g VALUES (1987, 'since', '2023');

INSERT INTO EP_g VALUES (1987, 'relationship', 'friend');

INSERT INTO EP_g VALUES (1987, 'contact_frequency', 'daily');

INSERT INTO E_g VALUES (1988, 136, 26, 'knows');

INSERT INTO EP_g VALUES (1988, 'since', '2011');

INSERT INTO EP_g VALUES (1988, 'relationship', 'acquaintance');

INSERT INTO EP_g VALUES (1988, 'contact_frequency', 'monthly');

INSERT INTO E_g VALUES (1989, 136, 193, 'knows');

INSERT INTO EP_g VALUES (1989, 'since', '2011');

INSERT INTO EP_g VALUES (1989, 'relationship', 'colleague');

INSERT INTO EP_g VALUES (1989, 'contact_frequency', 'rarely');

INSERT INTO E_g VALUES (1990, 136, 150, 'knows');

INSERT INTO EP_g VALUES (1990, 'since', '2014');

INSERT INTO EP_g VALUES (1990, 'relationship', 'friend');

INSERT INTO EP_g VALUES (1990, 'contact_frequency', 'rarely');

INSERT INTO E_g VALUES (1991, 136, 203, 'knows');

INSERT INTO EP_g VALUES (1991, 'since', '2011');

INSERT INTO EP_g VALUES (1991, 'relationship', 'colleague');

INSERT INTO EP_g VALUES (1991, 'contact_frequency', 'rarely');

INSERT INTO E_g VALUES (1992, 136, 77, 'knows');

INSERT INTO EP_g VALUES (1992, 'since', '2016');

INSERT INTO EP_g VALUES (1992, 'relationship', 'colleague');

INSERT INTO EP_g VALUES (1992, 'contact_frequency', 'rarely');

INSERT INTO E_g VALUES (1993, 137, 96, 'knows');

INSERT INTO EP_g VALUES (1993, 'since', '2024');

INSERT INTO EP_g VALUES (1993, 'relationship', 'family');

INSERT INTO EP_g VALUES (1993, 'contact_frequency', 'weekly');

INSERT INTO E_g VALUES (1994, 137, 109, 'knows');

INSERT INTO EP_g VALUES (1994, 'since', '2022');

INSERT INTO EP_g VALUES (1994, 'relationship', 'colleague');

INSERT INTO EP_g VALUES (1994, 'contact_frequency', 'rarely');

INSERT INTO E_g VALUES (1995, 138, 19, 'knows');

INSERT INTO EP_g VALUES (1995, 'since', '2024');

INSERT INTO EP_g VALUES (1995, 'relationship', 'colleague');

INSERT INTO EP_g VALUES (1995, 'contact_frequency', 'rarely');

INSERT INTO E_g VALUES (1996, 138, 95, 'knows');

INSERT INTO EP_g VALUES (1996, 'since', '2021');

INSERT INTO EP_g VALUES (1996, 'relationship', 'family');

INSERT INTO EP_g VALUES (1996, 'contact_frequency', 'weekly');

INSERT INTO E_g VALUES (1997, 138, 214, 'knows');

INSERT INTO EP_g VALUES (1997, 'since', '2011');

INSERT INTO EP_g VALUES (1997, 'relationship', 'family');

INSERT INTO EP_g VALUES (1997, 'contact_frequency', 'daily');

INSERT INTO E_g VALUES (1998, 139, 181, 'knows');

INSERT INTO EP_g VALUES (1998, 'since', '2023');

INSERT INTO EP_g VALUES (1998, 'relationship', 'colleague');

INSERT INTO EP_g VALUES (1998, 'contact_frequency', 'monthly');

INSERT INTO E_g VALUES (1999, 139, 92, 'knows');

INSERT INTO EP_g VALUES (1999, 'since', '2024');

INSERT INTO EP_g VALUES (1999, 'relationship', 'colleague');

INSERT INTO EP_g VALUES (1999, 'contact_frequency', 'weekly');

INSERT INTO E_g VALUES (2000, 139, 261, 'knows');

INSERT INTO EP_g VALUES (2000, 'since', '2017');

INSERT INTO EP_g VALUES (2000, 'relationship', 'acquaintance');

INSERT INTO EP_g VALUES (2000, 'contact_frequency', 'monthly');

INSERT INTO E_g VALUES (2001, 139, 26, 'knows');

INSERT INTO EP_g VALUES (2001, 'since', '2024');

INSERT INTO EP_g VALUES (2001, 'relationship', 'acquaintance');

INSERT INTO EP_g VALUES (2001, 'contact_frequency', 'daily');

INSERT INTO E_g VALUES (2002, 139, 24, 'knows');

INSERT INTO EP_g VALUES (2002, 'since', '2023');

INSERT INTO EP_g VALUES (2002, 'relationship', 'friend');

INSERT INTO EP_g VALUES (2002, 'contact_frequency', 'daily');

INSERT INTO E_g VALUES (2003, 139, 114, 'knows');

INSERT INTO EP_g VALUES (2003, 'since', '2019');

INSERT INTO EP_g VALUES (2003, 'relationship', 'colleague');

INSERT INTO EP_g VALUES (2003, 'contact_frequency', 'weekly');

INSERT INTO E_g VALUES (2004, 139, 286, 'knows');

INSERT INTO EP_g VALUES (2004, 'since', '2023');

INSERT INTO EP_g VALUES (2004, 'relationship', 'family');

INSERT INTO EP_g VALUES (2004, 'contact_frequency', 'monthly');

INSERT INTO E_g VALUES (2005, 139, 269, 'knows');

INSERT INTO EP_g VALUES (2005, 'since', '2015');

INSERT INTO EP_g VALUES (2005, 'relationship', 'friend');

INSERT INTO EP_g VALUES (2005, 'contact_frequency', 'monthly');

INSERT INTO E_g VALUES (2006, 139, 2, 'knows');

INSERT INTO EP_g VALUES (2006, 'since', '2023');

INSERT INTO EP_g VALUES (2006, 'relationship', 'colleague');

INSERT INTO EP_g VALUES (2006, 'contact_frequency', 'rarely');

INSERT INTO E_g VALUES (2007, 140, 142, 'knows');

INSERT INTO EP_g VALUES (2007, 'since', '2020');

INSERT INTO EP_g VALUES (2007, 'relationship', 'friend');

INSERT INTO EP_g VALUES (2007, 'contact_frequency', 'daily');

INSERT INTO E_g VALUES (2008, 140, 185, 'knows');

INSERT INTO EP_g VALUES (2008, 'since', '2012');

INSERT INTO EP_g VALUES (2008, 'relationship', 'friend');

INSERT INTO EP_g VALUES (2008, 'contact_frequency', 'rarely');

INSERT INTO E_g VALUES (2009, 140, 182, 'knows');

INSERT INTO EP_g VALUES (2009, 'since', '2022');

INSERT INTO EP_g VALUES (2009, 'relationship', 'family');

INSERT INTO EP_g VALUES (2009, 'contact_frequency', 'daily');

INSERT INTO E_g VALUES (2010, 140, 71, 'knows');

INSERT INTO EP_g VALUES (2010, 'since', '2012');

INSERT INTO EP_g VALUES (2010, 'relationship', 'acquaintance');

INSERT INTO EP_g VALUES (2010, 'contact_frequency', 'weekly');

INSERT INTO E_g VALUES (2011, 140, 96, 'knows');

INSERT INTO EP_g VALUES (2011, 'since', '2017');

INSERT INTO EP_g VALUES (2011, 'relationship', 'family');

INSERT INTO EP_g VALUES (2011, 'contact_frequency', 'rarely');

INSERT INTO E_g VALUES (2012, 140, 63, 'knows');

INSERT INTO EP_g VALUES (2012, 'since', '2017');

INSERT INTO EP_g VALUES (2012, 'relationship', 'colleague');

INSERT INTO EP_g VALUES (2012, 'contact_frequency', 'daily');

INSERT INTO E_g VALUES (2013, 140, 284, 'knows');

INSERT INTO EP_g VALUES (2013, 'since', '2019');

INSERT INTO EP_g VALUES (2013, 'relationship', 'friend');

INSERT INTO EP_g VALUES (2013, 'contact_frequency', 'weekly');

INSERT INTO E_g VALUES (2014, 140, 137, 'knows');

INSERT INTO EP_g VALUES (2014, 'since', '2022');

INSERT INTO EP_g VALUES (2014, 'relationship', 'family');

INSERT INTO EP_g VALUES (2014, 'contact_frequency', 'rarely');

INSERT INTO E_g VALUES (2015, 140, 77, 'knows');

INSERT INTO EP_g VALUES (2015, 'since', '2020');

INSERT INTO EP_g VALUES (2015, 'relationship', 'colleague');

INSERT INTO EP_g VALUES (2015, 'contact_frequency', 'monthly');

INSERT INTO E_g VALUES (2016, 140, 224, 'knows');

INSERT INTO EP_g VALUES (2016, 'since', '2021');

INSERT INTO EP_g VALUES (2016, 'relationship', 'friend');

INSERT INTO EP_g VALUES (2016, 'contact_frequency', 'monthly');

INSERT INTO E_g VALUES (2017, 141, 162, 'knows');

INSERT INTO EP_g VALUES (2017, 'since', '2024');

INSERT INTO EP_g VALUES (2017, 'relationship', 'friend');

INSERT INTO EP_g VALUES (2017, 'contact_frequency', 'rarely');

INSERT INTO E_g VALUES (2018, 141, 99, 'knows');

INSERT INTO EP_g VALUES (2018, 'since', '2018');

INSERT INTO EP_g VALUES (2018, 'relationship', 'friend');

INSERT INTO EP_g VALUES (2018, 'contact_frequency', 'rarely');

INSERT INTO E_g VALUES (2019, 141, 174, 'knows');

INSERT INTO EP_g VALUES (2019, 'since', '2018');

INSERT INTO EP_g VALUES (2019, 'relationship', 'friend');

INSERT INTO EP_g VALUES (2019, 'contact_frequency', 'monthly');

INSERT INTO E_g VALUES (2020, 142, 133, 'knows');

INSERT INTO EP_g VALUES (2020, 'since', '2010');

INSERT INTO EP_g VALUES (2020, 'relationship', 'family');

INSERT INTO EP_g VALUES (2020, 'contact_frequency', 'daily');

INSERT INTO E_g VALUES (2021, 142, 107, 'knows');

INSERT INTO EP_g VALUES (2021, 'since', '2010');

INSERT INTO EP_g VALUES (2021, 'relationship', 'family');

INSERT INTO EP_g VALUES (2021, 'contact_frequency', 'monthly');

INSERT INTO E_g VALUES (2022, 142, 85, 'knows');

INSERT INTO EP_g VALUES (2022, 'since', '2023');

INSERT INTO EP_g VALUES (2022, 'relationship', 'family');

INSERT INTO EP_g VALUES (2022, 'contact_frequency', 'monthly');

INSERT INTO E_g VALUES (2023, 142, 81, 'knows');

INSERT INTO EP_g VALUES (2023, 'since', '2023');

INSERT INTO EP_g VALUES (2023, 'relationship', 'family');

INSERT INTO EP_g VALUES (2023, 'contact_frequency', 'weekly');

INSERT INTO E_g VALUES (2024, 142, 29, 'knows');

INSERT INTO EP_g VALUES (2024, 'since', '2018');

INSERT INTO EP_g VALUES (2024, 'relationship', 'acquaintance');

INSERT INTO EP_g VALUES (2024, 'contact_frequency', 'monthly');

INSERT INTO E_g VALUES (2025, 142, 237, 'knows');

INSERT INTO EP_g VALUES (2025, 'since', '2018');

INSERT INTO EP_g VALUES (2025, 'relationship', 'friend');

INSERT INTO EP_g VALUES (2025, 'contact_frequency', 'daily');

INSERT INTO E_g VALUES (2026, 143, 259, 'knows');

INSERT INTO EP_g VALUES (2026, 'since', '2016');

INSERT INTO EP_g VALUES (2026, 'relationship', 'friend');

INSERT INTO EP_g VALUES (2026, 'contact_frequency', 'rarely');

INSERT INTO E_g VALUES (2027, 143, 201, 'knows');

INSERT INTO EP_g VALUES (2027, 'since', '2016');

INSERT INTO EP_g VALUES (2027, 'relationship', 'colleague');

INSERT INTO EP_g VALUES (2027, 'contact_frequency', 'weekly');

INSERT INTO E_g VALUES (2028, 143, 60, 'knows');

INSERT INTO EP_g VALUES (2028, 'since', '2012');

INSERT INTO EP_g VALUES (2028, 'relationship', 'friend');

INSERT INTO EP_g VALUES (2028, 'contact_frequency', 'weekly');

INSERT INTO E_g VALUES (2029, 143, 256, 'knows');

INSERT INTO EP_g VALUES (2029, 'since', '2022');

INSERT INTO EP_g VALUES (2029, 'relationship', 'colleague');

INSERT INTO EP_g VALUES (2029, 'contact_frequency', 'weekly');

INSERT INTO E_g VALUES (2030, 143, 8, 'knows');

INSERT INTO EP_g VALUES (2030, 'since', '2011');

INSERT INTO EP_g VALUES (2030, 'relationship', 'colleague');

INSERT INTO EP_g VALUES (2030, 'contact_frequency', 'rarely');

INSERT INTO E_g VALUES (2031, 143, 263, 'knows');

INSERT INTO EP_g VALUES (2031, 'since', '2022');

INSERT INTO EP_g VALUES (2031, 'relationship', 'family');

INSERT INTO EP_g VALUES (2031, 'contact_frequency', 'weekly');

INSERT INTO E_g VALUES (2032, 143, 95, 'knows');

INSERT INTO EP_g VALUES (2032, 'since', '2019');

INSERT INTO EP_g VALUES (2032, 'relationship', 'family');

INSERT INTO EP_g VALUES (2032, 'contact_frequency', 'monthly');

INSERT INTO E_g VALUES (2033, 143, 228, 'knows');

INSERT INTO EP_g VALUES (2033, 'since', '2021');

INSERT INTO EP_g VALUES (2033, 'relationship', 'family');

INSERT INTO EP_g VALUES (2033, 'contact_frequency', 'weekly');

INSERT INTO E_g VALUES (2034, 143, 293, 'knows');

INSERT INTO EP_g VALUES (2034, 'since', '2023');

INSERT INTO EP_g VALUES (2034, 'relationship', 'family');

INSERT INTO EP_g VALUES (2034, 'contact_frequency', 'daily');

INSERT INTO E_g VALUES (2035, 144, 27, 'knows');

INSERT INTO EP_g VALUES (2035, 'since', '2020');

INSERT INTO EP_g VALUES (2035, 'relationship', 'friend');

INSERT INTO EP_g VALUES (2035, 'contact_frequency', 'monthly');

INSERT INTO E_g VALUES (2036, 144, 84, 'knows');

INSERT INTO EP_g VALUES (2036, 'since', '2021');

INSERT INTO EP_g VALUES (2036, 'relationship', 'friend');

INSERT INTO EP_g VALUES (2036, 'contact_frequency', 'monthly');

INSERT INTO E_g VALUES (2037, 144, 247, 'knows');

INSERT INTO EP_g VALUES (2037, 'since', '2019');

INSERT INTO EP_g VALUES (2037, 'relationship', 'acquaintance');

INSERT INTO EP_g VALUES (2037, 'contact_frequency', 'weekly');

INSERT INTO E_g VALUES (2038, 144, 233, 'knows');

INSERT INTO EP_g VALUES (2038, 'since', '2014');

INSERT INTO EP_g VALUES (2038, 'relationship', 'friend');

INSERT INTO EP_g VALUES (2038, 'contact_frequency', 'monthly');

INSERT INTO E_g VALUES (2039, 145, 117, 'knows');

INSERT INTO EP_g VALUES (2039, 'since', '2022');

INSERT INTO EP_g VALUES (2039, 'relationship', 'family');

INSERT INTO EP_g VALUES (2039, 'contact_frequency', 'weekly');

INSERT INTO E_g VALUES (2040, 145, 199, 'knows');

INSERT INTO EP_g VALUES (2040, 'since', '2022');

INSERT INTO EP_g VALUES (2040, 'relationship', 'friend');

INSERT INTO EP_g VALUES (2040, 'contact_frequency', 'monthly');

INSERT INTO E_g VALUES (2041, 145, 295, 'knows');

INSERT INTO EP_g VALUES (2041, 'since', '2022');

INSERT INTO EP_g VALUES (2041, 'relationship', 'acquaintance');

INSERT INTO EP_g VALUES (2041, 'contact_frequency', 'rarely');

INSERT INTO E_g VALUES (2042, 145, 269, 'knows');

INSERT INTO EP_g VALUES (2042, 'since', '2010');

INSERT INTO EP_g VALUES (2042, 'relationship', 'friend');

INSERT INTO EP_g VALUES (2042, 'contact_frequency', 'daily');

INSERT INTO E_g VALUES (2043, 145, 261, 'knows');

INSERT INTO EP_g VALUES (2043, 'since', '2012');

INSERT INTO EP_g VALUES (2043, 'relationship', 'family');

INSERT INTO EP_g VALUES (2043, 'contact_frequency', 'monthly');

INSERT INTO E_g VALUES (2044, 145, 214, 'knows');

INSERT INTO EP_g VALUES (2044, 'since', '2013');

INSERT INTO EP_g VALUES (2044, 'relationship', 'acquaintance');

INSERT INTO EP_g VALUES (2044, 'contact_frequency', 'weekly');

INSERT INTO E_g VALUES (2045, 145, 203, 'knows');

INSERT INTO EP_g VALUES (2045, 'since', '2014');

INSERT INTO EP_g VALUES (2045, 'relationship', 'acquaintance');

INSERT INTO EP_g VALUES (2045, 'contact_frequency', 'monthly');

INSERT INTO E_g VALUES (2046, 146, 221, 'knows');

INSERT INTO EP_g VALUES (2046, 'since', '2018');

INSERT INTO EP_g VALUES (2046, 'relationship', 'family');

INSERT INTO EP_g VALUES (2046, 'contact_frequency', 'weekly');

INSERT INTO E_g VALUES (2047, 146, 290, 'knows');

INSERT INTO EP_g VALUES (2047, 'since', '2023');

INSERT INTO EP_g VALUES (2047, 'relationship', 'family');

INSERT INTO EP_g VALUES (2047, 'contact_frequency', 'daily');

INSERT INTO E_g VALUES (2048, 146, 153, 'knows');

INSERT INTO EP_g VALUES (2048, 'since', '2010');

INSERT INTO EP_g VALUES (2048, 'relationship', 'friend');

INSERT INTO EP_g VALUES (2048, 'contact_frequency', 'daily');

INSERT INTO E_g VALUES (2049, 146, 174, 'knows');

INSERT INTO EP_g VALUES (2049, 'since', '2012');

INSERT INTO EP_g VALUES (2049, 'relationship', 'colleague');

INSERT INTO EP_g VALUES (2049, 'contact_frequency', 'monthly');

INSERT INTO E_g VALUES (2050, 146, 234, 'knows');

INSERT INTO EP_g VALUES (2050, 'since', '2016');

INSERT INTO EP_g VALUES (2050, 'relationship', 'acquaintance');

INSERT INTO EP_g VALUES (2050, 'contact_frequency', 'weekly');

INSERT INTO E_g VALUES (2051, 146, 135, 'knows');

INSERT INTO EP_g VALUES (2051, 'since', '2018');

INSERT INTO EP_g VALUES (2051, 'relationship', 'colleague');

INSERT INTO EP_g VALUES (2051, 'contact_frequency', 'daily');

INSERT INTO E_g VALUES (2052, 147, 3, 'knows');

INSERT INTO EP_g VALUES (2052, 'since', '2015');

INSERT INTO EP_g VALUES (2052, 'relationship', 'friend');

INSERT INTO EP_g VALUES (2052, 'contact_frequency', 'weekly');

INSERT INTO E_g VALUES (2053, 147, 131, 'knows');

INSERT INTO EP_g VALUES (2053, 'since', '2016');

INSERT INTO EP_g VALUES (2053, 'relationship', 'friend');

INSERT INTO EP_g VALUES (2053, 'contact_frequency', 'daily');

INSERT INTO E_g VALUES (2054, 147, 247, 'knows');

INSERT INTO EP_g VALUES (2054, 'since', '2017');

INSERT INTO EP_g VALUES (2054, 'relationship', 'friend');

INSERT INTO EP_g VALUES (2054, 'contact_frequency', 'daily');

INSERT INTO E_g VALUES (2055, 148, 161, 'knows');

INSERT INTO EP_g VALUES (2055, 'since', '2011');

INSERT INTO EP_g VALUES (2055, 'relationship', 'family');

INSERT INTO EP_g VALUES (2055, 'contact_frequency', 'monthly');

INSERT INTO E_g VALUES (2056, 148, 86, 'knows');

INSERT INTO EP_g VALUES (2056, 'since', '2011');

INSERT INTO EP_g VALUES (2056, 'relationship', 'family');

INSERT INTO EP_g VALUES (2056, 'contact_frequency', 'rarely');

INSERT INTO E_g VALUES (2057, 149, 280, 'knows');

INSERT INTO EP_g VALUES (2057, 'since', '2012');

INSERT INTO EP_g VALUES (2057, 'relationship', 'colleague');

INSERT INTO EP_g VALUES (2057, 'contact_frequency', 'rarely');

INSERT INTO E_g VALUES (2058, 149, 40, 'knows');

INSERT INTO EP_g VALUES (2058, 'since', '2024');

INSERT INTO EP_g VALUES (2058, 'relationship', 'acquaintance');

INSERT INTO EP_g VALUES (2058, 'contact_frequency', 'weekly');

INSERT INTO E_g VALUES (2059, 149, 70, 'knows');

INSERT INTO EP_g VALUES (2059, 'since', '2020');

INSERT INTO EP_g VALUES (2059, 'relationship', 'colleague');

INSERT INTO EP_g VALUES (2059, 'contact_frequency', 'daily');

INSERT INTO E_g VALUES (2060, 149, 4, 'knows');

INSERT INTO EP_g VALUES (2060, 'since', '2012');

INSERT INTO EP_g VALUES (2060, 'relationship', 'colleague');

INSERT INTO EP_g VALUES (2060, 'contact_frequency', 'rarely');

INSERT INTO E_g VALUES (2061, 149, 6, 'knows');

INSERT INTO EP_g VALUES (2061, 'since', '2015');

INSERT INTO EP_g VALUES (2061, 'relationship', 'acquaintance');

INSERT INTO EP_g VALUES (2061, 'contact_frequency', 'monthly');

INSERT INTO E_g VALUES (2062, 149, 120, 'knows');

INSERT INTO EP_g VALUES (2062, 'since', '2012');

INSERT INTO EP_g VALUES (2062, 'relationship', 'friend');

INSERT INTO EP_g VALUES (2062, 'contact_frequency', 'daily');

INSERT INTO E_g VALUES (2063, 149, 154, 'knows');

INSERT INTO EP_g VALUES (2063, 'since', '2019');

INSERT INTO EP_g VALUES (2063, 'relationship', 'colleague');

INSERT INTO EP_g VALUES (2063, 'contact_frequency', 'daily');

INSERT INTO E_g VALUES (2064, 149, 67, 'knows');

INSERT INTO EP_g VALUES (2064, 'since', '2011');

INSERT INTO EP_g VALUES (2064, 'relationship', 'colleague');

INSERT INTO EP_g VALUES (2064, 'contact_frequency', 'rarely');

INSERT INTO E_g VALUES (2065, 149, 17, 'knows');

INSERT INTO EP_g VALUES (2065, 'since', '2022');

INSERT INTO EP_g VALUES (2065, 'relationship', 'friend');

INSERT INTO EP_g VALUES (2065, 'contact_frequency', 'monthly');

INSERT INTO E_g VALUES (2066, 150, 37, 'knows');

INSERT INTO EP_g VALUES (2066, 'since', '2015');

INSERT INTO EP_g VALUES (2066, 'relationship', 'family');

INSERT INTO EP_g VALUES (2066, 'contact_frequency', 'rarely');

INSERT INTO E_g VALUES (2067, 150, 205, 'knows');

INSERT INTO EP_g VALUES (2067, 'since', '2012');

INSERT INTO EP_g VALUES (2067, 'relationship', 'family');

INSERT INTO EP_g VALUES (2067, 'contact_frequency', 'daily');

INSERT INTO E_g VALUES (2068, 150, 259, 'knows');

INSERT INTO EP_g VALUES (2068, 'since', '2015');

INSERT INTO EP_g VALUES (2068, 'relationship', 'friend');

INSERT INTO EP_g VALUES (2068, 'contact_frequency', 'daily');

INSERT INTO E_g VALUES (2069, 150, 196, 'knows');

INSERT INTO EP_g VALUES (2069, 'since', '2016');

INSERT INTO EP_g VALUES (2069, 'relationship', 'colleague');

INSERT INTO EP_g VALUES (2069, 'contact_frequency', 'monthly');

INSERT INTO E_g VALUES (2070, 150, 134, 'knows');

INSERT INTO EP_g VALUES (2070, 'since', '2023');

INSERT INTO EP_g VALUES (2070, 'relationship', 'colleague');

INSERT INTO EP_g VALUES (2070, 'contact_frequency', 'weekly');

INSERT INTO E_g VALUES (2071, 150, 195, 'knows');

INSERT INTO EP_g VALUES (2071, 'since', '2022');

INSERT INTO EP_g VALUES (2071, 'relationship', 'acquaintance');

INSERT INTO EP_g VALUES (2071, 'contact_frequency', 'rarely');

INSERT INTO E_g VALUES (2072, 150, 271, 'knows');

INSERT INTO EP_g VALUES (2072, 'since', '2016');

INSERT INTO EP_g VALUES (2072, 'relationship', 'acquaintance');

INSERT INTO EP_g VALUES (2072, 'contact_frequency', 'monthly');

INSERT INTO E_g VALUES (2073, 150, 114, 'knows');

INSERT INTO EP_g VALUES (2073, 'since', '2017');

INSERT INTO EP_g VALUES (2073, 'relationship', 'friend');

INSERT INTO EP_g VALUES (2073, 'contact_frequency', 'daily');

INSERT INTO E_g VALUES (2074, 151, 136, 'knows');

INSERT INTO EP_g VALUES (2074, 'since', '2012');

INSERT INTO EP_g VALUES (2074, 'relationship', 'colleague');

INSERT INTO EP_g VALUES (2074, 'contact_frequency', 'rarely');

INSERT INTO E_g VALUES (2075, 151, 112, 'knows');

INSERT INTO EP_g VALUES (2075, 'since', '2024');

INSERT INTO EP_g VALUES (2075, 'relationship', 'friend');

INSERT INTO EP_g VALUES (2075, 'contact_frequency', 'daily');

INSERT INTO E_g VALUES (2076, 151, 112, 'knows');

INSERT INTO EP_g VALUES (2076, 'since', '2022');

INSERT INTO EP_g VALUES (2076, 'relationship', 'friend');

INSERT INTO EP_g VALUES (2076, 'contact_frequency', 'weekly');

INSERT INTO E_g VALUES (2077, 151, 117, 'knows');

INSERT INTO EP_g VALUES (2077, 'since', '2020');

INSERT INTO EP_g VALUES (2077, 'relationship', 'colleague');

INSERT INTO EP_g VALUES (2077, 'contact_frequency', 'monthly');

INSERT INTO E_g VALUES (2078, 151, 19, 'knows');

INSERT INTO EP_g VALUES (2078, 'since', '2017');

INSERT INTO EP_g VALUES (2078, 'relationship', 'colleague');

INSERT INTO EP_g VALUES (2078, 'contact_frequency', 'rarely');

INSERT INTO E_g VALUES (2079, 151, 290, 'knows');

INSERT INTO EP_g VALUES (2079, 'since', '2018');

INSERT INTO EP_g VALUES (2079, 'relationship', 'colleague');

INSERT INTO EP_g VALUES (2079, 'contact_frequency', 'daily');

INSERT INTO E_g VALUES (2080, 151, 94, 'knows');

INSERT INTO EP_g VALUES (2080, 'since', '2010');

INSERT INTO EP_g VALUES (2080, 'relationship', 'friend');

INSERT INTO EP_g VALUES (2080, 'contact_frequency', 'monthly');

INSERT INTO E_g VALUES (2081, 151, 299, 'knows');

INSERT INTO EP_g VALUES (2081, 'since', '2021');

INSERT INTO EP_g VALUES (2081, 'relationship', 'friend');

INSERT INTO EP_g VALUES (2081, 'contact_frequency', 'weekly');

INSERT INTO E_g VALUES (2082, 151, 289, 'knows');

INSERT INTO EP_g VALUES (2082, 'since', '2018');

INSERT INTO EP_g VALUES (2082, 'relationship', 'family');

INSERT INTO EP_g VALUES (2082, 'contact_frequency', 'daily');

INSERT INTO E_g VALUES (2083, 151, 80, 'knows');

INSERT INTO EP_g VALUES (2083, 'since', '2013');

INSERT INTO EP_g VALUES (2083, 'relationship', 'friend');

INSERT INTO EP_g VALUES (2083, 'contact_frequency', 'rarely');

INSERT INTO E_g VALUES (2084, 152, 59, 'knows');

INSERT INTO EP_g VALUES (2084, 'since', '2012');

INSERT INTO EP_g VALUES (2084, 'relationship', 'acquaintance');

INSERT INTO EP_g VALUES (2084, 'contact_frequency', 'rarely');

INSERT INTO E_g VALUES (2085, 152, 101, 'knows');

INSERT INTO EP_g VALUES (2085, 'since', '2022');

INSERT INTO EP_g VALUES (2085, 'relationship', 'colleague');

INSERT INTO EP_g VALUES (2085, 'contact_frequency', 'monthly');

INSERT INTO E_g VALUES (2086, 152, 221, 'knows');

INSERT INTO EP_g VALUES (2086, 'since', '2016');

INSERT INTO EP_g VALUES (2086, 'relationship', 'family');

INSERT INTO EP_g VALUES (2086, 'contact_frequency', 'rarely');

INSERT INTO E_g VALUES (2087, 152, 52, 'knows');

INSERT INTO EP_g VALUES (2087, 'since', '2020');

INSERT INTO EP_g VALUES (2087, 'relationship', 'colleague');

INSERT INTO EP_g VALUES (2087, 'contact_frequency', 'monthly');

INSERT INTO E_g VALUES (2088, 152, 100, 'knows');

INSERT INTO EP_g VALUES (2088, 'since', '2018');

INSERT INTO EP_g VALUES (2088, 'relationship', 'family');

INSERT INTO EP_g VALUES (2088, 'contact_frequency', 'rarely');

INSERT INTO E_g VALUES (2089, 152, 28, 'knows');

INSERT INTO EP_g VALUES (2089, 'since', '2013');

INSERT INTO EP_g VALUES (2089, 'relationship', 'friend');

INSERT INTO EP_g VALUES (2089, 'contact_frequency', 'daily');

INSERT INTO E_g VALUES (2090, 152, 246, 'knows');

INSERT INTO EP_g VALUES (2090, 'since', '2021');

INSERT INTO EP_g VALUES (2090, 'relationship', 'acquaintance');

INSERT INTO EP_g VALUES (2090, 'contact_frequency', 'rarely');

INSERT INTO E_g VALUES (2091, 152, 130, 'knows');

INSERT INTO EP_g VALUES (2091, 'since', '2023');

INSERT INTO EP_g VALUES (2091, 'relationship', 'friend');

INSERT INTO EP_g VALUES (2091, 'contact_frequency', 'daily');

INSERT INTO E_g VALUES (2092, 153, 258, 'knows');

INSERT INTO EP_g VALUES (2092, 'since', '2018');

INSERT INTO EP_g VALUES (2092, 'relationship', 'family');

INSERT INTO EP_g VALUES (2092, 'contact_frequency', 'rarely');

INSERT INTO E_g VALUES (2093, 153, 31, 'knows');

INSERT INTO EP_g VALUES (2093, 'since', '2014');

INSERT INTO EP_g VALUES (2093, 'relationship', 'acquaintance');

INSERT INTO EP_g VALUES (2093, 'contact_frequency', 'daily');

INSERT INTO E_g VALUES (2094, 153, 208, 'knows');

INSERT INTO EP_g VALUES (2094, 'since', '2016');

INSERT INTO EP_g VALUES (2094, 'relationship', 'friend');

INSERT INTO EP_g VALUES (2094, 'contact_frequency', 'monthly');

INSERT INTO E_g VALUES (2095, 154, 297, 'knows');

INSERT INTO EP_g VALUES (2095, 'since', '2013');

INSERT INTO EP_g VALUES (2095, 'relationship', 'colleague');

INSERT INTO EP_g VALUES (2095, 'contact_frequency', 'rarely');

INSERT INTO E_g VALUES (2096, 154, 3, 'knows');

INSERT INTO EP_g VALUES (2096, 'since', '2021');

INSERT INTO EP_g VALUES (2096, 'relationship', 'friend');

INSERT INTO EP_g VALUES (2096, 'contact_frequency', 'rarely');

INSERT INTO E_g VALUES (2097, 154, 242, 'knows');

INSERT INTO EP_g VALUES (2097, 'since', '2023');

INSERT INTO EP_g VALUES (2097, 'relationship', 'colleague');

INSERT INTO EP_g VALUES (2097, 'contact_frequency', 'daily');

INSERT INTO E_g VALUES (2098, 154, 244, 'knows');

INSERT INTO EP_g VALUES (2098, 'since', '2014');

INSERT INTO EP_g VALUES (2098, 'relationship', 'acquaintance');

INSERT INTO EP_g VALUES (2098, 'contact_frequency', 'monthly');

INSERT INTO E_g VALUES (2099, 154, 54, 'knows');

INSERT INTO EP_g VALUES (2099, 'since', '2011');

INSERT INTO EP_g VALUES (2099, 'relationship', 'acquaintance');

INSERT INTO EP_g VALUES (2099, 'contact_frequency', 'monthly');

INSERT INTO E_g VALUES (2100, 154, 229, 'knows');

INSERT INTO EP_g VALUES (2100, 'since', '2010');

INSERT INTO EP_g VALUES (2100, 'relationship', 'friend');

INSERT INTO EP_g VALUES (2100, 'contact_frequency', 'rarely');

INSERT INTO E_g VALUES (2101, 155, 83, 'knows');

INSERT INTO EP_g VALUES (2101, 'since', '2012');

INSERT INTO EP_g VALUES (2101, 'relationship', 'acquaintance');

INSERT INTO EP_g VALUES (2101, 'contact_frequency', 'monthly');

INSERT INTO E_g VALUES (2102, 155, 174, 'knows');

INSERT INTO EP_g VALUES (2102, 'since', '2017');

INSERT INTO EP_g VALUES (2102, 'relationship', 'colleague');

INSERT INTO EP_g VALUES (2102, 'contact_frequency', 'rarely');

INSERT INTO E_g VALUES (2103, 155, 271, 'knows');

INSERT INTO EP_g VALUES (2103, 'since', '2021');

INSERT INTO EP_g VALUES (2103, 'relationship', 'colleague');

INSERT INTO EP_g VALUES (2103, 'contact_frequency', 'monthly');

INSERT INTO E_g VALUES (2104, 155, 81, 'knows');

INSERT INTO EP_g VALUES (2104, 'since', '2019');

INSERT INTO EP_g VALUES (2104, 'relationship', 'colleague');

INSERT INTO EP_g VALUES (2104, 'contact_frequency', 'monthly');

INSERT INTO E_g VALUES (2105, 155, 287, 'knows');

INSERT INTO EP_g VALUES (2105, 'since', '2021');

INSERT INTO EP_g VALUES (2105, 'relationship', 'family');

INSERT INTO EP_g VALUES (2105, 'contact_frequency', 'monthly');

INSERT INTO E_g VALUES (2106, 156, 282, 'knows');

INSERT INTO EP_g VALUES (2106, 'since', '2019');

INSERT INTO EP_g VALUES (2106, 'relationship', 'colleague');

INSERT INTO EP_g VALUES (2106, 'contact_frequency', 'daily');

INSERT INTO E_g VALUES (2107, 156, 118, 'knows');

INSERT INTO EP_g VALUES (2107, 'since', '2022');

INSERT INTO EP_g VALUES (2107, 'relationship', 'colleague');

INSERT INTO EP_g VALUES (2107, 'contact_frequency', 'weekly');

INSERT INTO E_g VALUES (2108, 156, 57, 'knows');

INSERT INTO EP_g VALUES (2108, 'since', '2023');

INSERT INTO EP_g VALUES (2108, 'relationship', 'acquaintance');

INSERT INTO EP_g VALUES (2108, 'contact_frequency', 'weekly');

INSERT INTO E_g VALUES (2109, 157, 300, 'knows');

INSERT INTO EP_g VALUES (2109, 'since', '2023');

INSERT INTO EP_g VALUES (2109, 'relationship', 'colleague');

INSERT INTO EP_g VALUES (2109, 'contact_frequency', 'monthly');

INSERT INTO E_g VALUES (2110, 157, 165, 'knows');

INSERT INTO EP_g VALUES (2110, 'since', '2014');

INSERT INTO EP_g VALUES (2110, 'relationship', 'acquaintance');

INSERT INTO EP_g VALUES (2110, 'contact_frequency', 'daily');

INSERT INTO E_g VALUES (2111, 157, 54, 'knows');

INSERT INTO EP_g VALUES (2111, 'since', '2014');

INSERT INTO EP_g VALUES (2111, 'relationship', 'colleague');

INSERT INTO EP_g VALUES (2111, 'contact_frequency', 'rarely');

INSERT INTO E_g VALUES (2112, 157, 295, 'knows');

INSERT INTO EP_g VALUES (2112, 'since', '2011');

INSERT INTO EP_g VALUES (2112, 'relationship', 'friend');

INSERT INTO EP_g VALUES (2112, 'contact_frequency', 'rarely');

INSERT INTO E_g VALUES (2113, 157, 31, 'knows');

INSERT INTO EP_g VALUES (2113, 'since', '2024');

INSERT INTO EP_g VALUES (2113, 'relationship', 'acquaintance');

INSERT INTO EP_g VALUES (2113, 'contact_frequency', 'rarely');

INSERT INTO E_g VALUES (2114, 157, 238, 'knows');

INSERT INTO EP_g VALUES (2114, 'since', '2010');

INSERT INTO EP_g VALUES (2114, 'relationship', 'friend');

INSERT INTO EP_g VALUES (2114, 'contact_frequency', 'rarely');

INSERT INTO E_g VALUES (2115, 157, 271, 'knows');

INSERT INTO EP_g VALUES (2115, 'since', '2010');

INSERT INTO EP_g VALUES (2115, 'relationship', 'friend');

INSERT INTO EP_g VALUES (2115, 'contact_frequency', 'monthly');

INSERT INTO E_g VALUES (2116, 158, 107, 'knows');

INSERT INTO EP_g VALUES (2116, 'since', '2019');

INSERT INTO EP_g VALUES (2116, 'relationship', 'acquaintance');

INSERT INTO EP_g VALUES (2116, 'contact_frequency', 'daily');

INSERT INTO E_g VALUES (2117, 158, 128, 'knows');

INSERT INTO EP_g VALUES (2117, 'since', '2016');

INSERT INTO EP_g VALUES (2117, 'relationship', 'family');

INSERT INTO EP_g VALUES (2117, 'contact_frequency', 'daily');

INSERT INTO E_g VALUES (2118, 158, 42, 'knows');

INSERT INTO EP_g VALUES (2118, 'since', '2013');

INSERT INTO EP_g VALUES (2118, 'relationship', 'family');

INSERT INTO EP_g VALUES (2118, 'contact_frequency', 'daily');

INSERT INTO E_g VALUES (2119, 158, 234, 'knows');

INSERT INTO EP_g VALUES (2119, 'since', '2021');

INSERT INTO EP_g VALUES (2119, 'relationship', 'colleague');

INSERT INTO EP_g VALUES (2119, 'contact_frequency', 'weekly');

INSERT INTO E_g VALUES (2120, 158, 210, 'knows');

INSERT INTO EP_g VALUES (2120, 'since', '2024');

INSERT INTO EP_g VALUES (2120, 'relationship', 'acquaintance');

INSERT INTO EP_g VALUES (2120, 'contact_frequency', 'daily');

INSERT INTO E_g VALUES (2121, 159, 254, 'knows');

INSERT INTO EP_g VALUES (2121, 'since', '2018');

INSERT INTO EP_g VALUES (2121, 'relationship', 'colleague');

INSERT INTO EP_g VALUES (2121, 'contact_frequency', 'weekly');

INSERT INTO E_g VALUES (2122, 159, 12, 'knows');

INSERT INTO EP_g VALUES (2122, 'since', '2024');

INSERT INTO EP_g VALUES (2122, 'relationship', 'colleague');

INSERT INTO EP_g VALUES (2122, 'contact_frequency', 'daily');

INSERT INTO E_g VALUES (2123, 159, 275, 'knows');

INSERT INTO EP_g VALUES (2123, 'since', '2019');

INSERT INTO EP_g VALUES (2123, 'relationship', 'family');

INSERT INTO EP_g VALUES (2123, 'contact_frequency', 'monthly');

INSERT INTO E_g VALUES (2124, 159, 7, 'knows');

INSERT INTO EP_g VALUES (2124, 'since', '2013');

INSERT INTO EP_g VALUES (2124, 'relationship', 'colleague');

INSERT INTO EP_g VALUES (2124, 'contact_frequency', 'daily');

INSERT INTO E_g VALUES (2125, 159, 136, 'knows');

INSERT INTO EP_g VALUES (2125, 'since', '2021');

INSERT INTO EP_g VALUES (2125, 'relationship', 'friend');

INSERT INTO EP_g VALUES (2125, 'contact_frequency', 'monthly');

INSERT INTO E_g VALUES (2126, 160, 139, 'knows');

INSERT INTO EP_g VALUES (2126, 'since', '2020');

INSERT INTO EP_g VALUES (2126, 'relationship', 'acquaintance');

INSERT INTO EP_g VALUES (2126, 'contact_frequency', 'daily');

INSERT INTO E_g VALUES (2127, 160, 270, 'knows');

INSERT INTO EP_g VALUES (2127, 'since', '2016');

INSERT INTO EP_g VALUES (2127, 'relationship', 'friend');

INSERT INTO EP_g VALUES (2127, 'contact_frequency', 'monthly');

INSERT INTO E_g VALUES (2128, 160, 155, 'knows');

INSERT INTO EP_g VALUES (2128, 'since', '2019');

INSERT INTO EP_g VALUES (2128, 'relationship', 'colleague');

INSERT INTO EP_g VALUES (2128, 'contact_frequency', 'daily');

INSERT INTO E_g VALUES (2129, 160, 220, 'knows');

INSERT INTO EP_g VALUES (2129, 'since', '2021');

INSERT INTO EP_g VALUES (2129, 'relationship', 'friend');

INSERT INTO EP_g VALUES (2129, 'contact_frequency', 'daily');

INSERT INTO E_g VALUES (2130, 160, 214, 'knows');

INSERT INTO EP_g VALUES (2130, 'since', '2019');

INSERT INTO EP_g VALUES (2130, 'relationship', 'acquaintance');

INSERT INTO EP_g VALUES (2130, 'contact_frequency', 'daily');

INSERT INTO E_g VALUES (2131, 160, 86, 'knows');

INSERT INTO EP_g VALUES (2131, 'since', '2021');

INSERT INTO EP_g VALUES (2131, 'relationship', 'family');

INSERT INTO EP_g VALUES (2131, 'contact_frequency', 'rarely');

INSERT INTO E_g VALUES (2132, 160, 264, 'knows');

INSERT INTO EP_g VALUES (2132, 'since', '2016');

INSERT INTO EP_g VALUES (2132, 'relationship', 'family');

INSERT INTO EP_g VALUES (2132, 'contact_frequency', 'monthly');

INSERT INTO E_g VALUES (2133, 160, 172, 'knows');

INSERT INTO EP_g VALUES (2133, 'since', '2018');

INSERT INTO EP_g VALUES (2133, 'relationship', 'family');

INSERT INTO EP_g VALUES (2133, 'contact_frequency', 'daily');

INSERT INTO E_g VALUES (2134, 160, 59, 'knows');

INSERT INTO EP_g VALUES (2134, 'since', '2016');

INSERT INTO EP_g VALUES (2134, 'relationship', 'acquaintance');

INSERT INTO EP_g VALUES (2134, 'contact_frequency', 'weekly');

INSERT INTO E_g VALUES (2135, 160, 191, 'knows');

INSERT INTO EP_g VALUES (2135, 'since', '2014');

INSERT INTO EP_g VALUES (2135, 'relationship', 'family');

INSERT INTO EP_g VALUES (2135, 'contact_frequency', 'rarely');

INSERT INTO E_g VALUES (2136, 161, 183, 'knows');

INSERT INTO EP_g VALUES (2136, 'since', '2019');

INSERT INTO EP_g VALUES (2136, 'relationship', 'colleague');

INSERT INTO EP_g VALUES (2136, 'contact_frequency', 'monthly');

INSERT INTO E_g VALUES (2137, 161, 143, 'knows');

INSERT INTO EP_g VALUES (2137, 'since', '2017');

INSERT INTO EP_g VALUES (2137, 'relationship', 'acquaintance');

INSERT INTO EP_g VALUES (2137, 'contact_frequency', 'weekly');

INSERT INTO E_g VALUES (2138, 161, 206, 'knows');

INSERT INTO EP_g VALUES (2138, 'since', '2022');

INSERT INTO EP_g VALUES (2138, 'relationship', 'friend');

INSERT INTO EP_g VALUES (2138, 'contact_frequency', 'rarely');

INSERT INTO E_g VALUES (2139, 161, 72, 'knows');

INSERT INTO EP_g VALUES (2139, 'since', '2021');

INSERT INTO EP_g VALUES (2139, 'relationship', 'family');

INSERT INTO EP_g VALUES (2139, 'contact_frequency', 'weekly');

INSERT INTO E_g VALUES (2140, 162, 285, 'knows');

INSERT INTO EP_g VALUES (2140, 'since', '2020');

INSERT INTO EP_g VALUES (2140, 'relationship', 'colleague');

INSERT INTO EP_g VALUES (2140, 'contact_frequency', 'weekly');

INSERT INTO E_g VALUES (2141, 162, 147, 'knows');

INSERT INTO EP_g VALUES (2141, 'since', '2014');

INSERT INTO EP_g VALUES (2141, 'relationship', 'family');

INSERT INTO EP_g VALUES (2141, 'contact_frequency', 'weekly');

INSERT INTO E_g VALUES (2142, 162, 11, 'knows');

INSERT INTO EP_g VALUES (2142, 'since', '2020');

INSERT INTO EP_g VALUES (2142, 'relationship', 'family');

INSERT INTO EP_g VALUES (2142, 'contact_frequency', 'weekly');

INSERT INTO E_g VALUES (2143, 162, 124, 'knows');

INSERT INTO EP_g VALUES (2143, 'since', '2023');

INSERT INTO EP_g VALUES (2143, 'relationship', 'colleague');

INSERT INTO EP_g VALUES (2143, 'contact_frequency', 'rarely');

INSERT INTO E_g VALUES (2144, 162, 88, 'knows');

INSERT INTO EP_g VALUES (2144, 'since', '2024');

INSERT INTO EP_g VALUES (2144, 'relationship', 'colleague');

INSERT INTO EP_g VALUES (2144, 'contact_frequency', 'weekly');

INSERT INTO E_g VALUES (2145, 162, 199, 'knows');

INSERT INTO EP_g VALUES (2145, 'since', '2019');

INSERT INTO EP_g VALUES (2145, 'relationship', 'friend');

INSERT INTO EP_g VALUES (2145, 'contact_frequency', 'rarely');

INSERT INTO E_g VALUES (2146, 162, 243, 'knows');

INSERT INTO EP_g VALUES (2146, 'since', '2016');

INSERT INTO EP_g VALUES (2146, 'relationship', 'friend');

INSERT INTO EP_g VALUES (2146, 'contact_frequency', 'daily');

INSERT INTO E_g VALUES (2147, 163, 264, 'knows');

INSERT INTO EP_g VALUES (2147, 'since', '2013');

INSERT INTO EP_g VALUES (2147, 'relationship', 'colleague');

INSERT INTO EP_g VALUES (2147, 'contact_frequency', 'weekly');

INSERT INTO E_g VALUES (2148, 163, 173, 'knows');

INSERT INTO EP_g VALUES (2148, 'since', '2022');

INSERT INTO EP_g VALUES (2148, 'relationship', 'family');

INSERT INTO EP_g VALUES (2148, 'contact_frequency', 'monthly');

INSERT INTO E_g VALUES (2149, 163, 118, 'knows');

INSERT INTO EP_g VALUES (2149, 'since', '2015');

INSERT INTO EP_g VALUES (2149, 'relationship', 'family');

INSERT INTO EP_g VALUES (2149, 'contact_frequency', 'daily');

INSERT INTO E_g VALUES (2150, 164, 260, 'knows');

INSERT INTO EP_g VALUES (2150, 'since', '2014');

INSERT INTO EP_g VALUES (2150, 'relationship', 'family');

INSERT INTO EP_g VALUES (2150, 'contact_frequency', 'daily');

INSERT INTO E_g VALUES (2151, 164, 127, 'knows');

INSERT INTO EP_g VALUES (2151, 'since', '2012');

INSERT INTO EP_g VALUES (2151, 'relationship', 'colleague');

INSERT INTO EP_g VALUES (2151, 'contact_frequency', 'weekly');

INSERT INTO E_g VALUES (2152, 164, 122, 'knows');

INSERT INTO EP_g VALUES (2152, 'since', '2020');

INSERT INTO EP_g VALUES (2152, 'relationship', 'friend');

INSERT INTO EP_g VALUES (2152, 'contact_frequency', 'monthly');

INSERT INTO E_g VALUES (2153, 164, 111, 'knows');

INSERT INTO EP_g VALUES (2153, 'since', '2013');

INSERT INTO EP_g VALUES (2153, 'relationship', 'acquaintance');

INSERT INTO EP_g VALUES (2153, 'contact_frequency', 'rarely');

INSERT INTO E_g VALUES (2154, 164, 263, 'knows');

INSERT INTO EP_g VALUES (2154, 'since', '2016');

INSERT INTO EP_g VALUES (2154, 'relationship', 'acquaintance');

INSERT INTO EP_g VALUES (2154, 'contact_frequency', 'rarely');

INSERT INTO E_g VALUES (2155, 164, 124, 'knows');

INSERT INTO EP_g VALUES (2155, 'since', '2010');

INSERT INTO EP_g VALUES (2155, 'relationship', 'family');

INSERT INTO EP_g VALUES (2155, 'contact_frequency', 'daily');

INSERT INTO E_g VALUES (2156, 164, 198, 'knows');

INSERT INTO EP_g VALUES (2156, 'since', '2022');

INSERT INTO EP_g VALUES (2156, 'relationship', 'colleague');

INSERT INTO EP_g VALUES (2156, 'contact_frequency', 'daily');

INSERT INTO E_g VALUES (2157, 164, 78, 'knows');

INSERT INTO EP_g VALUES (2157, 'since', '2012');

INSERT INTO EP_g VALUES (2157, 'relationship', 'colleague');

INSERT INTO EP_g VALUES (2157, 'contact_frequency', 'daily');

INSERT INTO E_g VALUES (2158, 164, 154, 'knows');

INSERT INTO EP_g VALUES (2158, 'since', '2022');

INSERT INTO EP_g VALUES (2158, 'relationship', 'family');

INSERT INTO EP_g VALUES (2158, 'contact_frequency', 'rarely');

INSERT INTO E_g VALUES (2159, 165, 107, 'knows');

INSERT INTO EP_g VALUES (2159, 'since', '2020');

INSERT INTO EP_g VALUES (2159, 'relationship', 'friend');

INSERT INTO EP_g VALUES (2159, 'contact_frequency', 'monthly');

INSERT INTO E_g VALUES (2160, 165, 82, 'knows');

INSERT INTO EP_g VALUES (2160, 'since', '2014');

INSERT INTO EP_g VALUES (2160, 'relationship', 'acquaintance');

INSERT INTO EP_g VALUES (2160, 'contact_frequency', 'monthly');

INSERT INTO E_g VALUES (2161, 165, 91, 'knows');

INSERT INTO EP_g VALUES (2161, 'since', '2010');

INSERT INTO EP_g VALUES (2161, 'relationship', 'acquaintance');

INSERT INTO EP_g VALUES (2161, 'contact_frequency', 'rarely');

INSERT INTO E_g VALUES (2162, 165, 263, 'knows');

INSERT INTO EP_g VALUES (2162, 'since', '2012');

INSERT INTO EP_g VALUES (2162, 'relationship', 'friend');

INSERT INTO EP_g VALUES (2162, 'contact_frequency', 'rarely');

INSERT INTO E_g VALUES (2163, 165, 22, 'knows');

INSERT INTO EP_g VALUES (2163, 'since', '2015');

INSERT INTO EP_g VALUES (2163, 'relationship', 'family');

INSERT INTO EP_g VALUES (2163, 'contact_frequency', 'rarely');

INSERT INTO E_g VALUES (2164, 165, 38, 'knows');

INSERT INTO EP_g VALUES (2164, 'since', '2013');

INSERT INTO EP_g VALUES (2164, 'relationship', 'family');

INSERT INTO EP_g VALUES (2164, 'contact_frequency', 'daily');

INSERT INTO E_g VALUES (2165, 165, 180, 'knows');

INSERT INTO EP_g VALUES (2165, 'since', '2015');

INSERT INTO EP_g VALUES (2165, 'relationship', 'colleague');

INSERT INTO EP_g VALUES (2165, 'contact_frequency', 'rarely');

INSERT INTO E_g VALUES (2166, 166, 239, 'knows');

INSERT INTO EP_g VALUES (2166, 'since', '2016');

INSERT INTO EP_g VALUES (2166, 'relationship', 'friend');

INSERT INTO EP_g VALUES (2166, 'contact_frequency', 'weekly');

INSERT INTO E_g VALUES (2167, 166, 188, 'knows');

INSERT INTO EP_g VALUES (2167, 'since', '2015');

INSERT INTO EP_g VALUES (2167, 'relationship', 'acquaintance');

INSERT INTO EP_g VALUES (2167, 'contact_frequency', 'monthly');

INSERT INTO E_g VALUES (2168, 166, 70, 'knows');

INSERT INTO EP_g VALUES (2168, 'since', '2016');

INSERT INTO EP_g VALUES (2168, 'relationship', 'acquaintance');

INSERT INTO EP_g VALUES (2168, 'contact_frequency', 'monthly');

INSERT INTO E_g VALUES (2169, 166, 10, 'knows');

INSERT INTO EP_g VALUES (2169, 'since', '2022');

INSERT INTO EP_g VALUES (2169, 'relationship', 'acquaintance');

INSERT INTO EP_g VALUES (2169, 'contact_frequency', 'weekly');

INSERT INTO E_g VALUES (2170, 166, 249, 'knows');

INSERT INTO EP_g VALUES (2170, 'since', '2019');

INSERT INTO EP_g VALUES (2170, 'relationship', 'colleague');

INSERT INTO EP_g VALUES (2170, 'contact_frequency', 'monthly');

INSERT INTO E_g VALUES (2171, 166, 167, 'knows');

INSERT INTO EP_g VALUES (2171, 'since', '2010');

INSERT INTO EP_g VALUES (2171, 'relationship', 'family');

INSERT INTO EP_g VALUES (2171, 'contact_frequency', 'monthly');

INSERT INTO E_g VALUES (2172, 166, 230, 'knows');

INSERT INTO EP_g VALUES (2172, 'since', '2017');

INSERT INTO EP_g VALUES (2172, 'relationship', 'friend');

INSERT INTO EP_g VALUES (2172, 'contact_frequency', 'daily');

INSERT INTO E_g VALUES (2173, 166, 50, 'knows');

INSERT INTO EP_g VALUES (2173, 'since', '2021');

INSERT INTO EP_g VALUES (2173, 'relationship', 'friend');

INSERT INTO EP_g VALUES (2173, 'contact_frequency', 'rarely');

INSERT INTO E_g VALUES (2174, 166, 149, 'knows');

INSERT INTO EP_g VALUES (2174, 'since', '2020');

INSERT INTO EP_g VALUES (2174, 'relationship', 'acquaintance');

INSERT INTO EP_g VALUES (2174, 'contact_frequency', 'daily');

INSERT INTO E_g VALUES (2175, 167, 185, 'knows');

INSERT INTO EP_g VALUES (2175, 'since', '2024');

INSERT INTO EP_g VALUES (2175, 'relationship', 'acquaintance');

INSERT INTO EP_g VALUES (2175, 'contact_frequency', 'rarely');

INSERT INTO E_g VALUES (2176, 167, 13, 'knows');

INSERT INTO EP_g VALUES (2176, 'since', '2020');

INSERT INTO EP_g VALUES (2176, 'relationship', 'friend');

INSERT INTO EP_g VALUES (2176, 'contact_frequency', 'weekly');

INSERT INTO E_g VALUES (2177, 167, 256, 'knows');

INSERT INTO EP_g VALUES (2177, 'since', '2015');

INSERT INTO EP_g VALUES (2177, 'relationship', 'friend');

INSERT INTO EP_g VALUES (2177, 'contact_frequency', 'daily');

INSERT INTO E_g VALUES (2178, 167, 276, 'knows');

INSERT INTO EP_g VALUES (2178, 'since', '2023');

INSERT INTO EP_g VALUES (2178, 'relationship', 'colleague');

INSERT INTO EP_g VALUES (2178, 'contact_frequency', 'rarely');

INSERT INTO E_g VALUES (2179, 167, 233, 'knows');

INSERT INTO EP_g VALUES (2179, 'since', '2010');

INSERT INTO EP_g VALUES (2179, 'relationship', 'friend');

INSERT INTO EP_g VALUES (2179, 'contact_frequency', 'weekly');

INSERT INTO E_g VALUES (2180, 167, 32, 'knows');

INSERT INTO EP_g VALUES (2180, 'since', '2023');

INSERT INTO EP_g VALUES (2180, 'relationship', 'family');

INSERT INTO EP_g VALUES (2180, 'contact_frequency', 'rarely');

INSERT INTO E_g VALUES (2181, 168, 110, 'knows');

INSERT INTO EP_g VALUES (2181, 'since', '2021');

INSERT INTO EP_g VALUES (2181, 'relationship', 'acquaintance');

INSERT INTO EP_g VALUES (2181, 'contact_frequency', 'daily');

INSERT INTO E_g VALUES (2182, 168, 250, 'knows');

INSERT INTO EP_g VALUES (2182, 'since', '2015');

INSERT INTO EP_g VALUES (2182, 'relationship', 'family');

INSERT INTO EP_g VALUES (2182, 'contact_frequency', 'weekly');

INSERT INTO E_g VALUES (2183, 168, 66, 'knows');

INSERT INTO EP_g VALUES (2183, 'since', '2024');

INSERT INTO EP_g VALUES (2183, 'relationship', 'colleague');

INSERT INTO EP_g VALUES (2183, 'contact_frequency', 'weekly');

INSERT INTO E_g VALUES (2184, 168, 138, 'knows');

INSERT INTO EP_g VALUES (2184, 'since', '2023');

INSERT INTO EP_g VALUES (2184, 'relationship', 'family');

INSERT INTO EP_g VALUES (2184, 'contact_frequency', 'daily');

INSERT INTO E_g VALUES (2185, 169, 80, 'knows');

INSERT INTO EP_g VALUES (2185, 'since', '2022');

INSERT INTO EP_g VALUES (2185, 'relationship', 'friend');

INSERT INTO EP_g VALUES (2185, 'contact_frequency', 'daily');

INSERT INTO E_g VALUES (2186, 169, 153, 'knows');

INSERT INTO EP_g VALUES (2186, 'since', '2019');

INSERT INTO EP_g VALUES (2186, 'relationship', 'colleague');

INSERT INTO EP_g VALUES (2186, 'contact_frequency', 'weekly');

INSERT INTO E_g VALUES (2187, 169, 210, 'knows');

INSERT INTO EP_g VALUES (2187, 'since', '2010');

INSERT INTO EP_g VALUES (2187, 'relationship', 'acquaintance');

INSERT INTO EP_g VALUES (2187, 'contact_frequency', 'weekly');

INSERT INTO E_g VALUES (2188, 169, 183, 'knows');

INSERT INTO EP_g VALUES (2188, 'since', '2019');

INSERT INTO EP_g VALUES (2188, 'relationship', 'acquaintance');

INSERT INTO EP_g VALUES (2188, 'contact_frequency', 'weekly');

INSERT INTO E_g VALUES (2189, 169, 250, 'knows');

INSERT INTO EP_g VALUES (2189, 'since', '2022');

INSERT INTO EP_g VALUES (2189, 'relationship', 'friend');

INSERT INTO EP_g VALUES (2189, 'contact_frequency', 'weekly');

INSERT INTO E_g VALUES (2190, 169, 20, 'knows');

INSERT INTO EP_g VALUES (2190, 'since', '2011');

INSERT INTO EP_g VALUES (2190, 'relationship', 'colleague');

INSERT INTO EP_g VALUES (2190, 'contact_frequency', 'weekly');

INSERT INTO E_g VALUES (2191, 169, 31, 'knows');

INSERT INTO EP_g VALUES (2191, 'since', '2015');

INSERT INTO EP_g VALUES (2191, 'relationship', 'acquaintance');

INSERT INTO EP_g VALUES (2191, 'contact_frequency', 'rarely');

INSERT INTO E_g VALUES (2192, 169, 159, 'knows');

INSERT INTO EP_g VALUES (2192, 'since', '2014');

INSERT INTO EP_g VALUES (2192, 'relationship', 'friend');

INSERT INTO EP_g VALUES (2192, 'contact_frequency', 'daily');

INSERT INTO E_g VALUES (2193, 169, 58, 'knows');

INSERT INTO EP_g VALUES (2193, 'since', '2013');

INSERT INTO EP_g VALUES (2193, 'relationship', 'family');

INSERT INTO EP_g VALUES (2193, 'contact_frequency', 'monthly');

INSERT INTO E_g VALUES (2194, 169, 266, 'knows');

INSERT INTO EP_g VALUES (2194, 'since', '2011');

INSERT INTO EP_g VALUES (2194, 'relationship', 'acquaintance');

INSERT INTO EP_g VALUES (2194, 'contact_frequency', 'weekly');

INSERT INTO E_g VALUES (2195, 170, 206, 'knows');

INSERT INTO EP_g VALUES (2195, 'since', '2016');

INSERT INTO EP_g VALUES (2195, 'relationship', 'family');

INSERT INTO EP_g VALUES (2195, 'contact_frequency', 'weekly');

INSERT INTO E_g VALUES (2196, 170, 64, 'knows');

INSERT INTO EP_g VALUES (2196, 'since', '2013');

INSERT INTO EP_g VALUES (2196, 'relationship', 'family');

INSERT INTO EP_g VALUES (2196, 'contact_frequency', 'monthly');

INSERT INTO E_g VALUES (2197, 170, 208, 'knows');

INSERT INTO EP_g VALUES (2197, 'since', '2022');

INSERT INTO EP_g VALUES (2197, 'relationship', 'friend');

INSERT INTO EP_g VALUES (2197, 'contact_frequency', 'monthly');

INSERT INTO E_g VALUES (2198, 170, 71, 'knows');

INSERT INTO EP_g VALUES (2198, 'since', '2021');

INSERT INTO EP_g VALUES (2198, 'relationship', 'friend');

INSERT INTO EP_g VALUES (2198, 'contact_frequency', 'monthly');

INSERT INTO E_g VALUES (2199, 170, 290, 'knows');

INSERT INTO EP_g VALUES (2199, 'since', '2020');

INSERT INTO EP_g VALUES (2199, 'relationship', 'colleague');

INSERT INTO EP_g VALUES (2199, 'contact_frequency', 'weekly');

INSERT INTO E_g VALUES (2200, 170, 125, 'knows');

INSERT INTO EP_g VALUES (2200, 'since', '2021');

INSERT INTO EP_g VALUES (2200, 'relationship', 'colleague');

INSERT INTO EP_g VALUES (2200, 'contact_frequency', 'rarely');

INSERT INTO E_g VALUES (2201, 170, 12, 'knows');

INSERT INTO EP_g VALUES (2201, 'since', '2023');

INSERT INTO EP_g VALUES (2201, 'relationship', 'friend');

INSERT INTO EP_g VALUES (2201, 'contact_frequency', 'daily');

INSERT INTO E_g VALUES (2202, 170, 10, 'knows');

INSERT INTO EP_g VALUES (2202, 'since', '2022');

INSERT INTO EP_g VALUES (2202, 'relationship', 'acquaintance');

INSERT INTO EP_g VALUES (2202, 'contact_frequency', 'monthly');

INSERT INTO E_g VALUES (2203, 171, 125, 'knows');

INSERT INTO EP_g VALUES (2203, 'since', '2015');

INSERT INTO EP_g VALUES (2203, 'relationship', 'family');

INSERT INTO EP_g VALUES (2203, 'contact_frequency', 'rarely');

INSERT INTO E_g VALUES (2204, 171, 256, 'knows');

INSERT INTO EP_g VALUES (2204, 'since', '2020');

INSERT INTO EP_g VALUES (2204, 'relationship', 'colleague');

INSERT INTO EP_g VALUES (2204, 'contact_frequency', 'weekly');

INSERT INTO E_g VALUES (2205, 171, 95, 'knows');

INSERT INTO EP_g VALUES (2205, 'since', '2011');

INSERT INTO EP_g VALUES (2205, 'relationship', 'colleague');

INSERT INTO EP_g VALUES (2205, 'contact_frequency', 'weekly');

INSERT INTO E_g VALUES (2206, 171, 77, 'knows');

INSERT INTO EP_g VALUES (2206, 'since', '2013');

INSERT INTO EP_g VALUES (2206, 'relationship', 'family');

INSERT INTO EP_g VALUES (2206, 'contact_frequency', 'weekly');

INSERT INTO E_g VALUES (2207, 171, 219, 'knows');

INSERT INTO EP_g VALUES (2207, 'since', '2012');

INSERT INTO EP_g VALUES (2207, 'relationship', 'friend');

INSERT INTO EP_g VALUES (2207, 'contact_frequency', 'monthly');

INSERT INTO E_g VALUES (2208, 171, 109, 'knows');

INSERT INTO EP_g VALUES (2208, 'since', '2023');

INSERT INTO EP_g VALUES (2208, 'relationship', 'colleague');

INSERT INTO EP_g VALUES (2208, 'contact_frequency', 'rarely');

INSERT INTO E_g VALUES (2209, 171, 132, 'knows');

INSERT INTO EP_g VALUES (2209, 'since', '2022');

INSERT INTO EP_g VALUES (2209, 'relationship', 'friend');

INSERT INTO EP_g VALUES (2209, 'contact_frequency', 'weekly');

INSERT INTO E_g VALUES (2210, 171, 59, 'knows');

INSERT INTO EP_g VALUES (2210, 'since', '2015');

INSERT INTO EP_g VALUES (2210, 'relationship', 'friend');

INSERT INTO EP_g VALUES (2210, 'contact_frequency', 'monthly');

INSERT INTO E_g VALUES (2211, 172, 251, 'knows');

INSERT INTO EP_g VALUES (2211, 'since', '2020');

INSERT INTO EP_g VALUES (2211, 'relationship', 'acquaintance');

INSERT INTO EP_g VALUES (2211, 'contact_frequency', 'rarely');

INSERT INTO E_g VALUES (2212, 172, 46, 'knows');

INSERT INTO EP_g VALUES (2212, 'since', '2016');

INSERT INTO EP_g VALUES (2212, 'relationship', 'acquaintance');

INSERT INTO EP_g VALUES (2212, 'contact_frequency', 'daily');

INSERT INTO E_g VALUES (2213, 172, 84, 'knows');

INSERT INTO EP_g VALUES (2213, 'since', '2018');

INSERT INTO EP_g VALUES (2213, 'relationship', 'friend');

INSERT INTO EP_g VALUES (2213, 'contact_frequency', 'daily');

INSERT INTO E_g VALUES (2214, 172, 261, 'knows');

INSERT INTO EP_g VALUES (2214, 'since', '2020');

INSERT INTO EP_g VALUES (2214, 'relationship', 'friend');

INSERT INTO EP_g VALUES (2214, 'contact_frequency', 'rarely');

INSERT INTO E_g VALUES (2215, 172, 8, 'knows');

INSERT INTO EP_g VALUES (2215, 'since', '2011');

INSERT INTO EP_g VALUES (2215, 'relationship', 'friend');

INSERT INTO EP_g VALUES (2215, 'contact_frequency', 'rarely');

INSERT INTO E_g VALUES (2216, 172, 137, 'knows');

INSERT INTO EP_g VALUES (2216, 'since', '2017');

INSERT INTO EP_g VALUES (2216, 'relationship', 'colleague');

INSERT INTO EP_g VALUES (2216, 'contact_frequency', 'monthly');

INSERT INTO E_g VALUES (2217, 173, 134, 'knows');

INSERT INTO EP_g VALUES (2217, 'since', '2017');

INSERT INTO EP_g VALUES (2217, 'relationship', 'acquaintance');

INSERT INTO EP_g VALUES (2217, 'contact_frequency', 'monthly');

INSERT INTO E_g VALUES (2218, 173, 290, 'knows');

INSERT INTO EP_g VALUES (2218, 'since', '2012');

INSERT INTO EP_g VALUES (2218, 'relationship', 'family');

INSERT INTO EP_g VALUES (2218, 'contact_frequency', 'weekly');

INSERT INTO E_g VALUES (2219, 174, 38, 'knows');

INSERT INTO EP_g VALUES (2219, 'since', '2024');

INSERT INTO EP_g VALUES (2219, 'relationship', 'family');

INSERT INTO EP_g VALUES (2219, 'contact_frequency', 'weekly');

INSERT INTO E_g VALUES (2220, 174, 170, 'knows');

INSERT INTO EP_g VALUES (2220, 'since', '2020');

INSERT INTO EP_g VALUES (2220, 'relationship', 'family');

INSERT INTO EP_g VALUES (2220, 'contact_frequency', 'daily');

INSERT INTO E_g VALUES (2221, 174, 208, 'knows');

INSERT INTO EP_g VALUES (2221, 'since', '2022');

INSERT INTO EP_g VALUES (2221, 'relationship', 'acquaintance');

INSERT INTO EP_g VALUES (2221, 'contact_frequency', 'rarely');

INSERT INTO E_g VALUES (2222, 174, 163, 'knows');

INSERT INTO EP_g VALUES (2222, 'since', '2021');

INSERT INTO EP_g VALUES (2222, 'relationship', 'colleague');

INSERT INTO EP_g VALUES (2222, 'contact_frequency', 'rarely');

INSERT INTO E_g VALUES (2223, 175, 221, 'knows');

INSERT INTO EP_g VALUES (2223, 'since', '2019');

INSERT INTO EP_g VALUES (2223, 'relationship', 'family');

INSERT INTO EP_g VALUES (2223, 'contact_frequency', 'weekly');

INSERT INTO E_g VALUES (2224, 175, 220, 'knows');

INSERT INTO EP_g VALUES (2224, 'since', '2019');

INSERT INTO EP_g VALUES (2224, 'relationship', 'family');

INSERT INTO EP_g VALUES (2224, 'contact_frequency', 'rarely');

INSERT INTO E_g VALUES (2225, 175, 73, 'knows');

INSERT INTO EP_g VALUES (2225, 'since', '2014');

INSERT INTO EP_g VALUES (2225, 'relationship', 'colleague');

INSERT INTO EP_g VALUES (2225, 'contact_frequency', 'monthly');

INSERT INTO E_g VALUES (2226, 175, 245, 'knows');

INSERT INTO EP_g VALUES (2226, 'since', '2017');

INSERT INTO EP_g VALUES (2226, 'relationship', 'acquaintance');

INSERT INTO EP_g VALUES (2226, 'contact_frequency', 'monthly');

INSERT INTO E_g VALUES (2227, 175, 9, 'knows');

INSERT INTO EP_g VALUES (2227, 'since', '2023');

INSERT INTO EP_g VALUES (2227, 'relationship', 'family');

INSERT INTO EP_g VALUES (2227, 'contact_frequency', 'daily');

INSERT INTO E_g VALUES (2228, 175, 161, 'knows');

INSERT INTO EP_g VALUES (2228, 'since', '2018');

INSERT INTO EP_g VALUES (2228, 'relationship', 'friend');

INSERT INTO EP_g VALUES (2228, 'contact_frequency', 'monthly');

INSERT INTO E_g VALUES (2229, 175, 224, 'knows');

INSERT INTO EP_g VALUES (2229, 'since', '2024');

INSERT INTO EP_g VALUES (2229, 'relationship', 'friend');

INSERT INTO EP_g VALUES (2229, 'contact_frequency', 'rarely');

INSERT INTO E_g VALUES (2230, 176, 72, 'knows');

INSERT INTO EP_g VALUES (2230, 'since', '2011');

INSERT INTO EP_g VALUES (2230, 'relationship', 'friend');

INSERT INTO EP_g VALUES (2230, 'contact_frequency', 'rarely');

INSERT INTO E_g VALUES (2231, 176, 294, 'knows');

INSERT INTO EP_g VALUES (2231, 'since', '2011');

INSERT INTO EP_g VALUES (2231, 'relationship', 'acquaintance');

INSERT INTO EP_g VALUES (2231, 'contact_frequency', 'rarely');

INSERT INTO E_g VALUES (2232, 177, 220, 'knows');

INSERT INTO EP_g VALUES (2232, 'since', '2013');

INSERT INTO EP_g VALUES (2232, 'relationship', 'friend');

INSERT INTO EP_g VALUES (2232, 'contact_frequency', 'weekly');

INSERT INTO E_g VALUES (2233, 177, 271, 'knows');

INSERT INTO EP_g VALUES (2233, 'since', '2019');

INSERT INTO EP_g VALUES (2233, 'relationship', 'colleague');

INSERT INTO EP_g VALUES (2233, 'contact_frequency', 'daily');

INSERT INTO E_g VALUES (2234, 177, 254, 'knows');

INSERT INTO EP_g VALUES (2234, 'since', '2015');

INSERT INTO EP_g VALUES (2234, 'relationship', 'friend');

INSERT INTO EP_g VALUES (2234, 'contact_frequency', 'weekly');

INSERT INTO E_g VALUES (2235, 177, 119, 'knows');

INSERT INTO EP_g VALUES (2235, 'since', '2019');

INSERT INTO EP_g VALUES (2235, 'relationship', 'acquaintance');

INSERT INTO EP_g VALUES (2235, 'contact_frequency', 'monthly');

INSERT INTO E_g VALUES (2236, 177, 207, 'knows');

INSERT INTO EP_g VALUES (2236, 'since', '2018');

INSERT INTO EP_g VALUES (2236, 'relationship', 'family');

INSERT INTO EP_g VALUES (2236, 'contact_frequency', 'weekly');

INSERT INTO E_g VALUES (2237, 177, 272, 'knows');

INSERT INTO EP_g VALUES (2237, 'since', '2012');

INSERT INTO EP_g VALUES (2237, 'relationship', 'friend');

INSERT INTO EP_g VALUES (2237, 'contact_frequency', 'rarely');

INSERT INTO E_g VALUES (2238, 177, 239, 'knows');

INSERT INTO EP_g VALUES (2238, 'since', '2020');

INSERT INTO EP_g VALUES (2238, 'relationship', 'colleague');

INSERT INTO EP_g VALUES (2238, 'contact_frequency', 'daily');

INSERT INTO E_g VALUES (2239, 177, 142, 'knows');

INSERT INTO EP_g VALUES (2239, 'since', '2024');

INSERT INTO EP_g VALUES (2239, 'relationship', 'acquaintance');

INSERT INTO EP_g VALUES (2239, 'contact_frequency', 'rarely');

INSERT INTO E_g VALUES (2240, 177, 82, 'knows');

INSERT INTO EP_g VALUES (2240, 'since', '2014');

INSERT INTO EP_g VALUES (2240, 'relationship', 'colleague');

INSERT INTO EP_g VALUES (2240, 'contact_frequency', 'monthly');

INSERT INTO E_g VALUES (2241, 177, 76, 'knows');

INSERT INTO EP_g VALUES (2241, 'since', '2023');

INSERT INTO EP_g VALUES (2241, 'relationship', 'family');

INSERT INTO EP_g VALUES (2241, 'contact_frequency', 'rarely');

INSERT INTO E_g VALUES (2242, 178, 248, 'knows');

INSERT INTO EP_g VALUES (2242, 'since', '2011');

INSERT INTO EP_g VALUES (2242, 'relationship', 'friend');

INSERT INTO EP_g VALUES (2242, 'contact_frequency', 'weekly');

INSERT INTO E_g VALUES (2243, 178, 165, 'knows');

INSERT INTO EP_g VALUES (2243, 'since', '2013');

INSERT INTO EP_g VALUES (2243, 'relationship', 'family');

INSERT INTO EP_g VALUES (2243, 'contact_frequency', 'weekly');

INSERT INTO E_g VALUES (2244, 178, 298, 'knows');

INSERT INTO EP_g VALUES (2244, 'since', '2017');

INSERT INTO EP_g VALUES (2244, 'relationship', 'family');

INSERT INTO EP_g VALUES (2244, 'contact_frequency', 'daily');

INSERT INTO E_g VALUES (2245, 178, 290, 'knows');

INSERT INTO EP_g VALUES (2245, 'since', '2012');

INSERT INTO EP_g VALUES (2245, 'relationship', 'acquaintance');

INSERT INTO EP_g VALUES (2245, 'contact_frequency', 'weekly');

INSERT INTO E_g VALUES (2246, 178, 21, 'knows');

INSERT INTO EP_g VALUES (2246, 'since', '2010');

INSERT INTO EP_g VALUES (2246, 'relationship', 'acquaintance');

INSERT INTO EP_g VALUES (2246, 'contact_frequency', 'daily');

INSERT INTO E_g VALUES (2247, 179, 28, 'knows');

INSERT INTO EP_g VALUES (2247, 'since', '2024');

INSERT INTO EP_g VALUES (2247, 'relationship', 'acquaintance');

INSERT INTO EP_g VALUES (2247, 'contact_frequency', 'weekly');

INSERT INTO E_g VALUES (2248, 179, 130, 'knows');

INSERT INTO EP_g VALUES (2248, 'since', '2010');

INSERT INTO EP_g VALUES (2248, 'relationship', 'friend');

INSERT INTO EP_g VALUES (2248, 'contact_frequency', 'daily');

INSERT INTO E_g VALUES (2249, 179, 294, 'knows');

INSERT INTO EP_g VALUES (2249, 'since', '2014');

INSERT INTO EP_g VALUES (2249, 'relationship', 'colleague');

INSERT INTO EP_g VALUES (2249, 'contact_frequency', 'monthly');

INSERT INTO E_g VALUES (2250, 179, 38, 'knows');

INSERT INTO EP_g VALUES (2250, 'since', '2024');

INSERT INTO EP_g VALUES (2250, 'relationship', 'family');

INSERT INTO EP_g VALUES (2250, 'contact_frequency', 'monthly');

INSERT INTO E_g VALUES (2251, 179, 165, 'knows');

INSERT INTO EP_g VALUES (2251, 'since', '2012');

INSERT INTO EP_g VALUES (2251, 'relationship', 'acquaintance');

INSERT INTO EP_g VALUES (2251, 'contact_frequency', 'rarely');

INSERT INTO E_g VALUES (2252, 180, 270, 'knows');

INSERT INTO EP_g VALUES (2252, 'since', '2022');

INSERT INTO EP_g VALUES (2252, 'relationship', 'family');

INSERT INTO EP_g VALUES (2252, 'contact_frequency', 'monthly');

INSERT INTO E_g VALUES (2253, 180, 53, 'knows');

INSERT INTO EP_g VALUES (2253, 'since', '2010');

INSERT INTO EP_g VALUES (2253, 'relationship', 'family');

INSERT INTO EP_g VALUES (2253, 'contact_frequency', 'rarely');

INSERT INTO E_g VALUES (2254, 180, 115, 'knows');

INSERT INTO EP_g VALUES (2254, 'since', '2019');

INSERT INTO EP_g VALUES (2254, 'relationship', 'acquaintance');

INSERT INTO EP_g VALUES (2254, 'contact_frequency', 'daily');

INSERT INTO E_g VALUES (2255, 180, 298, 'knows');

INSERT INTO EP_g VALUES (2255, 'since', '2021');

INSERT INTO EP_g VALUES (2255, 'relationship', 'family');

INSERT INTO EP_g VALUES (2255, 'contact_frequency', 'rarely');

INSERT INTO E_g VALUES (2256, 180, 90, 'knows');

INSERT INTO EP_g VALUES (2256, 'since', '2018');

INSERT INTO EP_g VALUES (2256, 'relationship', 'family');

INSERT INTO EP_g VALUES (2256, 'contact_frequency', 'weekly');

INSERT INTO E_g VALUES (2257, 180, 40, 'knows');

INSERT INTO EP_g VALUES (2257, 'since', '2021');

INSERT INTO EP_g VALUES (2257, 'relationship', 'acquaintance');

INSERT INTO EP_g VALUES (2257, 'contact_frequency', 'rarely');

INSERT INTO E_g VALUES (2258, 180, 123, 'knows');

INSERT INTO EP_g VALUES (2258, 'since', '2016');

INSERT INTO EP_g VALUES (2258, 'relationship', 'friend');

INSERT INTO EP_g VALUES (2258, 'contact_frequency', 'rarely');

INSERT INTO E_g VALUES (2259, 180, 238, 'knows');

INSERT INTO EP_g VALUES (2259, 'since', '2017');

INSERT INTO EP_g VALUES (2259, 'relationship', 'colleague');

INSERT INTO EP_g VALUES (2259, 'contact_frequency', 'daily');

INSERT INTO E_g VALUES (2260, 180, 170, 'knows');

INSERT INTO EP_g VALUES (2260, 'since', '2010');

INSERT INTO EP_g VALUES (2260, 'relationship', 'acquaintance');

INSERT INTO EP_g VALUES (2260, 'contact_frequency', 'monthly');

INSERT INTO E_g VALUES (2261, 180, 204, 'knows');

INSERT INTO EP_g VALUES (2261, 'since', '2022');

INSERT INTO EP_g VALUES (2261, 'relationship', 'acquaintance');

INSERT INTO EP_g VALUES (2261, 'contact_frequency', 'daily');

INSERT INTO E_g VALUES (2262, 181, 30, 'knows');

INSERT INTO EP_g VALUES (2262, 'since', '2016');

INSERT INTO EP_g VALUES (2262, 'relationship', 'colleague');

INSERT INTO EP_g VALUES (2262, 'contact_frequency', 'weekly');

INSERT INTO E_g VALUES (2263, 181, 278, 'knows');

INSERT INTO EP_g VALUES (2263, 'since', '2022');

INSERT INTO EP_g VALUES (2263, 'relationship', 'acquaintance');

INSERT INTO EP_g VALUES (2263, 'contact_frequency', 'monthly');

INSERT INTO E_g VALUES (2264, 181, 59, 'knows');

INSERT INTO EP_g VALUES (2264, 'since', '2021');

INSERT INTO EP_g VALUES (2264, 'relationship', 'colleague');

INSERT INTO EP_g VALUES (2264, 'contact_frequency', 'rarely');

INSERT INTO E_g VALUES (2265, 181, 149, 'knows');

INSERT INTO EP_g VALUES (2265, 'since', '2012');

INSERT INTO EP_g VALUES (2265, 'relationship', 'colleague');

INSERT INTO EP_g VALUES (2265, 'contact_frequency', 'weekly');

INSERT INTO E_g VALUES (2266, 181, 201, 'knows');

INSERT INTO EP_g VALUES (2266, 'since', '2010');

INSERT INTO EP_g VALUES (2266, 'relationship', 'acquaintance');

INSERT INTO EP_g VALUES (2266, 'contact_frequency', 'monthly');

INSERT INTO E_g VALUES (2267, 181, 280, 'knows');

INSERT INTO EP_g VALUES (2267, 'since', '2017');

INSERT INTO EP_g VALUES (2267, 'relationship', 'family');

INSERT INTO EP_g VALUES (2267, 'contact_frequency', 'weekly');

INSERT INTO E_g VALUES (2268, 182, 238, 'knows');

INSERT INTO EP_g VALUES (2268, 'since', '2012');

INSERT INTO EP_g VALUES (2268, 'relationship', 'colleague');

INSERT INTO EP_g VALUES (2268, 'contact_frequency', 'daily');

INSERT INTO E_g VALUES (2269, 182, 179, 'knows');

INSERT INTO EP_g VALUES (2269, 'since', '2018');

INSERT INTO EP_g VALUES (2269, 'relationship', 'family');

INSERT INTO EP_g VALUES (2269, 'contact_frequency', 'monthly');

INSERT INTO E_g VALUES (2270, 183, 268, 'knows');

INSERT INTO EP_g VALUES (2270, 'since', '2013');

INSERT INTO EP_g VALUES (2270, 'relationship', 'family');

INSERT INTO EP_g VALUES (2270, 'contact_frequency', 'rarely');

INSERT INTO E_g VALUES (2271, 183, 126, 'knows');

INSERT INTO EP_g VALUES (2271, 'since', '2015');

INSERT INTO EP_g VALUES (2271, 'relationship', 'family');

INSERT INTO EP_g VALUES (2271, 'contact_frequency', 'rarely');

INSERT INTO E_g VALUES (2272, 183, 174, 'knows');

INSERT INTO EP_g VALUES (2272, 'since', '2013');

INSERT INTO EP_g VALUES (2272, 'relationship', 'family');

INSERT INTO EP_g VALUES (2272, 'contact_frequency', 'daily');

INSERT INTO E_g VALUES (2273, 183, 276, 'knows');

INSERT INTO EP_g VALUES (2273, 'since', '2013');

INSERT INTO EP_g VALUES (2273, 'relationship', 'family');

INSERT INTO EP_g VALUES (2273, 'contact_frequency', 'rarely');

INSERT INTO E_g VALUES (2274, 183, 18, 'knows');

INSERT INTO EP_g VALUES (2274, 'since', '2014');

INSERT INTO EP_g VALUES (2274, 'relationship', 'colleague');

INSERT INTO EP_g VALUES (2274, 'contact_frequency', 'monthly');

INSERT INTO E_g VALUES (2275, 184, 62, 'knows');

INSERT INTO EP_g VALUES (2275, 'since', '2013');

INSERT INTO EP_g VALUES (2275, 'relationship', 'friend');

INSERT INTO EP_g VALUES (2275, 'contact_frequency', 'daily');

INSERT INTO E_g VALUES (2276, 184, 29, 'knows');

INSERT INTO EP_g VALUES (2276, 'since', '2024');

INSERT INTO EP_g VALUES (2276, 'relationship', 'acquaintance');

INSERT INTO EP_g VALUES (2276, 'contact_frequency', 'weekly');

INSERT INTO E_g VALUES (2277, 184, 266, 'knows');

INSERT INTO EP_g VALUES (2277, 'since', '2024');

INSERT INTO EP_g VALUES (2277, 'relationship', 'acquaintance');

INSERT INTO EP_g VALUES (2277, 'contact_frequency', 'weekly');

INSERT INTO E_g VALUES (2278, 184, 298, 'knows');

INSERT INTO EP_g VALUES (2278, 'since', '2016');

INSERT INTO EP_g VALUES (2278, 'relationship', 'acquaintance');

INSERT INTO EP_g VALUES (2278, 'contact_frequency', 'weekly');

INSERT INTO E_g VALUES (2279, 184, 16, 'knows');

INSERT INTO EP_g VALUES (2279, 'since', '2017');

INSERT INTO EP_g VALUES (2279, 'relationship', 'friend');

INSERT INTO EP_g VALUES (2279, 'contact_frequency', 'daily');

INSERT INTO E_g VALUES (2280, 184, 14, 'knows');

INSERT INTO EP_g VALUES (2280, 'since', '2014');

INSERT INTO EP_g VALUES (2280, 'relationship', 'colleague');

INSERT INTO EP_g VALUES (2280, 'contact_frequency', 'rarely');

INSERT INTO E_g VALUES (2281, 184, 151, 'knows');

INSERT INTO EP_g VALUES (2281, 'since', '2024');

INSERT INTO EP_g VALUES (2281, 'relationship', 'acquaintance');

INSERT INTO EP_g VALUES (2281, 'contact_frequency', 'daily');

INSERT INTO E_g VALUES (2282, 184, 74, 'knows');

INSERT INTO EP_g VALUES (2282, 'since', '2019');

INSERT INTO EP_g VALUES (2282, 'relationship', 'acquaintance');

INSERT INTO EP_g VALUES (2282, 'contact_frequency', 'daily');

INSERT INTO E_g VALUES (2283, 184, 145, 'knows');

INSERT INTO EP_g VALUES (2283, 'since', '2013');

INSERT INTO EP_g VALUES (2283, 'relationship', 'colleague');

INSERT INTO EP_g VALUES (2283, 'contact_frequency', 'weekly');

INSERT INTO E_g VALUES (2284, 185, 113, 'knows');

INSERT INTO EP_g VALUES (2284, 'since', '2017');

INSERT INTO EP_g VALUES (2284, 'relationship', 'colleague');

INSERT INTO EP_g VALUES (2284, 'contact_frequency', 'rarely');

INSERT INTO E_g VALUES (2285, 185, 12, 'knows');

INSERT INTO EP_g VALUES (2285, 'since', '2013');

INSERT INTO EP_g VALUES (2285, 'relationship', 'acquaintance');

INSERT INTO EP_g VALUES (2285, 'contact_frequency', 'daily');

INSERT INTO E_g VALUES (2286, 185, 193, 'knows');

INSERT INTO EP_g VALUES (2286, 'since', '2010');

INSERT INTO EP_g VALUES (2286, 'relationship', 'acquaintance');

INSERT INTO EP_g VALUES (2286, 'contact_frequency', 'rarely');

INSERT INTO E_g VALUES (2287, 185, 6, 'knows');

INSERT INTO EP_g VALUES (2287, 'since', '2019');

INSERT INTO EP_g VALUES (2287, 'relationship', 'colleague');

INSERT INTO EP_g VALUES (2287, 'contact_frequency', 'weekly');

INSERT INTO E_g VALUES (2288, 185, 151, 'knows');

INSERT INTO EP_g VALUES (2288, 'since', '2013');

INSERT INTO EP_g VALUES (2288, 'relationship', 'acquaintance');

INSERT INTO EP_g VALUES (2288, 'contact_frequency', 'daily');

INSERT INTO E_g VALUES (2289, 185, 145, 'knows');

INSERT INTO EP_g VALUES (2289, 'since', '2023');

INSERT INTO EP_g VALUES (2289, 'relationship', 'family');

INSERT INTO EP_g VALUES (2289, 'contact_frequency', 'rarely');

INSERT INTO E_g VALUES (2290, 185, 160, 'knows');

INSERT INTO EP_g VALUES (2290, 'since', '2013');

INSERT INTO EP_g VALUES (2290, 'relationship', 'family');

INSERT INTO EP_g VALUES (2290, 'contact_frequency', 'weekly');

INSERT INTO E_g VALUES (2291, 185, 81, 'knows');

INSERT INTO EP_g VALUES (2291, 'since', '2021');

INSERT INTO EP_g VALUES (2291, 'relationship', 'colleague');

INSERT INTO EP_g VALUES (2291, 'contact_frequency', 'weekly');

INSERT INTO E_g VALUES (2292, 186, 130, 'knows');

INSERT INTO EP_g VALUES (2292, 'since', '2015');

INSERT INTO EP_g VALUES (2292, 'relationship', 'colleague');

INSERT INTO EP_g VALUES (2292, 'contact_frequency', 'weekly');

INSERT INTO E_g VALUES (2293, 186, 212, 'knows');

INSERT INTO EP_g VALUES (2293, 'since', '2023');

INSERT INTO EP_g VALUES (2293, 'relationship', 'friend');

INSERT INTO EP_g VALUES (2293, 'contact_frequency', 'weekly');

INSERT INTO E_g VALUES (2294, 186, 116, 'knows');

INSERT INTO EP_g VALUES (2294, 'since', '2010');

INSERT INTO EP_g VALUES (2294, 'relationship', 'family');

INSERT INTO EP_g VALUES (2294, 'contact_frequency', 'daily');

INSERT INTO E_g VALUES (2295, 186, 294, 'knows');

INSERT INTO EP_g VALUES (2295, 'since', '2022');

INSERT INTO EP_g VALUES (2295, 'relationship', 'friend');

INSERT INTO EP_g VALUES (2295, 'contact_frequency', 'daily');

INSERT INTO E_g VALUES (2296, 186, 275, 'knows');

INSERT INTO EP_g VALUES (2296, 'since', '2010');

INSERT INTO EP_g VALUES (2296, 'relationship', 'colleague');

INSERT INTO EP_g VALUES (2296, 'contact_frequency', 'weekly');

INSERT INTO E_g VALUES (2297, 186, 103, 'knows');

INSERT INTO EP_g VALUES (2297, 'since', '2014');

INSERT INTO EP_g VALUES (2297, 'relationship', 'colleague');

INSERT INTO EP_g VALUES (2297, 'contact_frequency', 'rarely');

INSERT INTO E_g VALUES (2298, 186, 43, 'knows');

INSERT INTO EP_g VALUES (2298, 'since', '2014');

INSERT INTO EP_g VALUES (2298, 'relationship', 'family');

INSERT INTO EP_g VALUES (2298, 'contact_frequency', 'monthly');

INSERT INTO E_g VALUES (2299, 186, 118, 'knows');

INSERT INTO EP_g VALUES (2299, 'since', '2010');

INSERT INTO EP_g VALUES (2299, 'relationship', 'family');

INSERT INTO EP_g VALUES (2299, 'contact_frequency', 'daily');

INSERT INTO E_g VALUES (2300, 187, 261, 'knows');

INSERT INTO EP_g VALUES (2300, 'since', '2014');

INSERT INTO EP_g VALUES (2300, 'relationship', 'acquaintance');

INSERT INTO EP_g VALUES (2300, 'contact_frequency', 'rarely');

INSERT INTO E_g VALUES (2301, 187, 20, 'knows');

INSERT INTO EP_g VALUES (2301, 'since', '2022');

INSERT INTO EP_g VALUES (2301, 'relationship', 'family');

INSERT INTO EP_g VALUES (2301, 'contact_frequency', 'daily');

INSERT INTO E_g VALUES (2302, 187, 38, 'knows');

INSERT INTO EP_g VALUES (2302, 'since', '2011');

INSERT INTO EP_g VALUES (2302, 'relationship', 'acquaintance');

INSERT INTO EP_g VALUES (2302, 'contact_frequency', 'daily');

INSERT INTO E_g VALUES (2303, 187, 202, 'knows');

INSERT INTO EP_g VALUES (2303, 'since', '2020');

INSERT INTO EP_g VALUES (2303, 'relationship', 'colleague');

INSERT INTO EP_g VALUES (2303, 'contact_frequency', 'monthly');

INSERT INTO E_g VALUES (2304, 188, 242, 'knows');

INSERT INTO EP_g VALUES (2304, 'since', '2013');

INSERT INTO EP_g VALUES (2304, 'relationship', 'friend');

INSERT INTO EP_g VALUES (2304, 'contact_frequency', 'weekly');

INSERT INTO E_g VALUES (2305, 188, 31, 'knows');

INSERT INTO EP_g VALUES (2305, 'since', '2023');

INSERT INTO EP_g VALUES (2305, 'relationship', 'family');

INSERT INTO EP_g VALUES (2305, 'contact_frequency', 'daily');

INSERT INTO E_g VALUES (2306, 188, 265, 'knows');

INSERT INTO EP_g VALUES (2306, 'since', '2012');

INSERT INTO EP_g VALUES (2306, 'relationship', 'colleague');

INSERT INTO EP_g VALUES (2306, 'contact_frequency', 'rarely');

INSERT INTO E_g VALUES (2307, 188, 288, 'knows');

INSERT INTO EP_g VALUES (2307, 'since', '2017');

INSERT INTO EP_g VALUES (2307, 'relationship', 'friend');

INSERT INTO EP_g VALUES (2307, 'contact_frequency', 'monthly');

INSERT INTO E_g VALUES (2308, 188, 77, 'knows');

INSERT INTO EP_g VALUES (2308, 'since', '2021');

INSERT INTO EP_g VALUES (2308, 'relationship', 'acquaintance');

INSERT INTO EP_g VALUES (2308, 'contact_frequency', 'rarely');

INSERT INTO E_g VALUES (2309, 188, 248, 'knows');

INSERT INTO EP_g VALUES (2309, 'since', '2021');

INSERT INTO EP_g VALUES (2309, 'relationship', 'friend');

INSERT INTO EP_g VALUES (2309, 'contact_frequency', 'weekly');

INSERT INTO E_g VALUES (2310, 188, 26, 'knows');

INSERT INTO EP_g VALUES (2310, 'since', '2019');

INSERT INTO EP_g VALUES (2310, 'relationship', 'acquaintance');

INSERT INTO EP_g VALUES (2310, 'contact_frequency', 'weekly');

INSERT INTO E_g VALUES (2311, 188, 286, 'knows');

INSERT INTO EP_g VALUES (2311, 'since', '2011');

INSERT INTO EP_g VALUES (2311, 'relationship', 'colleague');

INSERT INTO EP_g VALUES (2311, 'contact_frequency', 'rarely');

INSERT INTO E_g VALUES (2312, 189, 223, 'knows');

INSERT INTO EP_g VALUES (2312, 'since', '2017');

INSERT INTO EP_g VALUES (2312, 'relationship', 'friend');

INSERT INTO EP_g VALUES (2312, 'contact_frequency', 'daily');

INSERT INTO E_g VALUES (2313, 189, 111, 'knows');

INSERT INTO EP_g VALUES (2313, 'since', '2011');

INSERT INTO EP_g VALUES (2313, 'relationship', 'acquaintance');

INSERT INTO EP_g VALUES (2313, 'contact_frequency', 'rarely');

INSERT INTO E_g VALUES (2314, 189, 124, 'knows');

INSERT INTO EP_g VALUES (2314, 'since', '2016');

INSERT INTO EP_g VALUES (2314, 'relationship', 'acquaintance');

INSERT INTO EP_g VALUES (2314, 'contact_frequency', 'rarely');

INSERT INTO E_g VALUES (2315, 189, 231, 'knows');

INSERT INTO EP_g VALUES (2315, 'since', '2023');

INSERT INTO EP_g VALUES (2315, 'relationship', 'colleague');

INSERT INTO EP_g VALUES (2315, 'contact_frequency', 'rarely');

INSERT INTO E_g VALUES (2316, 189, 44, 'knows');

INSERT INTO EP_g VALUES (2316, 'since', '2011');

INSERT INTO EP_g VALUES (2316, 'relationship', 'friend');

INSERT INTO EP_g VALUES (2316, 'contact_frequency', 'weekly');

INSERT INTO E_g VALUES (2317, 189, 158, 'knows');

INSERT INTO EP_g VALUES (2317, 'since', '2017');

INSERT INTO EP_g VALUES (2317, 'relationship', 'friend');

INSERT INTO EP_g VALUES (2317, 'contact_frequency', 'rarely');

INSERT INTO E_g VALUES (2318, 189, 112, 'knows');

INSERT INTO EP_g VALUES (2318, 'since', '2014');

INSERT INTO EP_g VALUES (2318, 'relationship', 'family');

INSERT INTO EP_g VALUES (2318, 'contact_frequency', 'daily');

INSERT INTO E_g VALUES (2319, 190, 276, 'knows');

INSERT INTO EP_g VALUES (2319, 'since', '2010');

INSERT INTO EP_g VALUES (2319, 'relationship', 'acquaintance');

INSERT INTO EP_g VALUES (2319, 'contact_frequency', 'monthly');

INSERT INTO E_g VALUES (2320, 190, 35, 'knows');

INSERT INTO EP_g VALUES (2320, 'since', '2017');

INSERT INTO EP_g VALUES (2320, 'relationship', 'family');

INSERT INTO EP_g VALUES (2320, 'contact_frequency', 'daily');

INSERT INTO E_g VALUES (2321, 190, 230, 'knows');

INSERT INTO EP_g VALUES (2321, 'since', '2015');

INSERT INTO EP_g VALUES (2321, 'relationship', 'acquaintance');

INSERT INTO EP_g VALUES (2321, 'contact_frequency', 'monthly');

INSERT INTO E_g VALUES (2322, 190, 214, 'knows');

INSERT INTO EP_g VALUES (2322, 'since', '2017');

INSERT INTO EP_g VALUES (2322, 'relationship', 'family');

INSERT INTO EP_g VALUES (2322, 'contact_frequency', 'monthly');

INSERT INTO E_g VALUES (2323, 190, 130, 'knows');

INSERT INTO EP_g VALUES (2323, 'since', '2016');

INSERT INTO EP_g VALUES (2323, 'relationship', 'colleague');

INSERT INTO EP_g VALUES (2323, 'contact_frequency', 'daily');

INSERT INTO E_g VALUES (2324, 190, 95, 'knows');

INSERT INTO EP_g VALUES (2324, 'since', '2020');

INSERT INTO EP_g VALUES (2324, 'relationship', 'acquaintance');

INSERT INTO EP_g VALUES (2324, 'contact_frequency', 'rarely');

INSERT INTO E_g VALUES (2325, 190, 288, 'knows');

INSERT INTO EP_g VALUES (2325, 'since', '2010');

INSERT INTO EP_g VALUES (2325, 'relationship', 'colleague');

INSERT INTO EP_g VALUES (2325, 'contact_frequency', 'weekly');

INSERT INTO E_g VALUES (2326, 191, 136, 'knows');

INSERT INTO EP_g VALUES (2326, 'since', '2013');

INSERT INTO EP_g VALUES (2326, 'relationship', 'family');

INSERT INTO EP_g VALUES (2326, 'contact_frequency', 'rarely');

INSERT INTO E_g VALUES (2327, 191, 209, 'knows');

INSERT INTO EP_g VALUES (2327, 'since', '2019');

INSERT INTO EP_g VALUES (2327, 'relationship', 'family');

INSERT INTO EP_g VALUES (2327, 'contact_frequency', 'monthly');

INSERT INTO E_g VALUES (2328, 191, 217, 'knows');

INSERT INTO EP_g VALUES (2328, 'since', '2012');

INSERT INTO EP_g VALUES (2328, 'relationship', 'colleague');

INSERT INTO EP_g VALUES (2328, 'contact_frequency', 'rarely');

INSERT INTO E_g VALUES (2329, 191, 132, 'knows');

INSERT INTO EP_g VALUES (2329, 'since', '2011');

INSERT INTO EP_g VALUES (2329, 'relationship', 'family');

INSERT INTO EP_g VALUES (2329, 'contact_frequency', 'daily');

INSERT INTO E_g VALUES (2330, 191, 134, 'knows');

INSERT INTO EP_g VALUES (2330, 'since', '2023');

INSERT INTO EP_g VALUES (2330, 'relationship', 'colleague');

INSERT INTO EP_g VALUES (2330, 'contact_frequency', 'monthly');

INSERT INTO E_g VALUES (2331, 191, 277, 'knows');

INSERT INTO EP_g VALUES (2331, 'since', '2021');

INSERT INTO EP_g VALUES (2331, 'relationship', 'acquaintance');

INSERT INTO EP_g VALUES (2331, 'contact_frequency', 'monthly');

INSERT INTO E_g VALUES (2332, 191, 30, 'knows');

INSERT INTO EP_g VALUES (2332, 'since', '2013');

INSERT INTO EP_g VALUES (2332, 'relationship', 'friend');

INSERT INTO EP_g VALUES (2332, 'contact_frequency', 'daily');

INSERT INTO E_g VALUES (2333, 191, 216, 'knows');

INSERT INTO EP_g VALUES (2333, 'since', '2016');

INSERT INTO EP_g VALUES (2333, 'relationship', 'friend');

INSERT INTO EP_g VALUES (2333, 'contact_frequency', 'weekly');

INSERT INTO E_g VALUES (2334, 192, 164, 'knows');

INSERT INTO EP_g VALUES (2334, 'since', '2011');

INSERT INTO EP_g VALUES (2334, 'relationship', 'acquaintance');

INSERT INTO EP_g VALUES (2334, 'contact_frequency', 'rarely');

INSERT INTO E_g VALUES (2335, 192, 269, 'knows');

INSERT INTO EP_g VALUES (2335, 'since', '2011');

INSERT INTO EP_g VALUES (2335, 'relationship', 'colleague');

INSERT INTO EP_g VALUES (2335, 'contact_frequency', 'daily');

INSERT INTO E_g VALUES (2336, 192, 90, 'knows');

INSERT INTO EP_g VALUES (2336, 'since', '2015');

INSERT INTO EP_g VALUES (2336, 'relationship', 'colleague');

INSERT INTO EP_g VALUES (2336, 'contact_frequency', 'daily');

INSERT INTO E_g VALUES (2337, 193, 190, 'knows');

INSERT INTO EP_g VALUES (2337, 'since', '2023');

INSERT INTO EP_g VALUES (2337, 'relationship', 'friend');

INSERT INTO EP_g VALUES (2337, 'contact_frequency', 'rarely');

INSERT INTO E_g VALUES (2338, 193, 25, 'knows');

INSERT INTO EP_g VALUES (2338, 'since', '2010');

INSERT INTO EP_g VALUES (2338, 'relationship', 'friend');

INSERT INTO EP_g VALUES (2338, 'contact_frequency', 'monthly');

INSERT INTO E_g VALUES (2339, 193, 227, 'knows');

INSERT INTO EP_g VALUES (2339, 'since', '2013');

INSERT INTO EP_g VALUES (2339, 'relationship', 'family');

INSERT INTO EP_g VALUES (2339, 'contact_frequency', 'monthly');

INSERT INTO E_g VALUES (2340, 193, 224, 'knows');

INSERT INTO EP_g VALUES (2340, 'since', '2020');

INSERT INTO EP_g VALUES (2340, 'relationship', 'family');

INSERT INTO EP_g VALUES (2340, 'contact_frequency', 'monthly');

INSERT INTO E_g VALUES (2341, 193, 211, 'knows');

INSERT INTO EP_g VALUES (2341, 'since', '2021');

INSERT INTO EP_g VALUES (2341, 'relationship', 'family');

INSERT INTO EP_g VALUES (2341, 'contact_frequency', 'rarely');

INSERT INTO E_g VALUES (2342, 194, 11, 'knows');

INSERT INTO EP_g VALUES (2342, 'since', '2023');

INSERT INTO EP_g VALUES (2342, 'relationship', 'friend');

INSERT INTO EP_g VALUES (2342, 'contact_frequency', 'daily');

INSERT INTO E_g VALUES (2343, 194, 191, 'knows');

INSERT INTO EP_g VALUES (2343, 'since', '2020');

INSERT INTO EP_g VALUES (2343, 'relationship', 'family');

INSERT INTO EP_g VALUES (2343, 'contact_frequency', 'rarely');

INSERT INTO E_g VALUES (2344, 194, 5, 'knows');

INSERT INTO EP_g VALUES (2344, 'since', '2020');

INSERT INTO EP_g VALUES (2344, 'relationship', 'colleague');

INSERT INTO EP_g VALUES (2344, 'contact_frequency', 'rarely');

INSERT INTO E_g VALUES (2345, 194, 276, 'knows');

INSERT INTO EP_g VALUES (2345, 'since', '2010');

INSERT INTO EP_g VALUES (2345, 'relationship', 'acquaintance');

INSERT INTO EP_g VALUES (2345, 'contact_frequency', 'daily');

INSERT INTO E_g VALUES (2346, 194, 171, 'knows');

INSERT INTO EP_g VALUES (2346, 'since', '2017');

INSERT INTO EP_g VALUES (2346, 'relationship', 'acquaintance');

INSERT INTO EP_g VALUES (2346, 'contact_frequency', 'daily');

INSERT INTO E_g VALUES (2347, 194, 237, 'knows');

INSERT INTO EP_g VALUES (2347, 'since', '2015');

INSERT INTO EP_g VALUES (2347, 'relationship', 'friend');

INSERT INTO EP_g VALUES (2347, 'contact_frequency', 'rarely');

INSERT INTO E_g VALUES (2348, 194, 114, 'knows');

INSERT INTO EP_g VALUES (2348, 'since', '2024');

INSERT INTO EP_g VALUES (2348, 'relationship', 'friend');

INSERT INTO EP_g VALUES (2348, 'contact_frequency', 'rarely');

INSERT INTO E_g VALUES (2349, 195, 144, 'knows');

INSERT INTO EP_g VALUES (2349, 'since', '2011');

INSERT INTO EP_g VALUES (2349, 'relationship', 'family');

INSERT INTO EP_g VALUES (2349, 'contact_frequency', 'rarely');

INSERT INTO E_g VALUES (2350, 195, 288, 'knows');

INSERT INTO EP_g VALUES (2350, 'since', '2020');

INSERT INTO EP_g VALUES (2350, 'relationship', 'acquaintance');

INSERT INTO EP_g VALUES (2350, 'contact_frequency', 'daily');

INSERT INTO E_g VALUES (2351, 195, 75, 'knows');

INSERT INTO EP_g VALUES (2351, 'since', '2023');

INSERT INTO EP_g VALUES (2351, 'relationship', 'colleague');

INSERT INTO EP_g VALUES (2351, 'contact_frequency', 'weekly');

INSERT INTO E_g VALUES (2352, 195, 213, 'knows');

INSERT INTO EP_g VALUES (2352, 'since', '2010');

INSERT INTO EP_g VALUES (2352, 'relationship', 'colleague');

INSERT INTO EP_g VALUES (2352, 'contact_frequency', 'rarely');

INSERT INTO E_g VALUES (2353, 196, 230, 'knows');

INSERT INTO EP_g VALUES (2353, 'since', '2024');

INSERT INTO EP_g VALUES (2353, 'relationship', 'friend');

INSERT INTO EP_g VALUES (2353, 'contact_frequency', 'daily');

INSERT INTO E_g VALUES (2354, 196, 258, 'knows');

INSERT INTO EP_g VALUES (2354, 'since', '2022');

INSERT INTO EP_g VALUES (2354, 'relationship', 'colleague');

INSERT INTO EP_g VALUES (2354, 'contact_frequency', 'weekly');

INSERT INTO E_g VALUES (2355, 196, 192, 'knows');

INSERT INTO EP_g VALUES (2355, 'since', '2024');

INSERT INTO EP_g VALUES (2355, 'relationship', 'friend');

INSERT INTO EP_g VALUES (2355, 'contact_frequency', 'monthly');

INSERT INTO E_g VALUES (2356, 196, 199, 'knows');

INSERT INTO EP_g VALUES (2356, 'since', '2018');

INSERT INTO EP_g VALUES (2356, 'relationship', 'friend');

INSERT INTO EP_g VALUES (2356, 'contact_frequency', 'weekly');

INSERT INTO E_g VALUES (2357, 196, 275, 'knows');

INSERT INTO EP_g VALUES (2357, 'since', '2020');

INSERT INTO EP_g VALUES (2357, 'relationship', 'colleague');

INSERT INTO EP_g VALUES (2357, 'contact_frequency', 'monthly');

INSERT INTO E_g VALUES (2358, 197, 57, 'knows');

INSERT INTO EP_g VALUES (2358, 'since', '2023');

INSERT INTO EP_g VALUES (2358, 'relationship', 'friend');

INSERT INTO EP_g VALUES (2358, 'contact_frequency', 'daily');

INSERT INTO E_g VALUES (2359, 197, 221, 'knows');

INSERT INTO EP_g VALUES (2359, 'since', '2022');

INSERT INTO EP_g VALUES (2359, 'relationship', 'friend');

INSERT INTO EP_g VALUES (2359, 'contact_frequency', 'weekly');

INSERT INTO E_g VALUES (2360, 197, 14, 'knows');

INSERT INTO EP_g VALUES (2360, 'since', '2010');

INSERT INTO EP_g VALUES (2360, 'relationship', 'family');

INSERT INTO EP_g VALUES (2360, 'contact_frequency', 'daily');

INSERT INTO E_g VALUES (2361, 197, 285, 'knows');

INSERT INTO EP_g VALUES (2361, 'since', '2018');

INSERT INTO EP_g VALUES (2361, 'relationship', 'acquaintance');

INSERT INTO EP_g VALUES (2361, 'contact_frequency', 'daily');

INSERT INTO E_g VALUES (2362, 197, 217, 'knows');

INSERT INTO EP_g VALUES (2362, 'since', '2012');

INSERT INTO EP_g VALUES (2362, 'relationship', 'colleague');

INSERT INTO EP_g VALUES (2362, 'contact_frequency', 'daily');

INSERT INTO E_g VALUES (2363, 197, 221, 'knows');

INSERT INTO EP_g VALUES (2363, 'since', '2022');

INSERT INTO EP_g VALUES (2363, 'relationship', 'friend');

INSERT INTO EP_g VALUES (2363, 'contact_frequency', 'rarely');

INSERT INTO E_g VALUES (2364, 198, 260, 'knows');

INSERT INTO EP_g VALUES (2364, 'since', '2023');

INSERT INTO EP_g VALUES (2364, 'relationship', 'family');

INSERT INTO EP_g VALUES (2364, 'contact_frequency', 'monthly');

INSERT INTO E_g VALUES (2365, 198, 154, 'knows');

INSERT INTO EP_g VALUES (2365, 'since', '2011');

INSERT INTO EP_g VALUES (2365, 'relationship', 'colleague');

INSERT INTO EP_g VALUES (2365, 'contact_frequency', 'daily');

INSERT INTO E_g VALUES (2366, 198, 256, 'knows');

INSERT INTO EP_g VALUES (2366, 'since', '2016');

INSERT INTO EP_g VALUES (2366, 'relationship', 'friend');

INSERT INTO EP_g VALUES (2366, 'contact_frequency', 'weekly');

INSERT INTO E_g VALUES (2367, 198, 212, 'knows');

INSERT INTO EP_g VALUES (2367, 'since', '2015');

INSERT INTO EP_g VALUES (2367, 'relationship', 'family');

INSERT INTO EP_g VALUES (2367, 'contact_frequency', 'weekly');

INSERT INTO E_g VALUES (2368, 198, 289, 'knows');

INSERT INTO EP_g VALUES (2368, 'since', '2014');

INSERT INTO EP_g VALUES (2368, 'relationship', 'acquaintance');

INSERT INTO EP_g VALUES (2368, 'contact_frequency', 'weekly');

INSERT INTO E_g VALUES (2369, 198, 66, 'knows');

INSERT INTO EP_g VALUES (2369, 'since', '2010');

INSERT INTO EP_g VALUES (2369, 'relationship', 'colleague');

INSERT INTO EP_g VALUES (2369, 'contact_frequency', 'daily');

INSERT INTO E_g VALUES (2370, 198, 32, 'knows');

INSERT INTO EP_g VALUES (2370, 'since', '2010');

INSERT INTO EP_g VALUES (2370, 'relationship', 'acquaintance');

INSERT INTO EP_g VALUES (2370, 'contact_frequency', 'weekly');

INSERT INTO E_g VALUES (2371, 199, 296, 'knows');

INSERT INTO EP_g VALUES (2371, 'since', '2017');

INSERT INTO EP_g VALUES (2371, 'relationship', 'family');

INSERT INTO EP_g VALUES (2371, 'contact_frequency', 'daily');

INSERT INTO E_g VALUES (2372, 199, 196, 'knows');

INSERT INTO EP_g VALUES (2372, 'since', '2020');

INSERT INTO EP_g VALUES (2372, 'relationship', 'friend');

INSERT INTO EP_g VALUES (2372, 'contact_frequency', 'monthly');

INSERT INTO E_g VALUES (2373, 199, 289, 'knows');

INSERT INTO EP_g VALUES (2373, 'since', '2023');

INSERT INTO EP_g VALUES (2373, 'relationship', 'family');

INSERT INTO EP_g VALUES (2373, 'contact_frequency', 'daily');

INSERT INTO E_g VALUES (2374, 199, 88, 'knows');

INSERT INTO EP_g VALUES (2374, 'since', '2014');

INSERT INTO EP_g VALUES (2374, 'relationship', 'friend');

INSERT INTO EP_g VALUES (2374, 'contact_frequency', 'monthly');

INSERT INTO E_g VALUES (2375, 199, 268, 'knows');

INSERT INTO EP_g VALUES (2375, 'since', '2011');

INSERT INTO EP_g VALUES (2375, 'relationship', 'acquaintance');

INSERT INTO EP_g VALUES (2375, 'contact_frequency', 'daily');

INSERT INTO E_g VALUES (2376, 199, 277, 'knows');

INSERT INTO EP_g VALUES (2376, 'since', '2018');

INSERT INTO EP_g VALUES (2376, 'relationship', 'acquaintance');

INSERT INTO EP_g VALUES (2376, 'contact_frequency', 'daily');

INSERT INTO E_g VALUES (2377, 200, 235, 'knows');

INSERT INTO EP_g VALUES (2377, 'since', '2018');

INSERT INTO EP_g VALUES (2377, 'relationship', 'friend');

INSERT INTO EP_g VALUES (2377, 'contact_frequency', 'rarely');

INSERT INTO E_g VALUES (2378, 200, 31, 'knows');

INSERT INTO EP_g VALUES (2378, 'since', '2011');

INSERT INTO EP_g VALUES (2378, 'relationship', 'acquaintance');

INSERT INTO EP_g VALUES (2378, 'contact_frequency', 'weekly');

INSERT INTO E_g VALUES (2379, 200, 58, 'knows');

INSERT INTO EP_g VALUES (2379, 'since', '2024');

INSERT INTO EP_g VALUES (2379, 'relationship', 'acquaintance');

INSERT INTO EP_g VALUES (2379, 'contact_frequency', 'monthly');

INSERT INTO E_g VALUES (2380, 200, 18, 'knows');

INSERT INTO EP_g VALUES (2380, 'since', '2017');

INSERT INTO EP_g VALUES (2380, 'relationship', 'friend');

INSERT INTO EP_g VALUES (2380, 'contact_frequency', 'monthly');

INSERT INTO E_g VALUES (2381, 201, 141, 'knows');

INSERT INTO EP_g VALUES (2381, 'since', '2010');

INSERT INTO EP_g VALUES (2381, 'relationship', 'colleague');

INSERT INTO EP_g VALUES (2381, 'contact_frequency', 'weekly');

INSERT INTO E_g VALUES (2382, 201, 149, 'knows');

INSERT INTO EP_g VALUES (2382, 'since', '2012');

INSERT INTO EP_g VALUES (2382, 'relationship', 'colleague');

INSERT INTO EP_g VALUES (2382, 'contact_frequency', 'weekly');

INSERT INTO E_g VALUES (2383, 202, 220, 'knows');

INSERT INTO EP_g VALUES (2383, 'since', '2018');

INSERT INTO EP_g VALUES (2383, 'relationship', 'family');

INSERT INTO EP_g VALUES (2383, 'contact_frequency', 'monthly');

INSERT INTO E_g VALUES (2384, 202, 297, 'knows');

INSERT INTO EP_g VALUES (2384, 'since', '2017');

INSERT INTO EP_g VALUES (2384, 'relationship', 'acquaintance');

INSERT INTO EP_g VALUES (2384, 'contact_frequency', 'daily');

INSERT INTO E_g VALUES (2385, 202, 297, 'knows');

INSERT INTO EP_g VALUES (2385, 'since', '2018');

INSERT INTO EP_g VALUES (2385, 'relationship', 'family');

INSERT INTO EP_g VALUES (2385, 'contact_frequency', 'daily');

INSERT INTO E_g VALUES (2386, 202, 197, 'knows');

INSERT INTO EP_g VALUES (2386, 'since', '2017');

INSERT INTO EP_g VALUES (2386, 'relationship', 'acquaintance');

INSERT INTO EP_g VALUES (2386, 'contact_frequency', 'weekly');

INSERT INTO E_g VALUES (2387, 202, 6, 'knows');

INSERT INTO EP_g VALUES (2387, 'since', '2014');

INSERT INTO EP_g VALUES (2387, 'relationship', 'colleague');

INSERT INTO EP_g VALUES (2387, 'contact_frequency', 'rarely');

INSERT INTO E_g VALUES (2388, 202, 246, 'knows');

INSERT INTO EP_g VALUES (2388, 'since', '2024');

INSERT INTO EP_g VALUES (2388, 'relationship', 'colleague');

INSERT INTO EP_g VALUES (2388, 'contact_frequency', 'monthly');

INSERT INTO E_g VALUES (2389, 202, 107, 'knows');

INSERT INTO EP_g VALUES (2389, 'since', '2023');

INSERT INTO EP_g VALUES (2389, 'relationship', 'friend');

INSERT INTO EP_g VALUES (2389, 'contact_frequency', 'rarely');

INSERT INTO E_g VALUES (2390, 203, 112, 'knows');

INSERT INTO EP_g VALUES (2390, 'since', '2018');

INSERT INTO EP_g VALUES (2390, 'relationship', 'friend');

INSERT INTO EP_g VALUES (2390, 'contact_frequency', 'monthly');

INSERT INTO E_g VALUES (2391, 203, 172, 'knows');

INSERT INTO EP_g VALUES (2391, 'since', '2018');

INSERT INTO EP_g VALUES (2391, 'relationship', 'family');

INSERT INTO EP_g VALUES (2391, 'contact_frequency', 'daily');

INSERT INTO E_g VALUES (2392, 203, 63, 'knows');

INSERT INTO EP_g VALUES (2392, 'since', '2020');

INSERT INTO EP_g VALUES (2392, 'relationship', 'acquaintance');

INSERT INTO EP_g VALUES (2392, 'contact_frequency', 'monthly');

INSERT INTO E_g VALUES (2393, 203, 258, 'knows');

INSERT INTO EP_g VALUES (2393, 'since', '2010');

INSERT INTO EP_g VALUES (2393, 'relationship', 'family');

INSERT INTO EP_g VALUES (2393, 'contact_frequency', 'weekly');

INSERT INTO E_g VALUES (2394, 203, 156, 'knows');

INSERT INTO EP_g VALUES (2394, 'since', '2023');

INSERT INTO EP_g VALUES (2394, 'relationship', 'colleague');

INSERT INTO EP_g VALUES (2394, 'contact_frequency', 'weekly');

INSERT INTO E_g VALUES (2395, 203, 70, 'knows');

INSERT INTO EP_g VALUES (2395, 'since', '2023');

INSERT INTO EP_g VALUES (2395, 'relationship', 'colleague');

INSERT INTO EP_g VALUES (2395, 'contact_frequency', 'weekly');

INSERT INTO E_g VALUES (2396, 204, 33, 'knows');

INSERT INTO EP_g VALUES (2396, 'since', '2023');

INSERT INTO EP_g VALUES (2396, 'relationship', 'colleague');

INSERT INTO EP_g VALUES (2396, 'contact_frequency', 'rarely');

INSERT INTO E_g VALUES (2397, 204, 5, 'knows');

INSERT INTO EP_g VALUES (2397, 'since', '2021');

INSERT INTO EP_g VALUES (2397, 'relationship', 'colleague');

INSERT INTO EP_g VALUES (2397, 'contact_frequency', 'monthly');

INSERT INTO E_g VALUES (2398, 204, 62, 'knows');

INSERT INTO EP_g VALUES (2398, 'since', '2019');

INSERT INTO EP_g VALUES (2398, 'relationship', 'friend');

INSERT INTO EP_g VALUES (2398, 'contact_frequency', 'monthly');

INSERT INTO E_g VALUES (2399, 204, 255, 'knows');

INSERT INTO EP_g VALUES (2399, 'since', '2015');

INSERT INTO EP_g VALUES (2399, 'relationship', 'family');

INSERT INTO EP_g VALUES (2399, 'contact_frequency', 'weekly');

INSERT INTO E_g VALUES (2400, 204, 106, 'knows');

INSERT INTO EP_g VALUES (2400, 'since', '2010');

INSERT INTO EP_g VALUES (2400, 'relationship', 'colleague');

INSERT INTO EP_g VALUES (2400, 'contact_frequency', 'rarely');

INSERT INTO E_g VALUES (2401, 204, 127, 'knows');

INSERT INTO EP_g VALUES (2401, 'since', '2016');

INSERT INTO EP_g VALUES (2401, 'relationship', 'friend');

INSERT INTO EP_g VALUES (2401, 'contact_frequency', 'rarely');

INSERT INTO E_g VALUES (2402, 204, 7, 'knows');

INSERT INTO EP_g VALUES (2402, 'since', '2010');

INSERT INTO EP_g VALUES (2402, 'relationship', 'colleague');

INSERT INTO EP_g VALUES (2402, 'contact_frequency', 'monthly');

INSERT INTO E_g VALUES (2403, 204, 105, 'knows');

INSERT INTO EP_g VALUES (2403, 'since', '2020');

INSERT INTO EP_g VALUES (2403, 'relationship', 'colleague');

INSERT INTO EP_g VALUES (2403, 'contact_frequency', 'weekly');

INSERT INTO E_g VALUES (2404, 205, 198, 'knows');

INSERT INTO EP_g VALUES (2404, 'since', '2017');

INSERT INTO EP_g VALUES (2404, 'relationship', 'family');

INSERT INTO EP_g VALUES (2404, 'contact_frequency', 'rarely');

INSERT INTO E_g VALUES (2405, 205, 37, 'knows');

INSERT INTO EP_g VALUES (2405, 'since', '2021');

INSERT INTO EP_g VALUES (2405, 'relationship', 'friend');

INSERT INTO EP_g VALUES (2405, 'contact_frequency', 'daily');

INSERT INTO E_g VALUES (2406, 206, 147, 'knows');

INSERT INTO EP_g VALUES (2406, 'since', '2011');

INSERT INTO EP_g VALUES (2406, 'relationship', 'colleague');

INSERT INTO EP_g VALUES (2406, 'contact_frequency', 'rarely');

INSERT INTO E_g VALUES (2407, 206, 72, 'knows');

INSERT INTO EP_g VALUES (2407, 'since', '2012');

INSERT INTO EP_g VALUES (2407, 'relationship', 'family');

INSERT INTO EP_g VALUES (2407, 'contact_frequency', 'weekly');

INSERT INTO E_g VALUES (2408, 206, 132, 'knows');

INSERT INTO EP_g VALUES (2408, 'since', '2020');

INSERT INTO EP_g VALUES (2408, 'relationship', 'family');

INSERT INTO EP_g VALUES (2408, 'contact_frequency', 'daily');

INSERT INTO E_g VALUES (2409, 206, 194, 'knows');

INSERT INTO EP_g VALUES (2409, 'since', '2013');

INSERT INTO EP_g VALUES (2409, 'relationship', 'acquaintance');

INSERT INTO EP_g VALUES (2409, 'contact_frequency', 'rarely');

INSERT INTO E_g VALUES (2410, 206, 133, 'knows');

INSERT INTO EP_g VALUES (2410, 'since', '2018');

INSERT INTO EP_g VALUES (2410, 'relationship', 'friend');

INSERT INTO EP_g VALUES (2410, 'contact_frequency', 'rarely');

INSERT INTO E_g VALUES (2411, 207, 174, 'knows');

INSERT INTO EP_g VALUES (2411, 'since', '2011');

INSERT INTO EP_g VALUES (2411, 'relationship', 'family');

INSERT INTO EP_g VALUES (2411, 'contact_frequency', 'rarely');

INSERT INTO E_g VALUES (2412, 207, 162, 'knows');

INSERT INTO EP_g VALUES (2412, 'since', '2012');

INSERT INTO EP_g VALUES (2412, 'relationship', 'family');

INSERT INTO EP_g VALUES (2412, 'contact_frequency', 'weekly');

INSERT INTO E_g VALUES (2413, 207, 152, 'knows');

INSERT INTO EP_g VALUES (2413, 'since', '2021');

INSERT INTO EP_g VALUES (2413, 'relationship', 'colleague');

INSERT INTO EP_g VALUES (2413, 'contact_frequency', 'weekly');

INSERT INTO E_g VALUES (2414, 207, 30, 'knows');

INSERT INTO EP_g VALUES (2414, 'since', '2014');

INSERT INTO EP_g VALUES (2414, 'relationship', 'friend');

INSERT INTO EP_g VALUES (2414, 'contact_frequency', 'rarely');

INSERT INTO E_g VALUES (2415, 207, 251, 'knows');

INSERT INTO EP_g VALUES (2415, 'since', '2013');

INSERT INTO EP_g VALUES (2415, 'relationship', 'acquaintance');

INSERT INTO EP_g VALUES (2415, 'contact_frequency', 'weekly');

INSERT INTO E_g VALUES (2416, 207, 108, 'knows');

INSERT INTO EP_g VALUES (2416, 'since', '2018');

INSERT INTO EP_g VALUES (2416, 'relationship', 'colleague');

INSERT INTO EP_g VALUES (2416, 'contact_frequency', 'daily');

INSERT INTO E_g VALUES (2417, 207, 198, 'knows');

INSERT INTO EP_g VALUES (2417, 'since', '2010');

INSERT INTO EP_g VALUES (2417, 'relationship', 'family');

INSERT INTO EP_g VALUES (2417, 'contact_frequency', 'rarely');

INSERT INTO E_g VALUES (2418, 207, 161, 'knows');

INSERT INTO EP_g VALUES (2418, 'since', '2024');

INSERT INTO EP_g VALUES (2418, 'relationship', 'acquaintance');

INSERT INTO EP_g VALUES (2418, 'contact_frequency', 'weekly');

INSERT INTO E_g VALUES (2419, 208, 193, 'knows');

INSERT INTO EP_g VALUES (2419, 'since', '2018');

INSERT INTO EP_g VALUES (2419, 'relationship', 'colleague');

INSERT INTO EP_g VALUES (2419, 'contact_frequency', 'weekly');

INSERT INTO E_g VALUES (2420, 208, 174, 'knows');

INSERT INTO EP_g VALUES (2420, 'since', '2010');

INSERT INTO EP_g VALUES (2420, 'relationship', 'friend');

INSERT INTO EP_g VALUES (2420, 'contact_frequency', 'daily');

INSERT INTO E_g VALUES (2421, 208, 84, 'knows');

INSERT INTO EP_g VALUES (2421, 'since', '2017');

INSERT INTO EP_g VALUES (2421, 'relationship', 'acquaintance');

INSERT INTO EP_g VALUES (2421, 'contact_frequency', 'monthly');

INSERT INTO E_g VALUES (2422, 208, 45, 'knows');

INSERT INTO EP_g VALUES (2422, 'since', '2021');

INSERT INTO EP_g VALUES (2422, 'relationship', 'friend');

INSERT INTO EP_g VALUES (2422, 'contact_frequency', 'weekly');

INSERT INTO E_g VALUES (2423, 208, 152, 'knows');

INSERT INTO EP_g VALUES (2423, 'since', '2024');

INSERT INTO EP_g VALUES (2423, 'relationship', 'colleague');

INSERT INTO EP_g VALUES (2423, 'contact_frequency', 'monthly');

INSERT INTO E_g VALUES (2424, 208, 60, 'knows');

INSERT INTO EP_g VALUES (2424, 'since', '2022');

INSERT INTO EP_g VALUES (2424, 'relationship', 'family');

INSERT INTO EP_g VALUES (2424, 'contact_frequency', 'daily');

INSERT INTO E_g VALUES (2425, 208, 181, 'knows');

INSERT INTO EP_g VALUES (2425, 'since', '2022');

INSERT INTO EP_g VALUES (2425, 'relationship', 'family');

INSERT INTO EP_g VALUES (2425, 'contact_frequency', 'rarely');

INSERT INTO E_g VALUES (2426, 208, 154, 'knows');

INSERT INTO EP_g VALUES (2426, 'since', '2013');

INSERT INTO EP_g VALUES (2426, 'relationship', 'acquaintance');

INSERT INTO EP_g VALUES (2426, 'contact_frequency', 'monthly');

INSERT INTO E_g VALUES (2427, 209, 72, 'knows');

INSERT INTO EP_g VALUES (2427, 'since', '2019');

INSERT INTO EP_g VALUES (2427, 'relationship', 'colleague');

INSERT INTO EP_g VALUES (2427, 'contact_frequency', 'weekly');

INSERT INTO E_g VALUES (2428, 209, 148, 'knows');

INSERT INTO EP_g VALUES (2428, 'since', '2013');

INSERT INTO EP_g VALUES (2428, 'relationship', 'family');

INSERT INTO EP_g VALUES (2428, 'contact_frequency', 'rarely');

INSERT INTO E_g VALUES (2429, 209, 80, 'knows');

INSERT INTO EP_g VALUES (2429, 'since', '2017');

INSERT INTO EP_g VALUES (2429, 'relationship', 'friend');

INSERT INTO EP_g VALUES (2429, 'contact_frequency', 'daily');

INSERT INTO E_g VALUES (2430, 209, 234, 'knows');

INSERT INTO EP_g VALUES (2430, 'since', '2013');

INSERT INTO EP_g VALUES (2430, 'relationship', 'family');

INSERT INTO EP_g VALUES (2430, 'contact_frequency', 'weekly');

INSERT INTO E_g VALUES (2431, 209, 202, 'knows');

INSERT INTO EP_g VALUES (2431, 'since', '2012');

INSERT INTO EP_g VALUES (2431, 'relationship', 'acquaintance');

INSERT INTO EP_g VALUES (2431, 'contact_frequency', 'monthly');

INSERT INTO E_g VALUES (2432, 209, 106, 'knows');

INSERT INTO EP_g VALUES (2432, 'since', '2023');

INSERT INTO EP_g VALUES (2432, 'relationship', 'friend');

INSERT INTO EP_g VALUES (2432, 'contact_frequency', 'weekly');

INSERT INTO E_g VALUES (2433, 209, 189, 'knows');

INSERT INTO EP_g VALUES (2433, 'since', '2016');

INSERT INTO EP_g VALUES (2433, 'relationship', 'family');

INSERT INTO EP_g VALUES (2433, 'contact_frequency', 'weekly');

INSERT INTO E_g VALUES (2434, 209, 87, 'knows');

INSERT INTO EP_g VALUES (2434, 'since', '2013');

INSERT INTO EP_g VALUES (2434, 'relationship', 'family');

INSERT INTO EP_g VALUES (2434, 'contact_frequency', 'weekly');

INSERT INTO E_g VALUES (2435, 209, 282, 'knows');

INSERT INTO EP_g VALUES (2435, 'since', '2015');

INSERT INTO EP_g VALUES (2435, 'relationship', 'family');

INSERT INTO EP_g VALUES (2435, 'contact_frequency', 'weekly');

INSERT INTO E_g VALUES (2436, 210, 4, 'knows');

INSERT INTO EP_g VALUES (2436, 'since', '2011');

INSERT INTO EP_g VALUES (2436, 'relationship', 'acquaintance');

INSERT INTO EP_g VALUES (2436, 'contact_frequency', 'monthly');

INSERT INTO E_g VALUES (2437, 210, 108, 'knows');

INSERT INTO EP_g VALUES (2437, 'since', '2015');

INSERT INTO EP_g VALUES (2437, 'relationship', 'acquaintance');

INSERT INTO EP_g VALUES (2437, 'contact_frequency', 'rarely');

INSERT INTO E_g VALUES (2438, 210, 250, 'knows');

INSERT INTO EP_g VALUES (2438, 'since', '2021');

INSERT INTO EP_g VALUES (2438, 'relationship', 'family');

INSERT INTO EP_g VALUES (2438, 'contact_frequency', 'rarely');

INSERT INTO E_g VALUES (2439, 210, 6, 'knows');

INSERT INTO EP_g VALUES (2439, 'since', '2020');

INSERT INTO EP_g VALUES (2439, 'relationship', 'colleague');

INSERT INTO EP_g VALUES (2439, 'contact_frequency', 'daily');

INSERT INTO E_g VALUES (2440, 210, 275, 'knows');

INSERT INTO EP_g VALUES (2440, 'since', '2010');

INSERT INTO EP_g VALUES (2440, 'relationship', 'family');

INSERT INTO EP_g VALUES (2440, 'contact_frequency', 'monthly');

INSERT INTO E_g VALUES (2441, 211, 120, 'knows');

INSERT INTO EP_g VALUES (2441, 'since', '2018');

INSERT INTO EP_g VALUES (2441, 'relationship', 'family');

INSERT INTO EP_g VALUES (2441, 'contact_frequency', 'daily');

INSERT INTO E_g VALUES (2442, 211, 100, 'knows');

INSERT INTO EP_g VALUES (2442, 'since', '2016');

INSERT INTO EP_g VALUES (2442, 'relationship', 'friend');

INSERT INTO EP_g VALUES (2442, 'contact_frequency', 'weekly');

INSERT INTO E_g VALUES (2443, 211, 264, 'knows');

INSERT INTO EP_g VALUES (2443, 'since', '2016');

INSERT INTO EP_g VALUES (2443, 'relationship', 'friend');

INSERT INTO EP_g VALUES (2443, 'contact_frequency', 'monthly');

INSERT INTO E_g VALUES (2444, 211, 98, 'knows');

INSERT INTO EP_g VALUES (2444, 'since', '2023');

INSERT INTO EP_g VALUES (2444, 'relationship', 'family');

INSERT INTO EP_g VALUES (2444, 'contact_frequency', 'weekly');

INSERT INTO E_g VALUES (2445, 211, 121, 'knows');

INSERT INTO EP_g VALUES (2445, 'since', '2019');

INSERT INTO EP_g VALUES (2445, 'relationship', 'acquaintance');

INSERT INTO EP_g VALUES (2445, 'contact_frequency', 'monthly');

INSERT INTO E_g VALUES (2446, 211, 11, 'knows');

INSERT INTO EP_g VALUES (2446, 'since', '2014');

INSERT INTO EP_g VALUES (2446, 'relationship', 'friend');

INSERT INTO EP_g VALUES (2446, 'contact_frequency', 'daily');

INSERT INTO E_g VALUES (2447, 211, 230, 'knows');

INSERT INTO EP_g VALUES (2447, 'since', '2022');

INSERT INTO EP_g VALUES (2447, 'relationship', 'colleague');

INSERT INTO EP_g VALUES (2447, 'contact_frequency', 'rarely');

INSERT INTO E_g VALUES (2448, 211, 10, 'knows');

INSERT INTO EP_g VALUES (2448, 'since', '2015');

INSERT INTO EP_g VALUES (2448, 'relationship', 'friend');

INSERT INTO EP_g VALUES (2448, 'contact_frequency', 'rarely');

INSERT INTO E_g VALUES (2449, 211, 22, 'knows');

INSERT INTO EP_g VALUES (2449, 'since', '2016');

INSERT INTO EP_g VALUES (2449, 'relationship', 'colleague');

INSERT INTO EP_g VALUES (2449, 'contact_frequency', 'monthly');

INSERT INTO E_g VALUES (2450, 211, 70, 'knows');

INSERT INTO EP_g VALUES (2450, 'since', '2019');

INSERT INTO EP_g VALUES (2450, 'relationship', 'acquaintance');

INSERT INTO EP_g VALUES (2450, 'contact_frequency', 'monthly');

INSERT INTO E_g VALUES (2451, 212, 42, 'knows');

INSERT INTO EP_g VALUES (2451, 'since', '2023');

INSERT INTO EP_g VALUES (2451, 'relationship', 'colleague');

INSERT INTO EP_g VALUES (2451, 'contact_frequency', 'rarely');

INSERT INTO E_g VALUES (2452, 212, 158, 'knows');

INSERT INTO EP_g VALUES (2452, 'since', '2014');

INSERT INTO EP_g VALUES (2452, 'relationship', 'acquaintance');

INSERT INTO EP_g VALUES (2452, 'contact_frequency', 'monthly');

INSERT INTO E_g VALUES (2453, 212, 35, 'knows');

INSERT INTO EP_g VALUES (2453, 'since', '2014');

INSERT INTO EP_g VALUES (2453, 'relationship', 'family');

INSERT INTO EP_g VALUES (2453, 'contact_frequency', 'weekly');

INSERT INTO E_g VALUES (2454, 212, 286, 'knows');

INSERT INTO EP_g VALUES (2454, 'since', '2017');

INSERT INTO EP_g VALUES (2454, 'relationship', 'family');

INSERT INTO EP_g VALUES (2454, 'contact_frequency', 'daily');

INSERT INTO E_g VALUES (2455, 212, 261, 'knows');

INSERT INTO EP_g VALUES (2455, 'since', '2019');

INSERT INTO EP_g VALUES (2455, 'relationship', 'friend');

INSERT INTO EP_g VALUES (2455, 'contact_frequency', 'rarely');

INSERT INTO E_g VALUES (2456, 212, 176, 'knows');

INSERT INTO EP_g VALUES (2456, 'since', '2024');

INSERT INTO EP_g VALUES (2456, 'relationship', 'acquaintance');

INSERT INTO EP_g VALUES (2456, 'contact_frequency', 'weekly');

INSERT INTO E_g VALUES (2457, 212, 133, 'knows');

INSERT INTO EP_g VALUES (2457, 'since', '2023');

INSERT INTO EP_g VALUES (2457, 'relationship', 'colleague');

INSERT INTO EP_g VALUES (2457, 'contact_frequency', 'monthly');

INSERT INTO E_g VALUES (2458, 212, 264, 'knows');

INSERT INTO EP_g VALUES (2458, 'since', '2010');

INSERT INTO EP_g VALUES (2458, 'relationship', 'acquaintance');

INSERT INTO EP_g VALUES (2458, 'contact_frequency', 'daily');

INSERT INTO E_g VALUES (2459, 213, 13, 'knows');

INSERT INTO EP_g VALUES (2459, 'since', '2017');

INSERT INTO EP_g VALUES (2459, 'relationship', 'acquaintance');

INSERT INTO EP_g VALUES (2459, 'contact_frequency', 'rarely');

INSERT INTO E_g VALUES (2460, 213, 95, 'knows');

INSERT INTO EP_g VALUES (2460, 'since', '2023');

INSERT INTO EP_g VALUES (2460, 'relationship', 'colleague');

INSERT INTO EP_g VALUES (2460, 'contact_frequency', 'monthly');

INSERT INTO E_g VALUES (2461, 213, 294, 'knows');

INSERT INTO EP_g VALUES (2461, 'since', '2018');

INSERT INTO EP_g VALUES (2461, 'relationship', 'colleague');

INSERT INTO EP_g VALUES (2461, 'contact_frequency', 'daily');

INSERT INTO E_g VALUES (2462, 214, 247, 'knows');

INSERT INTO EP_g VALUES (2462, 'since', '2012');

INSERT INTO EP_g VALUES (2462, 'relationship', 'colleague');

INSERT INTO EP_g VALUES (2462, 'contact_frequency', 'rarely');

INSERT INTO E_g VALUES (2463, 214, 4, 'knows');

INSERT INTO EP_g VALUES (2463, 'since', '2016');

INSERT INTO EP_g VALUES (2463, 'relationship', 'colleague');

INSERT INTO EP_g VALUES (2463, 'contact_frequency', 'rarely');

INSERT INTO E_g VALUES (2464, 214, 180, 'knows');

INSERT INTO EP_g VALUES (2464, 'since', '2011');

INSERT INTO EP_g VALUES (2464, 'relationship', 'family');

INSERT INTO EP_g VALUES (2464, 'contact_frequency', 'rarely');

INSERT INTO E_g VALUES (2465, 214, 235, 'knows');

INSERT INTO EP_g VALUES (2465, 'since', '2012');

INSERT INTO EP_g VALUES (2465, 'relationship', 'acquaintance');

INSERT INTO EP_g VALUES (2465, 'contact_frequency', 'weekly');

INSERT INTO E_g VALUES (2466, 215, 95, 'knows');

INSERT INTO EP_g VALUES (2466, 'since', '2020');

INSERT INTO EP_g VALUES (2466, 'relationship', 'acquaintance');

INSERT INTO EP_g VALUES (2466, 'contact_frequency', 'rarely');

INSERT INTO E_g VALUES (2467, 215, 80, 'knows');

INSERT INTO EP_g VALUES (2467, 'since', '2015');

INSERT INTO EP_g VALUES (2467, 'relationship', 'friend');

INSERT INTO EP_g VALUES (2467, 'contact_frequency', 'monthly');

INSERT INTO E_g VALUES (2468, 215, 287, 'knows');

INSERT INTO EP_g VALUES (2468, 'since', '2023');

INSERT INTO EP_g VALUES (2468, 'relationship', 'colleague');

INSERT INTO EP_g VALUES (2468, 'contact_frequency', 'monthly');

INSERT INTO E_g VALUES (2469, 215, 99, 'knows');

INSERT INTO EP_g VALUES (2469, 'since', '2018');

INSERT INTO EP_g VALUES (2469, 'relationship', 'acquaintance');

INSERT INTO EP_g VALUES (2469, 'contact_frequency', 'monthly');

INSERT INTO E_g VALUES (2470, 215, 45, 'knows');

INSERT INTO EP_g VALUES (2470, 'since', '2017');

INSERT INTO EP_g VALUES (2470, 'relationship', 'colleague');

INSERT INTO EP_g VALUES (2470, 'contact_frequency', 'weekly');

INSERT INTO E_g VALUES (2471, 215, 129, 'knows');

INSERT INTO EP_g VALUES (2471, 'since', '2023');

INSERT INTO EP_g VALUES (2471, 'relationship', 'family');

INSERT INTO EP_g VALUES (2471, 'contact_frequency', 'rarely');

INSERT INTO E_g VALUES (2472, 215, 160, 'knows');

INSERT INTO EP_g VALUES (2472, 'since', '2014');

INSERT INTO EP_g VALUES (2472, 'relationship', 'acquaintance');

INSERT INTO EP_g VALUES (2472, 'contact_frequency', 'weekly');

INSERT INTO E_g VALUES (2473, 215, 300, 'knows');

INSERT INTO EP_g VALUES (2473, 'since', '2013');

INSERT INTO EP_g VALUES (2473, 'relationship', 'acquaintance');

INSERT INTO EP_g VALUES (2473, 'contact_frequency', 'weekly');

INSERT INTO E_g VALUES (2474, 215, 137, 'knows');

INSERT INTO EP_g VALUES (2474, 'since', '2017');

INSERT INTO EP_g VALUES (2474, 'relationship', 'family');

INSERT INTO EP_g VALUES (2474, 'contact_frequency', 'daily');

INSERT INTO E_g VALUES (2475, 216, 121, 'knows');

INSERT INTO EP_g VALUES (2475, 'since', '2022');

INSERT INTO EP_g VALUES (2475, 'relationship', 'friend');

INSERT INTO EP_g VALUES (2475, 'contact_frequency', 'rarely');

INSERT INTO E_g VALUES (2476, 216, 173, 'knows');

INSERT INTO EP_g VALUES (2476, 'since', '2018');

INSERT INTO EP_g VALUES (2476, 'relationship', 'colleague');

INSERT INTO EP_g VALUES (2476, 'contact_frequency', 'rarely');

INSERT INTO E_g VALUES (2477, 216, 14, 'knows');

INSERT INTO EP_g VALUES (2477, 'since', '2019');

INSERT INTO EP_g VALUES (2477, 'relationship', 'colleague');

INSERT INTO EP_g VALUES (2477, 'contact_frequency', 'weekly');

INSERT INTO E_g VALUES (2478, 216, 242, 'knows');

INSERT INTO EP_g VALUES (2478, 'since', '2021');

INSERT INTO EP_g VALUES (2478, 'relationship', 'family');

INSERT INTO EP_g VALUES (2478, 'contact_frequency', 'rarely');

INSERT INTO E_g VALUES (2479, 216, 232, 'knows');

INSERT INTO EP_g VALUES (2479, 'since', '2022');

INSERT INTO EP_g VALUES (2479, 'relationship', 'family');

INSERT INTO EP_g VALUES (2479, 'contact_frequency', 'rarely');

INSERT INTO E_g VALUES (2480, 216, 33, 'knows');

INSERT INTO EP_g VALUES (2480, 'since', '2019');

INSERT INTO EP_g VALUES (2480, 'relationship', 'friend');

INSERT INTO EP_g VALUES (2480, 'contact_frequency', 'weekly');

INSERT INTO E_g VALUES (2481, 216, 174, 'knows');

INSERT INTO EP_g VALUES (2481, 'since', '2015');

INSERT INTO EP_g VALUES (2481, 'relationship', 'acquaintance');

INSERT INTO EP_g VALUES (2481, 'contact_frequency', 'weekly');

INSERT INTO E_g VALUES (2482, 216, 265, 'knows');

INSERT INTO EP_g VALUES (2482, 'since', '2018');

INSERT INTO EP_g VALUES (2482, 'relationship', 'friend');

INSERT INTO EP_g VALUES (2482, 'contact_frequency', 'weekly');

INSERT INTO E_g VALUES (2483, 216, 44, 'knows');

INSERT INTO EP_g VALUES (2483, 'since', '2010');

INSERT INTO EP_g VALUES (2483, 'relationship', 'acquaintance');

INSERT INTO EP_g VALUES (2483, 'contact_frequency', 'daily');

INSERT INTO E_g VALUES (2484, 216, 243, 'knows');

INSERT INTO EP_g VALUES (2484, 'since', '2011');

INSERT INTO EP_g VALUES (2484, 'relationship', 'acquaintance');

INSERT INTO EP_g VALUES (2484, 'contact_frequency', 'rarely');

INSERT INTO E_g VALUES (2485, 217, 239, 'knows');

INSERT INTO EP_g VALUES (2485, 'since', '2013');

INSERT INTO EP_g VALUES (2485, 'relationship', 'colleague');

INSERT INTO EP_g VALUES (2485, 'contact_frequency', 'daily');

INSERT INTO E_g VALUES (2486, 217, 3, 'knows');

INSERT INTO EP_g VALUES (2486, 'since', '2017');

INSERT INTO EP_g VALUES (2486, 'relationship', 'colleague');

INSERT INTO EP_g VALUES (2486, 'contact_frequency', 'daily');

INSERT INTO E_g VALUES (2487, 217, 17, 'knows');

INSERT INTO EP_g VALUES (2487, 'since', '2018');

INSERT INTO EP_g VALUES (2487, 'relationship', 'acquaintance');

INSERT INTO EP_g VALUES (2487, 'contact_frequency', 'monthly');

INSERT INTO E_g VALUES (2488, 217, 278, 'knows');

INSERT INTO EP_g VALUES (2488, 'since', '2019');

INSERT INTO EP_g VALUES (2488, 'relationship', 'family');

INSERT INTO EP_g VALUES (2488, 'contact_frequency', 'daily');

INSERT INTO E_g VALUES (2489, 218, 241, 'knows');

INSERT INTO EP_g VALUES (2489, 'since', '2015');

INSERT INTO EP_g VALUES (2489, 'relationship', 'friend');

INSERT INTO EP_g VALUES (2489, 'contact_frequency', 'weekly');

INSERT INTO E_g VALUES (2490, 218, 111, 'knows');

INSERT INTO EP_g VALUES (2490, 'since', '2012');

INSERT INTO EP_g VALUES (2490, 'relationship', 'acquaintance');

INSERT INTO EP_g VALUES (2490, 'contact_frequency', 'rarely');

INSERT INTO E_g VALUES (2491, 218, 118, 'knows');

INSERT INTO EP_g VALUES (2491, 'since', '2013');

INSERT INTO EP_g VALUES (2491, 'relationship', 'family');

INSERT INTO EP_g VALUES (2491, 'contact_frequency', 'rarely');

INSERT INTO E_g VALUES (2492, 218, 129, 'knows');

INSERT INTO EP_g VALUES (2492, 'since', '2011');

INSERT INTO EP_g VALUES (2492, 'relationship', 'acquaintance');

INSERT INTO EP_g VALUES (2492, 'contact_frequency', 'monthly');

INSERT INTO E_g VALUES (2493, 218, 277, 'knows');

INSERT INTO EP_g VALUES (2493, 'since', '2023');

INSERT INTO EP_g VALUES (2493, 'relationship', 'family');

INSERT INTO EP_g VALUES (2493, 'contact_frequency', 'daily');

INSERT INTO E_g VALUES (2494, 219, 19, 'knows');

INSERT INTO EP_g VALUES (2494, 'since', '2023');

INSERT INTO EP_g VALUES (2494, 'relationship', 'acquaintance');

INSERT INTO EP_g VALUES (2494, 'contact_frequency', 'weekly');

INSERT INTO E_g VALUES (2495, 219, 101, 'knows');

INSERT INTO EP_g VALUES (2495, 'since', '2015');

INSERT INTO EP_g VALUES (2495, 'relationship', 'friend');

INSERT INTO EP_g VALUES (2495, 'contact_frequency', 'monthly');

INSERT INTO E_g VALUES (2496, 219, 257, 'knows');

INSERT INTO EP_g VALUES (2496, 'since', '2019');

INSERT INTO EP_g VALUES (2496, 'relationship', 'friend');

INSERT INTO EP_g VALUES (2496, 'contact_frequency', 'rarely');

INSERT INTO E_g VALUES (2497, 219, 116, 'knows');

INSERT INTO EP_g VALUES (2497, 'since', '2016');

INSERT INTO EP_g VALUES (2497, 'relationship', 'family');

INSERT INTO EP_g VALUES (2497, 'contact_frequency', 'rarely');

INSERT INTO E_g VALUES (2498, 219, 223, 'knows');

INSERT INTO EP_g VALUES (2498, 'since', '2019');

INSERT INTO EP_g VALUES (2498, 'relationship', 'friend');

INSERT INTO EP_g VALUES (2498, 'contact_frequency', 'monthly');

INSERT INTO E_g VALUES (2499, 219, 177, 'knows');

INSERT INTO EP_g VALUES (2499, 'since', '2011');

INSERT INTO EP_g VALUES (2499, 'relationship', 'colleague');

INSERT INTO EP_g VALUES (2499, 'contact_frequency', 'weekly');

INSERT INTO E_g VALUES (2500, 219, 292, 'knows');

INSERT INTO EP_g VALUES (2500, 'since', '2015');

INSERT INTO EP_g VALUES (2500, 'relationship', 'colleague');

INSERT INTO EP_g VALUES (2500, 'contact_frequency', 'rarely');

INSERT INTO E_g VALUES (2501, 219, 52, 'knows');

INSERT INTO EP_g VALUES (2501, 'since', '2023');

INSERT INTO EP_g VALUES (2501, 'relationship', 'colleague');

INSERT INTO EP_g VALUES (2501, 'contact_frequency', 'daily');

INSERT INTO E_g VALUES (2502, 219, 257, 'knows');

INSERT INTO EP_g VALUES (2502, 'since', '2011');

INSERT INTO EP_g VALUES (2502, 'relationship', 'family');

INSERT INTO EP_g VALUES (2502, 'contact_frequency', 'rarely');

INSERT INTO E_g VALUES (2503, 219, 167, 'knows');

INSERT INTO EP_g VALUES (2503, 'since', '2024');

INSERT INTO EP_g VALUES (2503, 'relationship', 'family');

INSERT INTO EP_g VALUES (2503, 'contact_frequency', 'rarely');

INSERT INTO E_g VALUES (2504, 220, 198, 'knows');

INSERT INTO EP_g VALUES (2504, 'since', '2016');

INSERT INTO EP_g VALUES (2504, 'relationship', 'friend');

INSERT INTO EP_g VALUES (2504, 'contact_frequency', 'monthly');

INSERT INTO E_g VALUES (2505, 220, 143, 'knows');

INSERT INTO EP_g VALUES (2505, 'since', '2016');

INSERT INTO EP_g VALUES (2505, 'relationship', 'colleague');

INSERT INTO EP_g VALUES (2505, 'contact_frequency', 'daily');

INSERT INTO E_g VALUES (2506, 220, 128, 'knows');

INSERT INTO EP_g VALUES (2506, 'since', '2023');

INSERT INTO EP_g VALUES (2506, 'relationship', 'acquaintance');

INSERT INTO EP_g VALUES (2506, 'contact_frequency', 'monthly');

INSERT INTO E_g VALUES (2507, 220, 141, 'knows');

INSERT INTO EP_g VALUES (2507, 'since', '2024');

INSERT INTO EP_g VALUES (2507, 'relationship', 'friend');

INSERT INTO EP_g VALUES (2507, 'contact_frequency', 'rarely');

INSERT INTO E_g VALUES (2508, 220, 240, 'knows');

INSERT INTO EP_g VALUES (2508, 'since', '2013');

INSERT INTO EP_g VALUES (2508, 'relationship', 'family');

INSERT INTO EP_g VALUES (2508, 'contact_frequency', 'weekly');

INSERT INTO E_g VALUES (2509, 221, 17, 'knows');

INSERT INTO EP_g VALUES (2509, 'since', '2024');

INSERT INTO EP_g VALUES (2509, 'relationship', 'acquaintance');

INSERT INTO EP_g VALUES (2509, 'contact_frequency', 'weekly');

INSERT INTO E_g VALUES (2510, 221, 86, 'knows');

INSERT INTO EP_g VALUES (2510, 'since', '2019');

INSERT INTO EP_g VALUES (2510, 'relationship', 'acquaintance');

INSERT INTO EP_g VALUES (2510, 'contact_frequency', 'daily');

INSERT INTO E_g VALUES (2511, 221, 210, 'knows');

INSERT INTO EP_g VALUES (2511, 'since', '2020');

INSERT INTO EP_g VALUES (2511, 'relationship', 'acquaintance');

INSERT INTO EP_g VALUES (2511, 'contact_frequency', 'rarely');

INSERT INTO E_g VALUES (2512, 221, 181, 'knows');

INSERT INTO EP_g VALUES (2512, 'since', '2024');

INSERT INTO EP_g VALUES (2512, 'relationship', 'acquaintance');

INSERT INTO EP_g VALUES (2512, 'contact_frequency', 'daily');

INSERT INTO E_g VALUES (2513, 221, 246, 'knows');

INSERT INTO EP_g VALUES (2513, 'since', '2024');

INSERT INTO EP_g VALUES (2513, 'relationship', 'family');

INSERT INTO EP_g VALUES (2513, 'contact_frequency', 'monthly');

INSERT INTO E_g VALUES (2514, 222, 262, 'knows');

INSERT INTO EP_g VALUES (2514, 'since', '2020');

INSERT INTO EP_g VALUES (2514, 'relationship', 'family');

INSERT INTO EP_g VALUES (2514, 'contact_frequency', 'weekly');

INSERT INTO E_g VALUES (2515, 222, 70, 'knows');

INSERT INTO EP_g VALUES (2515, 'since', '2019');

INSERT INTO EP_g VALUES (2515, 'relationship', 'acquaintance');

INSERT INTO EP_g VALUES (2515, 'contact_frequency', 'daily');

INSERT INTO E_g VALUES (2516, 222, 114, 'knows');

INSERT INTO EP_g VALUES (2516, 'since', '2014');

INSERT INTO EP_g VALUES (2516, 'relationship', 'colleague');

INSERT INTO EP_g VALUES (2516, 'contact_frequency', 'rarely');

INSERT INTO E_g VALUES (2517, 222, 228, 'knows');

INSERT INTO EP_g VALUES (2517, 'since', '2015');

INSERT INTO EP_g VALUES (2517, 'relationship', 'family');

INSERT INTO EP_g VALUES (2517, 'contact_frequency', 'rarely');

INSERT INTO E_g VALUES (2518, 222, 232, 'knows');

INSERT INTO EP_g VALUES (2518, 'since', '2018');

INSERT INTO EP_g VALUES (2518, 'relationship', 'colleague');

INSERT INTO EP_g VALUES (2518, 'contact_frequency', 'rarely');

INSERT INTO E_g VALUES (2519, 222, 231, 'knows');

INSERT INTO EP_g VALUES (2519, 'since', '2013');

INSERT INTO EP_g VALUES (2519, 'relationship', 'acquaintance');

INSERT INTO EP_g VALUES (2519, 'contact_frequency', 'monthly');

INSERT INTO E_g VALUES (2520, 223, 151, 'knows');

INSERT INTO EP_g VALUES (2520, 'since', '2011');

INSERT INTO EP_g VALUES (2520, 'relationship', 'acquaintance');

INSERT INTO EP_g VALUES (2520, 'contact_frequency', 'weekly');

INSERT INTO E_g VALUES (2521, 223, 116, 'knows');

INSERT INTO EP_g VALUES (2521, 'since', '2011');

INSERT INTO EP_g VALUES (2521, 'relationship', 'colleague');

INSERT INTO EP_g VALUES (2521, 'contact_frequency', 'monthly');

INSERT INTO E_g VALUES (2522, 223, 34, 'knows');

INSERT INTO EP_g VALUES (2522, 'since', '2011');

INSERT INTO EP_g VALUES (2522, 'relationship', 'friend');

INSERT INTO EP_g VALUES (2522, 'contact_frequency', 'monthly');

INSERT INTO E_g VALUES (2523, 223, 169, 'knows');

INSERT INTO EP_g VALUES (2523, 'since', '2022');

INSERT INTO EP_g VALUES (2523, 'relationship', 'friend');

INSERT INTO EP_g VALUES (2523, 'contact_frequency', 'weekly');

INSERT INTO E_g VALUES (2524, 223, 297, 'knows');

INSERT INTO EP_g VALUES (2524, 'since', '2012');

INSERT INTO EP_g VALUES (2524, 'relationship', 'colleague');

INSERT INTO EP_g VALUES (2524, 'contact_frequency', 'weekly');

INSERT INTO E_g VALUES (2525, 223, 8, 'knows');

INSERT INTO EP_g VALUES (2525, 'since', '2012');

INSERT INTO EP_g VALUES (2525, 'relationship', 'colleague');

INSERT INTO EP_g VALUES (2525, 'contact_frequency', 'rarely');

INSERT INTO E_g VALUES (2526, 223, 144, 'knows');

INSERT INTO EP_g VALUES (2526, 'since', '2018');

INSERT INTO EP_g VALUES (2526, 'relationship', 'acquaintance');

INSERT INTO EP_g VALUES (2526, 'contact_frequency', 'monthly');

INSERT INTO E_g VALUES (2527, 223, 288, 'knows');

INSERT INTO EP_g VALUES (2527, 'since', '2021');

INSERT INTO EP_g VALUES (2527, 'relationship', 'acquaintance');

INSERT INTO EP_g VALUES (2527, 'contact_frequency', 'rarely');

INSERT INTO E_g VALUES (2528, 224, 272, 'knows');

INSERT INTO EP_g VALUES (2528, 'since', '2019');

INSERT INTO EP_g VALUES (2528, 'relationship', 'acquaintance');

INSERT INTO EP_g VALUES (2528, 'contact_frequency', 'weekly');

INSERT INTO E_g VALUES (2529, 224, 39, 'knows');

INSERT INTO EP_g VALUES (2529, 'since', '2019');

INSERT INTO EP_g VALUES (2529, 'relationship', 'acquaintance');

INSERT INTO EP_g VALUES (2529, 'contact_frequency', 'monthly');

INSERT INTO E_g VALUES (2530, 225, 215, 'knows');

INSERT INTO EP_g VALUES (2530, 'since', '2024');

INSERT INTO EP_g VALUES (2530, 'relationship', 'colleague');

INSERT INTO EP_g VALUES (2530, 'contact_frequency', 'monthly');

INSERT INTO E_g VALUES (2531, 225, 204, 'knows');

INSERT INTO EP_g VALUES (2531, 'since', '2019');

INSERT INTO EP_g VALUES (2531, 'relationship', 'family');

INSERT INTO EP_g VALUES (2531, 'contact_frequency', 'rarely');

INSERT INTO E_g VALUES (2532, 226, 157, 'knows');

INSERT INTO EP_g VALUES (2532, 'since', '2018');

INSERT INTO EP_g VALUES (2532, 'relationship', 'colleague');

INSERT INTO EP_g VALUES (2532, 'contact_frequency', 'monthly');

INSERT INTO E_g VALUES (2533, 226, 134, 'knows');

INSERT INTO EP_g VALUES (2533, 'since', '2016');

INSERT INTO EP_g VALUES (2533, 'relationship', 'colleague');

INSERT INTO EP_g VALUES (2533, 'contact_frequency', 'daily');

INSERT INTO E_g VALUES (2534, 226, 103, 'knows');

INSERT INTO EP_g VALUES (2534, 'since', '2015');

INSERT INTO EP_g VALUES (2534, 'relationship', 'family');

INSERT INTO EP_g VALUES (2534, 'contact_frequency', 'daily');

INSERT INTO E_g VALUES (2535, 226, 165, 'knows');

INSERT INTO EP_g VALUES (2535, 'since', '2010');

INSERT INTO EP_g VALUES (2535, 'relationship', 'colleague');

INSERT INTO EP_g VALUES (2535, 'contact_frequency', 'weekly');

INSERT INTO E_g VALUES (2536, 226, 285, 'knows');

INSERT INTO EP_g VALUES (2536, 'since', '2013');

INSERT INTO EP_g VALUES (2536, 'relationship', 'acquaintance');

INSERT INTO EP_g VALUES (2536, 'contact_frequency', 'daily');

INSERT INTO E_g VALUES (2537, 226, 166, 'knows');

INSERT INTO EP_g VALUES (2537, 'since', '2014');

INSERT INTO EP_g VALUES (2537, 'relationship', 'family');

INSERT INTO EP_g VALUES (2537, 'contact_frequency', 'weekly');

INSERT INTO E_g VALUES (2538, 226, 24, 'knows');

INSERT INTO EP_g VALUES (2538, 'since', '2015');

INSERT INTO EP_g VALUES (2538, 'relationship', 'family');

INSERT INTO EP_g VALUES (2538, 'contact_frequency', 'daily');

INSERT INTO E_g VALUES (2539, 226, 107, 'knows');

INSERT INTO EP_g VALUES (2539, 'since', '2010');

INSERT INTO EP_g VALUES (2539, 'relationship', 'friend');

INSERT INTO EP_g VALUES (2539, 'contact_frequency', 'rarely');

INSERT INTO E_g VALUES (2540, 226, 290, 'knows');

INSERT INTO EP_g VALUES (2540, 'since', '2013');

INSERT INTO EP_g VALUES (2540, 'relationship', 'colleague');

INSERT INTO EP_g VALUES (2540, 'contact_frequency', 'daily');

INSERT INTO E_g VALUES (2541, 227, 141, 'knows');

INSERT INTO EP_g VALUES (2541, 'since', '2020');

INSERT INTO EP_g VALUES (2541, 'relationship', 'family');

INSERT INTO EP_g VALUES (2541, 'contact_frequency', 'rarely');

INSERT INTO E_g VALUES (2542, 227, 282, 'knows');

INSERT INTO EP_g VALUES (2542, 'since', '2010');

INSERT INTO EP_g VALUES (2542, 'relationship', 'family');

INSERT INTO EP_g VALUES (2542, 'contact_frequency', 'rarely');

INSERT INTO E_g VALUES (2543, 227, 269, 'knows');

INSERT INTO EP_g VALUES (2543, 'since', '2012');

INSERT INTO EP_g VALUES (2543, 'relationship', 'friend');

INSERT INTO EP_g VALUES (2543, 'contact_frequency', 'monthly');

INSERT INTO E_g VALUES (2544, 228, 253, 'knows');

INSERT INTO EP_g VALUES (2544, 'since', '2020');

INSERT INTO EP_g VALUES (2544, 'relationship', 'friend');

INSERT INTO EP_g VALUES (2544, 'contact_frequency', 'rarely');

INSERT INTO E_g VALUES (2545, 228, 123, 'knows');

INSERT INTO EP_g VALUES (2545, 'since', '2012');

INSERT INTO EP_g VALUES (2545, 'relationship', 'colleague');

INSERT INTO EP_g VALUES (2545, 'contact_frequency', 'daily');

INSERT INTO E_g VALUES (2546, 228, 59, 'knows');

INSERT INTO EP_g VALUES (2546, 'since', '2023');

INSERT INTO EP_g VALUES (2546, 'relationship', 'acquaintance');

INSERT INTO EP_g VALUES (2546, 'contact_frequency', 'weekly');

INSERT INTO E_g VALUES (2547, 228, 285, 'knows');

INSERT INTO EP_g VALUES (2547, 'since', '2020');

INSERT INTO EP_g VALUES (2547, 'relationship', 'friend');

INSERT INTO EP_g VALUES (2547, 'contact_frequency', 'monthly');

INSERT INTO E_g VALUES (2548, 229, 141, 'knows');

INSERT INTO EP_g VALUES (2548, 'since', '2020');

INSERT INTO EP_g VALUES (2548, 'relationship', 'colleague');

INSERT INTO EP_g VALUES (2548, 'contact_frequency', 'weekly');

INSERT INTO E_g VALUES (2549, 229, 94, 'knows');

INSERT INTO EP_g VALUES (2549, 'since', '2012');

INSERT INTO EP_g VALUES (2549, 'relationship', 'colleague');

INSERT INTO EP_g VALUES (2549, 'contact_frequency', 'daily');

INSERT INTO E_g VALUES (2550, 230, 203, 'knows');

INSERT INTO EP_g VALUES (2550, 'since', '2020');

INSERT INTO EP_g VALUES (2550, 'relationship', 'friend');

INSERT INTO EP_g VALUES (2550, 'contact_frequency', 'monthly');

INSERT INTO E_g VALUES (2551, 230, 207, 'knows');

INSERT INTO EP_g VALUES (2551, 'since', '2015');

INSERT INTO EP_g VALUES (2551, 'relationship', 'friend');

INSERT INTO EP_g VALUES (2551, 'contact_frequency', 'monthly');

INSERT INTO E_g VALUES (2552, 230, 34, 'knows');

INSERT INTO EP_g VALUES (2552, 'since', '2023');

INSERT INTO EP_g VALUES (2552, 'relationship', 'friend');

INSERT INTO EP_g VALUES (2552, 'contact_frequency', 'monthly');

INSERT INTO E_g VALUES (2553, 231, 38, 'knows');

INSERT INTO EP_g VALUES (2553, 'since', '2010');

INSERT INTO EP_g VALUES (2553, 'relationship', 'friend');

INSERT INTO EP_g VALUES (2553, 'contact_frequency', 'daily');

INSERT INTO E_g VALUES (2554, 231, 79, 'knows');

INSERT INTO EP_g VALUES (2554, 'since', '2016');

INSERT INTO EP_g VALUES (2554, 'relationship', 'friend');

INSERT INTO EP_g VALUES (2554, 'contact_frequency', 'rarely');

INSERT INTO E_g VALUES (2555, 231, 91, 'knows');

INSERT INTO EP_g VALUES (2555, 'since', '2017');

INSERT INTO EP_g VALUES (2555, 'relationship', 'colleague');

INSERT INTO EP_g VALUES (2555, 'contact_frequency', 'rarely');

INSERT INTO E_g VALUES (2556, 231, 104, 'knows');

INSERT INTO EP_g VALUES (2556, 'since', '2010');

INSERT INTO EP_g VALUES (2556, 'relationship', 'colleague');

INSERT INTO EP_g VALUES (2556, 'contact_frequency', 'daily');

INSERT INTO E_g VALUES (2557, 231, 105, 'knows');

INSERT INTO EP_g VALUES (2557, 'since', '2020');

INSERT INTO EP_g VALUES (2557, 'relationship', 'colleague');

INSERT INTO EP_g VALUES (2557, 'contact_frequency', 'daily');

INSERT INTO E_g VALUES (2558, 231, 87, 'knows');

INSERT INTO EP_g VALUES (2558, 'since', '2020');

INSERT INTO EP_g VALUES (2558, 'relationship', 'family');

INSERT INTO EP_g VALUES (2558, 'contact_frequency', 'weekly');

INSERT INTO E_g VALUES (2559, 231, 45, 'knows');

INSERT INTO EP_g VALUES (2559, 'since', '2015');

INSERT INTO EP_g VALUES (2559, 'relationship', 'family');

INSERT INTO EP_g VALUES (2559, 'contact_frequency', 'weekly');

INSERT INTO E_g VALUES (2560, 231, 117, 'knows');

INSERT INTO EP_g VALUES (2560, 'since', '2012');

INSERT INTO EP_g VALUES (2560, 'relationship', 'family');

INSERT INTO EP_g VALUES (2560, 'contact_frequency', 'daily');

INSERT INTO E_g VALUES (2561, 232, 165, 'knows');

INSERT INTO EP_g VALUES (2561, 'since', '2012');

INSERT INTO EP_g VALUES (2561, 'relationship', 'family');

INSERT INTO EP_g VALUES (2561, 'contact_frequency', 'rarely');

INSERT INTO E_g VALUES (2562, 232, 72, 'knows');

INSERT INTO EP_g VALUES (2562, 'since', '2014');

INSERT INTO EP_g VALUES (2562, 'relationship', 'friend');

INSERT INTO EP_g VALUES (2562, 'contact_frequency', 'daily');

INSERT INTO E_g VALUES (2563, 232, 295, 'knows');

INSERT INTO EP_g VALUES (2563, 'since', '2022');

INSERT INTO EP_g VALUES (2563, 'relationship', 'friend');

INSERT INTO EP_g VALUES (2563, 'contact_frequency', 'rarely');

INSERT INTO E_g VALUES (2564, 232, 257, 'knows');

INSERT INTO EP_g VALUES (2564, 'since', '2017');

INSERT INTO EP_g VALUES (2564, 'relationship', 'colleague');

INSERT INTO EP_g VALUES (2564, 'contact_frequency', 'weekly');

INSERT INTO E_g VALUES (2565, 232, 224, 'knows');

INSERT INTO EP_g VALUES (2565, 'since', '2015');

INSERT INTO EP_g VALUES (2565, 'relationship', 'acquaintance');

INSERT INTO EP_g VALUES (2565, 'contact_frequency', 'rarely');

INSERT INTO E_g VALUES (2566, 232, 171, 'knows');

INSERT INTO EP_g VALUES (2566, 'since', '2020');

INSERT INTO EP_g VALUES (2566, 'relationship', 'acquaintance');

INSERT INTO EP_g VALUES (2566, 'contact_frequency', 'rarely');

INSERT INTO E_g VALUES (2567, 232, 158, 'knows');

INSERT INTO EP_g VALUES (2567, 'since', '2018');

INSERT INTO EP_g VALUES (2567, 'relationship', 'family');

INSERT INTO EP_g VALUES (2567, 'contact_frequency', 'rarely');

INSERT INTO E_g VALUES (2568, 232, 201, 'knows');

INSERT INTO EP_g VALUES (2568, 'since', '2020');

INSERT INTO EP_g VALUES (2568, 'relationship', 'family');

INSERT INTO EP_g VALUES (2568, 'contact_frequency', 'daily');

INSERT INTO E_g VALUES (2569, 232, 260, 'knows');

INSERT INTO EP_g VALUES (2569, 'since', '2023');

INSERT INTO EP_g VALUES (2569, 'relationship', 'friend');

INSERT INTO EP_g VALUES (2569, 'contact_frequency', 'monthly');

INSERT INTO E_g VALUES (2570, 233, 89, 'knows');

INSERT INTO EP_g VALUES (2570, 'since', '2022');

INSERT INTO EP_g VALUES (2570, 'relationship', 'acquaintance');

INSERT INTO EP_g VALUES (2570, 'contact_frequency', 'monthly');

INSERT INTO E_g VALUES (2571, 233, 145, 'knows');

INSERT INTO EP_g VALUES (2571, 'since', '2023');

INSERT INTO EP_g VALUES (2571, 'relationship', 'family');

INSERT INTO EP_g VALUES (2571, 'contact_frequency', 'daily');

INSERT INTO E_g VALUES (2572, 234, 172, 'knows');

INSERT INTO EP_g VALUES (2572, 'since', '2012');

INSERT INTO EP_g VALUES (2572, 'relationship', 'friend');

INSERT INTO EP_g VALUES (2572, 'contact_frequency', 'rarely');

INSERT INTO E_g VALUES (2573, 234, 71, 'knows');

INSERT INTO EP_g VALUES (2573, 'since', '2018');

INSERT INTO EP_g VALUES (2573, 'relationship', 'friend');

INSERT INTO EP_g VALUES (2573, 'contact_frequency', 'weekly');

INSERT INTO E_g VALUES (2574, 234, 88, 'knows');

INSERT INTO EP_g VALUES (2574, 'since', '2010');

INSERT INTO EP_g VALUES (2574, 'relationship', 'acquaintance');

INSERT INTO EP_g VALUES (2574, 'contact_frequency', 'daily');

INSERT INTO E_g VALUES (2575, 234, 96, 'knows');

INSERT INTO EP_g VALUES (2575, 'since', '2024');

INSERT INTO EP_g VALUES (2575, 'relationship', 'friend');

INSERT INTO EP_g VALUES (2575, 'contact_frequency', 'monthly');

INSERT INTO E_g VALUES (2576, 234, 292, 'knows');

INSERT INTO EP_g VALUES (2576, 'since', '2019');

INSERT INTO EP_g VALUES (2576, 'relationship', 'friend');

INSERT INTO EP_g VALUES (2576, 'contact_frequency', 'daily');

INSERT INTO E_g VALUES (2577, 235, 130, 'knows');

INSERT INTO EP_g VALUES (2577, 'since', '2010');

INSERT INTO EP_g VALUES (2577, 'relationship', 'colleague');

INSERT INTO EP_g VALUES (2577, 'contact_frequency', 'rarely');

INSERT INTO E_g VALUES (2578, 235, 10, 'knows');

INSERT INTO EP_g VALUES (2578, 'since', '2013');

INSERT INTO EP_g VALUES (2578, 'relationship', 'family');

INSERT INTO EP_g VALUES (2578, 'contact_frequency', 'rarely');

INSERT INTO E_g VALUES (2579, 235, 44, 'knows');

INSERT INTO EP_g VALUES (2579, 'since', '2014');

INSERT INTO EP_g VALUES (2579, 'relationship', 'friend');

INSERT INTO EP_g VALUES (2579, 'contact_frequency', 'daily');

INSERT INTO E_g VALUES (2580, 236, 297, 'knows');

INSERT INTO EP_g VALUES (2580, 'since', '2021');

INSERT INTO EP_g VALUES (2580, 'relationship', 'friend');

INSERT INTO EP_g VALUES (2580, 'contact_frequency', 'monthly');

INSERT INTO E_g VALUES (2581, 236, 6, 'knows');

INSERT INTO EP_g VALUES (2581, 'since', '2020');

INSERT INTO EP_g VALUES (2581, 'relationship', 'colleague');

INSERT INTO EP_g VALUES (2581, 'contact_frequency', 'rarely');

INSERT INTO E_g VALUES (2582, 236, 22, 'knows');

INSERT INTO EP_g VALUES (2582, 'since', '2023');

INSERT INTO EP_g VALUES (2582, 'relationship', 'friend');

INSERT INTO EP_g VALUES (2582, 'contact_frequency', 'weekly');

INSERT INTO E_g VALUES (2583, 236, 136, 'knows');

INSERT INTO EP_g VALUES (2583, 'since', '2015');

INSERT INTO EP_g VALUES (2583, 'relationship', 'acquaintance');

INSERT INTO EP_g VALUES (2583, 'contact_frequency', 'daily');

INSERT INTO E_g VALUES (2584, 237, 18, 'knows');

INSERT INTO EP_g VALUES (2584, 'since', '2023');

INSERT INTO EP_g VALUES (2584, 'relationship', 'acquaintance');

INSERT INTO EP_g VALUES (2584, 'contact_frequency', 'weekly');

INSERT INTO E_g VALUES (2585, 237, 263, 'knows');

INSERT INTO EP_g VALUES (2585, 'since', '2012');

INSERT INTO EP_g VALUES (2585, 'relationship', 'family');

INSERT INTO EP_g VALUES (2585, 'contact_frequency', 'monthly');

INSERT INTO E_g VALUES (2586, 237, 80, 'knows');

INSERT INTO EP_g VALUES (2586, 'since', '2019');

INSERT INTO EP_g VALUES (2586, 'relationship', 'acquaintance');

INSERT INTO EP_g VALUES (2586, 'contact_frequency', 'weekly');

INSERT INTO E_g VALUES (2587, 238, 103, 'knows');

INSERT INTO EP_g VALUES (2587, 'since', '2015');

INSERT INTO EP_g VALUES (2587, 'relationship', 'friend');

INSERT INTO EP_g VALUES (2587, 'contact_frequency', 'weekly');

INSERT INTO E_g VALUES (2588, 238, 60, 'knows');

INSERT INTO EP_g VALUES (2588, 'since', '2011');

INSERT INTO EP_g VALUES (2588, 'relationship', 'acquaintance');

INSERT INTO EP_g VALUES (2588, 'contact_frequency', 'daily');

INSERT INTO E_g VALUES (2589, 238, 120, 'knows');

INSERT INTO EP_g VALUES (2589, 'since', '2022');

INSERT INTO EP_g VALUES (2589, 'relationship', 'colleague');

INSERT INTO EP_g VALUES (2589, 'contact_frequency', 'weekly');

INSERT INTO E_g VALUES (2590, 238, 157, 'knows');

INSERT INTO EP_g VALUES (2590, 'since', '2019');

INSERT INTO EP_g VALUES (2590, 'relationship', 'family');

INSERT INTO EP_g VALUES (2590, 'contact_frequency', 'monthly');

INSERT INTO E_g VALUES (2591, 238, 290, 'knows');

INSERT INTO EP_g VALUES (2591, 'since', '2020');

INSERT INTO EP_g VALUES (2591, 'relationship', 'friend');

INSERT INTO EP_g VALUES (2591, 'contact_frequency', 'daily');

INSERT INTO E_g VALUES (2592, 238, 17, 'knows');

INSERT INTO EP_g VALUES (2592, 'since', '2022');

INSERT INTO EP_g VALUES (2592, 'relationship', 'family');

INSERT INTO EP_g VALUES (2592, 'contact_frequency', 'daily');

INSERT INTO E_g VALUES (2593, 239, 136, 'knows');

INSERT INTO EP_g VALUES (2593, 'since', '2015');

INSERT INTO EP_g VALUES (2593, 'relationship', 'acquaintance');

INSERT INTO EP_g VALUES (2593, 'contact_frequency', 'rarely');

INSERT INTO E_g VALUES (2594, 239, 14, 'knows');

INSERT INTO EP_g VALUES (2594, 'since', '2018');

INSERT INTO EP_g VALUES (2594, 'relationship', 'colleague');

INSERT INTO EP_g VALUES (2594, 'contact_frequency', 'monthly');

INSERT INTO E_g VALUES (2595, 239, 97, 'knows');

INSERT INTO EP_g VALUES (2595, 'since', '2011');

INSERT INTO EP_g VALUES (2595, 'relationship', 'family');

INSERT INTO EP_g VALUES (2595, 'contact_frequency', 'rarely');

INSERT INTO E_g VALUES (2596, 240, 257, 'knows');

INSERT INTO EP_g VALUES (2596, 'since', '2019');

INSERT INTO EP_g VALUES (2596, 'relationship', 'acquaintance');

INSERT INTO EP_g VALUES (2596, 'contact_frequency', 'rarely');

INSERT INTO E_g VALUES (2597, 240, 242, 'knows');

INSERT INTO EP_g VALUES (2597, 'since', '2016');

INSERT INTO EP_g VALUES (2597, 'relationship', 'family');

INSERT INTO EP_g VALUES (2597, 'contact_frequency', 'rarely');

INSERT INTO E_g VALUES (2598, 240, 47, 'knows');

INSERT INTO EP_g VALUES (2598, 'since', '2022');

INSERT INTO EP_g VALUES (2598, 'relationship', 'colleague');

INSERT INTO EP_g VALUES (2598, 'contact_frequency', 'rarely');

INSERT INTO E_g VALUES (2599, 240, 184, 'knows');

INSERT INTO EP_g VALUES (2599, 'since', '2017');

INSERT INTO EP_g VALUES (2599, 'relationship', 'colleague');

INSERT INTO EP_g VALUES (2599, 'contact_frequency', 'monthly');

INSERT INTO E_g VALUES (2600, 240, 54, 'knows');

INSERT INTO EP_g VALUES (2600, 'since', '2013');

INSERT INTO EP_g VALUES (2600, 'relationship', 'colleague');

INSERT INTO EP_g VALUES (2600, 'contact_frequency', 'rarely');

INSERT INTO E_g VALUES (2601, 240, 10, 'knows');

INSERT INTO EP_g VALUES (2601, 'since', '2023');

INSERT INTO EP_g VALUES (2601, 'relationship', 'family');

INSERT INTO EP_g VALUES (2601, 'contact_frequency', 'rarely');

INSERT INTO E_g VALUES (2602, 240, 12, 'knows');

INSERT INTO EP_g VALUES (2602, 'since', '2011');

INSERT INTO EP_g VALUES (2602, 'relationship', 'colleague');

INSERT INTO EP_g VALUES (2602, 'contact_frequency', 'weekly');

INSERT INTO E_g VALUES (2603, 240, 17, 'knows');

INSERT INTO EP_g VALUES (2603, 'since', '2011');

INSERT INTO EP_g VALUES (2603, 'relationship', 'colleague');

INSERT INTO EP_g VALUES (2603, 'contact_frequency', 'rarely');

INSERT INTO E_g VALUES (2604, 240, 65, 'knows');

INSERT INTO EP_g VALUES (2604, 'since', '2018');

INSERT INTO EP_g VALUES (2604, 'relationship', 'family');

INSERT INTO EP_g VALUES (2604, 'contact_frequency', 'daily');

INSERT INTO E_g VALUES (2605, 240, 166, 'knows');

INSERT INTO EP_g VALUES (2605, 'since', '2022');

INSERT INTO EP_g VALUES (2605, 'relationship', 'friend');

INSERT INTO EP_g VALUES (2605, 'contact_frequency', 'monthly');

INSERT INTO E_g VALUES (2606, 241, 85, 'knows');

INSERT INTO EP_g VALUES (2606, 'since', '2014');

INSERT INTO EP_g VALUES (2606, 'relationship', 'family');

INSERT INTO EP_g VALUES (2606, 'contact_frequency', 'daily');

INSERT INTO E_g VALUES (2607, 241, 22, 'knows');

INSERT INTO EP_g VALUES (2607, 'since', '2021');

INSERT INTO EP_g VALUES (2607, 'relationship', 'friend');

INSERT INTO EP_g VALUES (2607, 'contact_frequency', 'rarely');

INSERT INTO E_g VALUES (2608, 241, 169, 'knows');

INSERT INTO EP_g VALUES (2608, 'since', '2024');

INSERT INTO EP_g VALUES (2608, 'relationship', 'acquaintance');

INSERT INTO EP_g VALUES (2608, 'contact_frequency', 'daily');

INSERT INTO E_g VALUES (2609, 241, 232, 'knows');

INSERT INTO EP_g VALUES (2609, 'since', '2016');

INSERT INTO EP_g VALUES (2609, 'relationship', 'acquaintance');

INSERT INTO EP_g VALUES (2609, 'contact_frequency', 'weekly');

INSERT INTO E_g VALUES (2610, 241, 168, 'knows');

INSERT INTO EP_g VALUES (2610, 'since', '2012');

INSERT INTO EP_g VALUES (2610, 'relationship', 'family');

INSERT INTO EP_g VALUES (2610, 'contact_frequency', 'weekly');

INSERT INTO E_g VALUES (2611, 241, 60, 'knows');

INSERT INTO EP_g VALUES (2611, 'since', '2022');

INSERT INTO EP_g VALUES (2611, 'relationship', 'colleague');

INSERT INTO EP_g VALUES (2611, 'contact_frequency', 'weekly');

INSERT INTO E_g VALUES (2612, 241, 176, 'knows');

INSERT INTO EP_g VALUES (2612, 'since', '2014');

INSERT INTO EP_g VALUES (2612, 'relationship', 'colleague');

INSERT INTO EP_g VALUES (2612, 'contact_frequency', 'daily');

INSERT INTO E_g VALUES (2613, 241, 142, 'knows');

INSERT INTO EP_g VALUES (2613, 'since', '2018');

INSERT INTO EP_g VALUES (2613, 'relationship', 'colleague');

INSERT INTO EP_g VALUES (2613, 'contact_frequency', 'monthly');

INSERT INTO E_g VALUES (2614, 241, 210, 'knows');

INSERT INTO EP_g VALUES (2614, 'since', '2018');

INSERT INTO EP_g VALUES (2614, 'relationship', 'colleague');

INSERT INTO EP_g VALUES (2614, 'contact_frequency', 'monthly');

INSERT INTO E_g VALUES (2615, 241, 133, 'knows');

INSERT INTO EP_g VALUES (2615, 'since', '2020');

INSERT INTO EP_g VALUES (2615, 'relationship', 'acquaintance');

INSERT INTO EP_g VALUES (2615, 'contact_frequency', 'daily');

INSERT INTO E_g VALUES (2616, 242, 193, 'knows');

INSERT INTO EP_g VALUES (2616, 'since', '2012');

INSERT INTO EP_g VALUES (2616, 'relationship', 'family');

INSERT INTO EP_g VALUES (2616, 'contact_frequency', 'weekly');

INSERT INTO E_g VALUES (2617, 242, 284, 'knows');

INSERT INTO EP_g VALUES (2617, 'since', '2011');

INSERT INTO EP_g VALUES (2617, 'relationship', 'acquaintance');

INSERT INTO EP_g VALUES (2617, 'contact_frequency', 'daily');

INSERT INTO E_g VALUES (2618, 242, 281, 'knows');

INSERT INTO EP_g VALUES (2618, 'since', '2019');

INSERT INTO EP_g VALUES (2618, 'relationship', 'colleague');

INSERT INTO EP_g VALUES (2618, 'contact_frequency', 'weekly');

INSERT INTO E_g VALUES (2619, 242, 206, 'knows');

INSERT INTO EP_g VALUES (2619, 'since', '2023');

INSERT INTO EP_g VALUES (2619, 'relationship', 'acquaintance');

INSERT INTO EP_g VALUES (2619, 'contact_frequency', 'daily');

INSERT INTO E_g VALUES (2620, 242, 163, 'knows');

INSERT INTO EP_g VALUES (2620, 'since', '2010');

INSERT INTO EP_g VALUES (2620, 'relationship', 'family');

INSERT INTO EP_g VALUES (2620, 'contact_frequency', 'daily');

INSERT INTO E_g VALUES (2621, 242, 261, 'knows');

INSERT INTO EP_g VALUES (2621, 'since', '2011');

INSERT INTO EP_g VALUES (2621, 'relationship', 'acquaintance');

INSERT INTO EP_g VALUES (2621, 'contact_frequency', 'weekly');

INSERT INTO E_g VALUES (2622, 242, 107, 'knows');

INSERT INTO EP_g VALUES (2622, 'since', '2014');

INSERT INTO EP_g VALUES (2622, 'relationship', 'colleague');

INSERT INTO EP_g VALUES (2622, 'contact_frequency', 'monthly');

INSERT INTO E_g VALUES (2623, 242, 243, 'knows');

INSERT INTO EP_g VALUES (2623, 'since', '2018');

INSERT INTO EP_g VALUES (2623, 'relationship', 'friend');

INSERT INTO EP_g VALUES (2623, 'contact_frequency', 'rarely');

INSERT INTO E_g VALUES (2624, 243, 253, 'knows');

INSERT INTO EP_g VALUES (2624, 'since', '2017');

INSERT INTO EP_g VALUES (2624, 'relationship', 'acquaintance');

INSERT INTO EP_g VALUES (2624, 'contact_frequency', 'weekly');

INSERT INTO E_g VALUES (2625, 243, 57, 'knows');

INSERT INTO EP_g VALUES (2625, 'since', '2023');

INSERT INTO EP_g VALUES (2625, 'relationship', 'family');

INSERT INTO EP_g VALUES (2625, 'contact_frequency', 'rarely');

INSERT INTO E_g VALUES (2626, 244, 208, 'knows');

INSERT INTO EP_g VALUES (2626, 'since', '2012');

INSERT INTO EP_g VALUES (2626, 'relationship', 'acquaintance');

INSERT INTO EP_g VALUES (2626, 'contact_frequency', 'monthly');

INSERT INTO E_g VALUES (2627, 244, 260, 'knows');

INSERT INTO EP_g VALUES (2627, 'since', '2015');

INSERT INTO EP_g VALUES (2627, 'relationship', 'friend');

INSERT INTO EP_g VALUES (2627, 'contact_frequency', 'weekly');

INSERT INTO E_g VALUES (2628, 244, 45, 'knows');

INSERT INTO EP_g VALUES (2628, 'since', '2023');

INSERT INTO EP_g VALUES (2628, 'relationship', 'colleague');

INSERT INTO EP_g VALUES (2628, 'contact_frequency', 'rarely');

INSERT INTO E_g VALUES (2629, 244, 211, 'knows');

INSERT INTO EP_g VALUES (2629, 'since', '2010');

INSERT INTO EP_g VALUES (2629, 'relationship', 'friend');

INSERT INTO EP_g VALUES (2629, 'contact_frequency', 'daily');

INSERT INTO E_g VALUES (2630, 244, 139, 'knows');

INSERT INTO EP_g VALUES (2630, 'since', '2018');

INSERT INTO EP_g VALUES (2630, 'relationship', 'colleague');

INSERT INTO EP_g VALUES (2630, 'contact_frequency', 'rarely');

INSERT INTO E_g VALUES (2631, 245, 207, 'knows');

INSERT INTO EP_g VALUES (2631, 'since', '2010');

INSERT INTO EP_g VALUES (2631, 'relationship', 'friend');

INSERT INTO EP_g VALUES (2631, 'contact_frequency', 'monthly');

INSERT INTO E_g VALUES (2632, 245, 272, 'knows');

INSERT INTO EP_g VALUES (2632, 'since', '2016');

INSERT INTO EP_g VALUES (2632, 'relationship', 'colleague');

INSERT INTO EP_g VALUES (2632, 'contact_frequency', 'monthly');

INSERT INTO E_g VALUES (2633, 246, 284, 'knows');

INSERT INTO EP_g VALUES (2633, 'since', '2011');

INSERT INTO EP_g VALUES (2633, 'relationship', 'colleague');

INSERT INTO EP_g VALUES (2633, 'contact_frequency', 'daily');

INSERT INTO E_g VALUES (2634, 246, 273, 'knows');

INSERT INTO EP_g VALUES (2634, 'since', '2018');

INSERT INTO EP_g VALUES (2634, 'relationship', 'colleague');

INSERT INTO EP_g VALUES (2634, 'contact_frequency', 'monthly');

INSERT INTO E_g VALUES (2635, 246, 235, 'knows');

INSERT INTO EP_g VALUES (2635, 'since', '2022');

INSERT INTO EP_g VALUES (2635, 'relationship', 'acquaintance');

INSERT INTO EP_g VALUES (2635, 'contact_frequency', 'daily');

INSERT INTO E_g VALUES (2636, 246, 75, 'knows');

INSERT INTO EP_g VALUES (2636, 'since', '2018');

INSERT INTO EP_g VALUES (2636, 'relationship', 'colleague');

INSERT INTO EP_g VALUES (2636, 'contact_frequency', 'rarely');

INSERT INTO E_g VALUES (2637, 246, 285, 'knows');

INSERT INTO EP_g VALUES (2637, 'since', '2010');

INSERT INTO EP_g VALUES (2637, 'relationship', 'friend');

INSERT INTO EP_g VALUES (2637, 'contact_frequency', 'monthly');

INSERT INTO E_g VALUES (2638, 246, 43, 'knows');

INSERT INTO EP_g VALUES (2638, 'since', '2019');

INSERT INTO EP_g VALUES (2638, 'relationship', 'colleague');

INSERT INTO EP_g VALUES (2638, 'contact_frequency', 'monthly');

INSERT INTO E_g VALUES (2639, 246, 276, 'knows');

INSERT INTO EP_g VALUES (2639, 'since', '2011');

INSERT INTO EP_g VALUES (2639, 'relationship', 'acquaintance');

INSERT INTO EP_g VALUES (2639, 'contact_frequency', 'rarely');

INSERT INTO E_g VALUES (2640, 246, 163, 'knows');

INSERT INTO EP_g VALUES (2640, 'since', '2020');

INSERT INTO EP_g VALUES (2640, 'relationship', 'family');

INSERT INTO EP_g VALUES (2640, 'contact_frequency', 'daily');

INSERT INTO E_g VALUES (2641, 247, 49, 'knows');

INSERT INTO EP_g VALUES (2641, 'since', '2022');

INSERT INTO EP_g VALUES (2641, 'relationship', 'family');

INSERT INTO EP_g VALUES (2641, 'contact_frequency', 'daily');

INSERT INTO E_g VALUES (2642, 247, 292, 'knows');

INSERT INTO EP_g VALUES (2642, 'since', '2011');

INSERT INTO EP_g VALUES (2642, 'relationship', 'acquaintance');

INSERT INTO EP_g VALUES (2642, 'contact_frequency', 'daily');

INSERT INTO E_g VALUES (2643, 247, 136, 'knows');

INSERT INTO EP_g VALUES (2643, 'since', '2020');

INSERT INTO EP_g VALUES (2643, 'relationship', 'acquaintance');

INSERT INTO EP_g VALUES (2643, 'contact_frequency', 'monthly');

INSERT INTO E_g VALUES (2644, 247, 276, 'knows');

INSERT INTO EP_g VALUES (2644, 'since', '2011');

INSERT INTO EP_g VALUES (2644, 'relationship', 'friend');

INSERT INTO EP_g VALUES (2644, 'contact_frequency', 'monthly');

INSERT INTO E_g VALUES (2645, 247, 174, 'knows');

INSERT INTO EP_g VALUES (2645, 'since', '2024');

INSERT INTO EP_g VALUES (2645, 'relationship', 'friend');

INSERT INTO EP_g VALUES (2645, 'contact_frequency', 'monthly');

INSERT INTO E_g VALUES (2646, 247, 108, 'knows');

INSERT INTO EP_g VALUES (2646, 'since', '2019');

INSERT INTO EP_g VALUES (2646, 'relationship', 'friend');

INSERT INTO EP_g VALUES (2646, 'contact_frequency', 'rarely');

INSERT INTO E_g VALUES (2647, 248, 84, 'knows');

INSERT INTO EP_g VALUES (2647, 'since', '2020');

INSERT INTO EP_g VALUES (2647, 'relationship', 'colleague');

INSERT INTO EP_g VALUES (2647, 'contact_frequency', 'weekly');

INSERT INTO E_g VALUES (2648, 248, 243, 'knows');

INSERT INTO EP_g VALUES (2648, 'since', '2021');

INSERT INTO EP_g VALUES (2648, 'relationship', 'family');

INSERT INTO EP_g VALUES (2648, 'contact_frequency', 'rarely');

INSERT INTO E_g VALUES (2649, 248, 60, 'knows');

INSERT INTO EP_g VALUES (2649, 'since', '2021');

INSERT INTO EP_g VALUES (2649, 'relationship', 'acquaintance');

INSERT INTO EP_g VALUES (2649, 'contact_frequency', 'monthly');

INSERT INTO E_g VALUES (2650, 248, 266, 'knows');

INSERT INTO EP_g VALUES (2650, 'since', '2021');

INSERT INTO EP_g VALUES (2650, 'relationship', 'colleague');

INSERT INTO EP_g VALUES (2650, 'contact_frequency', 'monthly');

INSERT INTO E_g VALUES (2651, 249, 180, 'knows');

INSERT INTO EP_g VALUES (2651, 'since', '2023');

INSERT INTO EP_g VALUES (2651, 'relationship', 'colleague');

INSERT INTO EP_g VALUES (2651, 'contact_frequency', 'rarely');

INSERT INTO E_g VALUES (2652, 249, 36, 'knows');

INSERT INTO EP_g VALUES (2652, 'since', '2015');

INSERT INTO EP_g VALUES (2652, 'relationship', 'friend');

INSERT INTO EP_g VALUES (2652, 'contact_frequency', 'weekly');

INSERT INTO E_g VALUES (2653, 249, 85, 'knows');

INSERT INTO EP_g VALUES (2653, 'since', '2011');

INSERT INTO EP_g VALUES (2653, 'relationship', 'family');

INSERT INTO EP_g VALUES (2653, 'contact_frequency', 'monthly');

INSERT INTO E_g VALUES (2654, 249, 245, 'knows');

INSERT INTO EP_g VALUES (2654, 'since', '2013');

INSERT INTO EP_g VALUES (2654, 'relationship', 'colleague');

INSERT INTO EP_g VALUES (2654, 'contact_frequency', 'rarely');

INSERT INTO E_g VALUES (2655, 249, 92, 'knows');

INSERT INTO EP_g VALUES (2655, 'since', '2023');

INSERT INTO EP_g VALUES (2655, 'relationship', 'friend');

INSERT INTO EP_g VALUES (2655, 'contact_frequency', 'daily');

INSERT INTO E_g VALUES (2656, 249, 238, 'knows');

INSERT INTO EP_g VALUES (2656, 'since', '2023');

INSERT INTO EP_g VALUES (2656, 'relationship', 'friend');

INSERT INTO EP_g VALUES (2656, 'contact_frequency', 'daily');

INSERT INTO E_g VALUES (2657, 249, 198, 'knows');

INSERT INTO EP_g VALUES (2657, 'since', '2011');

INSERT INTO EP_g VALUES (2657, 'relationship', 'colleague');

INSERT INTO EP_g VALUES (2657, 'contact_frequency', 'rarely');

INSERT INTO E_g VALUES (2658, 249, 245, 'knows');

INSERT INTO EP_g VALUES (2658, 'since', '2012');

INSERT INTO EP_g VALUES (2658, 'relationship', 'family');

INSERT INTO EP_g VALUES (2658, 'contact_frequency', 'rarely');

INSERT INTO E_g VALUES (2659, 249, 147, 'knows');

INSERT INTO EP_g VALUES (2659, 'since', '2019');

INSERT INTO EP_g VALUES (2659, 'relationship', 'friend');

INSERT INTO EP_g VALUES (2659, 'contact_frequency', 'daily');

INSERT INTO E_g VALUES (2660, 249, 13, 'knows');

INSERT INTO EP_g VALUES (2660, 'since', '2024');

INSERT INTO EP_g VALUES (2660, 'relationship', 'family');

INSERT INTO EP_g VALUES (2660, 'contact_frequency', 'monthly');

INSERT INTO E_g VALUES (2661, 250, 179, 'knows');

INSERT INTO EP_g VALUES (2661, 'since', '2015');

INSERT INTO EP_g VALUES (2661, 'relationship', 'acquaintance');

INSERT INTO EP_g VALUES (2661, 'contact_frequency', 'monthly');

INSERT INTO E_g VALUES (2662, 250, 83, 'knows');

INSERT INTO EP_g VALUES (2662, 'since', '2019');

INSERT INTO EP_g VALUES (2662, 'relationship', 'colleague');

INSERT INTO EP_g VALUES (2662, 'contact_frequency', 'weekly');

INSERT INTO E_g VALUES (2663, 250, 214, 'knows');

INSERT INTO EP_g VALUES (2663, 'since', '2014');

INSERT INTO EP_g VALUES (2663, 'relationship', 'family');

INSERT INTO EP_g VALUES (2663, 'contact_frequency', 'daily');

INSERT INTO E_g VALUES (2664, 250, 180, 'knows');

INSERT INTO EP_g VALUES (2664, 'since', '2012');

INSERT INTO EP_g VALUES (2664, 'relationship', 'colleague');

INSERT INTO EP_g VALUES (2664, 'contact_frequency', 'monthly');

INSERT INTO E_g VALUES (2665, 250, 180, 'knows');

INSERT INTO EP_g VALUES (2665, 'since', '2023');

INSERT INTO EP_g VALUES (2665, 'relationship', 'family');

INSERT INTO EP_g VALUES (2665, 'contact_frequency', 'rarely');

INSERT INTO E_g VALUES (2666, 250, 132, 'knows');

INSERT INTO EP_g VALUES (2666, 'since', '2022');

INSERT INTO EP_g VALUES (2666, 'relationship', 'family');

INSERT INTO EP_g VALUES (2666, 'contact_frequency', 'monthly');

INSERT INTO E_g VALUES (2667, 250, 299, 'knows');

INSERT INTO EP_g VALUES (2667, 'since', '2015');

INSERT INTO EP_g VALUES (2667, 'relationship', 'family');

INSERT INTO EP_g VALUES (2667, 'contact_frequency', 'weekly');

INSERT INTO E_g VALUES (2668, 250, 122, 'knows');

INSERT INTO EP_g VALUES (2668, 'since', '2015');

INSERT INTO EP_g VALUES (2668, 'relationship', 'colleague');

INSERT INTO EP_g VALUES (2668, 'contact_frequency', 'rarely');

INSERT INTO E_g VALUES (2669, 250, 66, 'knows');

INSERT INTO EP_g VALUES (2669, 'since', '2013');

INSERT INTO EP_g VALUES (2669, 'relationship', 'colleague');

INSERT INTO EP_g VALUES (2669, 'contact_frequency', 'weekly');

INSERT INTO E_g VALUES (2670, 250, 80, 'knows');

INSERT INTO EP_g VALUES (2670, 'since', '2011');

INSERT INTO EP_g VALUES (2670, 'relationship', 'family');

INSERT INTO EP_g VALUES (2670, 'contact_frequency', 'daily');

INSERT INTO E_g VALUES (2671, 251, 119, 'knows');

INSERT INTO EP_g VALUES (2671, 'since', '2020');

INSERT INTO EP_g VALUES (2671, 'relationship', 'friend');

INSERT INTO EP_g VALUES (2671, 'contact_frequency', 'rarely');

INSERT INTO E_g VALUES (2672, 251, 172, 'knows');

INSERT INTO EP_g VALUES (2672, 'since', '2014');

INSERT INTO EP_g VALUES (2672, 'relationship', 'friend');

INSERT INTO EP_g VALUES (2672, 'contact_frequency', 'monthly');

INSERT INTO E_g VALUES (2673, 251, 222, 'knows');

INSERT INTO EP_g VALUES (2673, 'since', '2024');

INSERT INTO EP_g VALUES (2673, 'relationship', 'colleague');

INSERT INTO EP_g VALUES (2673, 'contact_frequency', 'rarely');

INSERT INTO E_g VALUES (2674, 251, 188, 'knows');

INSERT INTO EP_g VALUES (2674, 'since', '2022');

INSERT INTO EP_g VALUES (2674, 'relationship', 'colleague');

INSERT INTO EP_g VALUES (2674, 'contact_frequency', 'monthly');

INSERT INTO E_g VALUES (2675, 251, 253, 'knows');

INSERT INTO EP_g VALUES (2675, 'since', '2014');

INSERT INTO EP_g VALUES (2675, 'relationship', 'colleague');

INSERT INTO EP_g VALUES (2675, 'contact_frequency', 'rarely');

INSERT INTO E_g VALUES (2676, 252, 209, 'knows');

INSERT INTO EP_g VALUES (2676, 'since', '2023');

INSERT INTO EP_g VALUES (2676, 'relationship', 'friend');

INSERT INTO EP_g VALUES (2676, 'contact_frequency', 'weekly');

INSERT INTO E_g VALUES (2677, 252, 47, 'knows');

INSERT INTO EP_g VALUES (2677, 'since', '2022');

INSERT INTO EP_g VALUES (2677, 'relationship', 'family');

INSERT INTO EP_g VALUES (2677, 'contact_frequency', 'weekly');

INSERT INTO E_g VALUES (2678, 252, 86, 'knows');

INSERT INTO EP_g VALUES (2678, 'since', '2017');

INSERT INTO EP_g VALUES (2678, 'relationship', 'family');

INSERT INTO EP_g VALUES (2678, 'contact_frequency', 'daily');

INSERT INTO E_g VALUES (2679, 252, 235, 'knows');

INSERT INTO EP_g VALUES (2679, 'since', '2010');

INSERT INTO EP_g VALUES (2679, 'relationship', 'family');

INSERT INTO EP_g VALUES (2679, 'contact_frequency', 'rarely');

INSERT INTO E_g VALUES (2680, 252, 38, 'knows');

INSERT INTO EP_g VALUES (2680, 'since', '2016');

INSERT INTO EP_g VALUES (2680, 'relationship', 'colleague');

INSERT INTO EP_g VALUES (2680, 'contact_frequency', 'rarely');

INSERT INTO E_g VALUES (2681, 252, 74, 'knows');

INSERT INTO EP_g VALUES (2681, 'since', '2024');

INSERT INTO EP_g VALUES (2681, 'relationship', 'colleague');

INSERT INTO EP_g VALUES (2681, 'contact_frequency', 'rarely');

INSERT INTO E_g VALUES (2682, 252, 219, 'knows');

INSERT INTO EP_g VALUES (2682, 'since', '2010');

INSERT INTO EP_g VALUES (2682, 'relationship', 'colleague');

INSERT INTO EP_g VALUES (2682, 'contact_frequency', 'rarely');

INSERT INTO E_g VALUES (2683, 253, 91, 'knows');

INSERT INTO EP_g VALUES (2683, 'since', '2022');

INSERT INTO EP_g VALUES (2683, 'relationship', 'family');

INSERT INTO EP_g VALUES (2683, 'contact_frequency', 'daily');

INSERT INTO E_g VALUES (2684, 253, 271, 'knows');

INSERT INTO EP_g VALUES (2684, 'since', '2020');

INSERT INTO EP_g VALUES (2684, 'relationship', 'family');

INSERT INTO EP_g VALUES (2684, 'contact_frequency', 'rarely');

INSERT INTO E_g VALUES (2685, 253, 210, 'knows');

INSERT INTO EP_g VALUES (2685, 'since', '2010');

INSERT INTO EP_g VALUES (2685, 'relationship', 'family');

INSERT INTO EP_g VALUES (2685, 'contact_frequency', 'weekly');

INSERT INTO E_g VALUES (2686, 253, 180, 'knows');

INSERT INTO EP_g VALUES (2686, 'since', '2011');

INSERT INTO EP_g VALUES (2686, 'relationship', 'family');

INSERT INTO EP_g VALUES (2686, 'contact_frequency', 'rarely');

INSERT INTO E_g VALUES (2687, 253, 199, 'knows');

INSERT INTO EP_g VALUES (2687, 'since', '2021');

INSERT INTO EP_g VALUES (2687, 'relationship', 'colleague');

INSERT INTO EP_g VALUES (2687, 'contact_frequency', 'daily');

INSERT INTO E_g VALUES (2688, 254, 32, 'knows');

INSERT INTO EP_g VALUES (2688, 'since', '2015');

INSERT INTO EP_g VALUES (2688, 'relationship', 'family');

INSERT INTO EP_g VALUES (2688, 'contact_frequency', 'daily');

INSERT INTO E_g VALUES (2689, 254, 227, 'knows');

INSERT INTO EP_g VALUES (2689, 'since', '2013');

INSERT INTO EP_g VALUES (2689, 'relationship', 'acquaintance');

INSERT INTO EP_g VALUES (2689, 'contact_frequency', 'weekly');

INSERT INTO E_g VALUES (2690, 254, 257, 'knows');

INSERT INTO EP_g VALUES (2690, 'since', '2019');

INSERT INTO EP_g VALUES (2690, 'relationship', 'colleague');

INSERT INTO EP_g VALUES (2690, 'contact_frequency', 'weekly');

INSERT INTO E_g VALUES (2691, 254, 244, 'knows');

INSERT INTO EP_g VALUES (2691, 'since', '2021');

INSERT INTO EP_g VALUES (2691, 'relationship', 'acquaintance');

INSERT INTO EP_g VALUES (2691, 'contact_frequency', 'rarely');

INSERT INTO E_g VALUES (2692, 254, 185, 'knows');

INSERT INTO EP_g VALUES (2692, 'since', '2013');

INSERT INTO EP_g VALUES (2692, 'relationship', 'friend');

INSERT INTO EP_g VALUES (2692, 'contact_frequency', 'daily');

INSERT INTO E_g VALUES (2693, 254, 49, 'knows');

INSERT INTO EP_g VALUES (2693, 'since', '2012');

INSERT INTO EP_g VALUES (2693, 'relationship', 'friend');

INSERT INTO EP_g VALUES (2693, 'contact_frequency', 'weekly');

INSERT INTO E_g VALUES (2694, 254, 244, 'knows');

INSERT INTO EP_g VALUES (2694, 'since', '2015');

INSERT INTO EP_g VALUES (2694, 'relationship', 'family');

INSERT INTO EP_g VALUES (2694, 'contact_frequency', 'rarely');

INSERT INTO E_g VALUES (2695, 254, 284, 'knows');

INSERT INTO EP_g VALUES (2695, 'since', '2016');

INSERT INTO EP_g VALUES (2695, 'relationship', 'family');

INSERT INTO EP_g VALUES (2695, 'contact_frequency', 'weekly');

INSERT INTO E_g VALUES (2696, 255, 161, 'knows');

INSERT INTO EP_g VALUES (2696, 'since', '2023');

INSERT INTO EP_g VALUES (2696, 'relationship', 'family');

INSERT INTO EP_g VALUES (2696, 'contact_frequency', 'weekly');

INSERT INTO E_g VALUES (2697, 255, 207, 'knows');

INSERT INTO EP_g VALUES (2697, 'since', '2020');

INSERT INTO EP_g VALUES (2697, 'relationship', 'acquaintance');

INSERT INTO EP_g VALUES (2697, 'contact_frequency', 'monthly');

INSERT INTO E_g VALUES (2698, 255, 201, 'knows');

INSERT INTO EP_g VALUES (2698, 'since', '2024');

INSERT INTO EP_g VALUES (2698, 'relationship', 'colleague');

INSERT INTO EP_g VALUES (2698, 'contact_frequency', 'monthly');

INSERT INTO E_g VALUES (2699, 255, 60, 'knows');

INSERT INTO EP_g VALUES (2699, 'since', '2013');

INSERT INTO EP_g VALUES (2699, 'relationship', 'acquaintance');

INSERT INTO EP_g VALUES (2699, 'contact_frequency', 'daily');

INSERT INTO E_g VALUES (2700, 255, 62, 'knows');

INSERT INTO EP_g VALUES (2700, 'since', '2013');

INSERT INTO EP_g VALUES (2700, 'relationship', 'colleague');

INSERT INTO EP_g VALUES (2700, 'contact_frequency', 'weekly');

INSERT INTO E_g VALUES (2701, 255, 282, 'knows');

INSERT INTO EP_g VALUES (2701, 'since', '2022');

INSERT INTO EP_g VALUES (2701, 'relationship', 'acquaintance');

INSERT INTO EP_g VALUES (2701, 'contact_frequency', 'weekly');

INSERT INTO E_g VALUES (2702, 256, 109, 'knows');

INSERT INTO EP_g VALUES (2702, 'since', '2019');

INSERT INTO EP_g VALUES (2702, 'relationship', 'friend');

INSERT INTO EP_g VALUES (2702, 'contact_frequency', 'monthly');

INSERT INTO E_g VALUES (2703, 256, 287, 'knows');

INSERT INTO EP_g VALUES (2703, 'since', '2016');

INSERT INTO EP_g VALUES (2703, 'relationship', 'colleague');

INSERT INTO EP_g VALUES (2703, 'contact_frequency', 'weekly');

INSERT INTO E_g VALUES (2704, 256, 4, 'knows');

INSERT INTO EP_g VALUES (2704, 'since', '2023');

INSERT INTO EP_g VALUES (2704, 'relationship', 'friend');

INSERT INTO EP_g VALUES (2704, 'contact_frequency', 'weekly');

INSERT INTO E_g VALUES (2705, 256, 95, 'knows');

INSERT INTO EP_g VALUES (2705, 'since', '2021');

INSERT INTO EP_g VALUES (2705, 'relationship', 'acquaintance');

INSERT INTO EP_g VALUES (2705, 'contact_frequency', 'rarely');

INSERT INTO E_g VALUES (2706, 256, 155, 'knows');

INSERT INTO EP_g VALUES (2706, 'since', '2015');

INSERT INTO EP_g VALUES (2706, 'relationship', 'friend');

INSERT INTO EP_g VALUES (2706, 'contact_frequency', 'monthly');

INSERT INTO E_g VALUES (2707, 256, 47, 'knows');

INSERT INTO EP_g VALUES (2707, 'since', '2015');

INSERT INTO EP_g VALUES (2707, 'relationship', 'colleague');

INSERT INTO EP_g VALUES (2707, 'contact_frequency', 'weekly');

INSERT INTO E_g VALUES (2708, 256, 29, 'knows');

INSERT INTO EP_g VALUES (2708, 'since', '2024');

INSERT INTO EP_g VALUES (2708, 'relationship', 'acquaintance');

INSERT INTO EP_g VALUES (2708, 'contact_frequency', 'daily');

INSERT INTO E_g VALUES (2709, 256, 7, 'knows');

INSERT INTO EP_g VALUES (2709, 'since', '2019');

INSERT INTO EP_g VALUES (2709, 'relationship', 'family');

INSERT INTO EP_g VALUES (2709, 'contact_frequency', 'monthly');

INSERT INTO E_g VALUES (2710, 257, 217, 'knows');

INSERT INTO EP_g VALUES (2710, 'since', '2012');

INSERT INTO EP_g VALUES (2710, 'relationship', 'family');

INSERT INTO EP_g VALUES (2710, 'contact_frequency', 'rarely');

INSERT INTO E_g VALUES (2711, 257, 39, 'knows');

INSERT INTO EP_g VALUES (2711, 'since', '2010');

INSERT INTO EP_g VALUES (2711, 'relationship', 'acquaintance');

INSERT INTO EP_g VALUES (2711, 'contact_frequency', 'rarely');

INSERT INTO E_g VALUES (2712, 257, 239, 'knows');

INSERT INTO EP_g VALUES (2712, 'since', '2023');

INSERT INTO EP_g VALUES (2712, 'relationship', 'colleague');

INSERT INTO EP_g VALUES (2712, 'contact_frequency', 'rarely');

INSERT INTO E_g VALUES (2713, 257, 32, 'knows');

INSERT INTO EP_g VALUES (2713, 'since', '2014');

INSERT INTO EP_g VALUES (2713, 'relationship', 'family');

INSERT INTO EP_g VALUES (2713, 'contact_frequency', 'weekly');

INSERT INTO E_g VALUES (2714, 258, 285, 'knows');

INSERT INTO EP_g VALUES (2714, 'since', '2014');

INSERT INTO EP_g VALUES (2714, 'relationship', 'family');

INSERT INTO EP_g VALUES (2714, 'contact_frequency', 'daily');

INSERT INTO E_g VALUES (2715, 258, 70, 'knows');

INSERT INTO EP_g VALUES (2715, 'since', '2020');

INSERT INTO EP_g VALUES (2715, 'relationship', 'family');

INSERT INTO EP_g VALUES (2715, 'contact_frequency', 'monthly');

INSERT INTO E_g VALUES (2716, 258, 67, 'knows');

INSERT INTO EP_g VALUES (2716, 'since', '2010');

INSERT INTO EP_g VALUES (2716, 'relationship', 'family');

INSERT INTO EP_g VALUES (2716, 'contact_frequency', 'weekly');

INSERT INTO E_g VALUES (2717, 258, 36, 'knows');

INSERT INTO EP_g VALUES (2717, 'since', '2013');

INSERT INTO EP_g VALUES (2717, 'relationship', 'acquaintance');

INSERT INTO EP_g VALUES (2717, 'contact_frequency', 'monthly');

INSERT INTO E_g VALUES (2718, 258, 191, 'knows');

INSERT INTO EP_g VALUES (2718, 'since', '2023');

INSERT INTO EP_g VALUES (2718, 'relationship', 'colleague');

INSERT INTO EP_g VALUES (2718, 'contact_frequency', 'rarely');

INSERT INTO E_g VALUES (2719, 259, 22, 'knows');

INSERT INTO EP_g VALUES (2719, 'since', '2018');

INSERT INTO EP_g VALUES (2719, 'relationship', 'colleague');

INSERT INTO EP_g VALUES (2719, 'contact_frequency', 'rarely');

INSERT INTO E_g VALUES (2720, 259, 119, 'knows');

INSERT INTO EP_g VALUES (2720, 'since', '2014');

INSERT INTO EP_g VALUES (2720, 'relationship', 'colleague');

INSERT INTO EP_g VALUES (2720, 'contact_frequency', 'rarely');

INSERT INTO E_g VALUES (2721, 259, 154, 'knows');

INSERT INTO EP_g VALUES (2721, 'since', '2021');

INSERT INTO EP_g VALUES (2721, 'relationship', 'family');

INSERT INTO EP_g VALUES (2721, 'contact_frequency', 'weekly');

INSERT INTO E_g VALUES (2722, 259, 250, 'knows');

INSERT INTO EP_g VALUES (2722, 'since', '2011');

INSERT INTO EP_g VALUES (2722, 'relationship', 'colleague');

INSERT INTO EP_g VALUES (2722, 'contact_frequency', 'monthly');

INSERT INTO E_g VALUES (2723, 259, 276, 'knows');

INSERT INTO EP_g VALUES (2723, 'since', '2012');

INSERT INTO EP_g VALUES (2723, 'relationship', 'friend');

INSERT INTO EP_g VALUES (2723, 'contact_frequency', 'monthly');

INSERT INTO E_g VALUES (2724, 259, 7, 'knows');

INSERT INTO EP_g VALUES (2724, 'since', '2024');

INSERT INTO EP_g VALUES (2724, 'relationship', 'acquaintance');

INSERT INTO EP_g VALUES (2724, 'contact_frequency', 'weekly');

INSERT INTO E_g VALUES (2725, 259, 290, 'knows');

INSERT INTO EP_g VALUES (2725, 'since', '2018');

INSERT INTO EP_g VALUES (2725, 'relationship', 'friend');

INSERT INTO EP_g VALUES (2725, 'contact_frequency', 'weekly');

INSERT INTO E_g VALUES (2726, 259, 273, 'knows');

INSERT INTO EP_g VALUES (2726, 'since', '2023');

INSERT INTO EP_g VALUES (2726, 'relationship', 'friend');

INSERT INTO EP_g VALUES (2726, 'contact_frequency', 'daily');

INSERT INTO E_g VALUES (2727, 259, 106, 'knows');

INSERT INTO EP_g VALUES (2727, 'since', '2024');

INSERT INTO EP_g VALUES (2727, 'relationship', 'acquaintance');

INSERT INTO EP_g VALUES (2727, 'contact_frequency', 'monthly');

INSERT INTO E_g VALUES (2728, 259, 141, 'knows');

INSERT INTO EP_g VALUES (2728, 'since', '2019');

INSERT INTO EP_g VALUES (2728, 'relationship', 'family');

INSERT INTO EP_g VALUES (2728, 'contact_frequency', 'daily');

INSERT INTO E_g VALUES (2729, 260, 113, 'knows');

INSERT INTO EP_g VALUES (2729, 'since', '2015');

INSERT INTO EP_g VALUES (2729, 'relationship', 'friend');

INSERT INTO EP_g VALUES (2729, 'contact_frequency', 'monthly');

INSERT INTO E_g VALUES (2730, 260, 273, 'knows');

INSERT INTO EP_g VALUES (2730, 'since', '2021');

INSERT INTO EP_g VALUES (2730, 'relationship', 'colleague');

INSERT INTO EP_g VALUES (2730, 'contact_frequency', 'monthly');

INSERT INTO E_g VALUES (2731, 261, 190, 'knows');

INSERT INTO EP_g VALUES (2731, 'since', '2011');

INSERT INTO EP_g VALUES (2731, 'relationship', 'friend');

INSERT INTO EP_g VALUES (2731, 'contact_frequency', 'weekly');

INSERT INTO E_g VALUES (2732, 261, 119, 'knows');

INSERT INTO EP_g VALUES (2732, 'since', '2017');

INSERT INTO EP_g VALUES (2732, 'relationship', 'friend');

INSERT INTO EP_g VALUES (2732, 'contact_frequency', 'rarely');

INSERT INTO E_g VALUES (2733, 261, 190, 'knows');

INSERT INTO EP_g VALUES (2733, 'since', '2018');

INSERT INTO EP_g VALUES (2733, 'relationship', 'friend');

INSERT INTO EP_g VALUES (2733, 'contact_frequency', 'monthly');

INSERT INTO E_g VALUES (2734, 261, 220, 'knows');

INSERT INTO EP_g VALUES (2734, 'since', '2016');

INSERT INTO EP_g VALUES (2734, 'relationship', 'acquaintance');

INSERT INTO EP_g VALUES (2734, 'contact_frequency', 'monthly');

INSERT INTO E_g VALUES (2735, 261, 256, 'knows');

INSERT INTO EP_g VALUES (2735, 'since', '2020');

INSERT INTO EP_g VALUES (2735, 'relationship', 'colleague');

INSERT INTO EP_g VALUES (2735, 'contact_frequency', 'monthly');

INSERT INTO E_g VALUES (2736, 261, 39, 'knows');

INSERT INTO EP_g VALUES (2736, 'since', '2020');

INSERT INTO EP_g VALUES (2736, 'relationship', 'family');

INSERT INTO EP_g VALUES (2736, 'contact_frequency', 'rarely');

INSERT INTO E_g VALUES (2737, 261, 283, 'knows');

INSERT INTO EP_g VALUES (2737, 'since', '2020');

INSERT INTO EP_g VALUES (2737, 'relationship', 'family');

INSERT INTO EP_g VALUES (2737, 'contact_frequency', 'rarely');

INSERT INTO E_g VALUES (2738, 261, 248, 'knows');

INSERT INTO EP_g VALUES (2738, 'since', '2023');

INSERT INTO EP_g VALUES (2738, 'relationship', 'family');

INSERT INTO EP_g VALUES (2738, 'contact_frequency', 'weekly');

INSERT INTO E_g VALUES (2739, 261, 208, 'knows');

INSERT INTO EP_g VALUES (2739, 'since', '2018');

INSERT INTO EP_g VALUES (2739, 'relationship', 'friend');

INSERT INTO EP_g VALUES (2739, 'contact_frequency', 'daily');

INSERT INTO E_g VALUES (2740, 261, 67, 'knows');

INSERT INTO EP_g VALUES (2740, 'since', '2021');

INSERT INTO EP_g VALUES (2740, 'relationship', 'family');

INSERT INTO EP_g VALUES (2740, 'contact_frequency', 'daily');

INSERT INTO E_g VALUES (2741, 262, 263, 'knows');

INSERT INTO EP_g VALUES (2741, 'since', '2021');

INSERT INTO EP_g VALUES (2741, 'relationship', 'colleague');

INSERT INTO EP_g VALUES (2741, 'contact_frequency', 'daily');

INSERT INTO E_g VALUES (2742, 262, 145, 'knows');

INSERT INTO EP_g VALUES (2742, 'since', '2014');

INSERT INTO EP_g VALUES (2742, 'relationship', 'acquaintance');

INSERT INTO EP_g VALUES (2742, 'contact_frequency', 'rarely');

INSERT INTO E_g VALUES (2743, 262, 185, 'knows');

INSERT INTO EP_g VALUES (2743, 'since', '2017');

INSERT INTO EP_g VALUES (2743, 'relationship', 'family');

INSERT INTO EP_g VALUES (2743, 'contact_frequency', 'daily');

INSERT INTO E_g VALUES (2744, 262, 207, 'knows');

INSERT INTO EP_g VALUES (2744, 'since', '2014');

INSERT INTO EP_g VALUES (2744, 'relationship', 'friend');

INSERT INTO EP_g VALUES (2744, 'contact_frequency', 'weekly');

INSERT INTO E_g VALUES (2745, 262, 122, 'knows');

INSERT INTO EP_g VALUES (2745, 'since', '2017');

INSERT INTO EP_g VALUES (2745, 'relationship', 'acquaintance');

INSERT INTO EP_g VALUES (2745, 'contact_frequency', 'monthly');

INSERT INTO E_g VALUES (2746, 262, 43, 'knows');

INSERT INTO EP_g VALUES (2746, 'since', '2011');

INSERT INTO EP_g VALUES (2746, 'relationship', 'acquaintance');

INSERT INTO EP_g VALUES (2746, 'contact_frequency', 'weekly');

INSERT INTO E_g VALUES (2747, 262, 49, 'knows');

INSERT INTO EP_g VALUES (2747, 'since', '2018');

INSERT INTO EP_g VALUES (2747, 'relationship', 'acquaintance');

INSERT INTO EP_g VALUES (2747, 'contact_frequency', 'daily');

INSERT INTO E_g VALUES (2748, 262, 168, 'knows');

INSERT INTO EP_g VALUES (2748, 'since', '2019');

INSERT INTO EP_g VALUES (2748, 'relationship', 'family');

INSERT INTO EP_g VALUES (2748, 'contact_frequency', 'weekly');

INSERT INTO E_g VALUES (2749, 263, 133, 'knows');

INSERT INTO EP_g VALUES (2749, 'since', '2019');

INSERT INTO EP_g VALUES (2749, 'relationship', 'colleague');

INSERT INTO EP_g VALUES (2749, 'contact_frequency', 'rarely');

INSERT INTO E_g VALUES (2750, 263, 251, 'knows');

INSERT INTO EP_g VALUES (2750, 'since', '2023');

INSERT INTO EP_g VALUES (2750, 'relationship', 'friend');

INSERT INTO EP_g VALUES (2750, 'contact_frequency', 'weekly');

INSERT INTO E_g VALUES (2751, 263, 117, 'knows');

INSERT INTO EP_g VALUES (2751, 'since', '2013');

INSERT INTO EP_g VALUES (2751, 'relationship', 'friend');

INSERT INTO EP_g VALUES (2751, 'contact_frequency', 'monthly');

INSERT INTO E_g VALUES (2752, 263, 261, 'knows');

INSERT INTO EP_g VALUES (2752, 'since', '2024');

INSERT INTO EP_g VALUES (2752, 'relationship', 'friend');

INSERT INTO EP_g VALUES (2752, 'contact_frequency', 'monthly');

INSERT INTO E_g VALUES (2753, 264, 115, 'knows');

INSERT INTO EP_g VALUES (2753, 'since', '2020');

INSERT INTO EP_g VALUES (2753, 'relationship', 'friend');

INSERT INTO EP_g VALUES (2753, 'contact_frequency', 'daily');

INSERT INTO E_g VALUES (2754, 264, 54, 'knows');

INSERT INTO EP_g VALUES (2754, 'since', '2017');

INSERT INTO EP_g VALUES (2754, 'relationship', 'family');

INSERT INTO EP_g VALUES (2754, 'contact_frequency', 'rarely');

INSERT INTO E_g VALUES (2755, 264, 37, 'knows');

INSERT INTO EP_g VALUES (2755, 'since', '2019');

INSERT INTO EP_g VALUES (2755, 'relationship', 'colleague');

INSERT INTO EP_g VALUES (2755, 'contact_frequency', 'monthly');

INSERT INTO E_g VALUES (2756, 264, 248, 'knows');

INSERT INTO EP_g VALUES (2756, 'since', '2019');

INSERT INTO EP_g VALUES (2756, 'relationship', 'friend');

INSERT INTO EP_g VALUES (2756, 'contact_frequency', 'rarely');

INSERT INTO E_g VALUES (2757, 264, 130, 'knows');

INSERT INTO EP_g VALUES (2757, 'since', '2019');

INSERT INTO EP_g VALUES (2757, 'relationship', 'family');

INSERT INTO EP_g VALUES (2757, 'contact_frequency', 'weekly');

INSERT INTO E_g VALUES (2758, 264, 191, 'knows');

INSERT INTO EP_g VALUES (2758, 'since', '2023');

INSERT INTO EP_g VALUES (2758, 'relationship', 'family');

INSERT INTO EP_g VALUES (2758, 'contact_frequency', 'daily');

INSERT INTO E_g VALUES (2759, 264, 266, 'knows');

INSERT INTO EP_g VALUES (2759, 'since', '2011');

INSERT INTO EP_g VALUES (2759, 'relationship', 'friend');

INSERT INTO EP_g VALUES (2759, 'contact_frequency', 'rarely');

INSERT INTO E_g VALUES (2760, 264, 167, 'knows');

INSERT INTO EP_g VALUES (2760, 'since', '2024');

INSERT INTO EP_g VALUES (2760, 'relationship', 'colleague');

INSERT INTO EP_g VALUES (2760, 'contact_frequency', 'weekly');

INSERT INTO E_g VALUES (2761, 265, 1, 'knows');

INSERT INTO EP_g VALUES (2761, 'since', '2011');

INSERT INTO EP_g VALUES (2761, 'relationship', 'colleague');

INSERT INTO EP_g VALUES (2761, 'contact_frequency', 'monthly');

INSERT INTO E_g VALUES (2762, 265, 151, 'knows');

INSERT INTO EP_g VALUES (2762, 'since', '2016');

INSERT INTO EP_g VALUES (2762, 'relationship', 'family');

INSERT INTO EP_g VALUES (2762, 'contact_frequency', 'monthly');

INSERT INTO E_g VALUES (2763, 265, 136, 'knows');

INSERT INTO EP_g VALUES (2763, 'since', '2024');

INSERT INTO EP_g VALUES (2763, 'relationship', 'family');

INSERT INTO EP_g VALUES (2763, 'contact_frequency', 'monthly');

INSERT INTO E_g VALUES (2764, 265, 182, 'knows');

INSERT INTO EP_g VALUES (2764, 'since', '2019');

INSERT INTO EP_g VALUES (2764, 'relationship', 'family');

INSERT INTO EP_g VALUES (2764, 'contact_frequency', 'weekly');

INSERT INTO E_g VALUES (2765, 265, 256, 'knows');

INSERT INTO EP_g VALUES (2765, 'since', '2015');

INSERT INTO EP_g VALUES (2765, 'relationship', 'acquaintance');

INSERT INTO EP_g VALUES (2765, 'contact_frequency', 'daily');

INSERT INTO E_g VALUES (2766, 265, 172, 'knows');

INSERT INTO EP_g VALUES (2766, 'since', '2012');

INSERT INTO EP_g VALUES (2766, 'relationship', 'friend');

INSERT INTO EP_g VALUES (2766, 'contact_frequency', 'daily');

INSERT INTO E_g VALUES (2767, 265, 48, 'knows');

INSERT INTO EP_g VALUES (2767, 'since', '2010');

INSERT INTO EP_g VALUES (2767, 'relationship', 'colleague');

INSERT INTO EP_g VALUES (2767, 'contact_frequency', 'monthly');

INSERT INTO E_g VALUES (2768, 265, 7, 'knows');

INSERT INTO EP_g VALUES (2768, 'since', '2023');

INSERT INTO EP_g VALUES (2768, 'relationship', 'family');

INSERT INTO EP_g VALUES (2768, 'contact_frequency', 'daily');

INSERT INTO E_g VALUES (2769, 265, 136, 'knows');

INSERT INTO EP_g VALUES (2769, 'since', '2020');

INSERT INTO EP_g VALUES (2769, 'relationship', 'acquaintance');

INSERT INTO EP_g VALUES (2769, 'contact_frequency', 'rarely');

INSERT INTO E_g VALUES (2770, 265, 230, 'knows');

INSERT INTO EP_g VALUES (2770, 'since', '2017');

INSERT INTO EP_g VALUES (2770, 'relationship', 'friend');

INSERT INTO EP_g VALUES (2770, 'contact_frequency', 'daily');

INSERT INTO E_g VALUES (2771, 266, 124, 'knows');

INSERT INTO EP_g VALUES (2771, 'since', '2013');

INSERT INTO EP_g VALUES (2771, 'relationship', 'acquaintance');

INSERT INTO EP_g VALUES (2771, 'contact_frequency', 'daily');

INSERT INTO E_g VALUES (2772, 266, 235, 'knows');

INSERT INTO EP_g VALUES (2772, 'since', '2020');

INSERT INTO EP_g VALUES (2772, 'relationship', 'family');

INSERT INTO EP_g VALUES (2772, 'contact_frequency', 'daily');

INSERT INTO E_g VALUES (2773, 266, 35, 'knows');

INSERT INTO EP_g VALUES (2773, 'since', '2018');

INSERT INTO EP_g VALUES (2773, 'relationship', 'colleague');

INSERT INTO EP_g VALUES (2773, 'contact_frequency', 'weekly');

INSERT INTO E_g VALUES (2774, 267, 49, 'knows');

INSERT INTO EP_g VALUES (2774, 'since', '2017');

INSERT INTO EP_g VALUES (2774, 'relationship', 'colleague');

INSERT INTO EP_g VALUES (2774, 'contact_frequency', 'rarely');

INSERT INTO E_g VALUES (2775, 267, 170, 'knows');

INSERT INTO EP_g VALUES (2775, 'since', '2015');

INSERT INTO EP_g VALUES (2775, 'relationship', 'friend');

INSERT INTO EP_g VALUES (2775, 'contact_frequency', 'weekly');

INSERT INTO E_g VALUES (2776, 267, 160, 'knows');

INSERT INTO EP_g VALUES (2776, 'since', '2023');

INSERT INTO EP_g VALUES (2776, 'relationship', 'acquaintance');

INSERT INTO EP_g VALUES (2776, 'contact_frequency', 'weekly');

INSERT INTO E_g VALUES (2777, 267, 278, 'knows');

INSERT INTO EP_g VALUES (2777, 'since', '2024');

INSERT INTO EP_g VALUES (2777, 'relationship', 'acquaintance');

INSERT INTO EP_g VALUES (2777, 'contact_frequency', 'daily');

INSERT INTO E_g VALUES (2778, 267, 293, 'knows');

INSERT INTO EP_g VALUES (2778, 'since', '2011');

INSERT INTO EP_g VALUES (2778, 'relationship', 'acquaintance');

INSERT INTO EP_g VALUES (2778, 'contact_frequency', 'weekly');

INSERT INTO E_g VALUES (2779, 267, 138, 'knows');

INSERT INTO EP_g VALUES (2779, 'since', '2021');

INSERT INTO EP_g VALUES (2779, 'relationship', 'friend');

INSERT INTO EP_g VALUES (2779, 'contact_frequency', 'weekly');

INSERT INTO E_g VALUES (2780, 268, 213, 'knows');

INSERT INTO EP_g VALUES (2780, 'since', '2024');

INSERT INTO EP_g VALUES (2780, 'relationship', 'family');

INSERT INTO EP_g VALUES (2780, 'contact_frequency', 'rarely');

INSERT INTO E_g VALUES (2781, 268, 38, 'knows');

INSERT INTO EP_g VALUES (2781, 'since', '2014');

INSERT INTO EP_g VALUES (2781, 'relationship', 'friend');

INSERT INTO EP_g VALUES (2781, 'contact_frequency', 'rarely');

INSERT INTO E_g VALUES (2782, 268, 259, 'knows');

INSERT INTO EP_g VALUES (2782, 'since', '2011');

INSERT INTO EP_g VALUES (2782, 'relationship', 'family');

INSERT INTO EP_g VALUES (2782, 'contact_frequency', 'rarely');

INSERT INTO E_g VALUES (2783, 268, 255, 'knows');

INSERT INTO EP_g VALUES (2783, 'since', '2010');

INSERT INTO EP_g VALUES (2783, 'relationship', 'friend');

INSERT INTO EP_g VALUES (2783, 'contact_frequency', 'daily');

INSERT INTO E_g VALUES (2784, 268, 44, 'knows');

INSERT INTO EP_g VALUES (2784, 'since', '2023');

INSERT INTO EP_g VALUES (2784, 'relationship', 'acquaintance');

INSERT INTO EP_g VALUES (2784, 'contact_frequency', 'rarely');

INSERT INTO E_g VALUES (2785, 268, 291, 'knows');

INSERT INTO EP_g VALUES (2785, 'since', '2011');

INSERT INTO EP_g VALUES (2785, 'relationship', 'family');

INSERT INTO EP_g VALUES (2785, 'contact_frequency', 'monthly');

INSERT INTO E_g VALUES (2786, 268, 24, 'knows');

INSERT INTO EP_g VALUES (2786, 'since', '2022');

INSERT INTO EP_g VALUES (2786, 'relationship', 'colleague');

INSERT INTO EP_g VALUES (2786, 'contact_frequency', 'rarely');

INSERT INTO E_g VALUES (2787, 269, 105, 'knows');

INSERT INTO EP_g VALUES (2787, 'since', '2019');

INSERT INTO EP_g VALUES (2787, 'relationship', 'family');

INSERT INTO EP_g VALUES (2787, 'contact_frequency', 'daily');

INSERT INTO E_g VALUES (2788, 269, 57, 'knows');

INSERT INTO EP_g VALUES (2788, 'since', '2017');

INSERT INTO EP_g VALUES (2788, 'relationship', 'family');

INSERT INTO EP_g VALUES (2788, 'contact_frequency', 'monthly');

INSERT INTO E_g VALUES (2789, 269, 77, 'knows');

INSERT INTO EP_g VALUES (2789, 'since', '2012');

INSERT INTO EP_g VALUES (2789, 'relationship', 'colleague');

INSERT INTO EP_g VALUES (2789, 'contact_frequency', 'weekly');

INSERT INTO E_g VALUES (2790, 269, 220, 'knows');

INSERT INTO EP_g VALUES (2790, 'since', '2010');

INSERT INTO EP_g VALUES (2790, 'relationship', 'family');

INSERT INTO EP_g VALUES (2790, 'contact_frequency', 'weekly');

INSERT INTO E_g VALUES (2791, 269, 273, 'knows');

INSERT INTO EP_g VALUES (2791, 'since', '2019');

INSERT INTO EP_g VALUES (2791, 'relationship', 'acquaintance');

INSERT INTO EP_g VALUES (2791, 'contact_frequency', 'daily');

INSERT INTO E_g VALUES (2792, 269, 196, 'knows');

INSERT INTO EP_g VALUES (2792, 'since', '2015');

INSERT INTO EP_g VALUES (2792, 'relationship', 'acquaintance');

INSERT INTO EP_g VALUES (2792, 'contact_frequency', 'rarely');

INSERT INTO E_g VALUES (2793, 269, 171, 'knows');

INSERT INTO EP_g VALUES (2793, 'since', '2021');

INSERT INTO EP_g VALUES (2793, 'relationship', 'friend');

INSERT INTO EP_g VALUES (2793, 'contact_frequency', 'daily');

INSERT INTO E_g VALUES (2794, 269, 146, 'knows');

INSERT INTO EP_g VALUES (2794, 'since', '2022');

INSERT INTO EP_g VALUES (2794, 'relationship', 'acquaintance');

INSERT INTO EP_g VALUES (2794, 'contact_frequency', 'monthly');

INSERT INTO E_g VALUES (2795, 270, 49, 'knows');

INSERT INTO EP_g VALUES (2795, 'since', '2017');

INSERT INTO EP_g VALUES (2795, 'relationship', 'acquaintance');

INSERT INTO EP_g VALUES (2795, 'contact_frequency', 'daily');

INSERT INTO E_g VALUES (2796, 270, 145, 'knows');

INSERT INTO EP_g VALUES (2796, 'since', '2021');

INSERT INTO EP_g VALUES (2796, 'relationship', 'acquaintance');

INSERT INTO EP_g VALUES (2796, 'contact_frequency', 'rarely');

INSERT INTO E_g VALUES (2797, 270, 191, 'knows');

INSERT INTO EP_g VALUES (2797, 'since', '2017');

INSERT INTO EP_g VALUES (2797, 'relationship', 'friend');

INSERT INTO EP_g VALUES (2797, 'contact_frequency', 'rarely');

INSERT INTO E_g VALUES (2798, 270, 26, 'knows');

INSERT INTO EP_g VALUES (2798, 'since', '2022');

INSERT INTO EP_g VALUES (2798, 'relationship', 'friend');

INSERT INTO EP_g VALUES (2798, 'contact_frequency', 'weekly');

INSERT INTO E_g VALUES (2799, 271, 72, 'knows');

INSERT INTO EP_g VALUES (2799, 'since', '2024');

INSERT INTO EP_g VALUES (2799, 'relationship', 'acquaintance');

INSERT INTO EP_g VALUES (2799, 'contact_frequency', 'rarely');

INSERT INTO E_g VALUES (2800, 271, 222, 'knows');

INSERT INTO EP_g VALUES (2800, 'since', '2017');

INSERT INTO EP_g VALUES (2800, 'relationship', 'friend');

INSERT INTO EP_g VALUES (2800, 'contact_frequency', 'rarely');

INSERT INTO E_g VALUES (2801, 271, 273, 'knows');

INSERT INTO EP_g VALUES (2801, 'since', '2011');

INSERT INTO EP_g VALUES (2801, 'relationship', 'family');

INSERT INTO EP_g VALUES (2801, 'contact_frequency', 'weekly');

INSERT INTO E_g VALUES (2802, 272, 8, 'knows');

INSERT INTO EP_g VALUES (2802, 'since', '2015');

INSERT INTO EP_g VALUES (2802, 'relationship', 'colleague');

INSERT INTO EP_g VALUES (2802, 'contact_frequency', 'monthly');

INSERT INTO E_g VALUES (2803, 272, 133, 'knows');

INSERT INTO EP_g VALUES (2803, 'since', '2021');

INSERT INTO EP_g VALUES (2803, 'relationship', 'friend');

INSERT INTO EP_g VALUES (2803, 'contact_frequency', 'rarely');

INSERT INTO E_g VALUES (2804, 272, 245, 'knows');

INSERT INTO EP_g VALUES (2804, 'since', '2015');

INSERT INTO EP_g VALUES (2804, 'relationship', 'colleague');

INSERT INTO EP_g VALUES (2804, 'contact_frequency', 'rarely');

INSERT INTO E_g VALUES (2805, 272, 174, 'knows');

INSERT INTO EP_g VALUES (2805, 'since', '2015');

INSERT INTO EP_g VALUES (2805, 'relationship', 'friend');

INSERT INTO EP_g VALUES (2805, 'contact_frequency', 'daily');

INSERT INTO E_g VALUES (2806, 272, 235, 'knows');

INSERT INTO EP_g VALUES (2806, 'since', '2021');

INSERT INTO EP_g VALUES (2806, 'relationship', 'colleague');

INSERT INTO EP_g VALUES (2806, 'contact_frequency', 'rarely');

INSERT INTO E_g VALUES (2807, 272, 100, 'knows');

INSERT INTO EP_g VALUES (2807, 'since', '2010');

INSERT INTO EP_g VALUES (2807, 'relationship', 'family');

INSERT INTO EP_g VALUES (2807, 'contact_frequency', 'daily');

INSERT INTO E_g VALUES (2808, 272, 295, 'knows');

INSERT INTO EP_g VALUES (2808, 'since', '2020');

INSERT INTO EP_g VALUES (2808, 'relationship', 'family');

INSERT INTO EP_g VALUES (2808, 'contact_frequency', 'daily');

INSERT INTO E_g VALUES (2809, 272, 158, 'knows');

INSERT INTO EP_g VALUES (2809, 'since', '2019');

INSERT INTO EP_g VALUES (2809, 'relationship', 'family');

INSERT INTO EP_g VALUES (2809, 'contact_frequency', 'rarely');

INSERT INTO E_g VALUES (2810, 272, 201, 'knows');

INSERT INTO EP_g VALUES (2810, 'since', '2023');

INSERT INTO EP_g VALUES (2810, 'relationship', 'acquaintance');

INSERT INTO EP_g VALUES (2810, 'contact_frequency', 'rarely');

INSERT INTO E_g VALUES (2811, 272, 69, 'knows');

INSERT INTO EP_g VALUES (2811, 'since', '2021');

INSERT INTO EP_g VALUES (2811, 'relationship', 'friend');

INSERT INTO EP_g VALUES (2811, 'contact_frequency', 'weekly');

INSERT INTO E_g VALUES (2812, 273, 274, 'knows');

INSERT INTO EP_g VALUES (2812, 'since', '2023');

INSERT INTO EP_g VALUES (2812, 'relationship', 'acquaintance');

INSERT INTO EP_g VALUES (2812, 'contact_frequency', 'weekly');

INSERT INTO E_g VALUES (2813, 273, 34, 'knows');

INSERT INTO EP_g VALUES (2813, 'since', '2021');

INSERT INTO EP_g VALUES (2813, 'relationship', 'family');

INSERT INTO EP_g VALUES (2813, 'contact_frequency', 'monthly');

INSERT INTO E_g VALUES (2814, 273, 125, 'knows');

INSERT INTO EP_g VALUES (2814, 'since', '2021');

INSERT INTO EP_g VALUES (2814, 'relationship', 'friend');

INSERT INTO EP_g VALUES (2814, 'contact_frequency', 'monthly');

INSERT INTO E_g VALUES (2815, 273, 91, 'knows');

INSERT INTO EP_g VALUES (2815, 'since', '2024');

INSERT INTO EP_g VALUES (2815, 'relationship', 'friend');

INSERT INTO EP_g VALUES (2815, 'contact_frequency', 'daily');

INSERT INTO E_g VALUES (2816, 273, 275, 'knows');

INSERT INTO EP_g VALUES (2816, 'since', '2013');

INSERT INTO EP_g VALUES (2816, 'relationship', 'family');

INSERT INTO EP_g VALUES (2816, 'contact_frequency', 'weekly');

INSERT INTO E_g VALUES (2817, 273, 117, 'knows');

INSERT INTO EP_g VALUES (2817, 'since', '2011');

INSERT INTO EP_g VALUES (2817, 'relationship', 'friend');

INSERT INTO EP_g VALUES (2817, 'contact_frequency', 'rarely');

INSERT INTO E_g VALUES (2818, 273, 58, 'knows');

INSERT INTO EP_g VALUES (2818, 'since', '2010');

INSERT INTO EP_g VALUES (2818, 'relationship', 'colleague');

INSERT INTO EP_g VALUES (2818, 'contact_frequency', 'daily');

INSERT INTO E_g VALUES (2819, 273, 182, 'knows');

INSERT INTO EP_g VALUES (2819, 'since', '2012');

INSERT INTO EP_g VALUES (2819, 'relationship', 'friend');

INSERT INTO EP_g VALUES (2819, 'contact_frequency', 'rarely');

INSERT INTO E_g VALUES (2820, 273, 106, 'knows');

INSERT INTO EP_g VALUES (2820, 'since', '2022');

INSERT INTO EP_g VALUES (2820, 'relationship', 'family');

INSERT INTO EP_g VALUES (2820, 'contact_frequency', 'rarely');

INSERT INTO E_g VALUES (2821, 274, 23, 'knows');

INSERT INTO EP_g VALUES (2821, 'since', '2020');

INSERT INTO EP_g VALUES (2821, 'relationship', 'acquaintance');

INSERT INTO EP_g VALUES (2821, 'contact_frequency', 'weekly');

INSERT INTO E_g VALUES (2822, 274, 171, 'knows');

INSERT INTO EP_g VALUES (2822, 'since', '2024');

INSERT INTO EP_g VALUES (2822, 'relationship', 'acquaintance');

INSERT INTO EP_g VALUES (2822, 'contact_frequency', 'daily');

INSERT INTO E_g VALUES (2823, 275, 52, 'knows');

INSERT INTO EP_g VALUES (2823, 'since', '2018');

INSERT INTO EP_g VALUES (2823, 'relationship', 'colleague');

INSERT INTO EP_g VALUES (2823, 'contact_frequency', 'daily');

INSERT INTO E_g VALUES (2824, 275, 18, 'knows');

INSERT INTO EP_g VALUES (2824, 'since', '2012');

INSERT INTO EP_g VALUES (2824, 'relationship', 'friend');

INSERT INTO EP_g VALUES (2824, 'contact_frequency', 'rarely');

INSERT INTO E_g VALUES (2825, 275, 25, 'knows');

INSERT INTO EP_g VALUES (2825, 'since', '2014');

INSERT INTO EP_g VALUES (2825, 'relationship', 'friend');

INSERT INTO EP_g VALUES (2825, 'contact_frequency', 'weekly');

INSERT INTO E_g VALUES (2826, 275, 207, 'knows');

INSERT INTO EP_g VALUES (2826, 'since', '2011');

INSERT INTO EP_g VALUES (2826, 'relationship', 'family');

INSERT INTO EP_g VALUES (2826, 'contact_frequency', 'daily');

INSERT INTO E_g VALUES (2827, 275, 5, 'knows');

INSERT INTO EP_g VALUES (2827, 'since', '2016');

INSERT INTO EP_g VALUES (2827, 'relationship', 'family');

INSERT INTO EP_g VALUES (2827, 'contact_frequency', 'weekly');

INSERT INTO E_g VALUES (2828, 275, 274, 'knows');

INSERT INTO EP_g VALUES (2828, 'since', '2013');

INSERT INTO EP_g VALUES (2828, 'relationship', 'family');

INSERT INTO EP_g VALUES (2828, 'contact_frequency', 'daily');

INSERT INTO E_g VALUES (2829, 275, 295, 'knows');

INSERT INTO EP_g VALUES (2829, 'since', '2018');

INSERT INTO EP_g VALUES (2829, 'relationship', 'colleague');

INSERT INTO EP_g VALUES (2829, 'contact_frequency', 'rarely');

INSERT INTO E_g VALUES (2830, 275, 241, 'knows');

INSERT INTO EP_g VALUES (2830, 'since', '2010');

INSERT INTO EP_g VALUES (2830, 'relationship', 'family');

INSERT INTO EP_g VALUES (2830, 'contact_frequency', 'monthly');

INSERT INTO E_g VALUES (2831, 275, 144, 'knows');

INSERT INTO EP_g VALUES (2831, 'since', '2024');

INSERT INTO EP_g VALUES (2831, 'relationship', 'family');

INSERT INTO EP_g VALUES (2831, 'contact_frequency', 'monthly');

INSERT INTO E_g VALUES (2832, 275, 36, 'knows');

INSERT INTO EP_g VALUES (2832, 'since', '2023');

INSERT INTO EP_g VALUES (2832, 'relationship', 'colleague');

INSERT INTO EP_g VALUES (2832, 'contact_frequency', 'weekly');

INSERT INTO E_g VALUES (2833, 276, 171, 'knows');

INSERT INTO EP_g VALUES (2833, 'since', '2020');

INSERT INTO EP_g VALUES (2833, 'relationship', 'friend');

INSERT INTO EP_g VALUES (2833, 'contact_frequency', 'monthly');

INSERT INTO E_g VALUES (2834, 276, 217, 'knows');

INSERT INTO EP_g VALUES (2834, 'since', '2017');

INSERT INTO EP_g VALUES (2834, 'relationship', 'colleague');

INSERT INTO EP_g VALUES (2834, 'contact_frequency', 'daily');

INSERT INTO E_g VALUES (2835, 276, 190, 'knows');

INSERT INTO EP_g VALUES (2835, 'since', '2014');

INSERT INTO EP_g VALUES (2835, 'relationship', 'family');

INSERT INTO EP_g VALUES (2835, 'contact_frequency', 'rarely');

INSERT INTO E_g VALUES (2836, 276, 59, 'knows');

INSERT INTO EP_g VALUES (2836, 'since', '2013');

INSERT INTO EP_g VALUES (2836, 'relationship', 'acquaintance');

INSERT INTO EP_g VALUES (2836, 'contact_frequency', 'rarely');

INSERT INTO E_g VALUES (2837, 276, 181, 'knows');

INSERT INTO EP_g VALUES (2837, 'since', '2011');

INSERT INTO EP_g VALUES (2837, 'relationship', 'family');

INSERT INTO EP_g VALUES (2837, 'contact_frequency', 'rarely');

INSERT INTO E_g VALUES (2838, 277, 211, 'knows');

INSERT INTO EP_g VALUES (2838, 'since', '2017');

INSERT INTO EP_g VALUES (2838, 'relationship', 'acquaintance');

INSERT INTO EP_g VALUES (2838, 'contact_frequency', 'monthly');

INSERT INTO E_g VALUES (2839, 277, 144, 'knows');

INSERT INTO EP_g VALUES (2839, 'since', '2012');

INSERT INTO EP_g VALUES (2839, 'relationship', 'friend');

INSERT INTO EP_g VALUES (2839, 'contact_frequency', 'daily');

INSERT INTO E_g VALUES (2840, 277, 22, 'knows');

INSERT INTO EP_g VALUES (2840, 'since', '2014');

INSERT INTO EP_g VALUES (2840, 'relationship', 'friend');

INSERT INTO EP_g VALUES (2840, 'contact_frequency', 'monthly');

INSERT INTO E_g VALUES (2841, 278, 216, 'knows');

INSERT INTO EP_g VALUES (2841, 'since', '2016');

INSERT INTO EP_g VALUES (2841, 'relationship', 'acquaintance');

INSERT INTO EP_g VALUES (2841, 'contact_frequency', 'monthly');

INSERT INTO E_g VALUES (2842, 278, 72, 'knows');

INSERT INTO EP_g VALUES (2842, 'since', '2024');

INSERT INTO EP_g VALUES (2842, 'relationship', 'acquaintance');

INSERT INTO EP_g VALUES (2842, 'contact_frequency', 'weekly');

INSERT INTO E_g VALUES (2843, 278, 71, 'knows');

INSERT INTO EP_g VALUES (2843, 'since', '2011');

INSERT INTO EP_g VALUES (2843, 'relationship', 'acquaintance');

INSERT INTO EP_g VALUES (2843, 'contact_frequency', 'weekly');

INSERT INTO E_g VALUES (2844, 278, 171, 'knows');

INSERT INTO EP_g VALUES (2844, 'since', '2012');

INSERT INTO EP_g VALUES (2844, 'relationship', 'acquaintance');

INSERT INTO EP_g VALUES (2844, 'contact_frequency', 'rarely');

INSERT INTO E_g VALUES (2845, 279, 155, 'knows');

INSERT INTO EP_g VALUES (2845, 'since', '2018');

INSERT INTO EP_g VALUES (2845, 'relationship', 'friend');

INSERT INTO EP_g VALUES (2845, 'contact_frequency', 'daily');

INSERT INTO E_g VALUES (2846, 279, 9, 'knows');

INSERT INTO EP_g VALUES (2846, 'since', '2023');

INSERT INTO EP_g VALUES (2846, 'relationship', 'acquaintance');

INSERT INTO EP_g VALUES (2846, 'contact_frequency', 'daily');

INSERT INTO E_g VALUES (2847, 279, 57, 'knows');

INSERT INTO EP_g VALUES (2847, 'since', '2011');

INSERT INTO EP_g VALUES (2847, 'relationship', 'colleague');

INSERT INTO EP_g VALUES (2847, 'contact_frequency', 'monthly');

INSERT INTO E_g VALUES (2848, 279, 300, 'knows');

INSERT INTO EP_g VALUES (2848, 'since', '2014');

INSERT INTO EP_g VALUES (2848, 'relationship', 'friend');

INSERT INTO EP_g VALUES (2848, 'contact_frequency', 'monthly');

INSERT INTO E_g VALUES (2849, 279, 68, 'knows');

INSERT INTO EP_g VALUES (2849, 'since', '2011');

INSERT INTO EP_g VALUES (2849, 'relationship', 'colleague');

INSERT INTO EP_g VALUES (2849, 'contact_frequency', 'monthly');

INSERT INTO E_g VALUES (2850, 279, 56, 'knows');

INSERT INTO EP_g VALUES (2850, 'since', '2017');

INSERT INTO EP_g VALUES (2850, 'relationship', 'friend');

INSERT INTO EP_g VALUES (2850, 'contact_frequency', 'monthly');

INSERT INTO E_g VALUES (2851, 280, 248, 'knows');

INSERT INTO EP_g VALUES (2851, 'since', '2020');

INSERT INTO EP_g VALUES (2851, 'relationship', 'acquaintance');

INSERT INTO EP_g VALUES (2851, 'contact_frequency', 'monthly');

INSERT INTO E_g VALUES (2852, 280, 172, 'knows');

INSERT INTO EP_g VALUES (2852, 'since', '2019');

INSERT INTO EP_g VALUES (2852, 'relationship', 'acquaintance');

INSERT INTO EP_g VALUES (2852, 'contact_frequency', 'rarely');

INSERT INTO E_g VALUES (2853, 281, 293, 'knows');

INSERT INTO EP_g VALUES (2853, 'since', '2014');

INSERT INTO EP_g VALUES (2853, 'relationship', 'acquaintance');

INSERT INTO EP_g VALUES (2853, 'contact_frequency', 'daily');

INSERT INTO E_g VALUES (2854, 281, 257, 'knows');

INSERT INTO EP_g VALUES (2854, 'since', '2018');

INSERT INTO EP_g VALUES (2854, 'relationship', 'colleague');

INSERT INTO EP_g VALUES (2854, 'contact_frequency', 'weekly');

INSERT INTO E_g VALUES (2855, 281, 36, 'knows');

INSERT INTO EP_g VALUES (2855, 'since', '2014');

INSERT INTO EP_g VALUES (2855, 'relationship', 'colleague');

INSERT INTO EP_g VALUES (2855, 'contact_frequency', 'weekly');

INSERT INTO E_g VALUES (2856, 281, 147, 'knows');

INSERT INTO EP_g VALUES (2856, 'since', '2015');

INSERT INTO EP_g VALUES (2856, 'relationship', 'friend');

INSERT INTO EP_g VALUES (2856, 'contact_frequency', 'monthly');

INSERT INTO E_g VALUES (2857, 281, 41, 'knows');

INSERT INTO EP_g VALUES (2857, 'since', '2024');

INSERT INTO EP_g VALUES (2857, 'relationship', 'colleague');

INSERT INTO EP_g VALUES (2857, 'contact_frequency', 'daily');

INSERT INTO E_g VALUES (2858, 281, 163, 'knows');

INSERT INTO EP_g VALUES (2858, 'since', '2010');

INSERT INTO EP_g VALUES (2858, 'relationship', 'acquaintance');

INSERT INTO EP_g VALUES (2858, 'contact_frequency', 'daily');

INSERT INTO E_g VALUES (2859, 281, 41, 'knows');

INSERT INTO EP_g VALUES (2859, 'since', '2014');

INSERT INTO EP_g VALUES (2859, 'relationship', 'friend');

INSERT INTO EP_g VALUES (2859, 'contact_frequency', 'monthly');

INSERT INTO E_g VALUES (2860, 282, 59, 'knows');

INSERT INTO EP_g VALUES (2860, 'since', '2011');

INSERT INTO EP_g VALUES (2860, 'relationship', 'family');

INSERT INTO EP_g VALUES (2860, 'contact_frequency', 'rarely');

INSERT INTO E_g VALUES (2861, 282, 92, 'knows');

INSERT INTO EP_g VALUES (2861, 'since', '2013');

INSERT INTO EP_g VALUES (2861, 'relationship', 'acquaintance');

INSERT INTO EP_g VALUES (2861, 'contact_frequency', 'monthly');

INSERT INTO E_g VALUES (2862, 282, 251, 'knows');

INSERT INTO EP_g VALUES (2862, 'since', '2013');

INSERT INTO EP_g VALUES (2862, 'relationship', 'friend');

INSERT INTO EP_g VALUES (2862, 'contact_frequency', 'daily');

INSERT INTO E_g VALUES (2863, 282, 246, 'knows');

INSERT INTO EP_g VALUES (2863, 'since', '2010');

INSERT INTO EP_g VALUES (2863, 'relationship', 'colleague');

INSERT INTO EP_g VALUES (2863, 'contact_frequency', 'monthly');

INSERT INTO E_g VALUES (2864, 282, 241, 'knows');

INSERT INTO EP_g VALUES (2864, 'since', '2022');

INSERT INTO EP_g VALUES (2864, 'relationship', 'family');

INSERT INTO EP_g VALUES (2864, 'contact_frequency', 'weekly');

INSERT INTO E_g VALUES (2865, 282, 15, 'knows');

INSERT INTO EP_g VALUES (2865, 'since', '2016');

INSERT INTO EP_g VALUES (2865, 'relationship', 'acquaintance');

INSERT INTO EP_g VALUES (2865, 'contact_frequency', 'weekly');

INSERT INTO E_g VALUES (2866, 282, 150, 'knows');

INSERT INTO EP_g VALUES (2866, 'since', '2010');

INSERT INTO EP_g VALUES (2866, 'relationship', 'family');

INSERT INTO EP_g VALUES (2866, 'contact_frequency', 'rarely');

INSERT INTO E_g VALUES (2867, 283, 182, 'knows');

INSERT INTO EP_g VALUES (2867, 'since', '2023');

INSERT INTO EP_g VALUES (2867, 'relationship', 'family');

INSERT INTO EP_g VALUES (2867, 'contact_frequency', 'daily');

INSERT INTO E_g VALUES (2868, 283, 133, 'knows');

INSERT INTO EP_g VALUES (2868, 'since', '2019');

INSERT INTO EP_g VALUES (2868, 'relationship', 'acquaintance');

INSERT INTO EP_g VALUES (2868, 'contact_frequency', 'rarely');

INSERT INTO E_g VALUES (2869, 284, 104, 'knows');

INSERT INTO EP_g VALUES (2869, 'since', '2017');

INSERT INTO EP_g VALUES (2869, 'relationship', 'acquaintance');

INSERT INTO EP_g VALUES (2869, 'contact_frequency', 'monthly');

INSERT INTO E_g VALUES (2870, 284, 79, 'knows');

INSERT INTO EP_g VALUES (2870, 'since', '2023');

INSERT INTO EP_g VALUES (2870, 'relationship', 'friend');

INSERT INTO EP_g VALUES (2870, 'contact_frequency', 'monthly');

INSERT INTO E_g VALUES (2871, 284, 173, 'knows');

INSERT INTO EP_g VALUES (2871, 'since', '2017');

INSERT INTO EP_g VALUES (2871, 'relationship', 'family');

INSERT INTO EP_g VALUES (2871, 'contact_frequency', 'weekly');

INSERT INTO E_g VALUES (2872, 284, 42, 'knows');

INSERT INTO EP_g VALUES (2872, 'since', '2024');

INSERT INTO EP_g VALUES (2872, 'relationship', 'acquaintance');

INSERT INTO EP_g VALUES (2872, 'contact_frequency', 'weekly');

INSERT INTO E_g VALUES (2873, 285, 93, 'knows');

INSERT INTO EP_g VALUES (2873, 'since', '2017');

INSERT INTO EP_g VALUES (2873, 'relationship', 'acquaintance');

INSERT INTO EP_g VALUES (2873, 'contact_frequency', 'weekly');

INSERT INTO E_g VALUES (2874, 285, 181, 'knows');

INSERT INTO EP_g VALUES (2874, 'since', '2017');

INSERT INTO EP_g VALUES (2874, 'relationship', 'acquaintance');

INSERT INTO EP_g VALUES (2874, 'contact_frequency', 'rarely');

INSERT INTO E_g VALUES (2875, 285, 284, 'knows');

INSERT INTO EP_g VALUES (2875, 'since', '2013');

INSERT INTO EP_g VALUES (2875, 'relationship', 'colleague');

INSERT INTO EP_g VALUES (2875, 'contact_frequency', 'monthly');

INSERT INTO E_g VALUES (2876, 285, 232, 'knows');

INSERT INTO EP_g VALUES (2876, 'since', '2018');

INSERT INTO EP_g VALUES (2876, 'relationship', 'colleague');

INSERT INTO EP_g VALUES (2876, 'contact_frequency', 'monthly');

INSERT INTO E_g VALUES (2877, 285, 256, 'knows');

INSERT INTO EP_g VALUES (2877, 'since', '2022');

INSERT INTO EP_g VALUES (2877, 'relationship', 'family');

INSERT INTO EP_g VALUES (2877, 'contact_frequency', 'monthly');

INSERT INTO E_g VALUES (2878, 285, 210, 'knows');

INSERT INTO EP_g VALUES (2878, 'since', '2010');

INSERT INTO EP_g VALUES (2878, 'relationship', 'friend');

INSERT INTO EP_g VALUES (2878, 'contact_frequency', 'weekly');

INSERT INTO E_g VALUES (2879, 285, 87, 'knows');

INSERT INTO EP_g VALUES (2879, 'since', '2010');

INSERT INTO EP_g VALUES (2879, 'relationship', 'friend');

INSERT INTO EP_g VALUES (2879, 'contact_frequency', 'monthly');

INSERT INTO E_g VALUES (2880, 285, 176, 'knows');

INSERT INTO EP_g VALUES (2880, 'since', '2018');

INSERT INTO EP_g VALUES (2880, 'relationship', 'family');

INSERT INTO EP_g VALUES (2880, 'contact_frequency', 'daily');

INSERT INTO E_g VALUES (2881, 285, 105, 'knows');

INSERT INTO EP_g VALUES (2881, 'since', '2011');

INSERT INTO EP_g VALUES (2881, 'relationship', 'colleague');

INSERT INTO EP_g VALUES (2881, 'contact_frequency', 'weekly');

INSERT INTO E_g VALUES (2882, 286, 107, 'knows');

INSERT INTO EP_g VALUES (2882, 'since', '2020');

INSERT INTO EP_g VALUES (2882, 'relationship', 'colleague');

INSERT INTO EP_g VALUES (2882, 'contact_frequency', 'daily');

INSERT INTO E_g VALUES (2883, 286, 205, 'knows');

INSERT INTO EP_g VALUES (2883, 'since', '2014');

INSERT INTO EP_g VALUES (2883, 'relationship', 'colleague');

INSERT INTO EP_g VALUES (2883, 'contact_frequency', 'weekly');

INSERT INTO E_g VALUES (2884, 286, 109, 'knows');

INSERT INTO EP_g VALUES (2884, 'since', '2016');

INSERT INTO EP_g VALUES (2884, 'relationship', 'colleague');

INSERT INTO EP_g VALUES (2884, 'contact_frequency', 'monthly');

INSERT INTO E_g VALUES (2885, 286, 254, 'knows');

INSERT INTO EP_g VALUES (2885, 'since', '2017');

INSERT INTO EP_g VALUES (2885, 'relationship', 'friend');

INSERT INTO EP_g VALUES (2885, 'contact_frequency', 'weekly');

INSERT INTO E_g VALUES (2886, 287, 298, 'knows');

INSERT INTO EP_g VALUES (2886, 'since', '2018');

INSERT INTO EP_g VALUES (2886, 'relationship', 'family');

INSERT INTO EP_g VALUES (2886, 'contact_frequency', 'weekly');

INSERT INTO E_g VALUES (2887, 287, 120, 'knows');

INSERT INTO EP_g VALUES (2887, 'since', '2019');

INSERT INTO EP_g VALUES (2887, 'relationship', 'family');

INSERT INTO EP_g VALUES (2887, 'contact_frequency', 'daily');

INSERT INTO E_g VALUES (2888, 287, 167, 'knows');

INSERT INTO EP_g VALUES (2888, 'since', '2019');

INSERT INTO EP_g VALUES (2888, 'relationship', 'acquaintance');

INSERT INTO EP_g VALUES (2888, 'contact_frequency', 'daily');

INSERT INTO E_g VALUES (2889, 287, 196, 'knows');

INSERT INTO EP_g VALUES (2889, 'since', '2011');

INSERT INTO EP_g VALUES (2889, 'relationship', 'family');

INSERT INTO EP_g VALUES (2889, 'contact_frequency', 'daily');

INSERT INTO E_g VALUES (2890, 287, 224, 'knows');

INSERT INTO EP_g VALUES (2890, 'since', '2016');

INSERT INTO EP_g VALUES (2890, 'relationship', 'acquaintance');

INSERT INTO EP_g VALUES (2890, 'contact_frequency', 'monthly');

INSERT INTO E_g VALUES (2891, 287, 22, 'knows');

INSERT INTO EP_g VALUES (2891, 'since', '2023');

INSERT INTO EP_g VALUES (2891, 'relationship', 'friend');

INSERT INTO EP_g VALUES (2891, 'contact_frequency', 'rarely');

INSERT INTO E_g VALUES (2892, 287, 199, 'knows');

INSERT INTO EP_g VALUES (2892, 'since', '2010');

INSERT INTO EP_g VALUES (2892, 'relationship', 'family');

INSERT INTO EP_g VALUES (2892, 'contact_frequency', 'weekly');

INSERT INTO E_g VALUES (2893, 287, 73, 'knows');

INSERT INTO EP_g VALUES (2893, 'since', '2021');

INSERT INTO EP_g VALUES (2893, 'relationship', 'friend');

INSERT INTO EP_g VALUES (2893, 'contact_frequency', 'monthly');

INSERT INTO E_g VALUES (2894, 288, 255, 'knows');

INSERT INTO EP_g VALUES (2894, 'since', '2022');

INSERT INTO EP_g VALUES (2894, 'relationship', 'friend');

INSERT INTO EP_g VALUES (2894, 'contact_frequency', 'rarely');

INSERT INTO E_g VALUES (2895, 288, 228, 'knows');

INSERT INTO EP_g VALUES (2895, 'since', '2016');

INSERT INTO EP_g VALUES (2895, 'relationship', 'friend');

INSERT INTO EP_g VALUES (2895, 'contact_frequency', 'weekly');

INSERT INTO E_g VALUES (2896, 288, 121, 'knows');

INSERT INTO EP_g VALUES (2896, 'since', '2024');

INSERT INTO EP_g VALUES (2896, 'relationship', 'family');

INSERT INTO EP_g VALUES (2896, 'contact_frequency', 'monthly');

INSERT INTO E_g VALUES (2897, 288, 278, 'knows');

INSERT INTO EP_g VALUES (2897, 'since', '2020');

INSERT INTO EP_g VALUES (2897, 'relationship', 'family');

INSERT INTO EP_g VALUES (2897, 'contact_frequency', 'weekly');

INSERT INTO E_g VALUES (2898, 288, 129, 'knows');

INSERT INTO EP_g VALUES (2898, 'since', '2018');

INSERT INTO EP_g VALUES (2898, 'relationship', 'acquaintance');

INSERT INTO EP_g VALUES (2898, 'contact_frequency', 'monthly');

INSERT INTO E_g VALUES (2899, 288, 50, 'knows');

INSERT INTO EP_g VALUES (2899, 'since', '2010');

INSERT INTO EP_g VALUES (2899, 'relationship', 'colleague');

INSERT INTO EP_g VALUES (2899, 'contact_frequency', 'monthly');

INSERT INTO E_g VALUES (2900, 289, 173, 'knows');

INSERT INTO EP_g VALUES (2900, 'since', '2014');

INSERT INTO EP_g VALUES (2900, 'relationship', 'acquaintance');

INSERT INTO EP_g VALUES (2900, 'contact_frequency', 'rarely');

INSERT INTO E_g VALUES (2901, 289, 93, 'knows');

INSERT INTO EP_g VALUES (2901, 'since', '2020');

INSERT INTO EP_g VALUES (2901, 'relationship', 'friend');

INSERT INTO EP_g VALUES (2901, 'contact_frequency', 'rarely');

INSERT INTO E_g VALUES (2902, 289, 112, 'knows');

INSERT INTO EP_g VALUES (2902, 'since', '2012');

INSERT INTO EP_g VALUES (2902, 'relationship', 'acquaintance');

INSERT INTO EP_g VALUES (2902, 'contact_frequency', 'weekly');

INSERT INTO E_g VALUES (2903, 289, 36, 'knows');

INSERT INTO EP_g VALUES (2903, 'since', '2024');

INSERT INTO EP_g VALUES (2903, 'relationship', 'acquaintance');

INSERT INTO EP_g VALUES (2903, 'contact_frequency', 'weekly');

INSERT INTO E_g VALUES (2904, 289, 299, 'knows');

INSERT INTO EP_g VALUES (2904, 'since', '2024');

INSERT INTO EP_g VALUES (2904, 'relationship', 'colleague');

INSERT INTO EP_g VALUES (2904, 'contact_frequency', 'rarely');

INSERT INTO E_g VALUES (2905, 289, 106, 'knows');

INSERT INTO EP_g VALUES (2905, 'since', '2017');

INSERT INTO EP_g VALUES (2905, 'relationship', 'acquaintance');

INSERT INTO EP_g VALUES (2905, 'contact_frequency', 'daily');

INSERT INTO E_g VALUES (2906, 289, 57, 'knows');

INSERT INTO EP_g VALUES (2906, 'since', '2010');

INSERT INTO EP_g VALUES (2906, 'relationship', 'friend');

INSERT INTO EP_g VALUES (2906, 'contact_frequency', 'daily');

INSERT INTO E_g VALUES (2907, 289, 193, 'knows');

INSERT INTO EP_g VALUES (2907, 'since', '2020');

INSERT INTO EP_g VALUES (2907, 'relationship', 'friend');

INSERT INTO EP_g VALUES (2907, 'contact_frequency', 'monthly');

INSERT INTO E_g VALUES (2908, 289, 94, 'knows');

INSERT INTO EP_g VALUES (2908, 'since', '2019');

INSERT INTO EP_g VALUES (2908, 'relationship', 'colleague');

INSERT INTO EP_g VALUES (2908, 'contact_frequency', 'monthly');

INSERT INTO E_g VALUES (2909, 289, 202, 'knows');

INSERT INTO EP_g VALUES (2909, 'since', '2012');

INSERT INTO EP_g VALUES (2909, 'relationship', 'friend');

INSERT INTO EP_g VALUES (2909, 'contact_frequency', 'daily');

INSERT INTO E_g VALUES (2910, 290, 94, 'knows');

INSERT INTO EP_g VALUES (2910, 'since', '2024');

INSERT INTO EP_g VALUES (2910, 'relationship', 'acquaintance');

INSERT INTO EP_g VALUES (2910, 'contact_frequency', 'weekly');

INSERT INTO E_g VALUES (2911, 290, 119, 'knows');

INSERT INTO EP_g VALUES (2911, 'since', '2018');

INSERT INTO EP_g VALUES (2911, 'relationship', 'acquaintance');

INSERT INTO EP_g VALUES (2911, 'contact_frequency', 'weekly');

INSERT INTO E_g VALUES (2912, 290, 106, 'knows');

INSERT INTO EP_g VALUES (2912, 'since', '2012');

INSERT INTO EP_g VALUES (2912, 'relationship', 'acquaintance');

INSERT INTO EP_g VALUES (2912, 'contact_frequency', 'weekly');

INSERT INTO E_g VALUES (2913, 291, 279, 'knows');

INSERT INTO EP_g VALUES (2913, 'since', '2014');

INSERT INTO EP_g VALUES (2913, 'relationship', 'friend');

INSERT INTO EP_g VALUES (2913, 'contact_frequency', 'monthly');

INSERT INTO E_g VALUES (2914, 291, 165, 'knows');

INSERT INTO EP_g VALUES (2914, 'since', '2012');

INSERT INTO EP_g VALUES (2914, 'relationship', 'colleague');

INSERT INTO EP_g VALUES (2914, 'contact_frequency', 'weekly');

INSERT INTO E_g VALUES (2915, 291, 129, 'knows');

INSERT INTO EP_g VALUES (2915, 'since', '2022');

INSERT INTO EP_g VALUES (2915, 'relationship', 'colleague');

INSERT INTO EP_g VALUES (2915, 'contact_frequency', 'weekly');

INSERT INTO E_g VALUES (2916, 291, 64, 'knows');

INSERT INTO EP_g VALUES (2916, 'since', '2013');

INSERT INTO EP_g VALUES (2916, 'relationship', 'friend');

INSERT INTO EP_g VALUES (2916, 'contact_frequency', 'monthly');

INSERT INTO E_g VALUES (2917, 291, 63, 'knows');

INSERT INTO EP_g VALUES (2917, 'since', '2024');

INSERT INTO EP_g VALUES (2917, 'relationship', 'acquaintance');

INSERT INTO EP_g VALUES (2917, 'contact_frequency', 'weekly');

INSERT INTO E_g VALUES (2918, 291, 232, 'knows');

INSERT INTO EP_g VALUES (2918, 'since', '2023');

INSERT INTO EP_g VALUES (2918, 'relationship', 'acquaintance');

INSERT INTO EP_g VALUES (2918, 'contact_frequency', 'rarely');

INSERT INTO E_g VALUES (2919, 291, 157, 'knows');

INSERT INTO EP_g VALUES (2919, 'since', '2021');

INSERT INTO EP_g VALUES (2919, 'relationship', 'friend');

INSERT INTO EP_g VALUES (2919, 'contact_frequency', 'weekly');

INSERT INTO E_g VALUES (2920, 291, 34, 'knows');

INSERT INTO EP_g VALUES (2920, 'since', '2018');

INSERT INTO EP_g VALUES (2920, 'relationship', 'acquaintance');

INSERT INTO EP_g VALUES (2920, 'contact_frequency', 'rarely');

INSERT INTO E_g VALUES (2921, 292, 268, 'knows');

INSERT INTO EP_g VALUES (2921, 'since', '2018');

INSERT INTO EP_g VALUES (2921, 'relationship', 'acquaintance');

INSERT INTO EP_g VALUES (2921, 'contact_frequency', 'rarely');

INSERT INTO E_g VALUES (2922, 292, 126, 'knows');

INSERT INTO EP_g VALUES (2922, 'since', '2024');

INSERT INTO EP_g VALUES (2922, 'relationship', 'friend');

INSERT INTO EP_g VALUES (2922, 'contact_frequency', 'daily');

INSERT INTO E_g VALUES (2923, 292, 171, 'knows');

INSERT INTO EP_g VALUES (2923, 'since', '2014');

INSERT INTO EP_g VALUES (2923, 'relationship', 'friend');

INSERT INTO EP_g VALUES (2923, 'contact_frequency', 'monthly');

INSERT INTO E_g VALUES (2924, 292, 299, 'knows');

INSERT INTO EP_g VALUES (2924, 'since', '2013');

INSERT INTO EP_g VALUES (2924, 'relationship', 'family');

INSERT INTO EP_g VALUES (2924, 'contact_frequency', 'daily');

INSERT INTO E_g VALUES (2925, 292, 130, 'knows');

INSERT INTO EP_g VALUES (2925, 'since', '2010');

INSERT INTO EP_g VALUES (2925, 'relationship', 'colleague');

INSERT INTO EP_g VALUES (2925, 'contact_frequency', 'weekly');

INSERT INTO E_g VALUES (2926, 292, 63, 'knows');

INSERT INTO EP_g VALUES (2926, 'since', '2010');

INSERT INTO EP_g VALUES (2926, 'relationship', 'family');

INSERT INTO EP_g VALUES (2926, 'contact_frequency', 'daily');

INSERT INTO E_g VALUES (2927, 293, 33, 'knows');

INSERT INTO EP_g VALUES (2927, 'since', '2024');

INSERT INTO EP_g VALUES (2927, 'relationship', 'acquaintance');

INSERT INTO EP_g VALUES (2927, 'contact_frequency', 'rarely');

INSERT INTO E_g VALUES (2928, 293, 158, 'knows');

INSERT INTO EP_g VALUES (2928, 'since', '2020');

INSERT INTO EP_g VALUES (2928, 'relationship', 'family');

INSERT INTO EP_g VALUES (2928, 'contact_frequency', 'monthly');

INSERT INTO E_g VALUES (2929, 293, 249, 'knows');

INSERT INTO EP_g VALUES (2929, 'since', '2018');

INSERT INTO EP_g VALUES (2929, 'relationship', 'acquaintance');

INSERT INTO EP_g VALUES (2929, 'contact_frequency', 'daily');

INSERT INTO E_g VALUES (2930, 293, 12, 'knows');

INSERT INTO EP_g VALUES (2930, 'since', '2013');

INSERT INTO EP_g VALUES (2930, 'relationship', 'acquaintance');

INSERT INTO EP_g VALUES (2930, 'contact_frequency', 'rarely');

INSERT INTO E_g VALUES (2931, 294, 164, 'knows');

INSERT INTO EP_g VALUES (2931, 'since', '2012');

INSERT INTO EP_g VALUES (2931, 'relationship', 'colleague');

INSERT INTO EP_g VALUES (2931, 'contact_frequency', 'rarely');

INSERT INTO E_g VALUES (2932, 294, 70, 'knows');

INSERT INTO EP_g VALUES (2932, 'since', '2015');

INSERT INTO EP_g VALUES (2932, 'relationship', 'acquaintance');

INSERT INTO EP_g VALUES (2932, 'contact_frequency', 'monthly');

INSERT INTO E_g VALUES (2933, 294, 133, 'knows');

INSERT INTO EP_g VALUES (2933, 'since', '2021');

INSERT INTO EP_g VALUES (2933, 'relationship', 'colleague');

INSERT INTO EP_g VALUES (2933, 'contact_frequency', 'daily');

INSERT INTO E_g VALUES (2934, 294, 69, 'knows');

INSERT INTO EP_g VALUES (2934, 'since', '2023');

INSERT INTO EP_g VALUES (2934, 'relationship', 'acquaintance');

INSERT INTO EP_g VALUES (2934, 'contact_frequency', 'monthly');

INSERT INTO E_g VALUES (2935, 295, 59, 'knows');

INSERT INTO EP_g VALUES (2935, 'since', '2015');

INSERT INTO EP_g VALUES (2935, 'relationship', 'friend');

INSERT INTO EP_g VALUES (2935, 'contact_frequency', 'weekly');

INSERT INTO E_g VALUES (2936, 295, 276, 'knows');

INSERT INTO EP_g VALUES (2936, 'since', '2018');

INSERT INTO EP_g VALUES (2936, 'relationship', 'family');

INSERT INTO EP_g VALUES (2936, 'contact_frequency', 'monthly');

INSERT INTO E_g VALUES (2937, 295, 279, 'knows');

INSERT INTO EP_g VALUES (2937, 'since', '2010');

INSERT INTO EP_g VALUES (2937, 'relationship', 'acquaintance');

INSERT INTO EP_g VALUES (2937, 'contact_frequency', 'weekly');

INSERT INTO E_g VALUES (2938, 295, 51, 'knows');

INSERT INTO EP_g VALUES (2938, 'since', '2014');

INSERT INTO EP_g VALUES (2938, 'relationship', 'family');

INSERT INTO EP_g VALUES (2938, 'contact_frequency', 'rarely');

INSERT INTO E_g VALUES (2939, 296, 279, 'knows');

INSERT INTO EP_g VALUES (2939, 'since', '2015');

INSERT INTO EP_g VALUES (2939, 'relationship', 'family');

INSERT INTO EP_g VALUES (2939, 'contact_frequency', 'rarely');

INSERT INTO E_g VALUES (2940, 296, 298, 'knows');

INSERT INTO EP_g VALUES (2940, 'since', '2016');

INSERT INTO EP_g VALUES (2940, 'relationship', 'friend');

INSERT INTO EP_g VALUES (2940, 'contact_frequency', 'daily');

INSERT INTO E_g VALUES (2941, 296, 267, 'knows');

INSERT INTO EP_g VALUES (2941, 'since', '2024');

INSERT INTO EP_g VALUES (2941, 'relationship', 'colleague');

INSERT INTO EP_g VALUES (2941, 'contact_frequency', 'rarely');

INSERT INTO E_g VALUES (2942, 296, 256, 'knows');

INSERT INTO EP_g VALUES (2942, 'since', '2021');

INSERT INTO EP_g VALUES (2942, 'relationship', 'colleague');

INSERT INTO EP_g VALUES (2942, 'contact_frequency', 'daily');

INSERT INTO E_g VALUES (2943, 296, 226, 'knows');

INSERT INTO EP_g VALUES (2943, 'since', '2023');

INSERT INTO EP_g VALUES (2943, 'relationship', 'friend');

INSERT INTO EP_g VALUES (2943, 'contact_frequency', 'rarely');

INSERT INTO E_g VALUES (2944, 296, 161, 'knows');

INSERT INTO EP_g VALUES (2944, 'since', '2022');

INSERT INTO EP_g VALUES (2944, 'relationship', 'acquaintance');

INSERT INTO EP_g VALUES (2944, 'contact_frequency', 'daily');

INSERT INTO E_g VALUES (2945, 296, 163, 'knows');

INSERT INTO EP_g VALUES (2945, 'since', '2019');

INSERT INTO EP_g VALUES (2945, 'relationship', 'friend');

INSERT INTO EP_g VALUES (2945, 'contact_frequency', 'daily');

INSERT INTO E_g VALUES (2946, 296, 21, 'knows');

INSERT INTO EP_g VALUES (2946, 'since', '2018');

INSERT INTO EP_g VALUES (2946, 'relationship', 'friend');

INSERT INTO EP_g VALUES (2946, 'contact_frequency', 'daily');

INSERT INTO E_g VALUES (2947, 296, 271, 'knows');

INSERT INTO EP_g VALUES (2947, 'since', '2013');

INSERT INTO EP_g VALUES (2947, 'relationship', 'colleague');

INSERT INTO EP_g VALUES (2947, 'contact_frequency', 'rarely');

INSERT INTO E_g VALUES (2948, 297, 66, 'knows');

INSERT INTO EP_g VALUES (2948, 'since', '2024');

INSERT INTO EP_g VALUES (2948, 'relationship', 'colleague');

INSERT INTO EP_g VALUES (2948, 'contact_frequency', 'rarely');

INSERT INTO E_g VALUES (2949, 297, 207, 'knows');

INSERT INTO EP_g VALUES (2949, 'since', '2014');

INSERT INTO EP_g VALUES (2949, 'relationship', 'acquaintance');

INSERT INTO EP_g VALUES (2949, 'contact_frequency', 'weekly');

INSERT INTO E_g VALUES (2950, 297, 143, 'knows');

INSERT INTO EP_g VALUES (2950, 'since', '2019');

INSERT INTO EP_g VALUES (2950, 'relationship', 'family');

INSERT INTO EP_g VALUES (2950, 'contact_frequency', 'weekly');

INSERT INTO E_g VALUES (2951, 297, 225, 'knows');

INSERT INTO EP_g VALUES (2951, 'since', '2024');

INSERT INTO EP_g VALUES (2951, 'relationship', 'colleague');

INSERT INTO EP_g VALUES (2951, 'contact_frequency', 'daily');

INSERT INTO E_g VALUES (2952, 297, 296, 'knows');

INSERT INTO EP_g VALUES (2952, 'since', '2018');

INSERT INTO EP_g VALUES (2952, 'relationship', 'friend');

INSERT INTO EP_g VALUES (2952, 'contact_frequency', 'monthly');

INSERT INTO E_g VALUES (2953, 297, 87, 'knows');

INSERT INTO EP_g VALUES (2953, 'since', '2012');

INSERT INTO EP_g VALUES (2953, 'relationship', 'family');

INSERT INTO EP_g VALUES (2953, 'contact_frequency', 'rarely');

INSERT INTO E_g VALUES (2954, 297, 115, 'knows');

INSERT INTO EP_g VALUES (2954, 'since', '2012');

INSERT INTO EP_g VALUES (2954, 'relationship', 'friend');

INSERT INTO EP_g VALUES (2954, 'contact_frequency', 'rarely');

INSERT INTO E_g VALUES (2955, 297, 196, 'knows');

INSERT INTO EP_g VALUES (2955, 'since', '2018');

INSERT INTO EP_g VALUES (2955, 'relationship', 'acquaintance');

INSERT INTO EP_g VALUES (2955, 'contact_frequency', 'rarely');

INSERT INTO E_g VALUES (2956, 297, 223, 'knows');

INSERT INTO EP_g VALUES (2956, 'since', '2014');

INSERT INTO EP_g VALUES (2956, 'relationship', 'friend');

INSERT INTO EP_g VALUES (2956, 'contact_frequency', 'daily');

INSERT INTO E_g VALUES (2957, 297, 180, 'knows');

INSERT INTO EP_g VALUES (2957, 'since', '2024');

INSERT INTO EP_g VALUES (2957, 'relationship', 'acquaintance');

INSERT INTO EP_g VALUES (2957, 'contact_frequency', 'weekly');

INSERT INTO E_g VALUES (2958, 298, 151, 'knows');

INSERT INTO EP_g VALUES (2958, 'since', '2022');

INSERT INTO EP_g VALUES (2958, 'relationship', 'friend');

INSERT INTO EP_g VALUES (2958, 'contact_frequency', 'monthly');

INSERT INTO E_g VALUES (2959, 298, 245, 'knows');

INSERT INTO EP_g VALUES (2959, 'since', '2021');

INSERT INTO EP_g VALUES (2959, 'relationship', 'family');

INSERT INTO EP_g VALUES (2959, 'contact_frequency', 'monthly');

INSERT INTO E_g VALUES (2960, 298, 282, 'knows');

INSERT INTO EP_g VALUES (2960, 'since', '2010');

INSERT INTO EP_g VALUES (2960, 'relationship', 'family');

INSERT INTO EP_g VALUES (2960, 'contact_frequency', 'monthly');

INSERT INTO E_g VALUES (2961, 298, 275, 'knows');

INSERT INTO EP_g VALUES (2961, 'since', '2024');

INSERT INTO EP_g VALUES (2961, 'relationship', 'acquaintance');

INSERT INTO EP_g VALUES (2961, 'contact_frequency', 'daily');

INSERT INTO E_g VALUES (2962, 298, 187, 'knows');

INSERT INTO EP_g VALUES (2962, 'since', '2012');

INSERT INTO EP_g VALUES (2962, 'relationship', 'family');

INSERT INTO EP_g VALUES (2962, 'contact_frequency', 'weekly');

INSERT INTO E_g VALUES (2963, 298, 206, 'knows');

INSERT INTO EP_g VALUES (2963, 'since', '2019');

INSERT INTO EP_g VALUES (2963, 'relationship', 'friend');

INSERT INTO EP_g VALUES (2963, 'contact_frequency', 'monthly');

INSERT INTO E_g VALUES (2964, 298, 288, 'knows');

INSERT INTO EP_g VALUES (2964, 'since', '2020');

INSERT INTO EP_g VALUES (2964, 'relationship', 'family');

INSERT INTO EP_g VALUES (2964, 'contact_frequency', 'weekly');

INSERT INTO E_g VALUES (2965, 298, 202, 'knows');

INSERT INTO EP_g VALUES (2965, 'since', '2011');

INSERT INTO EP_g VALUES (2965, 'relationship', 'friend');

INSERT INTO EP_g VALUES (2965, 'contact_frequency', 'monthly');

INSERT INTO E_g VALUES (2966, 299, 258, 'knows');

INSERT INTO EP_g VALUES (2966, 'since', '2022');

INSERT INTO EP_g VALUES (2966, 'relationship', 'acquaintance');

INSERT INTO EP_g VALUES (2966, 'contact_frequency', 'monthly');

INSERT INTO E_g VALUES (2967, 299, 274, 'knows');

INSERT INTO EP_g VALUES (2967, 'since', '2017');

INSERT INTO EP_g VALUES (2967, 'relationship', 'acquaintance');

INSERT INTO EP_g VALUES (2967, 'contact_frequency', 'weekly');

INSERT INTO E_g VALUES (2968, 299, 224, 'knows');

INSERT INTO EP_g VALUES (2968, 'since', '2024');

INSERT INTO EP_g VALUES (2968, 'relationship', 'family');

INSERT INTO EP_g VALUES (2968, 'contact_frequency', 'daily');

INSERT INTO E_g VALUES (2969, 300, 268, 'knows');

INSERT INTO EP_g VALUES (2969, 'since', '2019');

INSERT INTO EP_g VALUES (2969, 'relationship', 'acquaintance');

INSERT INTO EP_g VALUES (2969, 'contact_frequency', 'daily');

INSERT INTO E_g VALUES (2970, 300, 295, 'knows');

INSERT INTO EP_g VALUES (2970, 'since', '2012');

INSERT INTO EP_g VALUES (2970, 'relationship', 'family');

INSERT INTO EP_g VALUES (2970, 'contact_frequency', 'monthly');

INSERT INTO E_g VALUES (2971, 300, 266, 'knows');

INSERT INTO EP_g VALUES (2971, 'since', '2022');

INSERT INTO EP_g VALUES (2971, 'relationship', 'friend');

INSERT INTO EP_g VALUES (2971, 'contact_frequency', 'weekly');

INSERT INTO E_g VALUES (2972, 300, 43, 'knows');

INSERT INTO EP_g VALUES (2972, 'since', '2010');

INSERT INTO EP_g VALUES (2972, 'relationship', 'colleague');

INSERT INTO EP_g VALUES (2972, 'contact_frequency', 'rarely');

INSERT INTO E_g VALUES (2973, 300, 295, 'knows');

INSERT INTO EP_g VALUES (2973, 'since', '2016');

INSERT INTO EP_g VALUES (2973, 'relationship', 'family');

INSERT INTO EP_g VALUES (2973, 'contact_frequency', 'daily');

INSERT INTO E_g VALUES (2974, 300, 59, 'knows');

INSERT INTO EP_g VALUES (2974, 'since', '2020');

INSERT INTO EP_g VALUES (2974, 'relationship', 'family');

INSERT INTO EP_g VALUES (2974, 'contact_frequency', 'monthly');

INSERT INTO E_g VALUES (2975, 300, 57, 'knows');

INSERT INTO EP_g VALUES (2975, 'since', '2018');

INSERT INTO EP_g VALUES (2975, 'relationship', 'family');

INSERT INTO EP_g VALUES (2975, 'contact_frequency', 'monthly');

INSERT INTO E_g VALUES (2976, 1, 441, 'bought');

INSERT INTO EP_g VALUES (2976, 'date', '2024-10-14');

INSERT INTO EP_g VALUES (2976, 'quantity', '2');

INSERT INTO EP_g VALUES (2976, 'review_score', '5');

INSERT INTO E_g VALUES (2977, 1, 499, 'bought');

INSERT INTO EP_g VALUES (2977, 'date', '2024-04-02');

INSERT INTO EP_g VALUES (2977, 'quantity', '1');

INSERT INTO EP_g VALUES (2977, 'review_score', '5');

INSERT INTO E_g VALUES (2978, 1, 464, 'bought');

INSERT INTO EP_g VALUES (2978, 'date', '2024-04-17');

INSERT INTO EP_g VALUES (2978, 'quantity', '3');

INSERT INTO EP_g VALUES (2978, 'review_score', '4');

INSERT INTO E_g VALUES (2979, 2, 408, 'bought');

INSERT INTO EP_g VALUES (2979, 'date', '2024-11-08');

INSERT INTO EP_g VALUES (2979, 'quantity', '2');

INSERT INTO EP_g VALUES (2979, 'review_score', '5');

INSERT INTO E_g VALUES (2980, 2, 412, 'bought');

INSERT INTO EP_g VALUES (2980, 'date', '2024-09-11');

INSERT INTO EP_g VALUES (2980, 'quantity', '1');

INSERT INTO EP_g VALUES (2980, 'review_score', '4');

INSERT INTO E_g VALUES (2981, 2, 459, 'bought');

INSERT INTO EP_g VALUES (2981, 'date', '2024-03-17');

INSERT INTO EP_g VALUES (2981, 'quantity', '3');

INSERT INTO EP_g VALUES (2981, 'review_score', '5');

INSERT INTO E_g VALUES (2982, 2, 464, 'bought');

INSERT INTO EP_g VALUES (2982, 'date', '2024-07-17');

INSERT INTO EP_g VALUES (2982, 'quantity', '1');

INSERT INTO EP_g VALUES (2982, 'review_score', '5');

INSERT INTO E_g VALUES (2983, 3, 465, 'bought');

INSERT INTO EP_g VALUES (2983, 'date', '2024-01-15');

INSERT INTO EP_g VALUES (2983, 'quantity', '3');

INSERT INTO EP_g VALUES (2983, 'review_score', '1');

INSERT INTO E_g VALUES (2984, 4, 449, 'bought');

INSERT INTO EP_g VALUES (2984, 'date', '2024-05-08');

INSERT INTO EP_g VALUES (2984, 'quantity', '3');

INSERT INTO EP_g VALUES (2984, 'review_score', '4');

INSERT INTO E_g VALUES (2985, 5, 490, 'bought');

INSERT INTO EP_g VALUES (2985, 'date', '2024-03-24');

INSERT INTO EP_g VALUES (2985, 'quantity', '1');

INSERT INTO EP_g VALUES (2985, 'review_score', '3');

INSERT INTO E_g VALUES (2986, 5, 495, 'bought');

INSERT INTO EP_g VALUES (2986, 'date', '2024-01-01');

INSERT INTO EP_g VALUES (2986, 'quantity', '1');

INSERT INTO EP_g VALUES (2986, 'review_score', '1');

INSERT INTO E_g VALUES (2987, 5, 429, 'bought');

INSERT INTO EP_g VALUES (2987, 'date', '2024-07-10');

INSERT INTO EP_g VALUES (2987, 'quantity', '2');

INSERT INTO EP_g VALUES (2987, 'review_score', '3');

INSERT INTO E_g VALUES (2988, 5, 479, 'bought');

INSERT INTO EP_g VALUES (2988, 'date', '2024-10-16');

INSERT INTO EP_g VALUES (2988, 'quantity', '3');

INSERT INTO EP_g VALUES (2988, 'review_score', '4');

INSERT INTO E_g VALUES (2989, 5, 421, 'bought');

INSERT INTO EP_g VALUES (2989, 'date', '2024-12-01');

INSERT INTO EP_g VALUES (2989, 'quantity', '3');

INSERT INTO EP_g VALUES (2989, 'review_score', '3');

INSERT INTO E_g VALUES (2990, 6, 419, 'bought');

INSERT INTO EP_g VALUES (2990, 'date', '2024-02-28');

INSERT INTO EP_g VALUES (2990, 'quantity', '2');

INSERT INTO EP_g VALUES (2990, 'review_score', '5');

INSERT INTO E_g VALUES (2991, 6, 449, 'bought');

INSERT INTO EP_g VALUES (2991, 'date', '2024-06-02');

INSERT INTO EP_g VALUES (2991, 'quantity', '2');

INSERT INTO EP_g VALUES (2991, 'review_score', '3');

INSERT INTO E_g VALUES (2992, 6, 458, 'bought');

INSERT INTO EP_g VALUES (2992, 'date', '2024-06-25');

INSERT INTO EP_g VALUES (2992, 'quantity', '3');

INSERT INTO EP_g VALUES (2992, 'review_score', '5');

INSERT INTO E_g VALUES (2993, 7, 432, 'bought');

INSERT INTO EP_g VALUES (2993, 'date', '2024-11-24');

INSERT INTO EP_g VALUES (2993, 'quantity', '2');

INSERT INTO EP_g VALUES (2993, 'review_score', '3');

INSERT INTO E_g VALUES (2994, 7, 438, 'bought');

INSERT INTO EP_g VALUES (2994, 'date', '2024-08-14');

INSERT INTO EP_g VALUES (2994, 'quantity', '2');

INSERT INTO EP_g VALUES (2994, 'review_score', '1');

INSERT INTO E_g VALUES (2995, 7, 401, 'bought');

INSERT INTO EP_g VALUES (2995, 'date', '2024-12-27');

INSERT INTO EP_g VALUES (2995, 'quantity', '3');

INSERT INTO EP_g VALUES (2995, 'review_score', '4');

INSERT INTO E_g VALUES (2996, 7, 498, 'bought');

INSERT INTO EP_g VALUES (2996, 'date', '2024-08-08');

INSERT INTO EP_g VALUES (2996, 'quantity', '2');

INSERT INTO EP_g VALUES (2996, 'review_score', '2');

INSERT INTO E_g VALUES (2997, 8, 480, 'bought');

INSERT INTO EP_g VALUES (2997, 'date', '2024-01-24');

INSERT INTO EP_g VALUES (2997, 'quantity', '2');

INSERT INTO EP_g VALUES (2997, 'review_score', '5');

INSERT INTO E_g VALUES (2998, 9, 484, 'bought');

INSERT INTO EP_g VALUES (2998, 'date', '2024-02-26');

INSERT INTO EP_g VALUES (2998, 'quantity', '2');

INSERT INTO EP_g VALUES (2998, 'review_score', '5');

INSERT INTO E_g VALUES (2999, 9, 479, 'bought');

INSERT INTO EP_g VALUES (2999, 'date', '2024-08-09');

INSERT INTO EP_g VALUES (2999, 'quantity', '3');

INSERT INTO EP_g VALUES (2999, 'review_score', '1');

INSERT INTO E_g VALUES (3000, 9, 448, 'bought');

INSERT INTO EP_g VALUES (3000, 'date', '2024-06-10');

INSERT INTO EP_g VALUES (3000, 'quantity', '1');

INSERT INTO EP_g VALUES (3000, 'review_score', '3');

INSERT INTO E_g VALUES (3001, 9, 481, 'bought');

INSERT INTO EP_g VALUES (3001, 'date', '2024-10-10');

INSERT INTO EP_g VALUES (3001, 'quantity', '3');

INSERT INTO EP_g VALUES (3001, 'review_score', '3');

INSERT INTO E_g VALUES (3002, 9, 458, 'bought');

INSERT INTO EP_g VALUES (3002, 'date', '2024-10-10');

INSERT INTO EP_g VALUES (3002, 'quantity', '3');

INSERT INTO EP_g VALUES (3002, 'review_score', '1');

INSERT INTO E_g VALUES (3003, 10, 472, 'bought');

INSERT INTO EP_g VALUES (3003, 'date', '2024-05-14');

INSERT INTO EP_g VALUES (3003, 'quantity', '1');

INSERT INTO EP_g VALUES (3003, 'review_score', '1');

INSERT INTO E_g VALUES (3004, 10, 433, 'bought');

INSERT INTO EP_g VALUES (3004, 'date', '2024-01-09');

INSERT INTO EP_g VALUES (3004, 'quantity', '3');

INSERT INTO EP_g VALUES (3004, 'review_score', '5');

INSERT INTO E_g VALUES (3005, 10, 449, 'bought');

INSERT INTO EP_g VALUES (3005, 'date', '2024-09-12');

INSERT INTO EP_g VALUES (3005, 'quantity', '1');

INSERT INTO EP_g VALUES (3005, 'review_score', '3');

INSERT INTO E_g VALUES (3006, 10, 427, 'bought');

INSERT INTO EP_g VALUES (3006, 'date', '2024-10-10');

INSERT INTO EP_g VALUES (3006, 'quantity', '3');

INSERT INTO EP_g VALUES (3006, 'review_score', '3');

INSERT INTO E_g VALUES (3007, 11, 446, 'bought');

INSERT INTO EP_g VALUES (3007, 'date', '2024-10-04');

INSERT INTO EP_g VALUES (3007, 'quantity', '3');

INSERT INTO EP_g VALUES (3007, 'review_score', '3');

INSERT INTO E_g VALUES (3008, 11, 441, 'bought');

INSERT INTO EP_g VALUES (3008, 'date', '2024-10-27');

INSERT INTO EP_g VALUES (3008, 'quantity', '2');

INSERT INTO EP_g VALUES (3008, 'review_score', '1');

INSERT INTO E_g VALUES (3009, 11, 407, 'bought');

INSERT INTO EP_g VALUES (3009, 'date', '2024-07-03');

INSERT INTO EP_g VALUES (3009, 'quantity', '2');

INSERT INTO EP_g VALUES (3009, 'review_score', '3');

INSERT INTO E_g VALUES (3010, 11, 406, 'bought');

INSERT INTO EP_g VALUES (3010, 'date', '2024-12-14');

INSERT INTO EP_g VALUES (3010, 'quantity', '1');

INSERT INTO EP_g VALUES (3010, 'review_score', '4');

INSERT INTO E_g VALUES (3011, 12, 441, 'bought');

INSERT INTO EP_g VALUES (3011, 'date', '2024-05-23');

INSERT INTO EP_g VALUES (3011, 'quantity', '3');

INSERT INTO EP_g VALUES (3011, 'review_score', '5');

INSERT INTO E_g VALUES (3012, 12, 431, 'bought');

INSERT INTO EP_g VALUES (3012, 'date', '2024-06-27');

INSERT INTO EP_g VALUES (3012, 'quantity', '3');

INSERT INTO EP_g VALUES (3012, 'review_score', '5');

INSERT INTO E_g VALUES (3013, 12, 437, 'bought');

INSERT INTO EP_g VALUES (3013, 'date', '2024-07-07');

INSERT INTO EP_g VALUES (3013, 'quantity', '3');

INSERT INTO EP_g VALUES (3013, 'review_score', '3');

INSERT INTO E_g VALUES (3014, 13, 458, 'bought');

INSERT INTO EP_g VALUES (3014, 'date', '2024-07-04');

INSERT INTO EP_g VALUES (3014, 'quantity', '2');

INSERT INTO EP_g VALUES (3014, 'review_score', '5');

INSERT INTO E_g VALUES (3015, 13, 455, 'bought');

INSERT INTO EP_g VALUES (3015, 'date', '2024-02-09');

INSERT INTO EP_g VALUES (3015, 'quantity', '3');

INSERT INTO EP_g VALUES (3015, 'review_score', '2');

INSERT INTO E_g VALUES (3016, 13, 470, 'bought');

INSERT INTO EP_g VALUES (3016, 'date', '2024-11-18');

INSERT INTO EP_g VALUES (3016, 'quantity', '3');

INSERT INTO EP_g VALUES (3016, 'review_score', '1');

INSERT INTO E_g VALUES (3017, 13, 424, 'bought');

INSERT INTO EP_g VALUES (3017, 'date', '2024-10-07');

INSERT INTO EP_g VALUES (3017, 'quantity', '1');

INSERT INTO EP_g VALUES (3017, 'review_score', '1');

INSERT INTO E_g VALUES (3018, 13, 417, 'bought');

INSERT INTO EP_g VALUES (3018, 'date', '2024-07-06');

INSERT INTO EP_g VALUES (3018, 'quantity', '1');

INSERT INTO EP_g VALUES (3018, 'review_score', '4');

INSERT INTO E_g VALUES (3019, 14, 488, 'bought');

INSERT INTO EP_g VALUES (3019, 'date', '2024-04-01');

INSERT INTO EP_g VALUES (3019, 'quantity', '1');

INSERT INTO EP_g VALUES (3019, 'review_score', '2');

INSERT INTO E_g VALUES (3020, 14, 465, 'bought');

INSERT INTO EP_g VALUES (3020, 'date', '2024-09-04');

INSERT INTO EP_g VALUES (3020, 'quantity', '1');

INSERT INTO EP_g VALUES (3020, 'review_score', '2');

INSERT INTO E_g VALUES (3021, 15, 403, 'bought');

INSERT INTO EP_g VALUES (3021, 'date', '2024-10-28');

INSERT INTO EP_g VALUES (3021, 'quantity', '2');

INSERT INTO EP_g VALUES (3021, 'review_score', '5');

INSERT INTO E_g VALUES (3022, 15, 438, 'bought');

INSERT INTO EP_g VALUES (3022, 'date', '2024-07-20');

INSERT INTO EP_g VALUES (3022, 'quantity', '3');

INSERT INTO EP_g VALUES (3022, 'review_score', '4');

INSERT INTO E_g VALUES (3023, 15, 416, 'bought');

INSERT INTO EP_g VALUES (3023, 'date', '2024-03-26');

INSERT INTO EP_g VALUES (3023, 'quantity', '1');

INSERT INTO EP_g VALUES (3023, 'review_score', '3');

INSERT INTO E_g VALUES (3024, 15, 488, 'bought');

INSERT INTO EP_g VALUES (3024, 'date', '2024-09-26');

INSERT INTO EP_g VALUES (3024, 'quantity', '1');

INSERT INTO EP_g VALUES (3024, 'review_score', '1');

INSERT INTO E_g VALUES (3025, 16, 456, 'bought');

INSERT INTO EP_g VALUES (3025, 'date', '2024-07-17');

INSERT INTO EP_g VALUES (3025, 'quantity', '2');

INSERT INTO EP_g VALUES (3025, 'review_score', '3');

INSERT INTO E_g VALUES (3026, 16, 427, 'bought');

INSERT INTO EP_g VALUES (3026, 'date', '2024-09-28');

INSERT INTO EP_g VALUES (3026, 'quantity', '3');

INSERT INTO EP_g VALUES (3026, 'review_score', '2');

INSERT INTO E_g VALUES (3027, 16, 468, 'bought');

INSERT INTO EP_g VALUES (3027, 'date', '2024-07-06');

INSERT INTO EP_g VALUES (3027, 'quantity', '3');

INSERT INTO EP_g VALUES (3027, 'review_score', '5');

INSERT INTO E_g VALUES (3028, 16, 430, 'bought');

INSERT INTO EP_g VALUES (3028, 'date', '2024-03-25');

INSERT INTO EP_g VALUES (3028, 'quantity', '1');

INSERT INTO EP_g VALUES (3028, 'review_score', '1');

INSERT INTO E_g VALUES (3029, 16, 411, 'bought');

INSERT INTO EP_g VALUES (3029, 'date', '2024-09-22');

INSERT INTO EP_g VALUES (3029, 'quantity', '1');

INSERT INTO EP_g VALUES (3029, 'review_score', '5');

INSERT INTO E_g VALUES (3030, 17, 470, 'bought');

INSERT INTO EP_g VALUES (3030, 'date', '2024-04-21');

INSERT INTO EP_g VALUES (3030, 'quantity', '2');

INSERT INTO EP_g VALUES (3030, 'review_score', '3');

INSERT INTO E_g VALUES (3031, 17, 431, 'bought');

INSERT INTO EP_g VALUES (3031, 'date', '2024-08-27');

INSERT INTO EP_g VALUES (3031, 'quantity', '1');

INSERT INTO EP_g VALUES (3031, 'review_score', '4');

INSERT INTO E_g VALUES (3032, 17, 436, 'bought');

INSERT INTO EP_g VALUES (3032, 'date', '2024-07-15');

INSERT INTO EP_g VALUES (3032, 'quantity', '3');

INSERT INTO EP_g VALUES (3032, 'review_score', '3');

INSERT INTO E_g VALUES (3033, 17, 425, 'bought');

INSERT INTO EP_g VALUES (3033, 'date', '2024-04-12');

INSERT INTO EP_g VALUES (3033, 'quantity', '1');

INSERT INTO EP_g VALUES (3033, 'review_score', '4');

INSERT INTO E_g VALUES (3034, 17, 435, 'bought');

INSERT INTO EP_g VALUES (3034, 'date', '2024-11-26');

INSERT INTO EP_g VALUES (3034, 'quantity', '1');

INSERT INTO EP_g VALUES (3034, 'review_score', '5');

INSERT INTO E_g VALUES (3035, 18, 488, 'bought');

INSERT INTO EP_g VALUES (3035, 'date', '2024-11-27');

INSERT INTO EP_g VALUES (3035, 'quantity', '3');

INSERT INTO EP_g VALUES (3035, 'review_score', '1');

INSERT INTO E_g VALUES (3036, 18, 483, 'bought');

INSERT INTO EP_g VALUES (3036, 'date', '2024-12-21');

INSERT INTO EP_g VALUES (3036, 'quantity', '1');

INSERT INTO EP_g VALUES (3036, 'review_score', '5');

INSERT INTO E_g VALUES (3037, 18, 431, 'bought');

INSERT INTO EP_g VALUES (3037, 'date', '2024-10-02');

INSERT INTO EP_g VALUES (3037, 'quantity', '1');

INSERT INTO EP_g VALUES (3037, 'review_score', '5');

INSERT INTO E_g VALUES (3038, 19, 405, 'bought');

INSERT INTO EP_g VALUES (3038, 'date', '2024-10-03');

INSERT INTO EP_g VALUES (3038, 'quantity', '1');

INSERT INTO EP_g VALUES (3038, 'review_score', '3');

INSERT INTO E_g VALUES (3039, 19, 470, 'bought');

INSERT INTO EP_g VALUES (3039, 'date', '2024-01-14');

INSERT INTO EP_g VALUES (3039, 'quantity', '3');

INSERT INTO EP_g VALUES (3039, 'review_score', '4');

INSERT INTO E_g VALUES (3040, 19, 496, 'bought');

INSERT INTO EP_g VALUES (3040, 'date', '2024-01-18');

INSERT INTO EP_g VALUES (3040, 'quantity', '3');

INSERT INTO EP_g VALUES (3040, 'review_score', '5');

INSERT INTO E_g VALUES (3041, 19, 433, 'bought');

INSERT INTO EP_g VALUES (3041, 'date', '2024-01-24');

INSERT INTO EP_g VALUES (3041, 'quantity', '3');

INSERT INTO EP_g VALUES (3041, 'review_score', '5');

INSERT INTO E_g VALUES (3042, 19, 479, 'bought');

INSERT INTO EP_g VALUES (3042, 'date', '2024-02-28');

INSERT INTO EP_g VALUES (3042, 'quantity', '1');

INSERT INTO EP_g VALUES (3042, 'review_score', '2');

INSERT INTO E_g VALUES (3043, 20, 475, 'bought');

INSERT INTO EP_g VALUES (3043, 'date', '2024-04-20');

INSERT INTO EP_g VALUES (3043, 'quantity', '2');

INSERT INTO EP_g VALUES (3043, 'review_score', '5');

INSERT INTO E_g VALUES (3044, 20, 423, 'bought');

INSERT INTO EP_g VALUES (3044, 'date', '2024-06-21');

INSERT INTO EP_g VALUES (3044, 'quantity', '2');

INSERT INTO EP_g VALUES (3044, 'review_score', '3');

INSERT INTO E_g VALUES (3045, 20, 484, 'bought');

INSERT INTO EP_g VALUES (3045, 'date', '2024-08-01');

INSERT INTO EP_g VALUES (3045, 'quantity', '2');

INSERT INTO EP_g VALUES (3045, 'review_score', '3');

INSERT INTO E_g VALUES (3046, 20, 418, 'bought');

INSERT INTO EP_g VALUES (3046, 'date', '2024-08-01');

INSERT INTO EP_g VALUES (3046, 'quantity', '2');

INSERT INTO EP_g VALUES (3046, 'review_score', '1');

INSERT INTO E_g VALUES (3047, 21, 410, 'bought');

INSERT INTO EP_g VALUES (3047, 'date', '2024-03-21');

INSERT INTO EP_g VALUES (3047, 'quantity', '2');

INSERT INTO EP_g VALUES (3047, 'review_score', '1');

INSERT INTO E_g VALUES (3048, 21, 423, 'bought');

INSERT INTO EP_g VALUES (3048, 'date', '2024-07-21');

INSERT INTO EP_g VALUES (3048, 'quantity', '3');

INSERT INTO EP_g VALUES (3048, 'review_score', '1');

INSERT INTO E_g VALUES (3049, 22, 489, 'bought');

INSERT INTO EP_g VALUES (3049, 'date', '2024-01-28');

INSERT INTO EP_g VALUES (3049, 'quantity', '3');

INSERT INTO EP_g VALUES (3049, 'review_score', '5');

INSERT INTO E_g VALUES (3050, 22, 415, 'bought');

INSERT INTO EP_g VALUES (3050, 'date', '2024-08-11');

INSERT INTO EP_g VALUES (3050, 'quantity', '3');

INSERT INTO EP_g VALUES (3050, 'review_score', '4');

INSERT INTO E_g VALUES (3051, 22, 409, 'bought');

INSERT INTO EP_g VALUES (3051, 'date', '2024-08-11');

INSERT INTO EP_g VALUES (3051, 'quantity', '1');

INSERT INTO EP_g VALUES (3051, 'review_score', '1');

INSERT INTO E_g VALUES (3052, 22, 493, 'bought');

INSERT INTO EP_g VALUES (3052, 'date', '2024-10-04');

INSERT INTO EP_g VALUES (3052, 'quantity', '2');

INSERT INTO EP_g VALUES (3052, 'review_score', '1');

INSERT INTO E_g VALUES (3053, 23, 445, 'bought');

INSERT INTO EP_g VALUES (3053, 'date', '2024-09-27');

INSERT INTO EP_g VALUES (3053, 'quantity', '1');

INSERT INTO EP_g VALUES (3053, 'review_score', '4');

INSERT INTO E_g VALUES (3054, 24, 482, 'bought');

INSERT INTO EP_g VALUES (3054, 'date', '2024-10-09');

INSERT INTO EP_g VALUES (3054, 'quantity', '1');

INSERT INTO EP_g VALUES (3054, 'review_score', '3');

INSERT INTO E_g VALUES (3055, 25, 430, 'bought');

INSERT INTO EP_g VALUES (3055, 'date', '2024-11-09');

INSERT INTO EP_g VALUES (3055, 'quantity', '3');

INSERT INTO EP_g VALUES (3055, 'review_score', '2');

INSERT INTO E_g VALUES (3056, 25, 444, 'bought');

INSERT INTO EP_g VALUES (3056, 'date', '2024-12-07');

INSERT INTO EP_g VALUES (3056, 'quantity', '2');

INSERT INTO EP_g VALUES (3056, 'review_score', '2');

INSERT INTO E_g VALUES (3057, 25, 469, 'bought');

INSERT INTO EP_g VALUES (3057, 'date', '2024-11-05');

INSERT INTO EP_g VALUES (3057, 'quantity', '3');

INSERT INTO EP_g VALUES (3057, 'review_score', '1');

INSERT INTO E_g VALUES (3058, 25, 412, 'bought');

INSERT INTO EP_g VALUES (3058, 'date', '2024-06-13');

INSERT INTO EP_g VALUES (3058, 'quantity', '1');

INSERT INTO EP_g VALUES (3058, 'review_score', '5');

INSERT INTO E_g VALUES (3059, 25, 416, 'bought');

INSERT INTO EP_g VALUES (3059, 'date', '2024-07-12');

INSERT INTO EP_g VALUES (3059, 'quantity', '2');

INSERT INTO EP_g VALUES (3059, 'review_score', '2');

INSERT INTO E_g VALUES (3060, 26, 442, 'bought');

INSERT INTO EP_g VALUES (3060, 'date', '2024-11-04');

INSERT INTO EP_g VALUES (3060, 'quantity', '2');

INSERT INTO EP_g VALUES (3060, 'review_score', '4');

INSERT INTO E_g VALUES (3061, 26, 452, 'bought');

INSERT INTO EP_g VALUES (3061, 'date', '2024-06-24');

INSERT INTO EP_g VALUES (3061, 'quantity', '3');

INSERT INTO EP_g VALUES (3061, 'review_score', '1');

INSERT INTO E_g VALUES (3062, 27, 468, 'bought');

INSERT INTO EP_g VALUES (3062, 'date', '2024-06-07');

INSERT INTO EP_g VALUES (3062, 'quantity', '2');

INSERT INTO EP_g VALUES (3062, 'review_score', '1');

INSERT INTO E_g VALUES (3063, 28, 454, 'bought');

INSERT INTO EP_g VALUES (3063, 'date', '2024-10-26');

INSERT INTO EP_g VALUES (3063, 'quantity', '3');

INSERT INTO EP_g VALUES (3063, 'review_score', '2');

INSERT INTO E_g VALUES (3064, 28, 413, 'bought');

INSERT INTO EP_g VALUES (3064, 'date', '2024-02-21');

INSERT INTO EP_g VALUES (3064, 'quantity', '3');

INSERT INTO EP_g VALUES (3064, 'review_score', '1');

INSERT INTO E_g VALUES (3065, 28, 459, 'bought');

INSERT INTO EP_g VALUES (3065, 'date', '2024-02-18');

INSERT INTO EP_g VALUES (3065, 'quantity', '2');

INSERT INTO EP_g VALUES (3065, 'review_score', '3');

INSERT INTO E_g VALUES (3066, 29, 497, 'bought');

INSERT INTO EP_g VALUES (3066, 'date', '2024-05-06');

INSERT INTO EP_g VALUES (3066, 'quantity', '2');

INSERT INTO EP_g VALUES (3066, 'review_score', '3');

INSERT INTO E_g VALUES (3067, 29, 453, 'bought');

INSERT INTO EP_g VALUES (3067, 'date', '2024-03-08');

INSERT INTO EP_g VALUES (3067, 'quantity', '2');

INSERT INTO EP_g VALUES (3067, 'review_score', '3');

INSERT INTO E_g VALUES (3068, 29, 417, 'bought');

INSERT INTO EP_g VALUES (3068, 'date', '2024-07-17');

INSERT INTO EP_g VALUES (3068, 'quantity', '2');

INSERT INTO EP_g VALUES (3068, 'review_score', '3');

INSERT INTO E_g VALUES (3069, 29, 493, 'bought');

INSERT INTO EP_g VALUES (3069, 'date', '2024-03-19');

INSERT INTO EP_g VALUES (3069, 'quantity', '1');

INSERT INTO EP_g VALUES (3069, 'review_score', '1');

INSERT INTO E_g VALUES (3070, 29, 489, 'bought');

INSERT INTO EP_g VALUES (3070, 'date', '2024-03-20');

INSERT INTO EP_g VALUES (3070, 'quantity', '3');

INSERT INTO EP_g VALUES (3070, 'review_score', '3');

INSERT INTO E_g VALUES (3071, 30, 448, 'bought');

INSERT INTO EP_g VALUES (3071, 'date', '2024-05-07');

INSERT INTO EP_g VALUES (3071, 'quantity', '2');

INSERT INTO EP_g VALUES (3071, 'review_score', '5');

INSERT INTO E_g VALUES (3072, 30, 432, 'bought');

INSERT INTO EP_g VALUES (3072, 'date', '2024-08-17');

INSERT INTO EP_g VALUES (3072, 'quantity', '2');

INSERT INTO EP_g VALUES (3072, 'review_score', '4');

INSERT INTO E_g VALUES (3073, 31, 448, 'bought');

INSERT INTO EP_g VALUES (3073, 'date', '2024-08-23');

INSERT INTO EP_g VALUES (3073, 'quantity', '1');

INSERT INTO EP_g VALUES (3073, 'review_score', '1');

INSERT INTO E_g VALUES (3074, 31, 408, 'bought');

INSERT INTO EP_g VALUES (3074, 'date', '2024-02-05');

INSERT INTO EP_g VALUES (3074, 'quantity', '2');

INSERT INTO EP_g VALUES (3074, 'review_score', '5');

INSERT INTO E_g VALUES (3075, 31, 439, 'bought');

INSERT INTO EP_g VALUES (3075, 'date', '2024-04-01');

INSERT INTO EP_g VALUES (3075, 'quantity', '1');

INSERT INTO EP_g VALUES (3075, 'review_score', '4');

INSERT INTO E_g VALUES (3076, 31, 482, 'bought');

INSERT INTO EP_g VALUES (3076, 'date', '2024-05-24');

INSERT INTO EP_g VALUES (3076, 'quantity', '1');

INSERT INTO EP_g VALUES (3076, 'review_score', '4');

INSERT INTO E_g VALUES (3077, 31, 444, 'bought');

INSERT INTO EP_g VALUES (3077, 'date', '2024-02-08');

INSERT INTO EP_g VALUES (3077, 'quantity', '2');

INSERT INTO EP_g VALUES (3077, 'review_score', '1');

INSERT INTO E_g VALUES (3078, 32, 422, 'bought');

INSERT INTO EP_g VALUES (3078, 'date', '2024-05-06');

INSERT INTO EP_g VALUES (3078, 'quantity', '2');

INSERT INTO EP_g VALUES (3078, 'review_score', '2');

INSERT INTO E_g VALUES (3079, 32, 494, 'bought');

INSERT INTO EP_g VALUES (3079, 'date', '2024-01-12');

INSERT INTO EP_g VALUES (3079, 'quantity', '3');

INSERT INTO EP_g VALUES (3079, 'review_score', '4');

INSERT INTO E_g VALUES (3080, 32, 417, 'bought');

INSERT INTO EP_g VALUES (3080, 'date', '2024-05-19');

INSERT INTO EP_g VALUES (3080, 'quantity', '2');

INSERT INTO EP_g VALUES (3080, 'review_score', '1');

INSERT INTO E_g VALUES (3081, 32, 472, 'bought');

INSERT INTO EP_g VALUES (3081, 'date', '2024-09-27');

INSERT INTO EP_g VALUES (3081, 'quantity', '3');

INSERT INTO EP_g VALUES (3081, 'review_score', '2');

INSERT INTO E_g VALUES (3082, 33, 469, 'bought');

INSERT INTO EP_g VALUES (3082, 'date', '2024-04-10');

INSERT INTO EP_g VALUES (3082, 'quantity', '1');

INSERT INTO EP_g VALUES (3082, 'review_score', '3');

INSERT INTO E_g VALUES (3083, 33, 460, 'bought');

INSERT INTO EP_g VALUES (3083, 'date', '2024-09-23');

INSERT INTO EP_g VALUES (3083, 'quantity', '1');

INSERT INTO EP_g VALUES (3083, 'review_score', '2');

INSERT INTO E_g VALUES (3084, 33, 459, 'bought');

INSERT INTO EP_g VALUES (3084, 'date', '2024-02-15');

INSERT INTO EP_g VALUES (3084, 'quantity', '1');

INSERT INTO EP_g VALUES (3084, 'review_score', '5');

INSERT INTO E_g VALUES (3085, 33, 463, 'bought');

INSERT INTO EP_g VALUES (3085, 'date', '2024-10-26');

INSERT INTO EP_g VALUES (3085, 'quantity', '2');

INSERT INTO EP_g VALUES (3085, 'review_score', '1');

INSERT INTO E_g VALUES (3086, 33, 472, 'bought');

INSERT INTO EP_g VALUES (3086, 'date', '2024-06-12');

INSERT INTO EP_g VALUES (3086, 'quantity', '3');

INSERT INTO EP_g VALUES (3086, 'review_score', '1');

INSERT INTO E_g VALUES (3087, 34, 449, 'bought');

INSERT INTO EP_g VALUES (3087, 'date', '2024-06-05');

INSERT INTO EP_g VALUES (3087, 'quantity', '2');

INSERT INTO EP_g VALUES (3087, 'review_score', '2');

INSERT INTO E_g VALUES (3088, 35, 492, 'bought');

INSERT INTO EP_g VALUES (3088, 'date', '2024-02-05');

INSERT INTO EP_g VALUES (3088, 'quantity', '3');

INSERT INTO EP_g VALUES (3088, 'review_score', '5');

INSERT INTO E_g VALUES (3089, 35, 429, 'bought');

INSERT INTO EP_g VALUES (3089, 'date', '2024-07-08');

INSERT INTO EP_g VALUES (3089, 'quantity', '3');

INSERT INTO EP_g VALUES (3089, 'review_score', '3');

INSERT INTO E_g VALUES (3090, 35, 442, 'bought');

INSERT INTO EP_g VALUES (3090, 'date', '2024-03-09');

INSERT INTO EP_g VALUES (3090, 'quantity', '3');

INSERT INTO EP_g VALUES (3090, 'review_score', '4');

INSERT INTO E_g VALUES (3091, 35, 473, 'bought');

INSERT INTO EP_g VALUES (3091, 'date', '2024-04-02');

INSERT INTO EP_g VALUES (3091, 'quantity', '1');

INSERT INTO EP_g VALUES (3091, 'review_score', '1');

INSERT INTO E_g VALUES (3092, 35, 465, 'bought');

INSERT INTO EP_g VALUES (3092, 'date', '2024-11-05');

INSERT INTO EP_g VALUES (3092, 'quantity', '2');

INSERT INTO EP_g VALUES (3092, 'review_score', '1');

INSERT INTO E_g VALUES (3093, 36, 406, 'bought');

INSERT INTO EP_g VALUES (3093, 'date', '2024-11-24');

INSERT INTO EP_g VALUES (3093, 'quantity', '2');

INSERT INTO EP_g VALUES (3093, 'review_score', '2');

INSERT INTO E_g VALUES (3094, 36, 415, 'bought');

INSERT INTO EP_g VALUES (3094, 'date', '2024-12-05');

INSERT INTO EP_g VALUES (3094, 'quantity', '1');

INSERT INTO EP_g VALUES (3094, 'review_score', '4');

INSERT INTO E_g VALUES (3095, 36, 479, 'bought');

INSERT INTO EP_g VALUES (3095, 'date', '2024-10-01');

INSERT INTO EP_g VALUES (3095, 'quantity', '3');

INSERT INTO EP_g VALUES (3095, 'review_score', '4');

INSERT INTO E_g VALUES (3096, 36, 408, 'bought');

INSERT INTO EP_g VALUES (3096, 'date', '2024-12-14');

INSERT INTO EP_g VALUES (3096, 'quantity', '2');

INSERT INTO EP_g VALUES (3096, 'review_score', '2');

INSERT INTO E_g VALUES (3097, 36, 423, 'bought');

INSERT INTO EP_g VALUES (3097, 'date', '2024-06-10');

INSERT INTO EP_g VALUES (3097, 'quantity', '3');

INSERT INTO EP_g VALUES (3097, 'review_score', '2');

INSERT INTO E_g VALUES (3098, 37, 480, 'bought');

INSERT INTO EP_g VALUES (3098, 'date', '2024-08-14');

INSERT INTO EP_g VALUES (3098, 'quantity', '1');

INSERT INTO EP_g VALUES (3098, 'review_score', '1');

INSERT INTO E_g VALUES (3099, 38, 473, 'bought');

INSERT INTO EP_g VALUES (3099, 'date', '2024-07-18');

INSERT INTO EP_g VALUES (3099, 'quantity', '3');

INSERT INTO EP_g VALUES (3099, 'review_score', '3');

INSERT INTO E_g VALUES (3100, 38, 465, 'bought');

INSERT INTO EP_g VALUES (3100, 'date', '2024-05-14');

INSERT INTO EP_g VALUES (3100, 'quantity', '1');

INSERT INTO EP_g VALUES (3100, 'review_score', '1');

INSERT INTO E_g VALUES (3101, 39, 414, 'bought');

INSERT INTO EP_g VALUES (3101, 'date', '2024-06-20');

INSERT INTO EP_g VALUES (3101, 'quantity', '1');

INSERT INTO EP_g VALUES (3101, 'review_score', '3');

INSERT INTO E_g VALUES (3102, 40, 425, 'bought');

INSERT INTO EP_g VALUES (3102, 'date', '2024-10-13');

INSERT INTO EP_g VALUES (3102, 'quantity', '3');

INSERT INTO EP_g VALUES (3102, 'review_score', '4');

INSERT INTO E_g VALUES (3103, 40, 477, 'bought');

INSERT INTO EP_g VALUES (3103, 'date', '2024-08-02');

INSERT INTO EP_g VALUES (3103, 'quantity', '3');

INSERT INTO EP_g VALUES (3103, 'review_score', '4');

INSERT INTO E_g VALUES (3104, 40, 484, 'bought');

INSERT INTO EP_g VALUES (3104, 'date', '2024-04-07');

INSERT INTO EP_g VALUES (3104, 'quantity', '3');

INSERT INTO EP_g VALUES (3104, 'review_score', '4');

INSERT INTO E_g VALUES (3105, 40, 404, 'bought');

INSERT INTO EP_g VALUES (3105, 'date', '2024-01-27');

INSERT INTO EP_g VALUES (3105, 'quantity', '1');

INSERT INTO EP_g VALUES (3105, 'review_score', '4');

INSERT INTO E_g VALUES (3106, 41, 497, 'bought');

INSERT INTO EP_g VALUES (3106, 'date', '2024-05-03');

INSERT INTO EP_g VALUES (3106, 'quantity', '1');

INSERT INTO EP_g VALUES (3106, 'review_score', '1');

INSERT INTO E_g VALUES (3107, 41, 411, 'bought');

INSERT INTO EP_g VALUES (3107, 'date', '2024-11-23');

INSERT INTO EP_g VALUES (3107, 'quantity', '1');

INSERT INTO EP_g VALUES (3107, 'review_score', '5');

INSERT INTO E_g VALUES (3108, 42, 462, 'bought');

INSERT INTO EP_g VALUES (3108, 'date', '2024-05-19');

INSERT INTO EP_g VALUES (3108, 'quantity', '1');

INSERT INTO EP_g VALUES (3108, 'review_score', '5');

INSERT INTO E_g VALUES (3109, 42, 414, 'bought');

INSERT INTO EP_g VALUES (3109, 'date', '2024-06-27');

INSERT INTO EP_g VALUES (3109, 'quantity', '3');

INSERT INTO EP_g VALUES (3109, 'review_score', '3');

INSERT INTO E_g VALUES (3110, 42, 465, 'bought');

INSERT INTO EP_g VALUES (3110, 'date', '2024-02-18');

INSERT INTO EP_g VALUES (3110, 'quantity', '2');

INSERT INTO EP_g VALUES (3110, 'review_score', '2');

INSERT INTO E_g VALUES (3111, 43, 421, 'bought');

INSERT INTO EP_g VALUES (3111, 'date', '2024-03-18');

INSERT INTO EP_g VALUES (3111, 'quantity', '1');

INSERT INTO EP_g VALUES (3111, 'review_score', '5');

INSERT INTO E_g VALUES (3112, 43, 421, 'bought');

INSERT INTO EP_g VALUES (3112, 'date', '2024-09-22');

INSERT INTO EP_g VALUES (3112, 'quantity', '1');

INSERT INTO EP_g VALUES (3112, 'review_score', '3');

INSERT INTO E_g VALUES (3113, 44, 457, 'bought');

INSERT INTO EP_g VALUES (3113, 'date', '2024-04-23');

INSERT INTO EP_g VALUES (3113, 'quantity', '1');

INSERT INTO EP_g VALUES (3113, 'review_score', '2');

INSERT INTO E_g VALUES (3114, 44, 410, 'bought');

INSERT INTO EP_g VALUES (3114, 'date', '2024-08-18');

INSERT INTO EP_g VALUES (3114, 'quantity', '3');

INSERT INTO EP_g VALUES (3114, 'review_score', '4');

INSERT INTO E_g VALUES (3115, 44, 452, 'bought');

INSERT INTO EP_g VALUES (3115, 'date', '2024-03-07');

INSERT INTO EP_g VALUES (3115, 'quantity', '3');

INSERT INTO EP_g VALUES (3115, 'review_score', '5');

INSERT INTO E_g VALUES (3116, 44, 450, 'bought');

INSERT INTO EP_g VALUES (3116, 'date', '2024-03-04');

INSERT INTO EP_g VALUES (3116, 'quantity', '2');

INSERT INTO EP_g VALUES (3116, 'review_score', '5');

INSERT INTO E_g VALUES (3117, 44, 496, 'bought');

INSERT INTO EP_g VALUES (3117, 'date', '2024-03-27');

INSERT INTO EP_g VALUES (3117, 'quantity', '1');

INSERT INTO EP_g VALUES (3117, 'review_score', '4');

INSERT INTO E_g VALUES (3118, 45, 414, 'bought');

INSERT INTO EP_g VALUES (3118, 'date', '2024-07-25');

INSERT INTO EP_g VALUES (3118, 'quantity', '2');

INSERT INTO EP_g VALUES (3118, 'review_score', '4');

INSERT INTO E_g VALUES (3119, 45, 432, 'bought');

INSERT INTO EP_g VALUES (3119, 'date', '2024-07-02');

INSERT INTO EP_g VALUES (3119, 'quantity', '2');

INSERT INTO EP_g VALUES (3119, 'review_score', '2');

INSERT INTO E_g VALUES (3120, 45, 450, 'bought');

INSERT INTO EP_g VALUES (3120, 'date', '2024-03-08');

INSERT INTO EP_g VALUES (3120, 'quantity', '2');

INSERT INTO EP_g VALUES (3120, 'review_score', '2');

INSERT INTO E_g VALUES (3121, 45, 460, 'bought');

INSERT INTO EP_g VALUES (3121, 'date', '2024-02-15');

INSERT INTO EP_g VALUES (3121, 'quantity', '3');

INSERT INTO EP_g VALUES (3121, 'review_score', '4');

INSERT INTO E_g VALUES (3122, 46, 434, 'bought');

INSERT INTO EP_g VALUES (3122, 'date', '2024-09-12');

INSERT INTO EP_g VALUES (3122, 'quantity', '3');

INSERT INTO EP_g VALUES (3122, 'review_score', '1');

INSERT INTO E_g VALUES (3123, 46, 485, 'bought');

INSERT INTO EP_g VALUES (3123, 'date', '2024-05-14');

INSERT INTO EP_g VALUES (3123, 'quantity', '2');

INSERT INTO EP_g VALUES (3123, 'review_score', '3');

INSERT INTO E_g VALUES (3124, 46, 443, 'bought');

INSERT INTO EP_g VALUES (3124, 'date', '2024-09-26');

INSERT INTO EP_g VALUES (3124, 'quantity', '3');

INSERT INTO EP_g VALUES (3124, 'review_score', '3');

INSERT INTO E_g VALUES (3125, 46, 409, 'bought');

INSERT INTO EP_g VALUES (3125, 'date', '2024-04-08');

INSERT INTO EP_g VALUES (3125, 'quantity', '3');

INSERT INTO EP_g VALUES (3125, 'review_score', '2');

INSERT INTO E_g VALUES (3126, 47, 425, 'bought');

INSERT INTO EP_g VALUES (3126, 'date', '2024-09-05');

INSERT INTO EP_g VALUES (3126, 'quantity', '1');

INSERT INTO EP_g VALUES (3126, 'review_score', '3');

INSERT INTO E_g VALUES (3127, 47, 458, 'bought');

INSERT INTO EP_g VALUES (3127, 'date', '2024-06-08');

INSERT INTO EP_g VALUES (3127, 'quantity', '1');

INSERT INTO EP_g VALUES (3127, 'review_score', '4');

INSERT INTO E_g VALUES (3128, 47, 437, 'bought');

INSERT INTO EP_g VALUES (3128, 'date', '2024-11-19');

INSERT INTO EP_g VALUES (3128, 'quantity', '2');

INSERT INTO EP_g VALUES (3128, 'review_score', '1');

INSERT INTO E_g VALUES (3129, 48, 431, 'bought');

INSERT INTO EP_g VALUES (3129, 'date', '2024-01-01');

INSERT INTO EP_g VALUES (3129, 'quantity', '3');

INSERT INTO EP_g VALUES (3129, 'review_score', '3');

INSERT INTO E_g VALUES (3130, 48, 479, 'bought');

INSERT INTO EP_g VALUES (3130, 'date', '2024-12-24');

INSERT INTO EP_g VALUES (3130, 'quantity', '3');

INSERT INTO EP_g VALUES (3130, 'review_score', '3');

INSERT INTO E_g VALUES (3131, 48, 441, 'bought');

INSERT INTO EP_g VALUES (3131, 'date', '2024-11-15');

INSERT INTO EP_g VALUES (3131, 'quantity', '1');

INSERT INTO EP_g VALUES (3131, 'review_score', '3');

INSERT INTO E_g VALUES (3132, 48, 483, 'bought');

INSERT INTO EP_g VALUES (3132, 'date', '2024-05-11');

INSERT INTO EP_g VALUES (3132, 'quantity', '1');

INSERT INTO EP_g VALUES (3132, 'review_score', '1');

INSERT INTO E_g VALUES (3133, 48, 439, 'bought');

INSERT INTO EP_g VALUES (3133, 'date', '2024-06-01');

INSERT INTO EP_g VALUES (3133, 'quantity', '3');

INSERT INTO EP_g VALUES (3133, 'review_score', '3');

INSERT INTO E_g VALUES (3134, 49, 426, 'bought');

INSERT INTO EP_g VALUES (3134, 'date', '2024-08-19');

INSERT INTO EP_g VALUES (3134, 'quantity', '2');

INSERT INTO EP_g VALUES (3134, 'review_score', '3');

INSERT INTO E_g VALUES (3135, 49, 452, 'bought');

INSERT INTO EP_g VALUES (3135, 'date', '2024-12-22');

INSERT INTO EP_g VALUES (3135, 'quantity', '2');

INSERT INTO EP_g VALUES (3135, 'review_score', '3');

INSERT INTO E_g VALUES (3136, 49, 427, 'bought');

INSERT INTO EP_g VALUES (3136, 'date', '2024-07-14');

INSERT INTO EP_g VALUES (3136, 'quantity', '3');

INSERT INTO EP_g VALUES (3136, 'review_score', '3');

INSERT INTO E_g VALUES (3137, 49, 481, 'bought');

INSERT INTO EP_g VALUES (3137, 'date', '2024-08-25');

INSERT INTO EP_g VALUES (3137, 'quantity', '1');

INSERT INTO EP_g VALUES (3137, 'review_score', '3');

INSERT INTO E_g VALUES (3138, 49, 449, 'bought');

INSERT INTO EP_g VALUES (3138, 'date', '2024-10-06');

INSERT INTO EP_g VALUES (3138, 'quantity', '2');

INSERT INTO EP_g VALUES (3138, 'review_score', '2');

INSERT INTO E_g VALUES (3139, 50, 445, 'bought');

INSERT INTO EP_g VALUES (3139, 'date', '2024-07-16');

INSERT INTO EP_g VALUES (3139, 'quantity', '1');

INSERT INTO EP_g VALUES (3139, 'review_score', '5');

INSERT INTO E_g VALUES (3140, 51, 424, 'bought');

INSERT INTO EP_g VALUES (3140, 'date', '2024-02-27');

INSERT INTO EP_g VALUES (3140, 'quantity', '2');

INSERT INTO EP_g VALUES (3140, 'review_score', '1');

INSERT INTO E_g VALUES (3141, 51, 448, 'bought');

INSERT INTO EP_g VALUES (3141, 'date', '2024-01-07');

INSERT INTO EP_g VALUES (3141, 'quantity', '1');

INSERT INTO EP_g VALUES (3141, 'review_score', '5');

INSERT INTO E_g VALUES (3142, 51, 419, 'bought');

INSERT INTO EP_g VALUES (3142, 'date', '2024-07-04');

INSERT INTO EP_g VALUES (3142, 'quantity', '1');

INSERT INTO EP_g VALUES (3142, 'review_score', '1');

INSERT INTO E_g VALUES (3143, 51, 496, 'bought');

INSERT INTO EP_g VALUES (3143, 'date', '2024-04-15');

INSERT INTO EP_g VALUES (3143, 'quantity', '2');

INSERT INTO EP_g VALUES (3143, 'review_score', '5');

INSERT INTO E_g VALUES (3144, 51, 464, 'bought');

INSERT INTO EP_g VALUES (3144, 'date', '2024-06-20');

INSERT INTO EP_g VALUES (3144, 'quantity', '2');

INSERT INTO EP_g VALUES (3144, 'review_score', '3');

INSERT INTO E_g VALUES (3145, 52, 441, 'bought');

INSERT INTO EP_g VALUES (3145, 'date', '2024-01-08');

INSERT INTO EP_g VALUES (3145, 'quantity', '3');

INSERT INTO EP_g VALUES (3145, 'review_score', '3');

INSERT INTO E_g VALUES (3146, 52, 461, 'bought');

INSERT INTO EP_g VALUES (3146, 'date', '2024-12-23');

INSERT INTO EP_g VALUES (3146, 'quantity', '3');

INSERT INTO EP_g VALUES (3146, 'review_score', '5');

INSERT INTO E_g VALUES (3147, 52, 419, 'bought');

INSERT INTO EP_g VALUES (3147, 'date', '2024-01-19');

INSERT INTO EP_g VALUES (3147, 'quantity', '2');

INSERT INTO EP_g VALUES (3147, 'review_score', '5');

INSERT INTO E_g VALUES (3148, 53, 473, 'bought');

INSERT INTO EP_g VALUES (3148, 'date', '2024-07-05');

INSERT INTO EP_g VALUES (3148, 'quantity', '2');

INSERT INTO EP_g VALUES (3148, 'review_score', '1');

INSERT INTO E_g VALUES (3149, 53, 441, 'bought');

INSERT INTO EP_g VALUES (3149, 'date', '2024-06-24');

INSERT INTO EP_g VALUES (3149, 'quantity', '3');

INSERT INTO EP_g VALUES (3149, 'review_score', '2');

INSERT INTO E_g VALUES (3150, 54, 468, 'bought');

INSERT INTO EP_g VALUES (3150, 'date', '2024-01-01');

INSERT INTO EP_g VALUES (3150, 'quantity', '2');

INSERT INTO EP_g VALUES (3150, 'review_score', '3');

INSERT INTO E_g VALUES (3151, 54, 431, 'bought');

INSERT INTO EP_g VALUES (3151, 'date', '2024-11-26');

INSERT INTO EP_g VALUES (3151, 'quantity', '1');

INSERT INTO EP_g VALUES (3151, 'review_score', '1');

INSERT INTO E_g VALUES (3152, 54, 476, 'bought');

INSERT INTO EP_g VALUES (3152, 'date', '2024-07-05');

INSERT INTO EP_g VALUES (3152, 'quantity', '1');

INSERT INTO EP_g VALUES (3152, 'review_score', '3');

INSERT INTO E_g VALUES (3153, 55, 463, 'bought');

INSERT INTO EP_g VALUES (3153, 'date', '2024-02-22');

INSERT INTO EP_g VALUES (3153, 'quantity', '1');

INSERT INTO EP_g VALUES (3153, 'review_score', '4');

INSERT INTO E_g VALUES (3154, 55, 492, 'bought');

INSERT INTO EP_g VALUES (3154, 'date', '2024-11-17');

INSERT INTO EP_g VALUES (3154, 'quantity', '3');

INSERT INTO EP_g VALUES (3154, 'review_score', '2');

INSERT INTO E_g VALUES (3155, 55, 475, 'bought');

INSERT INTO EP_g VALUES (3155, 'date', '2024-04-22');

INSERT INTO EP_g VALUES (3155, 'quantity', '1');

INSERT INTO EP_g VALUES (3155, 'review_score', '4');

INSERT INTO E_g VALUES (3156, 55, 488, 'bought');

INSERT INTO EP_g VALUES (3156, 'date', '2024-06-28');

INSERT INTO EP_g VALUES (3156, 'quantity', '2');

INSERT INTO EP_g VALUES (3156, 'review_score', '5');

INSERT INTO E_g VALUES (3157, 56, 443, 'bought');

INSERT INTO EP_g VALUES (3157, 'date', '2024-07-03');

INSERT INTO EP_g VALUES (3157, 'quantity', '3');

INSERT INTO EP_g VALUES (3157, 'review_score', '1');

INSERT INTO E_g VALUES (3158, 56, 490, 'bought');

INSERT INTO EP_g VALUES (3158, 'date', '2024-08-03');

INSERT INTO EP_g VALUES (3158, 'quantity', '3');

INSERT INTO EP_g VALUES (3158, 'review_score', '3');

INSERT INTO E_g VALUES (3159, 57, 494, 'bought');

INSERT INTO EP_g VALUES (3159, 'date', '2024-02-20');

INSERT INTO EP_g VALUES (3159, 'quantity', '2');

INSERT INTO EP_g VALUES (3159, 'review_score', '3');

INSERT INTO E_g VALUES (3160, 58, 421, 'bought');

INSERT INTO EP_g VALUES (3160, 'date', '2024-08-11');

INSERT INTO EP_g VALUES (3160, 'quantity', '3');

INSERT INTO EP_g VALUES (3160, 'review_score', '1');

INSERT INTO E_g VALUES (3161, 58, 493, 'bought');

INSERT INTO EP_g VALUES (3161, 'date', '2024-07-01');

INSERT INTO EP_g VALUES (3161, 'quantity', '1');

INSERT INTO EP_g VALUES (3161, 'review_score', '5');

INSERT INTO E_g VALUES (3162, 58, 448, 'bought');

INSERT INTO EP_g VALUES (3162, 'date', '2024-06-18');

INSERT INTO EP_g VALUES (3162, 'quantity', '1');

INSERT INTO EP_g VALUES (3162, 'review_score', '4');

INSERT INTO E_g VALUES (3163, 59, 405, 'bought');

INSERT INTO EP_g VALUES (3163, 'date', '2024-03-18');

INSERT INTO EP_g VALUES (3163, 'quantity', '1');

INSERT INTO EP_g VALUES (3163, 'review_score', '2');

INSERT INTO E_g VALUES (3164, 59, 499, 'bought');

INSERT INTO EP_g VALUES (3164, 'date', '2024-03-24');

INSERT INTO EP_g VALUES (3164, 'quantity', '1');

INSERT INTO EP_g VALUES (3164, 'review_score', '1');

INSERT INTO E_g VALUES (3165, 59, 463, 'bought');

INSERT INTO EP_g VALUES (3165, 'date', '2024-01-13');

INSERT INTO EP_g VALUES (3165, 'quantity', '1');

INSERT INTO EP_g VALUES (3165, 'review_score', '3');

INSERT INTO E_g VALUES (3166, 60, 465, 'bought');

INSERT INTO EP_g VALUES (3166, 'date', '2024-03-14');

INSERT INTO EP_g VALUES (3166, 'quantity', '3');

INSERT INTO EP_g VALUES (3166, 'review_score', '5');

INSERT INTO E_g VALUES (3167, 60, 489, 'bought');

INSERT INTO EP_g VALUES (3167, 'date', '2024-10-28');

INSERT INTO EP_g VALUES (3167, 'quantity', '2');

INSERT INTO EP_g VALUES (3167, 'review_score', '4');

INSERT INTO E_g VALUES (3168, 61, 481, 'bought');

INSERT INTO EP_g VALUES (3168, 'date', '2024-03-24');

INSERT INTO EP_g VALUES (3168, 'quantity', '1');

INSERT INTO EP_g VALUES (3168, 'review_score', '2');

INSERT INTO E_g VALUES (3169, 61, 464, 'bought');

INSERT INTO EP_g VALUES (3169, 'date', '2024-09-07');

INSERT INTO EP_g VALUES (3169, 'quantity', '1');

INSERT INTO EP_g VALUES (3169, 'review_score', '4');

INSERT INTO E_g VALUES (3170, 61, 408, 'bought');

INSERT INTO EP_g VALUES (3170, 'date', '2024-08-26');

INSERT INTO EP_g VALUES (3170, 'quantity', '2');

INSERT INTO EP_g VALUES (3170, 'review_score', '2');

INSERT INTO E_g VALUES (3171, 61, 409, 'bought');

INSERT INTO EP_g VALUES (3171, 'date', '2024-12-06');

INSERT INTO EP_g VALUES (3171, 'quantity', '3');

INSERT INTO EP_g VALUES (3171, 'review_score', '2');

INSERT INTO E_g VALUES (3172, 62, 408, 'bought');

INSERT INTO EP_g VALUES (3172, 'date', '2024-09-15');

INSERT INTO EP_g VALUES (3172, 'quantity', '3');

INSERT INTO EP_g VALUES (3172, 'review_score', '4');

INSERT INTO E_g VALUES (3173, 62, 464, 'bought');

INSERT INTO EP_g VALUES (3173, 'date', '2024-05-24');

INSERT INTO EP_g VALUES (3173, 'quantity', '2');

INSERT INTO EP_g VALUES (3173, 'review_score', '3');

INSERT INTO E_g VALUES (3174, 62, 428, 'bought');

INSERT INTO EP_g VALUES (3174, 'date', '2024-12-24');

INSERT INTO EP_g VALUES (3174, 'quantity', '1');

INSERT INTO EP_g VALUES (3174, 'review_score', '4');

INSERT INTO E_g VALUES (3175, 63, 415, 'bought');

INSERT INTO EP_g VALUES (3175, 'date', '2024-11-20');

INSERT INTO EP_g VALUES (3175, 'quantity', '2');

INSERT INTO EP_g VALUES (3175, 'review_score', '3');

INSERT INTO E_g VALUES (3176, 63, 420, 'bought');

INSERT INTO EP_g VALUES (3176, 'date', '2024-04-07');

INSERT INTO EP_g VALUES (3176, 'quantity', '1');

INSERT INTO EP_g VALUES (3176, 'review_score', '5');

INSERT INTO E_g VALUES (3177, 64, 435, 'bought');

INSERT INTO EP_g VALUES (3177, 'date', '2024-04-09');

INSERT INTO EP_g VALUES (3177, 'quantity', '2');

INSERT INTO EP_g VALUES (3177, 'review_score', '4');

INSERT INTO E_g VALUES (3178, 64, 500, 'bought');

INSERT INTO EP_g VALUES (3178, 'date', '2024-05-27');

INSERT INTO EP_g VALUES (3178, 'quantity', '3');

INSERT INTO EP_g VALUES (3178, 'review_score', '2');

INSERT INTO E_g VALUES (3179, 65, 447, 'bought');

INSERT INTO EP_g VALUES (3179, 'date', '2024-02-15');

INSERT INTO EP_g VALUES (3179, 'quantity', '1');

INSERT INTO EP_g VALUES (3179, 'review_score', '3');

INSERT INTO E_g VALUES (3180, 65, 432, 'bought');

INSERT INTO EP_g VALUES (3180, 'date', '2024-12-18');

INSERT INTO EP_g VALUES (3180, 'quantity', '1');

INSERT INTO EP_g VALUES (3180, 'review_score', '3');

INSERT INTO E_g VALUES (3181, 65, 485, 'bought');

INSERT INTO EP_g VALUES (3181, 'date', '2024-07-08');

INSERT INTO EP_g VALUES (3181, 'quantity', '2');

INSERT INTO EP_g VALUES (3181, 'review_score', '4');

INSERT INTO E_g VALUES (3182, 66, 415, 'bought');

INSERT INTO EP_g VALUES (3182, 'date', '2024-09-22');

INSERT INTO EP_g VALUES (3182, 'quantity', '3');

INSERT INTO EP_g VALUES (3182, 'review_score', '1');

INSERT INTO E_g VALUES (3183, 66, 488, 'bought');

INSERT INTO EP_g VALUES (3183, 'date', '2024-01-21');

INSERT INTO EP_g VALUES (3183, 'quantity', '3');

INSERT INTO EP_g VALUES (3183, 'review_score', '3');

INSERT INTO E_g VALUES (3184, 67, 487, 'bought');

INSERT INTO EP_g VALUES (3184, 'date', '2024-03-06');

INSERT INTO EP_g VALUES (3184, 'quantity', '2');

INSERT INTO EP_g VALUES (3184, 'review_score', '2');

INSERT INTO E_g VALUES (3185, 67, 486, 'bought');

INSERT INTO EP_g VALUES (3185, 'date', '2024-04-28');

INSERT INTO EP_g VALUES (3185, 'quantity', '1');

INSERT INTO EP_g VALUES (3185, 'review_score', '5');

INSERT INTO E_g VALUES (3186, 67, 427, 'bought');

INSERT INTO EP_g VALUES (3186, 'date', '2024-02-17');

INSERT INTO EP_g VALUES (3186, 'quantity', '1');

INSERT INTO EP_g VALUES (3186, 'review_score', '5');

INSERT INTO E_g VALUES (3187, 68, 430, 'bought');

INSERT INTO EP_g VALUES (3187, 'date', '2024-02-10');

INSERT INTO EP_g VALUES (3187, 'quantity', '3');

INSERT INTO EP_g VALUES (3187, 'review_score', '1');

INSERT INTO E_g VALUES (3188, 68, 445, 'bought');

INSERT INTO EP_g VALUES (3188, 'date', '2024-05-18');

INSERT INTO EP_g VALUES (3188, 'quantity', '3');

INSERT INTO EP_g VALUES (3188, 'review_score', '2');

INSERT INTO E_g VALUES (3189, 68, 419, 'bought');

INSERT INTO EP_g VALUES (3189, 'date', '2024-06-19');

INSERT INTO EP_g VALUES (3189, 'quantity', '2');

INSERT INTO EP_g VALUES (3189, 'review_score', '3');

INSERT INTO E_g VALUES (3190, 68, 421, 'bought');

INSERT INTO EP_g VALUES (3190, 'date', '2024-06-26');

INSERT INTO EP_g VALUES (3190, 'quantity', '1');

INSERT INTO EP_g VALUES (3190, 'review_score', '2');

INSERT INTO E_g VALUES (3191, 68, 458, 'bought');

INSERT INTO EP_g VALUES (3191, 'date', '2024-11-15');

INSERT INTO EP_g VALUES (3191, 'quantity', '3');

INSERT INTO EP_g VALUES (3191, 'review_score', '1');

INSERT INTO E_g VALUES (3192, 69, 406, 'bought');

INSERT INTO EP_g VALUES (3192, 'date', '2024-09-25');

INSERT INTO EP_g VALUES (3192, 'quantity', '3');

INSERT INTO EP_g VALUES (3192, 'review_score', '5');

INSERT INTO E_g VALUES (3193, 70, 488, 'bought');

INSERT INTO EP_g VALUES (3193, 'date', '2024-03-01');

INSERT INTO EP_g VALUES (3193, 'quantity', '1');

INSERT INTO EP_g VALUES (3193, 'review_score', '5');

INSERT INTO E_g VALUES (3194, 70, 483, 'bought');

INSERT INTO EP_g VALUES (3194, 'date', '2024-05-23');

INSERT INTO EP_g VALUES (3194, 'quantity', '2');

INSERT INTO EP_g VALUES (3194, 'review_score', '4');

INSERT INTO E_g VALUES (3195, 70, 405, 'bought');

INSERT INTO EP_g VALUES (3195, 'date', '2024-07-12');

INSERT INTO EP_g VALUES (3195, 'quantity', '1');

INSERT INTO EP_g VALUES (3195, 'review_score', '1');

INSERT INTO E_g VALUES (3196, 71, 440, 'bought');

INSERT INTO EP_g VALUES (3196, 'date', '2024-07-01');

INSERT INTO EP_g VALUES (3196, 'quantity', '3');

INSERT INTO EP_g VALUES (3196, 'review_score', '4');

INSERT INTO E_g VALUES (3197, 71, 448, 'bought');

INSERT INTO EP_g VALUES (3197, 'date', '2024-01-09');

INSERT INTO EP_g VALUES (3197, 'quantity', '3');

INSERT INTO EP_g VALUES (3197, 'review_score', '5');

INSERT INTO E_g VALUES (3198, 71, 418, 'bought');

INSERT INTO EP_g VALUES (3198, 'date', '2024-12-07');

INSERT INTO EP_g VALUES (3198, 'quantity', '3');

INSERT INTO EP_g VALUES (3198, 'review_score', '4');

INSERT INTO E_g VALUES (3199, 71, 431, 'bought');

INSERT INTO EP_g VALUES (3199, 'date', '2024-05-26');

INSERT INTO EP_g VALUES (3199, 'quantity', '2');

INSERT INTO EP_g VALUES (3199, 'review_score', '3');

INSERT INTO E_g VALUES (3200, 72, 480, 'bought');

INSERT INTO EP_g VALUES (3200, 'date', '2024-08-02');

INSERT INTO EP_g VALUES (3200, 'quantity', '1');

INSERT INTO EP_g VALUES (3200, 'review_score', '5');

INSERT INTO E_g VALUES (3201, 73, 483, 'bought');

INSERT INTO EP_g VALUES (3201, 'date', '2024-02-20');

INSERT INTO EP_g VALUES (3201, 'quantity', '1');

INSERT INTO EP_g VALUES (3201, 'review_score', '2');

INSERT INTO E_g VALUES (3202, 73, 452, 'bought');

INSERT INTO EP_g VALUES (3202, 'date', '2024-01-03');

INSERT INTO EP_g VALUES (3202, 'quantity', '3');

INSERT INTO EP_g VALUES (3202, 'review_score', '1');

INSERT INTO E_g VALUES (3203, 74, 470, 'bought');

INSERT INTO EP_g VALUES (3203, 'date', '2024-08-03');

INSERT INTO EP_g VALUES (3203, 'quantity', '3');

INSERT INTO EP_g VALUES (3203, 'review_score', '4');

INSERT INTO E_g VALUES (3204, 74, 498, 'bought');

INSERT INTO EP_g VALUES (3204, 'date', '2024-07-09');

INSERT INTO EP_g VALUES (3204, 'quantity', '3');

INSERT INTO EP_g VALUES (3204, 'review_score', '2');

INSERT INTO E_g VALUES (3205, 74, 435, 'bought');

INSERT INTO EP_g VALUES (3205, 'date', '2024-03-05');

INSERT INTO EP_g VALUES (3205, 'quantity', '1');

INSERT INTO EP_g VALUES (3205, 'review_score', '2');

INSERT INTO E_g VALUES (3206, 75, 481, 'bought');

INSERT INTO EP_g VALUES (3206, 'date', '2024-05-09');

INSERT INTO EP_g VALUES (3206, 'quantity', '2');

INSERT INTO EP_g VALUES (3206, 'review_score', '2');

INSERT INTO E_g VALUES (3207, 75, 487, 'bought');

INSERT INTO EP_g VALUES (3207, 'date', '2024-12-23');

INSERT INTO EP_g VALUES (3207, 'quantity', '2');

INSERT INTO EP_g VALUES (3207, 'review_score', '1');

INSERT INTO E_g VALUES (3208, 75, 464, 'bought');

INSERT INTO EP_g VALUES (3208, 'date', '2024-07-18');

INSERT INTO EP_g VALUES (3208, 'quantity', '1');

INSERT INTO EP_g VALUES (3208, 'review_score', '5');

INSERT INTO E_g VALUES (3209, 75, 496, 'bought');

INSERT INTO EP_g VALUES (3209, 'date', '2024-02-23');

INSERT INTO EP_g VALUES (3209, 'quantity', '1');

INSERT INTO EP_g VALUES (3209, 'review_score', '1');

INSERT INTO E_g VALUES (3210, 75, 452, 'bought');

INSERT INTO EP_g VALUES (3210, 'date', '2024-02-13');

INSERT INTO EP_g VALUES (3210, 'quantity', '2');

INSERT INTO EP_g VALUES (3210, 'review_score', '1');

INSERT INTO E_g VALUES (3211, 76, 463, 'bought');

INSERT INTO EP_g VALUES (3211, 'date', '2024-11-12');

INSERT INTO EP_g VALUES (3211, 'quantity', '3');

INSERT INTO EP_g VALUES (3211, 'review_score', '4');

INSERT INTO E_g VALUES (3212, 76, 485, 'bought');

INSERT INTO EP_g VALUES (3212, 'date', '2024-04-24');

INSERT INTO EP_g VALUES (3212, 'quantity', '3');

INSERT INTO EP_g VALUES (3212, 'review_score', '5');

INSERT INTO E_g VALUES (3213, 76, 442, 'bought');

INSERT INTO EP_g VALUES (3213, 'date', '2024-08-12');

INSERT INTO EP_g VALUES (3213, 'quantity', '2');

INSERT INTO EP_g VALUES (3213, 'review_score', '1');

INSERT INTO E_g VALUES (3214, 76, 461, 'bought');

INSERT INTO EP_g VALUES (3214, 'date', '2024-04-09');

INSERT INTO EP_g VALUES (3214, 'quantity', '2');

INSERT INTO EP_g VALUES (3214, 'review_score', '3');

INSERT INTO E_g VALUES (3215, 77, 474, 'bought');

INSERT INTO EP_g VALUES (3215, 'date', '2024-11-07');

INSERT INTO EP_g VALUES (3215, 'quantity', '3');

INSERT INTO EP_g VALUES (3215, 'review_score', '5');

INSERT INTO E_g VALUES (3216, 77, 423, 'bought');

INSERT INTO EP_g VALUES (3216, 'date', '2024-12-15');

INSERT INTO EP_g VALUES (3216, 'quantity', '2');

INSERT INTO EP_g VALUES (3216, 'review_score', '3');

INSERT INTO E_g VALUES (3217, 78, 479, 'bought');

INSERT INTO EP_g VALUES (3217, 'date', '2024-10-18');

INSERT INTO EP_g VALUES (3217, 'quantity', '3');

INSERT INTO EP_g VALUES (3217, 'review_score', '2');

INSERT INTO E_g VALUES (3218, 79, 459, 'bought');

INSERT INTO EP_g VALUES (3218, 'date', '2024-02-18');

INSERT INTO EP_g VALUES (3218, 'quantity', '1');

INSERT INTO EP_g VALUES (3218, 'review_score', '3');

INSERT INTO E_g VALUES (3219, 80, 448, 'bought');

INSERT INTO EP_g VALUES (3219, 'date', '2024-05-28');

INSERT INTO EP_g VALUES (3219, 'quantity', '3');

INSERT INTO EP_g VALUES (3219, 'review_score', '3');

INSERT INTO E_g VALUES (3220, 80, 466, 'bought');

INSERT INTO EP_g VALUES (3220, 'date', '2024-11-03');

INSERT INTO EP_g VALUES (3220, 'quantity', '2');

INSERT INTO EP_g VALUES (3220, 'review_score', '1');

INSERT INTO E_g VALUES (3221, 81, 453, 'bought');

INSERT INTO EP_g VALUES (3221, 'date', '2024-07-05');

INSERT INTO EP_g VALUES (3221, 'quantity', '3');

INSERT INTO EP_g VALUES (3221, 'review_score', '2');

INSERT INTO E_g VALUES (3222, 81, 420, 'bought');

INSERT INTO EP_g VALUES (3222, 'date', '2024-10-22');

INSERT INTO EP_g VALUES (3222, 'quantity', '2');

INSERT INTO EP_g VALUES (3222, 'review_score', '3');

INSERT INTO E_g VALUES (3223, 82, 428, 'bought');

INSERT INTO EP_g VALUES (3223, 'date', '2024-09-23');

INSERT INTO EP_g VALUES (3223, 'quantity', '1');

INSERT INTO EP_g VALUES (3223, 'review_score', '5');

INSERT INTO E_g VALUES (3224, 82, 434, 'bought');

INSERT INTO EP_g VALUES (3224, 'date', '2024-02-12');

INSERT INTO EP_g VALUES (3224, 'quantity', '3');

INSERT INTO EP_g VALUES (3224, 'review_score', '4');

INSERT INTO E_g VALUES (3225, 82, 415, 'bought');

INSERT INTO EP_g VALUES (3225, 'date', '2024-03-16');

INSERT INTO EP_g VALUES (3225, 'quantity', '3');

INSERT INTO EP_g VALUES (3225, 'review_score', '3');

INSERT INTO E_g VALUES (3226, 82, 453, 'bought');

INSERT INTO EP_g VALUES (3226, 'date', '2024-09-25');

INSERT INTO EP_g VALUES (3226, 'quantity', '3');

INSERT INTO EP_g VALUES (3226, 'review_score', '1');

INSERT INTO E_g VALUES (3227, 83, 416, 'bought');

INSERT INTO EP_g VALUES (3227, 'date', '2024-11-26');

INSERT INTO EP_g VALUES (3227, 'quantity', '1');

INSERT INTO EP_g VALUES (3227, 'review_score', '5');

INSERT INTO E_g VALUES (3228, 83, 415, 'bought');

INSERT INTO EP_g VALUES (3228, 'date', '2024-12-16');

INSERT INTO EP_g VALUES (3228, 'quantity', '3');

INSERT INTO EP_g VALUES (3228, 'review_score', '1');

INSERT INTO E_g VALUES (3229, 83, 428, 'bought');

INSERT INTO EP_g VALUES (3229, 'date', '2024-01-20');

INSERT INTO EP_g VALUES (3229, 'quantity', '2');

INSERT INTO EP_g VALUES (3229, 'review_score', '1');

INSERT INTO E_g VALUES (3230, 84, 422, 'bought');

INSERT INTO EP_g VALUES (3230, 'date', '2024-07-12');

INSERT INTO EP_g VALUES (3230, 'quantity', '1');

INSERT INTO EP_g VALUES (3230, 'review_score', '3');

INSERT INTO E_g VALUES (3231, 84, 432, 'bought');

INSERT INTO EP_g VALUES (3231, 'date', '2024-12-04');

INSERT INTO EP_g VALUES (3231, 'quantity', '3');

INSERT INTO EP_g VALUES (3231, 'review_score', '1');

INSERT INTO E_g VALUES (3232, 85, 498, 'bought');

INSERT INTO EP_g VALUES (3232, 'date', '2024-01-12');

INSERT INTO EP_g VALUES (3232, 'quantity', '2');

INSERT INTO EP_g VALUES (3232, 'review_score', '4');

INSERT INTO E_g VALUES (3233, 85, 461, 'bought');

INSERT INTO EP_g VALUES (3233, 'date', '2024-10-22');

INSERT INTO EP_g VALUES (3233, 'quantity', '3');

INSERT INTO EP_g VALUES (3233, 'review_score', '4');

INSERT INTO E_g VALUES (3234, 85, 424, 'bought');

INSERT INTO EP_g VALUES (3234, 'date', '2024-11-05');

INSERT INTO EP_g VALUES (3234, 'quantity', '2');

INSERT INTO EP_g VALUES (3234, 'review_score', '3');

INSERT INTO E_g VALUES (3235, 85, 454, 'bought');

INSERT INTO EP_g VALUES (3235, 'date', '2024-11-04');

INSERT INTO EP_g VALUES (3235, 'quantity', '1');

INSERT INTO EP_g VALUES (3235, 'review_score', '2');

INSERT INTO E_g VALUES (3236, 85, 460, 'bought');

INSERT INTO EP_g VALUES (3236, 'date', '2024-09-08');

INSERT INTO EP_g VALUES (3236, 'quantity', '1');

INSERT INTO EP_g VALUES (3236, 'review_score', '4');

INSERT INTO E_g VALUES (3237, 86, 418, 'bought');

INSERT INTO EP_g VALUES (3237, 'date', '2024-12-23');

INSERT INTO EP_g VALUES (3237, 'quantity', '1');

INSERT INTO EP_g VALUES (3237, 'review_score', '3');

INSERT INTO E_g VALUES (3238, 86, 481, 'bought');

INSERT INTO EP_g VALUES (3238, 'date', '2024-06-10');

INSERT INTO EP_g VALUES (3238, 'quantity', '1');

INSERT INTO EP_g VALUES (3238, 'review_score', '1');

INSERT INTO E_g VALUES (3239, 86, 469, 'bought');

INSERT INTO EP_g VALUES (3239, 'date', '2024-11-21');

INSERT INTO EP_g VALUES (3239, 'quantity', '2');

INSERT INTO EP_g VALUES (3239, 'review_score', '1');

INSERT INTO E_g VALUES (3240, 87, 423, 'bought');

INSERT INTO EP_g VALUES (3240, 'date', '2024-05-15');

INSERT INTO EP_g VALUES (3240, 'quantity', '2');

INSERT INTO EP_g VALUES (3240, 'review_score', '1');

INSERT INTO E_g VALUES (3241, 87, 431, 'bought');

INSERT INTO EP_g VALUES (3241, 'date', '2024-12-08');

INSERT INTO EP_g VALUES (3241, 'quantity', '3');

INSERT INTO EP_g VALUES (3241, 'review_score', '5');

INSERT INTO E_g VALUES (3242, 87, 491, 'bought');

INSERT INTO EP_g VALUES (3242, 'date', '2024-04-08');

INSERT INTO EP_g VALUES (3242, 'quantity', '3');

INSERT INTO EP_g VALUES (3242, 'review_score', '2');

INSERT INTO E_g VALUES (3243, 88, 438, 'bought');

INSERT INTO EP_g VALUES (3243, 'date', '2024-09-13');

INSERT INTO EP_g VALUES (3243, 'quantity', '1');

INSERT INTO EP_g VALUES (3243, 'review_score', '4');

INSERT INTO E_g VALUES (3244, 88, 488, 'bought');

INSERT INTO EP_g VALUES (3244, 'date', '2024-03-11');

INSERT INTO EP_g VALUES (3244, 'quantity', '3');

INSERT INTO EP_g VALUES (3244, 'review_score', '2');

INSERT INTO E_g VALUES (3245, 89, 418, 'bought');

INSERT INTO EP_g VALUES (3245, 'date', '2024-09-06');

INSERT INTO EP_g VALUES (3245, 'quantity', '3');

INSERT INTO EP_g VALUES (3245, 'review_score', '1');

INSERT INTO E_g VALUES (3246, 89, 448, 'bought');

INSERT INTO EP_g VALUES (3246, 'date', '2024-07-11');

INSERT INTO EP_g VALUES (3246, 'quantity', '2');

INSERT INTO EP_g VALUES (3246, 'review_score', '4');

INSERT INTO E_g VALUES (3247, 89, 454, 'bought');

INSERT INTO EP_g VALUES (3247, 'date', '2024-08-15');

INSERT INTO EP_g VALUES (3247, 'quantity', '3');

INSERT INTO EP_g VALUES (3247, 'review_score', '1');

INSERT INTO E_g VALUES (3248, 89, 442, 'bought');

INSERT INTO EP_g VALUES (3248, 'date', '2024-07-17');

INSERT INTO EP_g VALUES (3248, 'quantity', '3');

INSERT INTO EP_g VALUES (3248, 'review_score', '1');

INSERT INTO E_g VALUES (3249, 90, 471, 'bought');

INSERT INTO EP_g VALUES (3249, 'date', '2024-08-02');

INSERT INTO EP_g VALUES (3249, 'quantity', '2');

INSERT INTO EP_g VALUES (3249, 'review_score', '5');

INSERT INTO E_g VALUES (3250, 90, 478, 'bought');

INSERT INTO EP_g VALUES (3250, 'date', '2024-10-22');

INSERT INTO EP_g VALUES (3250, 'quantity', '2');

INSERT INTO EP_g VALUES (3250, 'review_score', '1');

INSERT INTO E_g VALUES (3251, 90, 469, 'bought');

INSERT INTO EP_g VALUES (3251, 'date', '2024-05-16');

INSERT INTO EP_g VALUES (3251, 'quantity', '3');

INSERT INTO EP_g VALUES (3251, 'review_score', '2');

INSERT INTO E_g VALUES (3252, 90, 491, 'bought');

INSERT INTO EP_g VALUES (3252, 'date', '2024-07-10');

INSERT INTO EP_g VALUES (3252, 'quantity', '1');

INSERT INTO EP_g VALUES (3252, 'review_score', '1');

INSERT INTO E_g VALUES (3253, 90, 438, 'bought');

INSERT INTO EP_g VALUES (3253, 'date', '2024-07-23');

INSERT INTO EP_g VALUES (3253, 'quantity', '3');

INSERT INTO EP_g VALUES (3253, 'review_score', '3');

INSERT INTO E_g VALUES (3254, 91, 487, 'bought');

INSERT INTO EP_g VALUES (3254, 'date', '2024-10-08');

INSERT INTO EP_g VALUES (3254, 'quantity', '1');

INSERT INTO EP_g VALUES (3254, 'review_score', '4');

INSERT INTO E_g VALUES (3255, 92, 487, 'bought');

INSERT INTO EP_g VALUES (3255, 'date', '2024-10-11');

INSERT INTO EP_g VALUES (3255, 'quantity', '2');

INSERT INTO EP_g VALUES (3255, 'review_score', '4');

INSERT INTO E_g VALUES (3256, 92, 461, 'bought');

INSERT INTO EP_g VALUES (3256, 'date', '2024-06-13');

INSERT INTO EP_g VALUES (3256, 'quantity', '2');

INSERT INTO EP_g VALUES (3256, 'review_score', '1');

INSERT INTO E_g VALUES (3257, 92, 473, 'bought');

INSERT INTO EP_g VALUES (3257, 'date', '2024-08-03');

INSERT INTO EP_g VALUES (3257, 'quantity', '2');

INSERT INTO EP_g VALUES (3257, 'review_score', '2');

INSERT INTO E_g VALUES (3258, 92, 435, 'bought');

INSERT INTO EP_g VALUES (3258, 'date', '2024-05-15');

INSERT INTO EP_g VALUES (3258, 'quantity', '3');

INSERT INTO EP_g VALUES (3258, 'review_score', '3');

INSERT INTO E_g VALUES (3259, 93, 486, 'bought');

INSERT INTO EP_g VALUES (3259, 'date', '2024-04-12');

INSERT INTO EP_g VALUES (3259, 'quantity', '1');

INSERT INTO EP_g VALUES (3259, 'review_score', '5');

INSERT INTO E_g VALUES (3260, 93, 451, 'bought');

INSERT INTO EP_g VALUES (3260, 'date', '2024-04-28');

INSERT INTO EP_g VALUES (3260, 'quantity', '2');

INSERT INTO EP_g VALUES (3260, 'review_score', '5');

INSERT INTO E_g VALUES (3261, 94, 411, 'bought');

INSERT INTO EP_g VALUES (3261, 'date', '2024-11-10');

INSERT INTO EP_g VALUES (3261, 'quantity', '1');

INSERT INTO EP_g VALUES (3261, 'review_score', '2');

INSERT INTO E_g VALUES (3262, 94, 402, 'bought');

INSERT INTO EP_g VALUES (3262, 'date', '2024-12-21');

INSERT INTO EP_g VALUES (3262, 'quantity', '3');

INSERT INTO EP_g VALUES (3262, 'review_score', '2');

INSERT INTO E_g VALUES (3263, 94, 411, 'bought');

INSERT INTO EP_g VALUES (3263, 'date', '2024-06-20');

INSERT INTO EP_g VALUES (3263, 'quantity', '1');

INSERT INTO EP_g VALUES (3263, 'review_score', '4');

INSERT INTO E_g VALUES (3264, 94, 401, 'bought');

INSERT INTO EP_g VALUES (3264, 'date', '2024-09-16');

INSERT INTO EP_g VALUES (3264, 'quantity', '3');

INSERT INTO EP_g VALUES (3264, 'review_score', '4');

INSERT INTO E_g VALUES (3265, 94, 429, 'bought');

INSERT INTO EP_g VALUES (3265, 'date', '2024-09-22');

INSERT INTO EP_g VALUES (3265, 'quantity', '1');

INSERT INTO EP_g VALUES (3265, 'review_score', '1');

INSERT INTO E_g VALUES (3266, 95, 452, 'bought');

INSERT INTO EP_g VALUES (3266, 'date', '2024-04-19');

INSERT INTO EP_g VALUES (3266, 'quantity', '2');

INSERT INTO EP_g VALUES (3266, 'review_score', '5');

INSERT INTO E_g VALUES (3267, 95, 448, 'bought');

INSERT INTO EP_g VALUES (3267, 'date', '2024-05-15');

INSERT INTO EP_g VALUES (3267, 'quantity', '1');

INSERT INTO EP_g VALUES (3267, 'review_score', '1');

INSERT INTO E_g VALUES (3268, 95, 413, 'bought');

INSERT INTO EP_g VALUES (3268, 'date', '2024-05-25');

INSERT INTO EP_g VALUES (3268, 'quantity', '1');

INSERT INTO EP_g VALUES (3268, 'review_score', '3');

INSERT INTO E_g VALUES (3269, 96, 474, 'bought');

INSERT INTO EP_g VALUES (3269, 'date', '2024-01-23');

INSERT INTO EP_g VALUES (3269, 'quantity', '1');

INSERT INTO EP_g VALUES (3269, 'review_score', '3');

INSERT INTO E_g VALUES (3270, 96, 412, 'bought');

INSERT INTO EP_g VALUES (3270, 'date', '2024-02-20');

INSERT INTO EP_g VALUES (3270, 'quantity', '1');

INSERT INTO EP_g VALUES (3270, 'review_score', '1');

INSERT INTO E_g VALUES (3271, 96, 446, 'bought');

INSERT INTO EP_g VALUES (3271, 'date', '2024-02-23');

INSERT INTO EP_g VALUES (3271, 'quantity', '3');

INSERT INTO EP_g VALUES (3271, 'review_score', '1');

INSERT INTO E_g VALUES (3272, 96, 423, 'bought');

INSERT INTO EP_g VALUES (3272, 'date', '2024-05-08');

INSERT INTO EP_g VALUES (3272, 'quantity', '3');

INSERT INTO EP_g VALUES (3272, 'review_score', '3');

INSERT INTO E_g VALUES (3273, 97, 473, 'bought');

INSERT INTO EP_g VALUES (3273, 'date', '2024-06-16');

INSERT INTO EP_g VALUES (3273, 'quantity', '2');

INSERT INTO EP_g VALUES (3273, 'review_score', '3');

INSERT INTO E_g VALUES (3274, 97, 445, 'bought');

INSERT INTO EP_g VALUES (3274, 'date', '2024-05-10');

INSERT INTO EP_g VALUES (3274, 'quantity', '1');

INSERT INTO EP_g VALUES (3274, 'review_score', '2');

INSERT INTO E_g VALUES (3275, 98, 488, 'bought');

INSERT INTO EP_g VALUES (3275, 'date', '2024-06-14');

INSERT INTO EP_g VALUES (3275, 'quantity', '1');

INSERT INTO EP_g VALUES (3275, 'review_score', '3');

INSERT INTO E_g VALUES (3276, 99, 426, 'bought');

INSERT INTO EP_g VALUES (3276, 'date', '2024-04-08');

INSERT INTO EP_g VALUES (3276, 'quantity', '2');

INSERT INTO EP_g VALUES (3276, 'review_score', '3');

INSERT INTO E_g VALUES (3277, 99, 454, 'bought');

INSERT INTO EP_g VALUES (3277, 'date', '2024-11-18');

INSERT INTO EP_g VALUES (3277, 'quantity', '1');

INSERT INTO EP_g VALUES (3277, 'review_score', '1');

INSERT INTO E_g VALUES (3278, 99, 487, 'bought');

INSERT INTO EP_g VALUES (3278, 'date', '2024-11-07');

INSERT INTO EP_g VALUES (3278, 'quantity', '1');

INSERT INTO EP_g VALUES (3278, 'review_score', '4');

INSERT INTO E_g VALUES (3279, 100, 494, 'bought');

INSERT INTO EP_g VALUES (3279, 'date', '2024-01-12');

INSERT INTO EP_g VALUES (3279, 'quantity', '1');

INSERT INTO EP_g VALUES (3279, 'review_score', '3');

INSERT INTO E_g VALUES (3280, 100, 452, 'bought');

INSERT INTO EP_g VALUES (3280, 'date', '2024-06-07');

INSERT INTO EP_g VALUES (3280, 'quantity', '3');

INSERT INTO EP_g VALUES (3280, 'review_score', '1');

INSERT INTO E_g VALUES (3281, 100, 453, 'bought');

INSERT INTO EP_g VALUES (3281, 'date', '2024-06-01');

INSERT INTO EP_g VALUES (3281, 'quantity', '3');

INSERT INTO EP_g VALUES (3281, 'review_score', '5');

INSERT INTO E_g VALUES (3282, 100, 495, 'bought');

INSERT INTO EP_g VALUES (3282, 'date', '2024-10-09');

INSERT INTO EP_g VALUES (3282, 'quantity', '3');

INSERT INTO EP_g VALUES (3282, 'review_score', '1');

INSERT INTO E_g VALUES (3283, 101, 470, 'bought');

INSERT INTO EP_g VALUES (3283, 'date', '2024-08-11');

INSERT INTO EP_g VALUES (3283, 'quantity', '1');

INSERT INTO EP_g VALUES (3283, 'review_score', '5');

INSERT INTO E_g VALUES (3284, 101, 450, 'bought');

INSERT INTO EP_g VALUES (3284, 'date', '2024-05-04');

INSERT INTO EP_g VALUES (3284, 'quantity', '3');

INSERT INTO EP_g VALUES (3284, 'review_score', '5');

INSERT INTO E_g VALUES (3285, 101, 474, 'bought');

INSERT INTO EP_g VALUES (3285, 'date', '2024-10-09');

INSERT INTO EP_g VALUES (3285, 'quantity', '2');

INSERT INTO EP_g VALUES (3285, 'review_score', '5');

INSERT INTO E_g VALUES (3286, 102, 476, 'bought');

INSERT INTO EP_g VALUES (3286, 'date', '2024-07-16');

INSERT INTO EP_g VALUES (3286, 'quantity', '3');

INSERT INTO EP_g VALUES (3286, 'review_score', '4');

INSERT INTO E_g VALUES (3287, 102, 403, 'bought');

INSERT INTO EP_g VALUES (3287, 'date', '2024-11-13');

INSERT INTO EP_g VALUES (3287, 'quantity', '2');

INSERT INTO EP_g VALUES (3287, 'review_score', '2');

INSERT INTO E_g VALUES (3288, 102, 491, 'bought');

INSERT INTO EP_g VALUES (3288, 'date', '2024-11-04');

INSERT INTO EP_g VALUES (3288, 'quantity', '2');

INSERT INTO EP_g VALUES (3288, 'review_score', '3');

INSERT INTO E_g VALUES (3289, 102, 432, 'bought');

INSERT INTO EP_g VALUES (3289, 'date', '2024-07-09');

INSERT INTO EP_g VALUES (3289, 'quantity', '2');

INSERT INTO EP_g VALUES (3289, 'review_score', '3');

INSERT INTO E_g VALUES (3290, 102, 419, 'bought');

INSERT INTO EP_g VALUES (3290, 'date', '2024-01-16');

INSERT INTO EP_g VALUES (3290, 'quantity', '1');

INSERT INTO EP_g VALUES (3290, 'review_score', '1');

INSERT INTO E_g VALUES (3291, 103, 404, 'bought');

INSERT INTO EP_g VALUES (3291, 'date', '2024-05-11');

INSERT INTO EP_g VALUES (3291, 'quantity', '2');

INSERT INTO EP_g VALUES (3291, 'review_score', '3');

INSERT INTO E_g VALUES (3292, 104, 461, 'bought');

INSERT INTO EP_g VALUES (3292, 'date', '2024-06-24');

INSERT INTO EP_g VALUES (3292, 'quantity', '2');

INSERT INTO EP_g VALUES (3292, 'review_score', '1');

INSERT INTO E_g VALUES (3293, 104, 498, 'bought');

INSERT INTO EP_g VALUES (3293, 'date', '2024-06-24');

INSERT INTO EP_g VALUES (3293, 'quantity', '2');

INSERT INTO EP_g VALUES (3293, 'review_score', '2');

INSERT INTO E_g VALUES (3294, 104, 438, 'bought');

INSERT INTO EP_g VALUES (3294, 'date', '2024-12-11');

INSERT INTO EP_g VALUES (3294, 'quantity', '2');

INSERT INTO EP_g VALUES (3294, 'review_score', '4');

INSERT INTO E_g VALUES (3295, 104, 446, 'bought');

INSERT INTO EP_g VALUES (3295, 'date', '2024-02-05');

INSERT INTO EP_g VALUES (3295, 'quantity', '2');

INSERT INTO EP_g VALUES (3295, 'review_score', '4');

INSERT INTO E_g VALUES (3296, 105, 466, 'bought');

INSERT INTO EP_g VALUES (3296, 'date', '2024-10-11');

INSERT INTO EP_g VALUES (3296, 'quantity', '1');

INSERT INTO EP_g VALUES (3296, 'review_score', '4');

INSERT INTO E_g VALUES (3297, 105, 481, 'bought');

INSERT INTO EP_g VALUES (3297, 'date', '2024-01-28');

INSERT INTO EP_g VALUES (3297, 'quantity', '1');

INSERT INTO EP_g VALUES (3297, 'review_score', '3');

INSERT INTO E_g VALUES (3298, 106, 422, 'bought');

INSERT INTO EP_g VALUES (3298, 'date', '2024-06-25');

INSERT INTO EP_g VALUES (3298, 'quantity', '1');

INSERT INTO EP_g VALUES (3298, 'review_score', '1');

INSERT INTO E_g VALUES (3299, 106, 455, 'bought');

INSERT INTO EP_g VALUES (3299, 'date', '2024-05-05');

INSERT INTO EP_g VALUES (3299, 'quantity', '3');

INSERT INTO EP_g VALUES (3299, 'review_score', '5');

INSERT INTO E_g VALUES (3300, 106, 444, 'bought');

INSERT INTO EP_g VALUES (3300, 'date', '2024-03-13');

INSERT INTO EP_g VALUES (3300, 'quantity', '3');

INSERT INTO EP_g VALUES (3300, 'review_score', '4');

INSERT INTO E_g VALUES (3301, 106, 465, 'bought');

INSERT INTO EP_g VALUES (3301, 'date', '2024-06-26');

INSERT INTO EP_g VALUES (3301, 'quantity', '2');

INSERT INTO EP_g VALUES (3301, 'review_score', '3');

INSERT INTO E_g VALUES (3302, 107, 485, 'bought');

INSERT INTO EP_g VALUES (3302, 'date', '2024-03-15');

INSERT INTO EP_g VALUES (3302, 'quantity', '2');

INSERT INTO EP_g VALUES (3302, 'review_score', '5');

INSERT INTO E_g VALUES (3303, 107, 446, 'bought');

INSERT INTO EP_g VALUES (3303, 'date', '2024-05-16');

INSERT INTO EP_g VALUES (3303, 'quantity', '3');

INSERT INTO EP_g VALUES (3303, 'review_score', '1');

INSERT INTO E_g VALUES (3304, 107, 447, 'bought');

INSERT INTO EP_g VALUES (3304, 'date', '2024-10-06');

INSERT INTO EP_g VALUES (3304, 'quantity', '2');

INSERT INTO EP_g VALUES (3304, 'review_score', '5');

INSERT INTO E_g VALUES (3305, 108, 489, 'bought');

INSERT INTO EP_g VALUES (3305, 'date', '2024-05-22');

INSERT INTO EP_g VALUES (3305, 'quantity', '1');

INSERT INTO EP_g VALUES (3305, 'review_score', '5');

INSERT INTO E_g VALUES (3306, 108, 429, 'bought');

INSERT INTO EP_g VALUES (3306, 'date', '2024-07-23');

INSERT INTO EP_g VALUES (3306, 'quantity', '2');

INSERT INTO EP_g VALUES (3306, 'review_score', '2');

INSERT INTO E_g VALUES (3307, 108, 472, 'bought');

INSERT INTO EP_g VALUES (3307, 'date', '2024-05-17');

INSERT INTO EP_g VALUES (3307, 'quantity', '3');

INSERT INTO EP_g VALUES (3307, 'review_score', '5');

INSERT INTO E_g VALUES (3308, 108, 419, 'bought');

INSERT INTO EP_g VALUES (3308, 'date', '2024-12-25');

INSERT INTO EP_g VALUES (3308, 'quantity', '3');

INSERT INTO EP_g VALUES (3308, 'review_score', '4');

INSERT INTO E_g VALUES (3309, 108, 466, 'bought');

INSERT INTO EP_g VALUES (3309, 'date', '2024-05-02');

INSERT INTO EP_g VALUES (3309, 'quantity', '3');

INSERT INTO EP_g VALUES (3309, 'review_score', '4');

INSERT INTO E_g VALUES (3310, 109, 469, 'bought');

INSERT INTO EP_g VALUES (3310, 'date', '2024-06-01');

INSERT INTO EP_g VALUES (3310, 'quantity', '1');

INSERT INTO EP_g VALUES (3310, 'review_score', '1');

INSERT INTO E_g VALUES (3311, 109, 412, 'bought');

INSERT INTO EP_g VALUES (3311, 'date', '2024-09-03');

INSERT INTO EP_g VALUES (3311, 'quantity', '3');

INSERT INTO EP_g VALUES (3311, 'review_score', '1');

INSERT INTO E_g VALUES (3312, 109, 487, 'bought');

INSERT INTO EP_g VALUES (3312, 'date', '2024-10-14');

INSERT INTO EP_g VALUES (3312, 'quantity', '1');

INSERT INTO EP_g VALUES (3312, 'review_score', '1');

INSERT INTO E_g VALUES (3313, 109, 477, 'bought');

INSERT INTO EP_g VALUES (3313, 'date', '2024-09-17');

INSERT INTO EP_g VALUES (3313, 'quantity', '2');

INSERT INTO EP_g VALUES (3313, 'review_score', '3');

INSERT INTO E_g VALUES (3314, 110, 486, 'bought');

INSERT INTO EP_g VALUES (3314, 'date', '2024-10-04');

INSERT INTO EP_g VALUES (3314, 'quantity', '2');

INSERT INTO EP_g VALUES (3314, 'review_score', '5');

INSERT INTO E_g VALUES (3315, 110, 404, 'bought');

INSERT INTO EP_g VALUES (3315, 'date', '2024-04-02');

INSERT INTO EP_g VALUES (3315, 'quantity', '1');

INSERT INTO EP_g VALUES (3315, 'review_score', '2');

INSERT INTO E_g VALUES (3316, 110, 459, 'bought');

INSERT INTO EP_g VALUES (3316, 'date', '2024-02-07');

INSERT INTO EP_g VALUES (3316, 'quantity', '1');

INSERT INTO EP_g VALUES (3316, 'review_score', '5');

INSERT INTO E_g VALUES (3317, 110, 443, 'bought');

INSERT INTO EP_g VALUES (3317, 'date', '2024-12-10');

INSERT INTO EP_g VALUES (3317, 'quantity', '3');

INSERT INTO EP_g VALUES (3317, 'review_score', '5');

INSERT INTO E_g VALUES (3318, 110, 415, 'bought');

INSERT INTO EP_g VALUES (3318, 'date', '2024-11-18');

INSERT INTO EP_g VALUES (3318, 'quantity', '3');

INSERT INTO EP_g VALUES (3318, 'review_score', '2');

INSERT INTO E_g VALUES (3319, 111, 401, 'bought');

INSERT INTO EP_g VALUES (3319, 'date', '2024-11-14');

INSERT INTO EP_g VALUES (3319, 'quantity', '2');

INSERT INTO EP_g VALUES (3319, 'review_score', '3');

INSERT INTO E_g VALUES (3320, 111, 430, 'bought');

INSERT INTO EP_g VALUES (3320, 'date', '2024-06-16');

INSERT INTO EP_g VALUES (3320, 'quantity', '3');

INSERT INTO EP_g VALUES (3320, 'review_score', '1');

INSERT INTO E_g VALUES (3321, 112, 455, 'bought');

INSERT INTO EP_g VALUES (3321, 'date', '2024-10-03');

INSERT INTO EP_g VALUES (3321, 'quantity', '3');

INSERT INTO EP_g VALUES (3321, 'review_score', '4');

INSERT INTO E_g VALUES (3322, 112, 471, 'bought');

INSERT INTO EP_g VALUES (3322, 'date', '2024-08-21');

INSERT INTO EP_g VALUES (3322, 'quantity', '3');

INSERT INTO EP_g VALUES (3322, 'review_score', '3');

INSERT INTO E_g VALUES (3323, 112, 467, 'bought');

INSERT INTO EP_g VALUES (3323, 'date', '2024-06-23');

INSERT INTO EP_g VALUES (3323, 'quantity', '2');

INSERT INTO EP_g VALUES (3323, 'review_score', '3');

INSERT INTO E_g VALUES (3324, 112, 401, 'bought');

INSERT INTO EP_g VALUES (3324, 'date', '2024-11-05');

INSERT INTO EP_g VALUES (3324, 'quantity', '1');

INSERT INTO EP_g VALUES (3324, 'review_score', '1');

INSERT INTO E_g VALUES (3325, 112, 479, 'bought');

INSERT INTO EP_g VALUES (3325, 'date', '2024-04-20');

INSERT INTO EP_g VALUES (3325, 'quantity', '1');

INSERT INTO EP_g VALUES (3325, 'review_score', '2');

INSERT INTO E_g VALUES (3326, 113, 412, 'bought');

INSERT INTO EP_g VALUES (3326, 'date', '2024-03-06');

INSERT INTO EP_g VALUES (3326, 'quantity', '2');

INSERT INTO EP_g VALUES (3326, 'review_score', '1');

INSERT INTO E_g VALUES (3327, 113, 496, 'bought');

INSERT INTO EP_g VALUES (3327, 'date', '2024-11-27');

INSERT INTO EP_g VALUES (3327, 'quantity', '1');

INSERT INTO EP_g VALUES (3327, 'review_score', '2');

INSERT INTO E_g VALUES (3328, 113, 479, 'bought');

INSERT INTO EP_g VALUES (3328, 'date', '2024-12-13');

INSERT INTO EP_g VALUES (3328, 'quantity', '3');

INSERT INTO EP_g VALUES (3328, 'review_score', '1');

INSERT INTO E_g VALUES (3329, 113, 465, 'bought');

INSERT INTO EP_g VALUES (3329, 'date', '2024-07-10');

INSERT INTO EP_g VALUES (3329, 'quantity', '3');

INSERT INTO EP_g VALUES (3329, 'review_score', '4');

INSERT INTO E_g VALUES (3330, 113, 461, 'bought');

INSERT INTO EP_g VALUES (3330, 'date', '2024-02-11');

INSERT INTO EP_g VALUES (3330, 'quantity', '1');

INSERT INTO EP_g VALUES (3330, 'review_score', '5');

INSERT INTO E_g VALUES (3331, 114, 498, 'bought');

INSERT INTO EP_g VALUES (3331, 'date', '2024-09-06');

INSERT INTO EP_g VALUES (3331, 'quantity', '2');

INSERT INTO EP_g VALUES (3331, 'review_score', '1');

INSERT INTO E_g VALUES (3332, 115, 463, 'bought');

INSERT INTO EP_g VALUES (3332, 'date', '2024-10-09');

INSERT INTO EP_g VALUES (3332, 'quantity', '2');

INSERT INTO EP_g VALUES (3332, 'review_score', '2');

INSERT INTO E_g VALUES (3333, 115, 414, 'bought');

INSERT INTO EP_g VALUES (3333, 'date', '2024-04-28');

INSERT INTO EP_g VALUES (3333, 'quantity', '3');

INSERT INTO EP_g VALUES (3333, 'review_score', '2');

INSERT INTO E_g VALUES (3334, 115, 450, 'bought');

INSERT INTO EP_g VALUES (3334, 'date', '2024-07-01');

INSERT INTO EP_g VALUES (3334, 'quantity', '2');

INSERT INTO EP_g VALUES (3334, 'review_score', '1');

INSERT INTO E_g VALUES (3335, 115, 413, 'bought');

INSERT INTO EP_g VALUES (3335, 'date', '2024-04-18');

INSERT INTO EP_g VALUES (3335, 'quantity', '3');

INSERT INTO EP_g VALUES (3335, 'review_score', '2');

INSERT INTO E_g VALUES (3336, 116, 412, 'bought');

INSERT INTO EP_g VALUES (3336, 'date', '2024-03-23');

INSERT INTO EP_g VALUES (3336, 'quantity', '2');

INSERT INTO EP_g VALUES (3336, 'review_score', '2');

INSERT INTO E_g VALUES (3337, 116, 411, 'bought');

INSERT INTO EP_g VALUES (3337, 'date', '2024-06-17');

INSERT INTO EP_g VALUES (3337, 'quantity', '2');

INSERT INTO EP_g VALUES (3337, 'review_score', '3');

INSERT INTO E_g VALUES (3338, 116, 458, 'bought');

INSERT INTO EP_g VALUES (3338, 'date', '2024-10-10');

INSERT INTO EP_g VALUES (3338, 'quantity', '2');

INSERT INTO EP_g VALUES (3338, 'review_score', '2');

INSERT INTO E_g VALUES (3339, 116, 401, 'bought');

INSERT INTO EP_g VALUES (3339, 'date', '2024-08-23');

INSERT INTO EP_g VALUES (3339, 'quantity', '2');

INSERT INTO EP_g VALUES (3339, 'review_score', '3');

INSERT INTO E_g VALUES (3340, 117, 427, 'bought');

INSERT INTO EP_g VALUES (3340, 'date', '2024-03-01');

INSERT INTO EP_g VALUES (3340, 'quantity', '3');

INSERT INTO EP_g VALUES (3340, 'review_score', '4');

INSERT INTO E_g VALUES (3341, 118, 498, 'bought');

INSERT INTO EP_g VALUES (3341, 'date', '2024-10-04');

INSERT INTO EP_g VALUES (3341, 'quantity', '2');

INSERT INTO EP_g VALUES (3341, 'review_score', '4');

INSERT INTO E_g VALUES (3342, 118, 443, 'bought');

INSERT INTO EP_g VALUES (3342, 'date', '2024-02-27');

INSERT INTO EP_g VALUES (3342, 'quantity', '2');

INSERT INTO EP_g VALUES (3342, 'review_score', '2');

INSERT INTO E_g VALUES (3343, 119, 408, 'bought');

INSERT INTO EP_g VALUES (3343, 'date', '2024-02-10');

INSERT INTO EP_g VALUES (3343, 'quantity', '1');

INSERT INTO EP_g VALUES (3343, 'review_score', '4');

INSERT INTO E_g VALUES (3344, 119, 474, 'bought');

INSERT INTO EP_g VALUES (3344, 'date', '2024-04-01');

INSERT INTO EP_g VALUES (3344, 'quantity', '3');

INSERT INTO EP_g VALUES (3344, 'review_score', '4');

INSERT INTO E_g VALUES (3345, 119, 405, 'bought');

INSERT INTO EP_g VALUES (3345, 'date', '2024-07-11');

INSERT INTO EP_g VALUES (3345, 'quantity', '1');

INSERT INTO EP_g VALUES (3345, 'review_score', '4');

INSERT INTO E_g VALUES (3346, 120, 429, 'bought');

INSERT INTO EP_g VALUES (3346, 'date', '2024-07-05');

INSERT INTO EP_g VALUES (3346, 'quantity', '3');

INSERT INTO EP_g VALUES (3346, 'review_score', '4');

INSERT INTO E_g VALUES (3347, 120, 413, 'bought');

INSERT INTO EP_g VALUES (3347, 'date', '2024-03-01');

INSERT INTO EP_g VALUES (3347, 'quantity', '1');

INSERT INTO EP_g VALUES (3347, 'review_score', '5');

INSERT INTO E_g VALUES (3348, 120, 479, 'bought');

INSERT INTO EP_g VALUES (3348, 'date', '2024-02-27');

INSERT INTO EP_g VALUES (3348, 'quantity', '1');

INSERT INTO EP_g VALUES (3348, 'review_score', '3');

INSERT INTO E_g VALUES (3349, 120, 456, 'bought');

INSERT INTO EP_g VALUES (3349, 'date', '2024-09-15');

INSERT INTO EP_g VALUES (3349, 'quantity', '2');

INSERT INTO EP_g VALUES (3349, 'review_score', '5');

INSERT INTO E_g VALUES (3350, 120, 486, 'bought');

INSERT INTO EP_g VALUES (3350, 'date', '2024-02-28');

INSERT INTO EP_g VALUES (3350, 'quantity', '3');

INSERT INTO EP_g VALUES (3350, 'review_score', '1');

INSERT INTO E_g VALUES (3351, 121, 455, 'bought');

INSERT INTO EP_g VALUES (3351, 'date', '2024-04-19');

INSERT INTO EP_g VALUES (3351, 'quantity', '1');

INSERT INTO EP_g VALUES (3351, 'review_score', '3');

INSERT INTO E_g VALUES (3352, 121, 454, 'bought');

INSERT INTO EP_g VALUES (3352, 'date', '2024-08-23');

INSERT INTO EP_g VALUES (3352, 'quantity', '3');

INSERT INTO EP_g VALUES (3352, 'review_score', '2');

INSERT INTO E_g VALUES (3353, 122, 480, 'bought');

INSERT INTO EP_g VALUES (3353, 'date', '2024-04-04');

INSERT INTO EP_g VALUES (3353, 'quantity', '2');

INSERT INTO EP_g VALUES (3353, 'review_score', '5');

INSERT INTO E_g VALUES (3354, 122, 496, 'bought');

INSERT INTO EP_g VALUES (3354, 'date', '2024-05-12');

INSERT INTO EP_g VALUES (3354, 'quantity', '2');

INSERT INTO EP_g VALUES (3354, 'review_score', '2');

INSERT INTO E_g VALUES (3355, 122, 426, 'bought');

INSERT INTO EP_g VALUES (3355, 'date', '2024-07-23');

INSERT INTO EP_g VALUES (3355, 'quantity', '2');

INSERT INTO EP_g VALUES (3355, 'review_score', '1');

INSERT INTO E_g VALUES (3356, 122, 408, 'bought');

INSERT INTO EP_g VALUES (3356, 'date', '2024-07-15');

INSERT INTO EP_g VALUES (3356, 'quantity', '2');

INSERT INTO EP_g VALUES (3356, 'review_score', '4');

INSERT INTO E_g VALUES (3357, 122, 482, 'bought');

INSERT INTO EP_g VALUES (3357, 'date', '2024-07-11');

INSERT INTO EP_g VALUES (3357, 'quantity', '1');

INSERT INTO EP_g VALUES (3357, 'review_score', '3');

INSERT INTO E_g VALUES (3358, 123, 445, 'bought');

INSERT INTO EP_g VALUES (3358, 'date', '2024-04-22');

INSERT INTO EP_g VALUES (3358, 'quantity', '3');

INSERT INTO EP_g VALUES (3358, 'review_score', '3');

INSERT INTO E_g VALUES (3359, 124, 443, 'bought');

INSERT INTO EP_g VALUES (3359, 'date', '2024-04-22');

INSERT INTO EP_g VALUES (3359, 'quantity', '1');

INSERT INTO EP_g VALUES (3359, 'review_score', '1');

INSERT INTO E_g VALUES (3360, 124, 476, 'bought');

INSERT INTO EP_g VALUES (3360, 'date', '2024-11-20');

INSERT INTO EP_g VALUES (3360, 'quantity', '2');

INSERT INTO EP_g VALUES (3360, 'review_score', '3');

INSERT INTO E_g VALUES (3361, 125, 461, 'bought');

INSERT INTO EP_g VALUES (3361, 'date', '2024-05-04');

INSERT INTO EP_g VALUES (3361, 'quantity', '2');

INSERT INTO EP_g VALUES (3361, 'review_score', '2');

INSERT INTO E_g VALUES (3362, 125, 442, 'bought');

INSERT INTO EP_g VALUES (3362, 'date', '2024-07-22');

INSERT INTO EP_g VALUES (3362, 'quantity', '1');

INSERT INTO EP_g VALUES (3362, 'review_score', '4');

INSERT INTO E_g VALUES (3363, 125, 473, 'bought');

INSERT INTO EP_g VALUES (3363, 'date', '2024-07-02');

INSERT INTO EP_g VALUES (3363, 'quantity', '1');

INSERT INTO EP_g VALUES (3363, 'review_score', '2');

INSERT INTO E_g VALUES (3364, 126, 471, 'bought');

INSERT INTO EP_g VALUES (3364, 'date', '2024-02-25');

INSERT INTO EP_g VALUES (3364, 'quantity', '1');

INSERT INTO EP_g VALUES (3364, 'review_score', '5');

INSERT INTO E_g VALUES (3365, 126, 457, 'bought');

INSERT INTO EP_g VALUES (3365, 'date', '2024-05-02');

INSERT INTO EP_g VALUES (3365, 'quantity', '1');

INSERT INTO EP_g VALUES (3365, 'review_score', '2');

INSERT INTO E_g VALUES (3366, 126, 408, 'bought');

INSERT INTO EP_g VALUES (3366, 'date', '2024-11-23');

INSERT INTO EP_g VALUES (3366, 'quantity', '1');

INSERT INTO EP_g VALUES (3366, 'review_score', '2');

INSERT INTO E_g VALUES (3367, 127, 482, 'bought');

INSERT INTO EP_g VALUES (3367, 'date', '2024-05-14');

INSERT INTO EP_g VALUES (3367, 'quantity', '1');

INSERT INTO EP_g VALUES (3367, 'review_score', '2');

INSERT INTO E_g VALUES (3368, 128, 475, 'bought');

INSERT INTO EP_g VALUES (3368, 'date', '2024-05-05');

INSERT INTO EP_g VALUES (3368, 'quantity', '1');

INSERT INTO EP_g VALUES (3368, 'review_score', '1');

INSERT INTO E_g VALUES (3369, 128, 485, 'bought');

INSERT INTO EP_g VALUES (3369, 'date', '2024-06-02');

INSERT INTO EP_g VALUES (3369, 'quantity', '2');

INSERT INTO EP_g VALUES (3369, 'review_score', '5');

INSERT INTO E_g VALUES (3370, 128, 489, 'bought');

INSERT INTO EP_g VALUES (3370, 'date', '2024-05-08');

INSERT INTO EP_g VALUES (3370, 'quantity', '2');

INSERT INTO EP_g VALUES (3370, 'review_score', '2');

INSERT INTO E_g VALUES (3371, 128, 425, 'bought');

INSERT INTO EP_g VALUES (3371, 'date', '2024-08-06');

INSERT INTO EP_g VALUES (3371, 'quantity', '2');

INSERT INTO EP_g VALUES (3371, 'review_score', '4');

INSERT INTO E_g VALUES (3372, 129, 473, 'bought');

INSERT INTO EP_g VALUES (3372, 'date', '2024-04-02');

INSERT INTO EP_g VALUES (3372, 'quantity', '1');

INSERT INTO EP_g VALUES (3372, 'review_score', '2');

INSERT INTO E_g VALUES (3373, 129, 499, 'bought');

INSERT INTO EP_g VALUES (3373, 'date', '2024-11-03');

INSERT INTO EP_g VALUES (3373, 'quantity', '2');

INSERT INTO EP_g VALUES (3373, 'review_score', '2');

INSERT INTO E_g VALUES (3374, 129, 467, 'bought');

INSERT INTO EP_g VALUES (3374, 'date', '2024-02-14');

INSERT INTO EP_g VALUES (3374, 'quantity', '1');

INSERT INTO EP_g VALUES (3374, 'review_score', '5');

INSERT INTO E_g VALUES (3375, 129, 498, 'bought');

INSERT INTO EP_g VALUES (3375, 'date', '2024-01-03');

INSERT INTO EP_g VALUES (3375, 'quantity', '1');

INSERT INTO EP_g VALUES (3375, 'review_score', '1');

INSERT INTO E_g VALUES (3376, 130, 492, 'bought');

INSERT INTO EP_g VALUES (3376, 'date', '2024-06-18');

INSERT INTO EP_g VALUES (3376, 'quantity', '2');

INSERT INTO EP_g VALUES (3376, 'review_score', '2');

INSERT INTO E_g VALUES (3377, 130, 495, 'bought');

INSERT INTO EP_g VALUES (3377, 'date', '2024-04-28');

INSERT INTO EP_g VALUES (3377, 'quantity', '1');

INSERT INTO EP_g VALUES (3377, 'review_score', '4');

INSERT INTO E_g VALUES (3378, 130, 451, 'bought');

INSERT INTO EP_g VALUES (3378, 'date', '2024-06-09');

INSERT INTO EP_g VALUES (3378, 'quantity', '2');

INSERT INTO EP_g VALUES (3378, 'review_score', '1');

INSERT INTO E_g VALUES (3379, 130, 442, 'bought');

INSERT INTO EP_g VALUES (3379, 'date', '2024-08-13');

INSERT INTO EP_g VALUES (3379, 'quantity', '3');

INSERT INTO EP_g VALUES (3379, 'review_score', '5');

INSERT INTO E_g VALUES (3380, 130, 463, 'bought');

INSERT INTO EP_g VALUES (3380, 'date', '2024-03-10');

INSERT INTO EP_g VALUES (3380, 'quantity', '1');

INSERT INTO EP_g VALUES (3380, 'review_score', '5');

INSERT INTO E_g VALUES (3381, 131, 467, 'bought');

INSERT INTO EP_g VALUES (3381, 'date', '2024-05-18');

INSERT INTO EP_g VALUES (3381, 'quantity', '3');

INSERT INTO EP_g VALUES (3381, 'review_score', '4');

INSERT INTO E_g VALUES (3382, 131, 436, 'bought');

INSERT INTO EP_g VALUES (3382, 'date', '2024-11-13');

INSERT INTO EP_g VALUES (3382, 'quantity', '1');

INSERT INTO EP_g VALUES (3382, 'review_score', '2');

INSERT INTO E_g VALUES (3383, 131, 449, 'bought');

INSERT INTO EP_g VALUES (3383, 'date', '2024-10-02');

INSERT INTO EP_g VALUES (3383, 'quantity', '3');

INSERT INTO EP_g VALUES (3383, 'review_score', '4');

INSERT INTO E_g VALUES (3384, 132, 418, 'bought');

INSERT INTO EP_g VALUES (3384, 'date', '2024-02-11');

INSERT INTO EP_g VALUES (3384, 'quantity', '3');

INSERT INTO EP_g VALUES (3384, 'review_score', '2');

INSERT INTO E_g VALUES (3385, 132, 478, 'bought');

INSERT INTO EP_g VALUES (3385, 'date', '2024-04-14');

INSERT INTO EP_g VALUES (3385, 'quantity', '2');

INSERT INTO EP_g VALUES (3385, 'review_score', '1');

INSERT INTO E_g VALUES (3386, 132, 484, 'bought');

INSERT INTO EP_g VALUES (3386, 'date', '2024-02-25');

INSERT INTO EP_g VALUES (3386, 'quantity', '3');

INSERT INTO EP_g VALUES (3386, 'review_score', '3');

INSERT INTO E_g VALUES (3387, 133, 442, 'bought');

INSERT INTO EP_g VALUES (3387, 'date', '2024-07-10');

INSERT INTO EP_g VALUES (3387, 'quantity', '2');

INSERT INTO EP_g VALUES (3387, 'review_score', '4');

INSERT INTO E_g VALUES (3388, 134, 433, 'bought');

INSERT INTO EP_g VALUES (3388, 'date', '2024-04-02');

INSERT INTO EP_g VALUES (3388, 'quantity', '1');

INSERT INTO EP_g VALUES (3388, 'review_score', '4');

INSERT INTO E_g VALUES (3389, 134, 464, 'bought');

INSERT INTO EP_g VALUES (3389, 'date', '2024-06-27');

INSERT INTO EP_g VALUES (3389, 'quantity', '3');

INSERT INTO EP_g VALUES (3389, 'review_score', '2');

INSERT INTO E_g VALUES (3390, 134, 440, 'bought');

INSERT INTO EP_g VALUES (3390, 'date', '2024-02-08');

INSERT INTO EP_g VALUES (3390, 'quantity', '1');

INSERT INTO EP_g VALUES (3390, 'review_score', '1');

INSERT INTO E_g VALUES (3391, 134, 450, 'bought');

INSERT INTO EP_g VALUES (3391, 'date', '2024-08-20');

INSERT INTO EP_g VALUES (3391, 'quantity', '2');

INSERT INTO EP_g VALUES (3391, 'review_score', '3');

INSERT INTO E_g VALUES (3392, 135, 478, 'bought');

INSERT INTO EP_g VALUES (3392, 'date', '2024-08-10');

INSERT INTO EP_g VALUES (3392, 'quantity', '2');

INSERT INTO EP_g VALUES (3392, 'review_score', '3');

INSERT INTO E_g VALUES (3393, 135, 456, 'bought');

INSERT INTO EP_g VALUES (3393, 'date', '2024-01-15');

INSERT INTO EP_g VALUES (3393, 'quantity', '2');

INSERT INTO EP_g VALUES (3393, 'review_score', '1');

INSERT INTO E_g VALUES (3394, 135, 464, 'bought');

INSERT INTO EP_g VALUES (3394, 'date', '2024-01-09');

INSERT INTO EP_g VALUES (3394, 'quantity', '2');

INSERT INTO EP_g VALUES (3394, 'review_score', '1');

INSERT INTO E_g VALUES (3395, 135, 468, 'bought');

INSERT INTO EP_g VALUES (3395, 'date', '2024-11-03');

INSERT INTO EP_g VALUES (3395, 'quantity', '3');

INSERT INTO EP_g VALUES (3395, 'review_score', '3');

INSERT INTO E_g VALUES (3396, 136, 415, 'bought');

INSERT INTO EP_g VALUES (3396, 'date', '2024-07-27');

INSERT INTO EP_g VALUES (3396, 'quantity', '2');

INSERT INTO EP_g VALUES (3396, 'review_score', '3');

INSERT INTO E_g VALUES (3397, 137, 442, 'bought');

INSERT INTO EP_g VALUES (3397, 'date', '2024-11-14');

INSERT INTO EP_g VALUES (3397, 'quantity', '2');

INSERT INTO EP_g VALUES (3397, 'review_score', '3');

INSERT INTO E_g VALUES (3398, 137, 441, 'bought');

INSERT INTO EP_g VALUES (3398, 'date', '2024-06-13');

INSERT INTO EP_g VALUES (3398, 'quantity', '1');

INSERT INTO EP_g VALUES (3398, 'review_score', '1');

INSERT INTO E_g VALUES (3399, 137, 470, 'bought');

INSERT INTO EP_g VALUES (3399, 'date', '2024-07-28');

INSERT INTO EP_g VALUES (3399, 'quantity', '1');

INSERT INTO EP_g VALUES (3399, 'review_score', '2');

INSERT INTO E_g VALUES (3400, 137, 422, 'bought');

INSERT INTO EP_g VALUES (3400, 'date', '2024-12-23');

INSERT INTO EP_g VALUES (3400, 'quantity', '2');

INSERT INTO EP_g VALUES (3400, 'review_score', '3');

INSERT INTO E_g VALUES (3401, 138, 449, 'bought');

INSERT INTO EP_g VALUES (3401, 'date', '2024-08-14');

INSERT INTO EP_g VALUES (3401, 'quantity', '2');

INSERT INTO EP_g VALUES (3401, 'review_score', '4');

INSERT INTO E_g VALUES (3402, 138, 473, 'bought');

INSERT INTO EP_g VALUES (3402, 'date', '2024-02-06');

INSERT INTO EP_g VALUES (3402, 'quantity', '2');

INSERT INTO EP_g VALUES (3402, 'review_score', '5');

INSERT INTO E_g VALUES (3403, 138, 485, 'bought');

INSERT INTO EP_g VALUES (3403, 'date', '2024-08-02');

INSERT INTO EP_g VALUES (3403, 'quantity', '3');

INSERT INTO EP_g VALUES (3403, 'review_score', '3');

INSERT INTO E_g VALUES (3404, 139, 444, 'bought');

INSERT INTO EP_g VALUES (3404, 'date', '2024-03-24');

INSERT INTO EP_g VALUES (3404, 'quantity', '3');

INSERT INTO EP_g VALUES (3404, 'review_score', '5');

INSERT INTO E_g VALUES (3405, 139, 485, 'bought');

INSERT INTO EP_g VALUES (3405, 'date', '2024-02-19');

INSERT INTO EP_g VALUES (3405, 'quantity', '2');

INSERT INTO EP_g VALUES (3405, 'review_score', '3');

INSERT INTO E_g VALUES (3406, 139, 433, 'bought');

INSERT INTO EP_g VALUES (3406, 'date', '2024-06-10');

INSERT INTO EP_g VALUES (3406, 'quantity', '1');

INSERT INTO EP_g VALUES (3406, 'review_score', '2');

INSERT INTO E_g VALUES (3407, 139, 440, 'bought');

INSERT INTO EP_g VALUES (3407, 'date', '2024-04-06');

INSERT INTO EP_g VALUES (3407, 'quantity', '2');

INSERT INTO EP_g VALUES (3407, 'review_score', '2');

INSERT INTO E_g VALUES (3408, 139, 410, 'bought');

INSERT INTO EP_g VALUES (3408, 'date', '2024-03-26');

INSERT INTO EP_g VALUES (3408, 'quantity', '1');

INSERT INTO EP_g VALUES (3408, 'review_score', '3');

INSERT INTO E_g VALUES (3409, 140, 425, 'bought');

INSERT INTO EP_g VALUES (3409, 'date', '2024-12-28');

INSERT INTO EP_g VALUES (3409, 'quantity', '3');

INSERT INTO EP_g VALUES (3409, 'review_score', '3');

INSERT INTO E_g VALUES (3410, 140, 471, 'bought');

INSERT INTO EP_g VALUES (3410, 'date', '2024-03-03');

INSERT INTO EP_g VALUES (3410, 'quantity', '3');

INSERT INTO EP_g VALUES (3410, 'review_score', '5');

INSERT INTO E_g VALUES (3411, 140, 495, 'bought');

INSERT INTO EP_g VALUES (3411, 'date', '2024-02-06');

INSERT INTO EP_g VALUES (3411, 'quantity', '1');

INSERT INTO EP_g VALUES (3411, 'review_score', '1');

INSERT INTO E_g VALUES (3412, 140, 479, 'bought');

INSERT INTO EP_g VALUES (3412, 'date', '2024-03-02');

INSERT INTO EP_g VALUES (3412, 'quantity', '1');

INSERT INTO EP_g VALUES (3412, 'review_score', '2');

INSERT INTO E_g VALUES (3413, 140, 470, 'bought');

INSERT INTO EP_g VALUES (3413, 'date', '2024-02-20');

INSERT INTO EP_g VALUES (3413, 'quantity', '2');

INSERT INTO EP_g VALUES (3413, 'review_score', '3');

INSERT INTO E_g VALUES (3414, 141, 467, 'bought');

INSERT INTO EP_g VALUES (3414, 'date', '2024-12-16');

INSERT INTO EP_g VALUES (3414, 'quantity', '3');

INSERT INTO EP_g VALUES (3414, 'review_score', '4');

INSERT INTO E_g VALUES (3415, 141, 444, 'bought');

INSERT INTO EP_g VALUES (3415, 'date', '2024-07-08');

INSERT INTO EP_g VALUES (3415, 'quantity', '3');

INSERT INTO EP_g VALUES (3415, 'review_score', '5');

INSERT INTO E_g VALUES (3416, 141, 480, 'bought');

INSERT INTO EP_g VALUES (3416, 'date', '2024-05-19');

INSERT INTO EP_g VALUES (3416, 'quantity', '1');

INSERT INTO EP_g VALUES (3416, 'review_score', '5');

INSERT INTO E_g VALUES (3417, 142, 489, 'bought');

INSERT INTO EP_g VALUES (3417, 'date', '2024-04-22');

INSERT INTO EP_g VALUES (3417, 'quantity', '2');

INSERT INTO EP_g VALUES (3417, 'review_score', '5');

INSERT INTO E_g VALUES (3418, 142, 441, 'bought');

INSERT INTO EP_g VALUES (3418, 'date', '2024-08-09');

INSERT INTO EP_g VALUES (3418, 'quantity', '2');

INSERT INTO EP_g VALUES (3418, 'review_score', '3');

INSERT INTO E_g VALUES (3419, 142, 488, 'bought');

INSERT INTO EP_g VALUES (3419, 'date', '2024-03-07');

INSERT INTO EP_g VALUES (3419, 'quantity', '3');

INSERT INTO EP_g VALUES (3419, 'review_score', '1');

INSERT INTO E_g VALUES (3420, 142, 423, 'bought');

INSERT INTO EP_g VALUES (3420, 'date', '2024-02-20');

INSERT INTO EP_g VALUES (3420, 'quantity', '1');

INSERT INTO EP_g VALUES (3420, 'review_score', '2');

INSERT INTO E_g VALUES (3421, 142, 499, 'bought');

INSERT INTO EP_g VALUES (3421, 'date', '2024-07-12');

INSERT INTO EP_g VALUES (3421, 'quantity', '3');

INSERT INTO EP_g VALUES (3421, 'review_score', '1');

INSERT INTO E_g VALUES (3422, 143, 429, 'bought');

INSERT INTO EP_g VALUES (3422, 'date', '2024-06-02');

INSERT INTO EP_g VALUES (3422, 'quantity', '1');

INSERT INTO EP_g VALUES (3422, 'review_score', '4');

INSERT INTO E_g VALUES (3423, 143, 451, 'bought');

INSERT INTO EP_g VALUES (3423, 'date', '2024-07-17');

INSERT INTO EP_g VALUES (3423, 'quantity', '2');

INSERT INTO EP_g VALUES (3423, 'review_score', '1');

INSERT INTO E_g VALUES (3424, 143, 495, 'bought');

INSERT INTO EP_g VALUES (3424, 'date', '2024-01-09');

INSERT INTO EP_g VALUES (3424, 'quantity', '2');

INSERT INTO EP_g VALUES (3424, 'review_score', '5');

INSERT INTO E_g VALUES (3425, 143, 434, 'bought');

INSERT INTO EP_g VALUES (3425, 'date', '2024-09-06');

INSERT INTO EP_g VALUES (3425, 'quantity', '2');

INSERT INTO EP_g VALUES (3425, 'review_score', '1');

INSERT INTO E_g VALUES (3426, 144, 406, 'bought');

INSERT INTO EP_g VALUES (3426, 'date', '2024-04-04');

INSERT INTO EP_g VALUES (3426, 'quantity', '2');

INSERT INTO EP_g VALUES (3426, 'review_score', '2');

INSERT INTO E_g VALUES (3427, 144, 473, 'bought');

INSERT INTO EP_g VALUES (3427, 'date', '2024-07-10');

INSERT INTO EP_g VALUES (3427, 'quantity', '1');

INSERT INTO EP_g VALUES (3427, 'review_score', '1');

INSERT INTO E_g VALUES (3428, 145, 431, 'bought');

INSERT INTO EP_g VALUES (3428, 'date', '2024-11-06');

INSERT INTO EP_g VALUES (3428, 'quantity', '1');

INSERT INTO EP_g VALUES (3428, 'review_score', '4');

INSERT INTO E_g VALUES (3429, 145, 441, 'bought');

INSERT INTO EP_g VALUES (3429, 'date', '2024-11-11');

INSERT INTO EP_g VALUES (3429, 'quantity', '3');

INSERT INTO EP_g VALUES (3429, 'review_score', '2');

INSERT INTO E_g VALUES (3430, 146, 433, 'bought');

INSERT INTO EP_g VALUES (3430, 'date', '2024-11-12');

INSERT INTO EP_g VALUES (3430, 'quantity', '1');

INSERT INTO EP_g VALUES (3430, 'review_score', '4');

INSERT INTO E_g VALUES (3431, 146, 454, 'bought');

INSERT INTO EP_g VALUES (3431, 'date', '2024-07-25');

INSERT INTO EP_g VALUES (3431, 'quantity', '3');

INSERT INTO EP_g VALUES (3431, 'review_score', '5');

INSERT INTO E_g VALUES (3432, 147, 402, 'bought');

INSERT INTO EP_g VALUES (3432, 'date', '2024-02-13');

INSERT INTO EP_g VALUES (3432, 'quantity', '3');

INSERT INTO EP_g VALUES (3432, 'review_score', '3');

INSERT INTO E_g VALUES (3433, 147, 407, 'bought');

INSERT INTO EP_g VALUES (3433, 'date', '2024-08-01');

INSERT INTO EP_g VALUES (3433, 'quantity', '3');

INSERT INTO EP_g VALUES (3433, 'review_score', '3');

INSERT INTO E_g VALUES (3434, 148, 450, 'bought');

INSERT INTO EP_g VALUES (3434, 'date', '2024-01-21');

INSERT INTO EP_g VALUES (3434, 'quantity', '1');

INSERT INTO EP_g VALUES (3434, 'review_score', '5');

INSERT INTO E_g VALUES (3435, 149, 471, 'bought');

INSERT INTO EP_g VALUES (3435, 'date', '2024-09-14');

INSERT INTO EP_g VALUES (3435, 'quantity', '1');

INSERT INTO EP_g VALUES (3435, 'review_score', '1');

INSERT INTO E_g VALUES (3436, 150, 404, 'bought');

INSERT INTO EP_g VALUES (3436, 'date', '2024-09-23');

INSERT INTO EP_g VALUES (3436, 'quantity', '1');

INSERT INTO EP_g VALUES (3436, 'review_score', '2');

INSERT INTO E_g VALUES (3437, 151, 489, 'bought');

INSERT INTO EP_g VALUES (3437, 'date', '2024-10-13');

INSERT INTO EP_g VALUES (3437, 'quantity', '2');

INSERT INTO EP_g VALUES (3437, 'review_score', '5');

INSERT INTO E_g VALUES (3438, 151, 441, 'bought');

INSERT INTO EP_g VALUES (3438, 'date', '2024-03-12');

INSERT INTO EP_g VALUES (3438, 'quantity', '1');

INSERT INTO EP_g VALUES (3438, 'review_score', '1');

INSERT INTO E_g VALUES (3439, 152, 475, 'bought');

INSERT INTO EP_g VALUES (3439, 'date', '2024-06-10');

INSERT INTO EP_g VALUES (3439, 'quantity', '1');

INSERT INTO EP_g VALUES (3439, 'review_score', '2');

INSERT INTO E_g VALUES (3440, 152, 477, 'bought');

INSERT INTO EP_g VALUES (3440, 'date', '2024-03-04');

INSERT INTO EP_g VALUES (3440, 'quantity', '2');

INSERT INTO EP_g VALUES (3440, 'review_score', '5');

INSERT INTO E_g VALUES (3441, 153, 486, 'bought');

INSERT INTO EP_g VALUES (3441, 'date', '2024-08-04');

INSERT INTO EP_g VALUES (3441, 'quantity', '2');

INSERT INTO EP_g VALUES (3441, 'review_score', '3');

INSERT INTO E_g VALUES (3442, 154, 460, 'bought');

INSERT INTO EP_g VALUES (3442, 'date', '2024-09-10');

INSERT INTO EP_g VALUES (3442, 'quantity', '1');

INSERT INTO EP_g VALUES (3442, 'review_score', '1');

INSERT INTO E_g VALUES (3443, 154, 428, 'bought');

INSERT INTO EP_g VALUES (3443, 'date', '2024-03-16');

INSERT INTO EP_g VALUES (3443, 'quantity', '2');

INSERT INTO EP_g VALUES (3443, 'review_score', '5');

INSERT INTO E_g VALUES (3444, 154, 466, 'bought');

INSERT INTO EP_g VALUES (3444, 'date', '2024-04-25');

INSERT INTO EP_g VALUES (3444, 'quantity', '1');

INSERT INTO EP_g VALUES (3444, 'review_score', '3');

INSERT INTO E_g VALUES (3445, 154, 435, 'bought');

INSERT INTO EP_g VALUES (3445, 'date', '2024-02-19');

INSERT INTO EP_g VALUES (3445, 'quantity', '2');

INSERT INTO EP_g VALUES (3445, 'review_score', '5');

INSERT INTO E_g VALUES (3446, 155, 480, 'bought');

INSERT INTO EP_g VALUES (3446, 'date', '2024-10-12');

INSERT INTO EP_g VALUES (3446, 'quantity', '2');

INSERT INTO EP_g VALUES (3446, 'review_score', '4');

INSERT INTO E_g VALUES (3447, 156, 406, 'bought');

INSERT INTO EP_g VALUES (3447, 'date', '2024-04-07');

INSERT INTO EP_g VALUES (3447, 'quantity', '2');

INSERT INTO EP_g VALUES (3447, 'review_score', '2');

INSERT INTO E_g VALUES (3448, 156, 446, 'bought');

INSERT INTO EP_g VALUES (3448, 'date', '2024-12-19');

INSERT INTO EP_g VALUES (3448, 'quantity', '1');

INSERT INTO EP_g VALUES (3448, 'review_score', '3');

INSERT INTO E_g VALUES (3449, 156, 434, 'bought');

INSERT INTO EP_g VALUES (3449, 'date', '2024-05-02');

INSERT INTO EP_g VALUES (3449, 'quantity', '3');

INSERT INTO EP_g VALUES (3449, 'review_score', '3');

INSERT INTO E_g VALUES (3450, 156, 487, 'bought');

INSERT INTO EP_g VALUES (3450, 'date', '2024-04-20');

INSERT INTO EP_g VALUES (3450, 'quantity', '1');

INSERT INTO EP_g VALUES (3450, 'review_score', '4');

INSERT INTO E_g VALUES (3451, 157, 436, 'bought');

INSERT INTO EP_g VALUES (3451, 'date', '2024-05-09');

INSERT INTO EP_g VALUES (3451, 'quantity', '1');

INSERT INTO EP_g VALUES (3451, 'review_score', '2');

INSERT INTO E_g VALUES (3452, 157, 401, 'bought');

INSERT INTO EP_g VALUES (3452, 'date', '2024-07-20');

INSERT INTO EP_g VALUES (3452, 'quantity', '3');

INSERT INTO EP_g VALUES (3452, 'review_score', '1');

INSERT INTO E_g VALUES (3453, 157, 481, 'bought');

INSERT INTO EP_g VALUES (3453, 'date', '2024-06-25');

INSERT INTO EP_g VALUES (3453, 'quantity', '3');

INSERT INTO EP_g VALUES (3453, 'review_score', '4');

INSERT INTO E_g VALUES (3454, 158, 459, 'bought');

INSERT INTO EP_g VALUES (3454, 'date', '2024-02-10');

INSERT INTO EP_g VALUES (3454, 'quantity', '2');

INSERT INTO EP_g VALUES (3454, 'review_score', '5');

INSERT INTO E_g VALUES (3455, 158, 466, 'bought');

INSERT INTO EP_g VALUES (3455, 'date', '2024-03-06');

INSERT INTO EP_g VALUES (3455, 'quantity', '1');

INSERT INTO EP_g VALUES (3455, 'review_score', '2');

INSERT INTO E_g VALUES (3456, 158, 449, 'bought');

INSERT INTO EP_g VALUES (3456, 'date', '2024-07-05');

INSERT INTO EP_g VALUES (3456, 'quantity', '2');

INSERT INTO EP_g VALUES (3456, 'review_score', '5');

INSERT INTO E_g VALUES (3457, 159, 437, 'bought');

INSERT INTO EP_g VALUES (3457, 'date', '2024-07-01');

INSERT INTO EP_g VALUES (3457, 'quantity', '1');

INSERT INTO EP_g VALUES (3457, 'review_score', '2');

INSERT INTO E_g VALUES (3458, 159, 471, 'bought');

INSERT INTO EP_g VALUES (3458, 'date', '2024-03-05');

INSERT INTO EP_g VALUES (3458, 'quantity', '3');

INSERT INTO EP_g VALUES (3458, 'review_score', '2');

INSERT INTO E_g VALUES (3459, 159, 427, 'bought');

INSERT INTO EP_g VALUES (3459, 'date', '2024-07-28');

INSERT INTO EP_g VALUES (3459, 'quantity', '3');

INSERT INTO EP_g VALUES (3459, 'review_score', '3');

INSERT INTO E_g VALUES (3460, 159, 456, 'bought');

INSERT INTO EP_g VALUES (3460, 'date', '2024-01-27');

INSERT INTO EP_g VALUES (3460, 'quantity', '3');

INSERT INTO EP_g VALUES (3460, 'review_score', '2');

INSERT INTO E_g VALUES (3461, 160, 441, 'bought');

INSERT INTO EP_g VALUES (3461, 'date', '2024-07-26');

INSERT INTO EP_g VALUES (3461, 'quantity', '3');

INSERT INTO EP_g VALUES (3461, 'review_score', '2');

INSERT INTO E_g VALUES (3462, 160, 401, 'bought');

INSERT INTO EP_g VALUES (3462, 'date', '2024-12-01');

INSERT INTO EP_g VALUES (3462, 'quantity', '3');

INSERT INTO EP_g VALUES (3462, 'review_score', '5');

INSERT INTO E_g VALUES (3463, 160, 460, 'bought');

INSERT INTO EP_g VALUES (3463, 'date', '2024-01-10');

INSERT INTO EP_g VALUES (3463, 'quantity', '1');

INSERT INTO EP_g VALUES (3463, 'review_score', '1');

INSERT INTO E_g VALUES (3464, 160, 442, 'bought');

INSERT INTO EP_g VALUES (3464, 'date', '2024-12-14');

INSERT INTO EP_g VALUES (3464, 'quantity', '3');

INSERT INTO EP_g VALUES (3464, 'review_score', '4');

INSERT INTO E_g VALUES (3465, 160, 455, 'bought');

INSERT INTO EP_g VALUES (3465, 'date', '2024-04-20');

INSERT INTO EP_g VALUES (3465, 'quantity', '1');

INSERT INTO EP_g VALUES (3465, 'review_score', '5');

INSERT INTO E_g VALUES (3466, 161, 450, 'bought');

INSERT INTO EP_g VALUES (3466, 'date', '2024-03-11');

INSERT INTO EP_g VALUES (3466, 'quantity', '3');

INSERT INTO EP_g VALUES (3466, 'review_score', '1');

INSERT INTO E_g VALUES (3467, 161, 480, 'bought');

INSERT INTO EP_g VALUES (3467, 'date', '2024-04-22');

INSERT INTO EP_g VALUES (3467, 'quantity', '2');

INSERT INTO EP_g VALUES (3467, 'review_score', '2');

INSERT INTO E_g VALUES (3468, 161, 436, 'bought');

INSERT INTO EP_g VALUES (3468, 'date', '2024-01-17');

INSERT INTO EP_g VALUES (3468, 'quantity', '3');

INSERT INTO EP_g VALUES (3468, 'review_score', '5');

INSERT INTO E_g VALUES (3469, 162, 411, 'bought');

INSERT INTO EP_g VALUES (3469, 'date', '2024-10-02');

INSERT INTO EP_g VALUES (3469, 'quantity', '2');

INSERT INTO EP_g VALUES (3469, 'review_score', '5');

INSERT INTO E_g VALUES (3470, 163, 420, 'bought');

INSERT INTO EP_g VALUES (3470, 'date', '2024-08-11');

INSERT INTO EP_g VALUES (3470, 'quantity', '3');

INSERT INTO EP_g VALUES (3470, 'review_score', '3');

INSERT INTO E_g VALUES (3471, 164, 449, 'bought');

INSERT INTO EP_g VALUES (3471, 'date', '2024-03-21');

INSERT INTO EP_g VALUES (3471, 'quantity', '3');

INSERT INTO EP_g VALUES (3471, 'review_score', '2');

INSERT INTO E_g VALUES (3472, 164, 467, 'bought');

INSERT INTO EP_g VALUES (3472, 'date', '2024-03-02');

INSERT INTO EP_g VALUES (3472, 'quantity', '2');

INSERT INTO EP_g VALUES (3472, 'review_score', '3');

INSERT INTO E_g VALUES (3473, 165, 488, 'bought');

INSERT INTO EP_g VALUES (3473, 'date', '2024-02-26');

INSERT INTO EP_g VALUES (3473, 'quantity', '3');

INSERT INTO EP_g VALUES (3473, 'review_score', '5');

INSERT INTO E_g VALUES (3474, 165, 494, 'bought');

INSERT INTO EP_g VALUES (3474, 'date', '2024-10-09');

INSERT INTO EP_g VALUES (3474, 'quantity', '3');

INSERT INTO EP_g VALUES (3474, 'review_score', '4');

INSERT INTO E_g VALUES (3475, 165, 468, 'bought');

INSERT INTO EP_g VALUES (3475, 'date', '2024-02-28');

INSERT INTO EP_g VALUES (3475, 'quantity', '2');

INSERT INTO EP_g VALUES (3475, 'review_score', '1');

INSERT INTO E_g VALUES (3476, 165, 500, 'bought');

INSERT INTO EP_g VALUES (3476, 'date', '2024-10-10');

INSERT INTO EP_g VALUES (3476, 'quantity', '1');

INSERT INTO EP_g VALUES (3476, 'review_score', '1');

INSERT INTO E_g VALUES (3477, 166, 472, 'bought');

INSERT INTO EP_g VALUES (3477, 'date', '2024-04-23');

INSERT INTO EP_g VALUES (3477, 'quantity', '1');

INSERT INTO EP_g VALUES (3477, 'review_score', '4');

INSERT INTO E_g VALUES (3478, 166, 423, 'bought');

INSERT INTO EP_g VALUES (3478, 'date', '2024-03-08');

INSERT INTO EP_g VALUES (3478, 'quantity', '1');

INSERT INTO EP_g VALUES (3478, 'review_score', '4');

INSERT INTO E_g VALUES (3479, 166, 434, 'bought');

INSERT INTO EP_g VALUES (3479, 'date', '2024-09-11');

INSERT INTO EP_g VALUES (3479, 'quantity', '3');

INSERT INTO EP_g VALUES (3479, 'review_score', '4');

INSERT INTO E_g VALUES (3480, 166, 445, 'bought');

INSERT INTO EP_g VALUES (3480, 'date', '2024-09-08');

INSERT INTO EP_g VALUES (3480, 'quantity', '3');

INSERT INTO EP_g VALUES (3480, 'review_score', '5');

INSERT INTO E_g VALUES (3481, 166, 443, 'bought');

INSERT INTO EP_g VALUES (3481, 'date', '2024-04-12');

INSERT INTO EP_g VALUES (3481, 'quantity', '1');

INSERT INTO EP_g VALUES (3481, 'review_score', '5');

INSERT INTO E_g VALUES (3482, 167, 487, 'bought');

INSERT INTO EP_g VALUES (3482, 'date', '2024-06-11');

INSERT INTO EP_g VALUES (3482, 'quantity', '1');

INSERT INTO EP_g VALUES (3482, 'review_score', '3');

INSERT INTO E_g VALUES (3483, 167, 480, 'bought');

INSERT INTO EP_g VALUES (3483, 'date', '2024-06-07');

INSERT INTO EP_g VALUES (3483, 'quantity', '2');

INSERT INTO EP_g VALUES (3483, 'review_score', '4');

INSERT INTO E_g VALUES (3484, 167, 410, 'bought');

INSERT INTO EP_g VALUES (3484, 'date', '2024-03-01');

INSERT INTO EP_g VALUES (3484, 'quantity', '3');

INSERT INTO EP_g VALUES (3484, 'review_score', '5');

INSERT INTO E_g VALUES (3485, 168, 465, 'bought');

INSERT INTO EP_g VALUES (3485, 'date', '2024-10-28');

INSERT INTO EP_g VALUES (3485, 'quantity', '2');

INSERT INTO EP_g VALUES (3485, 'review_score', '5');

INSERT INTO E_g VALUES (3486, 168, 437, 'bought');

INSERT INTO EP_g VALUES (3486, 'date', '2024-11-25');

INSERT INTO EP_g VALUES (3486, 'quantity', '2');

INSERT INTO EP_g VALUES (3486, 'review_score', '2');

INSERT INTO E_g VALUES (3487, 168, 476, 'bought');

INSERT INTO EP_g VALUES (3487, 'date', '2024-12-25');

INSERT INTO EP_g VALUES (3487, 'quantity', '3');

INSERT INTO EP_g VALUES (3487, 'review_score', '4');

INSERT INTO E_g VALUES (3488, 169, 449, 'bought');

INSERT INTO EP_g VALUES (3488, 'date', '2024-03-12');

INSERT INTO EP_g VALUES (3488, 'quantity', '3');

INSERT INTO EP_g VALUES (3488, 'review_score', '1');

INSERT INTO E_g VALUES (3489, 170, 498, 'bought');

INSERT INTO EP_g VALUES (3489, 'date', '2024-05-19');

INSERT INTO EP_g VALUES (3489, 'quantity', '3');

INSERT INTO EP_g VALUES (3489, 'review_score', '5');

INSERT INTO E_g VALUES (3490, 170, 402, 'bought');

INSERT INTO EP_g VALUES (3490, 'date', '2024-09-14');

INSERT INTO EP_g VALUES (3490, 'quantity', '2');

INSERT INTO EP_g VALUES (3490, 'review_score', '5');

INSERT INTO E_g VALUES (3491, 171, 413, 'bought');

INSERT INTO EP_g VALUES (3491, 'date', '2024-04-19');

INSERT INTO EP_g VALUES (3491, 'quantity', '2');

INSERT INTO EP_g VALUES (3491, 'review_score', '5');

INSERT INTO E_g VALUES (3492, 171, 441, 'bought');

INSERT INTO EP_g VALUES (3492, 'date', '2024-05-17');

INSERT INTO EP_g VALUES (3492, 'quantity', '2');

INSERT INTO EP_g VALUES (3492, 'review_score', '1');

INSERT INTO E_g VALUES (3493, 171, 438, 'bought');

INSERT INTO EP_g VALUES (3493, 'date', '2024-08-04');

INSERT INTO EP_g VALUES (3493, 'quantity', '2');

INSERT INTO EP_g VALUES (3493, 'review_score', '2');

INSERT INTO E_g VALUES (3494, 171, 454, 'bought');

INSERT INTO EP_g VALUES (3494, 'date', '2024-08-12');

INSERT INTO EP_g VALUES (3494, 'quantity', '3');

INSERT INTO EP_g VALUES (3494, 'review_score', '5');

INSERT INTO E_g VALUES (3495, 172, 486, 'bought');

INSERT INTO EP_g VALUES (3495, 'date', '2024-12-08');

INSERT INTO EP_g VALUES (3495, 'quantity', '3');

INSERT INTO EP_g VALUES (3495, 'review_score', '4');

INSERT INTO E_g VALUES (3496, 173, 479, 'bought');

INSERT INTO EP_g VALUES (3496, 'date', '2024-12-01');

INSERT INTO EP_g VALUES (3496, 'quantity', '3');

INSERT INTO EP_g VALUES (3496, 'review_score', '3');

INSERT INTO E_g VALUES (3497, 173, 415, 'bought');

INSERT INTO EP_g VALUES (3497, 'date', '2024-09-23');

INSERT INTO EP_g VALUES (3497, 'quantity', '1');

INSERT INTO EP_g VALUES (3497, 'review_score', '5');

INSERT INTO E_g VALUES (3498, 174, 446, 'bought');

INSERT INTO EP_g VALUES (3498, 'date', '2024-04-19');

INSERT INTO EP_g VALUES (3498, 'quantity', '2');

INSERT INTO EP_g VALUES (3498, 'review_score', '5');

INSERT INTO E_g VALUES (3499, 174, 408, 'bought');

INSERT INTO EP_g VALUES (3499, 'date', '2024-01-11');

INSERT INTO EP_g VALUES (3499, 'quantity', '1');

INSERT INTO EP_g VALUES (3499, 'review_score', '5');

INSERT INTO E_g VALUES (3500, 174, 414, 'bought');

INSERT INTO EP_g VALUES (3500, 'date', '2024-01-01');

INSERT INTO EP_g VALUES (3500, 'quantity', '1');

INSERT INTO EP_g VALUES (3500, 'review_score', '2');

INSERT INTO E_g VALUES (3501, 175, 433, 'bought');

INSERT INTO EP_g VALUES (3501, 'date', '2024-10-17');

INSERT INTO EP_g VALUES (3501, 'quantity', '1');

INSERT INTO EP_g VALUES (3501, 'review_score', '4');

INSERT INTO E_g VALUES (3502, 175, 453, 'bought');

INSERT INTO EP_g VALUES (3502, 'date', '2024-12-10');

INSERT INTO EP_g VALUES (3502, 'quantity', '1');

INSERT INTO EP_g VALUES (3502, 'review_score', '3');

INSERT INTO E_g VALUES (3503, 175, 487, 'bought');

INSERT INTO EP_g VALUES (3503, 'date', '2024-06-05');

INSERT INTO EP_g VALUES (3503, 'quantity', '1');

INSERT INTO EP_g VALUES (3503, 'review_score', '4');

INSERT INTO E_g VALUES (3504, 175, 477, 'bought');

INSERT INTO EP_g VALUES (3504, 'date', '2024-01-08');

INSERT INTO EP_g VALUES (3504, 'quantity', '2');

INSERT INTO EP_g VALUES (3504, 'review_score', '1');

INSERT INTO E_g VALUES (3505, 176, 471, 'bought');

INSERT INTO EP_g VALUES (3505, 'date', '2024-11-09');

INSERT INTO EP_g VALUES (3505, 'quantity', '1');

INSERT INTO EP_g VALUES (3505, 'review_score', '5');

INSERT INTO E_g VALUES (3506, 176, 415, 'bought');

INSERT INTO EP_g VALUES (3506, 'date', '2024-03-18');

INSERT INTO EP_g VALUES (3506, 'quantity', '1');

INSERT INTO EP_g VALUES (3506, 'review_score', '2');

INSERT INTO E_g VALUES (3507, 176, 483, 'bought');

INSERT INTO EP_g VALUES (3507, 'date', '2024-09-26');

INSERT INTO EP_g VALUES (3507, 'quantity', '3');

INSERT INTO EP_g VALUES (3507, 'review_score', '5');

INSERT INTO E_g VALUES (3508, 176, 485, 'bought');

INSERT INTO EP_g VALUES (3508, 'date', '2024-02-23');

INSERT INTO EP_g VALUES (3508, 'quantity', '2');

INSERT INTO EP_g VALUES (3508, 'review_score', '2');

INSERT INTO E_g VALUES (3509, 177, 447, 'bought');

INSERT INTO EP_g VALUES (3509, 'date', '2024-03-21');

INSERT INTO EP_g VALUES (3509, 'quantity', '1');

INSERT INTO EP_g VALUES (3509, 'review_score', '5');

INSERT INTO E_g VALUES (3510, 177, 424, 'bought');

INSERT INTO EP_g VALUES (3510, 'date', '2024-05-20');

INSERT INTO EP_g VALUES (3510, 'quantity', '3');

INSERT INTO EP_g VALUES (3510, 'review_score', '2');

INSERT INTO E_g VALUES (3511, 177, 477, 'bought');

INSERT INTO EP_g VALUES (3511, 'date', '2024-07-04');

INSERT INTO EP_g VALUES (3511, 'quantity', '3');

INSERT INTO EP_g VALUES (3511, 'review_score', '2');

INSERT INTO E_g VALUES (3512, 178, 448, 'bought');

INSERT INTO EP_g VALUES (3512, 'date', '2024-09-12');

INSERT INTO EP_g VALUES (3512, 'quantity', '3');

INSERT INTO EP_g VALUES (3512, 'review_score', '2');

INSERT INTO E_g VALUES (3513, 178, 465, 'bought');

INSERT INTO EP_g VALUES (3513, 'date', '2024-05-05');

INSERT INTO EP_g VALUES (3513, 'quantity', '1');

INSERT INTO EP_g VALUES (3513, 'review_score', '2');

INSERT INTO E_g VALUES (3514, 178, 421, 'bought');

INSERT INTO EP_g VALUES (3514, 'date', '2024-10-08');

INSERT INTO EP_g VALUES (3514, 'quantity', '2');

INSERT INTO EP_g VALUES (3514, 'review_score', '5');

INSERT INTO E_g VALUES (3515, 178, 498, 'bought');

INSERT INTO EP_g VALUES (3515, 'date', '2024-03-25');

INSERT INTO EP_g VALUES (3515, 'quantity', '2');

INSERT INTO EP_g VALUES (3515, 'review_score', '3');

INSERT INTO E_g VALUES (3516, 178, 444, 'bought');

INSERT INTO EP_g VALUES (3516, 'date', '2024-12-22');

INSERT INTO EP_g VALUES (3516, 'quantity', '2');

INSERT INTO EP_g VALUES (3516, 'review_score', '5');

INSERT INTO E_g VALUES (3517, 179, 451, 'bought');

INSERT INTO EP_g VALUES (3517, 'date', '2024-08-07');

INSERT INTO EP_g VALUES (3517, 'quantity', '3');

INSERT INTO EP_g VALUES (3517, 'review_score', '5');

INSERT INTO E_g VALUES (3518, 179, 497, 'bought');

INSERT INTO EP_g VALUES (3518, 'date', '2024-05-15');

INSERT INTO EP_g VALUES (3518, 'quantity', '1');

INSERT INTO EP_g VALUES (3518, 'review_score', '3');

INSERT INTO E_g VALUES (3519, 179, 446, 'bought');

INSERT INTO EP_g VALUES (3519, 'date', '2024-10-05');

INSERT INTO EP_g VALUES (3519, 'quantity', '1');

INSERT INTO EP_g VALUES (3519, 'review_score', '5');

INSERT INTO E_g VALUES (3520, 179, 431, 'bought');

INSERT INTO EP_g VALUES (3520, 'date', '2024-03-25');

INSERT INTO EP_g VALUES (3520, 'quantity', '3');

INSERT INTO EP_g VALUES (3520, 'review_score', '4');

INSERT INTO E_g VALUES (3521, 180, 476, 'bought');

INSERT INTO EP_g VALUES (3521, 'date', '2024-02-16');

INSERT INTO EP_g VALUES (3521, 'quantity', '3');

INSERT INTO EP_g VALUES (3521, 'review_score', '2');

INSERT INTO E_g VALUES (3522, 180, 454, 'bought');

INSERT INTO EP_g VALUES (3522, 'date', '2024-05-05');

INSERT INTO EP_g VALUES (3522, 'quantity', '3');

INSERT INTO EP_g VALUES (3522, 'review_score', '2');

INSERT INTO E_g VALUES (3523, 180, 436, 'bought');

INSERT INTO EP_g VALUES (3523, 'date', '2024-12-01');

INSERT INTO EP_g VALUES (3523, 'quantity', '1');

INSERT INTO EP_g VALUES (3523, 'review_score', '4');

INSERT INTO E_g VALUES (3524, 180, 450, 'bought');

INSERT INTO EP_g VALUES (3524, 'date', '2024-01-02');

INSERT INTO EP_g VALUES (3524, 'quantity', '1');

INSERT INTO EP_g VALUES (3524, 'review_score', '5');

INSERT INTO E_g VALUES (3525, 180, 476, 'bought');

INSERT INTO EP_g VALUES (3525, 'date', '2024-07-12');

INSERT INTO EP_g VALUES (3525, 'quantity', '3');

INSERT INTO EP_g VALUES (3525, 'review_score', '2');

INSERT INTO E_g VALUES (3526, 181, 403, 'bought');

INSERT INTO EP_g VALUES (3526, 'date', '2024-08-23');

INSERT INTO EP_g VALUES (3526, 'quantity', '3');

INSERT INTO EP_g VALUES (3526, 'review_score', '4');

INSERT INTO E_g VALUES (3527, 181, 406, 'bought');

INSERT INTO EP_g VALUES (3527, 'date', '2024-12-28');

INSERT INTO EP_g VALUES (3527, 'quantity', '2');

INSERT INTO EP_g VALUES (3527, 'review_score', '1');

INSERT INTO E_g VALUES (3528, 181, 415, 'bought');

INSERT INTO EP_g VALUES (3528, 'date', '2024-10-01');

INSERT INTO EP_g VALUES (3528, 'quantity', '1');

INSERT INTO EP_g VALUES (3528, 'review_score', '4');

INSERT INTO E_g VALUES (3529, 181, 416, 'bought');

INSERT INTO EP_g VALUES (3529, 'date', '2024-06-25');

INSERT INTO EP_g VALUES (3529, 'quantity', '3');

INSERT INTO EP_g VALUES (3529, 'review_score', '4');

INSERT INTO E_g VALUES (3530, 181, 417, 'bought');

INSERT INTO EP_g VALUES (3530, 'date', '2024-07-13');

INSERT INTO EP_g VALUES (3530, 'quantity', '3');

INSERT INTO EP_g VALUES (3530, 'review_score', '5');

INSERT INTO E_g VALUES (3531, 182, 457, 'bought');

INSERT INTO EP_g VALUES (3531, 'date', '2024-12-22');

INSERT INTO EP_g VALUES (3531, 'quantity', '2');

INSERT INTO EP_g VALUES (3531, 'review_score', '3');

INSERT INTO E_g VALUES (3532, 183, 468, 'bought');

INSERT INTO EP_g VALUES (3532, 'date', '2024-09-24');

INSERT INTO EP_g VALUES (3532, 'quantity', '3');

INSERT INTO EP_g VALUES (3532, 'review_score', '4');

INSERT INTO E_g VALUES (3533, 184, 402, 'bought');

INSERT INTO EP_g VALUES (3533, 'date', '2024-03-03');

INSERT INTO EP_g VALUES (3533, 'quantity', '1');

INSERT INTO EP_g VALUES (3533, 'review_score', '2');

INSERT INTO E_g VALUES (3534, 185, 462, 'bought');

INSERT INTO EP_g VALUES (3534, 'date', '2024-12-21');

INSERT INTO EP_g VALUES (3534, 'quantity', '3');

INSERT INTO EP_g VALUES (3534, 'review_score', '1');

INSERT INTO E_g VALUES (3535, 185, 467, 'bought');

INSERT INTO EP_g VALUES (3535, 'date', '2024-01-26');

INSERT INTO EP_g VALUES (3535, 'quantity', '1');

INSERT INTO EP_g VALUES (3535, 'review_score', '1');

INSERT INTO E_g VALUES (3536, 185, 431, 'bought');

INSERT INTO EP_g VALUES (3536, 'date', '2024-04-06');

INSERT INTO EP_g VALUES (3536, 'quantity', '1');

INSERT INTO EP_g VALUES (3536, 'review_score', '1');

INSERT INTO E_g VALUES (3537, 186, 450, 'bought');

INSERT INTO EP_g VALUES (3537, 'date', '2024-08-23');

INSERT INTO EP_g VALUES (3537, 'quantity', '2');

INSERT INTO EP_g VALUES (3537, 'review_score', '4');

INSERT INTO E_g VALUES (3538, 186, 404, 'bought');

INSERT INTO EP_g VALUES (3538, 'date', '2024-02-05');

INSERT INTO EP_g VALUES (3538, 'quantity', '2');

INSERT INTO EP_g VALUES (3538, 'review_score', '1');

INSERT INTO E_g VALUES (3539, 186, 407, 'bought');

INSERT INTO EP_g VALUES (3539, 'date', '2024-11-22');

INSERT INTO EP_g VALUES (3539, 'quantity', '1');

INSERT INTO EP_g VALUES (3539, 'review_score', '4');

INSERT INTO E_g VALUES (3540, 187, 484, 'bought');

INSERT INTO EP_g VALUES (3540, 'date', '2024-02-24');

INSERT INTO EP_g VALUES (3540, 'quantity', '2');

INSERT INTO EP_g VALUES (3540, 'review_score', '4');

INSERT INTO E_g VALUES (3541, 187, 408, 'bought');

INSERT INTO EP_g VALUES (3541, 'date', '2024-11-17');

INSERT INTO EP_g VALUES (3541, 'quantity', '1');

INSERT INTO EP_g VALUES (3541, 'review_score', '5');

INSERT INTO E_g VALUES (3542, 187, 472, 'bought');

INSERT INTO EP_g VALUES (3542, 'date', '2024-09-15');

INSERT INTO EP_g VALUES (3542, 'quantity', '1');

INSERT INTO EP_g VALUES (3542, 'review_score', '3');

INSERT INTO E_g VALUES (3543, 187, 470, 'bought');

INSERT INTO EP_g VALUES (3543, 'date', '2024-11-27');

INSERT INTO EP_g VALUES (3543, 'quantity', '1');

INSERT INTO EP_g VALUES (3543, 'review_score', '5');

INSERT INTO E_g VALUES (3544, 187, 481, 'bought');

INSERT INTO EP_g VALUES (3544, 'date', '2024-07-18');

INSERT INTO EP_g VALUES (3544, 'quantity', '3');

INSERT INTO EP_g VALUES (3544, 'review_score', '1');

INSERT INTO E_g VALUES (3545, 188, 466, 'bought');

INSERT INTO EP_g VALUES (3545, 'date', '2024-08-23');

INSERT INTO EP_g VALUES (3545, 'quantity', '3');

INSERT INTO EP_g VALUES (3545, 'review_score', '3');

INSERT INTO E_g VALUES (3546, 189, 480, 'bought');

INSERT INTO EP_g VALUES (3546, 'date', '2024-03-14');

INSERT INTO EP_g VALUES (3546, 'quantity', '2');

INSERT INTO EP_g VALUES (3546, 'review_score', '2');

INSERT INTO E_g VALUES (3547, 189, 482, 'bought');

INSERT INTO EP_g VALUES (3547, 'date', '2024-08-03');

INSERT INTO EP_g VALUES (3547, 'quantity', '1');

INSERT INTO EP_g VALUES (3547, 'review_score', '5');

INSERT INTO E_g VALUES (3548, 189, 437, 'bought');

INSERT INTO EP_g VALUES (3548, 'date', '2024-11-25');

INSERT INTO EP_g VALUES (3548, 'quantity', '1');

INSERT INTO EP_g VALUES (3548, 'review_score', '3');

INSERT INTO E_g VALUES (3549, 190, 477, 'bought');

INSERT INTO EP_g VALUES (3549, 'date', '2024-01-19');

INSERT INTO EP_g VALUES (3549, 'quantity', '1');

INSERT INTO EP_g VALUES (3549, 'review_score', '3');

INSERT INTO E_g VALUES (3550, 190, 437, 'bought');

INSERT INTO EP_g VALUES (3550, 'date', '2024-03-26');

INSERT INTO EP_g VALUES (3550, 'quantity', '3');

INSERT INTO EP_g VALUES (3550, 'review_score', '2');

INSERT INTO E_g VALUES (3551, 190, 420, 'bought');

INSERT INTO EP_g VALUES (3551, 'date', '2024-08-16');

INSERT INTO EP_g VALUES (3551, 'quantity', '1');

INSERT INTO EP_g VALUES (3551, 'review_score', '5');

INSERT INTO E_g VALUES (3552, 190, 417, 'bought');

INSERT INTO EP_g VALUES (3552, 'date', '2024-04-24');

INSERT INTO EP_g VALUES (3552, 'quantity', '3');

INSERT INTO EP_g VALUES (3552, 'review_score', '3');

INSERT INTO E_g VALUES (3553, 191, 465, 'bought');

INSERT INTO EP_g VALUES (3553, 'date', '2024-11-13');

INSERT INTO EP_g VALUES (3553, 'quantity', '1');

INSERT INTO EP_g VALUES (3553, 'review_score', '5');

INSERT INTO E_g VALUES (3554, 191, 483, 'bought');

INSERT INTO EP_g VALUES (3554, 'date', '2024-08-03');

INSERT INTO EP_g VALUES (3554, 'quantity', '1');

INSERT INTO EP_g VALUES (3554, 'review_score', '5');

INSERT INTO E_g VALUES (3555, 191, 476, 'bought');

INSERT INTO EP_g VALUES (3555, 'date', '2024-09-09');

INSERT INTO EP_g VALUES (3555, 'quantity', '1');

INSERT INTO EP_g VALUES (3555, 'review_score', '2');

INSERT INTO E_g VALUES (3556, 191, 420, 'bought');

INSERT INTO EP_g VALUES (3556, 'date', '2024-05-06');

INSERT INTO EP_g VALUES (3556, 'quantity', '1');

INSERT INTO EP_g VALUES (3556, 'review_score', '1');

INSERT INTO E_g VALUES (3557, 192, 494, 'bought');

INSERT INTO EP_g VALUES (3557, 'date', '2024-01-23');

INSERT INTO EP_g VALUES (3557, 'quantity', '1');

INSERT INTO EP_g VALUES (3557, 'review_score', '4');

INSERT INTO E_g VALUES (3558, 192, 417, 'bought');

INSERT INTO EP_g VALUES (3558, 'date', '2024-10-05');

INSERT INTO EP_g VALUES (3558, 'quantity', '2');

INSERT INTO EP_g VALUES (3558, 'review_score', '4');

INSERT INTO E_g VALUES (3559, 193, 431, 'bought');

INSERT INTO EP_g VALUES (3559, 'date', '2024-10-22');

INSERT INTO EP_g VALUES (3559, 'quantity', '2');

INSERT INTO EP_g VALUES (3559, 'review_score', '4');

INSERT INTO E_g VALUES (3560, 193, 459, 'bought');

INSERT INTO EP_g VALUES (3560, 'date', '2024-10-15');

INSERT INTO EP_g VALUES (3560, 'quantity', '3');

INSERT INTO EP_g VALUES (3560, 'review_score', '4');

INSERT INTO E_g VALUES (3561, 194, 412, 'bought');

INSERT INTO EP_g VALUES (3561, 'date', '2024-05-13');

INSERT INTO EP_g VALUES (3561, 'quantity', '3');

INSERT INTO EP_g VALUES (3561, 'review_score', '1');

INSERT INTO E_g VALUES (3562, 194, 405, 'bought');

INSERT INTO EP_g VALUES (3562, 'date', '2024-05-12');

INSERT INTO EP_g VALUES (3562, 'quantity', '3');

INSERT INTO EP_g VALUES (3562, 'review_score', '4');

INSERT INTO E_g VALUES (3563, 194, 412, 'bought');

INSERT INTO EP_g VALUES (3563, 'date', '2024-05-07');

INSERT INTO EP_g VALUES (3563, 'quantity', '3');

INSERT INTO EP_g VALUES (3563, 'review_score', '1');

INSERT INTO E_g VALUES (3564, 194, 484, 'bought');

INSERT INTO EP_g VALUES (3564, 'date', '2024-05-09');

INSERT INTO EP_g VALUES (3564, 'quantity', '2');

INSERT INTO EP_g VALUES (3564, 'review_score', '5');

INSERT INTO E_g VALUES (3565, 194, 487, 'bought');

INSERT INTO EP_g VALUES (3565, 'date', '2024-11-03');

INSERT INTO EP_g VALUES (3565, 'quantity', '3');

INSERT INTO EP_g VALUES (3565, 'review_score', '1');

INSERT INTO E_g VALUES (3566, 195, 493, 'bought');

INSERT INTO EP_g VALUES (3566, 'date', '2024-09-22');

INSERT INTO EP_g VALUES (3566, 'quantity', '2');

INSERT INTO EP_g VALUES (3566, 'review_score', '4');

INSERT INTO E_g VALUES (3567, 196, 456, 'bought');

INSERT INTO EP_g VALUES (3567, 'date', '2024-11-19');

INSERT INTO EP_g VALUES (3567, 'quantity', '1');

INSERT INTO EP_g VALUES (3567, 'review_score', '1');

INSERT INTO E_g VALUES (3568, 197, 411, 'bought');

INSERT INTO EP_g VALUES (3568, 'date', '2024-07-21');

INSERT INTO EP_g VALUES (3568, 'quantity', '1');

INSERT INTO EP_g VALUES (3568, 'review_score', '4');

INSERT INTO E_g VALUES (3569, 197, 447, 'bought');

INSERT INTO EP_g VALUES (3569, 'date', '2024-03-04');

INSERT INTO EP_g VALUES (3569, 'quantity', '1');

INSERT INTO EP_g VALUES (3569, 'review_score', '1');

INSERT INTO E_g VALUES (3570, 197, 487, 'bought');

INSERT INTO EP_g VALUES (3570, 'date', '2024-06-19');

INSERT INTO EP_g VALUES (3570, 'quantity', '1');

INSERT INTO EP_g VALUES (3570, 'review_score', '2');

INSERT INTO E_g VALUES (3571, 197, 418, 'bought');

INSERT INTO EP_g VALUES (3571, 'date', '2024-11-07');

INSERT INTO EP_g VALUES (3571, 'quantity', '3');

INSERT INTO EP_g VALUES (3571, 'review_score', '4');

INSERT INTO E_g VALUES (3572, 197, 416, 'bought');

INSERT INTO EP_g VALUES (3572, 'date', '2024-12-28');

INSERT INTO EP_g VALUES (3572, 'quantity', '3');

INSERT INTO EP_g VALUES (3572, 'review_score', '3');

INSERT INTO E_g VALUES (3573, 198, 431, 'bought');

INSERT INTO EP_g VALUES (3573, 'date', '2024-04-04');

INSERT INTO EP_g VALUES (3573, 'quantity', '2');

INSERT INTO EP_g VALUES (3573, 'review_score', '4');

INSERT INTO E_g VALUES (3574, 198, 466, 'bought');

INSERT INTO EP_g VALUES (3574, 'date', '2024-06-03');

INSERT INTO EP_g VALUES (3574, 'quantity', '3');

INSERT INTO EP_g VALUES (3574, 'review_score', '5');

INSERT INTO E_g VALUES (3575, 198, 492, 'bought');

INSERT INTO EP_g VALUES (3575, 'date', '2024-07-05');

INSERT INTO EP_g VALUES (3575, 'quantity', '2');

INSERT INTO EP_g VALUES (3575, 'review_score', '1');

INSERT INTO E_g VALUES (3576, 199, 429, 'bought');

INSERT INTO EP_g VALUES (3576, 'date', '2024-06-25');

INSERT INTO EP_g VALUES (3576, 'quantity', '3');

INSERT INTO EP_g VALUES (3576, 'review_score', '4');

INSERT INTO E_g VALUES (3577, 200, 463, 'bought');

INSERT INTO EP_g VALUES (3577, 'date', '2024-11-05');

INSERT INTO EP_g VALUES (3577, 'quantity', '2');

INSERT INTO EP_g VALUES (3577, 'review_score', '4');

INSERT INTO E_g VALUES (3578, 200, 409, 'bought');

INSERT INTO EP_g VALUES (3578, 'date', '2024-10-22');

INSERT INTO EP_g VALUES (3578, 'quantity', '3');

INSERT INTO EP_g VALUES (3578, 'review_score', '2');

INSERT INTO E_g VALUES (3579, 200, 435, 'bought');

INSERT INTO EP_g VALUES (3579, 'date', '2024-06-07');

INSERT INTO EP_g VALUES (3579, 'quantity', '1');

INSERT INTO EP_g VALUES (3579, 'review_score', '5');

INSERT INTO E_g VALUES (3580, 200, 423, 'bought');

INSERT INTO EP_g VALUES (3580, 'date', '2024-04-02');

INSERT INTO EP_g VALUES (3580, 'quantity', '3');

INSERT INTO EP_g VALUES (3580, 'review_score', '2');

INSERT INTO E_g VALUES (3581, 200, 434, 'bought');

INSERT INTO EP_g VALUES (3581, 'date', '2024-12-19');

INSERT INTO EP_g VALUES (3581, 'quantity', '3');

INSERT INTO EP_g VALUES (3581, 'review_score', '1');

INSERT INTO E_g VALUES (3582, 201, 401, 'bought');

INSERT INTO EP_g VALUES (3582, 'date', '2024-08-04');

INSERT INTO EP_g VALUES (3582, 'quantity', '3');

INSERT INTO EP_g VALUES (3582, 'review_score', '5');

INSERT INTO E_g VALUES (3583, 202, 421, 'bought');

INSERT INTO EP_g VALUES (3583, 'date', '2024-11-04');

INSERT INTO EP_g VALUES (3583, 'quantity', '2');

INSERT INTO EP_g VALUES (3583, 'review_score', '2');

INSERT INTO E_g VALUES (3584, 202, 485, 'bought');

INSERT INTO EP_g VALUES (3584, 'date', '2024-11-25');

INSERT INTO EP_g VALUES (3584, 'quantity', '2');

INSERT INTO EP_g VALUES (3584, 'review_score', '5');

INSERT INTO E_g VALUES (3585, 202, 496, 'bought');

INSERT INTO EP_g VALUES (3585, 'date', '2024-04-20');

INSERT INTO EP_g VALUES (3585, 'quantity', '2');

INSERT INTO EP_g VALUES (3585, 'review_score', '5');

INSERT INTO E_g VALUES (3586, 202, 469, 'bought');

INSERT INTO EP_g VALUES (3586, 'date', '2024-02-06');

INSERT INTO EP_g VALUES (3586, 'quantity', '2');

INSERT INTO EP_g VALUES (3586, 'review_score', '2');

INSERT INTO E_g VALUES (3587, 203, 475, 'bought');

INSERT INTO EP_g VALUES (3587, 'date', '2024-02-06');

INSERT INTO EP_g VALUES (3587, 'quantity', '3');

INSERT INTO EP_g VALUES (3587, 'review_score', '4');

INSERT INTO E_g VALUES (3588, 203, 404, 'bought');

INSERT INTO EP_g VALUES (3588, 'date', '2024-10-22');

INSERT INTO EP_g VALUES (3588, 'quantity', '3');

INSERT INTO EP_g VALUES (3588, 'review_score', '5');

INSERT INTO E_g VALUES (3589, 204, 426, 'bought');

INSERT INTO EP_g VALUES (3589, 'date', '2024-05-20');

INSERT INTO EP_g VALUES (3589, 'quantity', '2');

INSERT INTO EP_g VALUES (3589, 'review_score', '4');

INSERT INTO E_g VALUES (3590, 204, 420, 'bought');

INSERT INTO EP_g VALUES (3590, 'date', '2024-06-26');

INSERT INTO EP_g VALUES (3590, 'quantity', '2');

INSERT INTO EP_g VALUES (3590, 'review_score', '2');

INSERT INTO E_g VALUES (3591, 204, 497, 'bought');

INSERT INTO EP_g VALUES (3591, 'date', '2024-01-05');

INSERT INTO EP_g VALUES (3591, 'quantity', '3');

INSERT INTO EP_g VALUES (3591, 'review_score', '4');

INSERT INTO E_g VALUES (3592, 204, 424, 'bought');

INSERT INTO EP_g VALUES (3592, 'date', '2024-03-15');

INSERT INTO EP_g VALUES (3592, 'quantity', '2');

INSERT INTO EP_g VALUES (3592, 'review_score', '4');

INSERT INTO E_g VALUES (3593, 204, 469, 'bought');

INSERT INTO EP_g VALUES (3593, 'date', '2024-07-05');

INSERT INTO EP_g VALUES (3593, 'quantity', '3');

INSERT INTO EP_g VALUES (3593, 'review_score', '5');

INSERT INTO E_g VALUES (3594, 205, 500, 'bought');

INSERT INTO EP_g VALUES (3594, 'date', '2024-09-06');

INSERT INTO EP_g VALUES (3594, 'quantity', '1');

INSERT INTO EP_g VALUES (3594, 'review_score', '4');

INSERT INTO E_g VALUES (3595, 205, 494, 'bought');

INSERT INTO EP_g VALUES (3595, 'date', '2024-05-19');

INSERT INTO EP_g VALUES (3595, 'quantity', '1');

INSERT INTO EP_g VALUES (3595, 'review_score', '4');

INSERT INTO E_g VALUES (3596, 205, 429, 'bought');

INSERT INTO EP_g VALUES (3596, 'date', '2024-07-07');

INSERT INTO EP_g VALUES (3596, 'quantity', '3');

INSERT INTO EP_g VALUES (3596, 'review_score', '2');

INSERT INTO E_g VALUES (3597, 206, 441, 'bought');

INSERT INTO EP_g VALUES (3597, 'date', '2024-12-22');

INSERT INTO EP_g VALUES (3597, 'quantity', '3');

INSERT INTO EP_g VALUES (3597, 'review_score', '4');

INSERT INTO E_g VALUES (3598, 206, 426, 'bought');

INSERT INTO EP_g VALUES (3598, 'date', '2024-04-08');

INSERT INTO EP_g VALUES (3598, 'quantity', '3');

INSERT INTO EP_g VALUES (3598, 'review_score', '2');

INSERT INTO E_g VALUES (3599, 206, 430, 'bought');

INSERT INTO EP_g VALUES (3599, 'date', '2024-07-05');

INSERT INTO EP_g VALUES (3599, 'quantity', '2');

INSERT INTO EP_g VALUES (3599, 'review_score', '1');

INSERT INTO E_g VALUES (3600, 206, 401, 'bought');

INSERT INTO EP_g VALUES (3600, 'date', '2024-12-27');

INSERT INTO EP_g VALUES (3600, 'quantity', '3');

INSERT INTO EP_g VALUES (3600, 'review_score', '2');

INSERT INTO E_g VALUES (3601, 206, 428, 'bought');

INSERT INTO EP_g VALUES (3601, 'date', '2024-05-13');

INSERT INTO EP_g VALUES (3601, 'quantity', '3');

INSERT INTO EP_g VALUES (3601, 'review_score', '3');

INSERT INTO E_g VALUES (3602, 207, 442, 'bought');

INSERT INTO EP_g VALUES (3602, 'date', '2024-01-02');

INSERT INTO EP_g VALUES (3602, 'quantity', '1');

INSERT INTO EP_g VALUES (3602, 'review_score', '3');

INSERT INTO E_g VALUES (3603, 207, 408, 'bought');

INSERT INTO EP_g VALUES (3603, 'date', '2024-08-19');

INSERT INTO EP_g VALUES (3603, 'quantity', '1');

INSERT INTO EP_g VALUES (3603, 'review_score', '2');

INSERT INTO E_g VALUES (3604, 208, 426, 'bought');

INSERT INTO EP_g VALUES (3604, 'date', '2024-02-11');

INSERT INTO EP_g VALUES (3604, 'quantity', '1');

INSERT INTO EP_g VALUES (3604, 'review_score', '1');

INSERT INTO E_g VALUES (3605, 208, 469, 'bought');

INSERT INTO EP_g VALUES (3605, 'date', '2024-07-27');

INSERT INTO EP_g VALUES (3605, 'quantity', '2');

INSERT INTO EP_g VALUES (3605, 'review_score', '2');

INSERT INTO E_g VALUES (3606, 208, 415, 'bought');

INSERT INTO EP_g VALUES (3606, 'date', '2024-08-10');

INSERT INTO EP_g VALUES (3606, 'quantity', '2');

INSERT INTO EP_g VALUES (3606, 'review_score', '5');

INSERT INTO E_g VALUES (3607, 208, 409, 'bought');

INSERT INTO EP_g VALUES (3607, 'date', '2024-10-12');

INSERT INTO EP_g VALUES (3607, 'quantity', '3');

INSERT INTO EP_g VALUES (3607, 'review_score', '1');

INSERT INTO E_g VALUES (3608, 209, 438, 'bought');

INSERT INTO EP_g VALUES (3608, 'date', '2024-08-25');

INSERT INTO EP_g VALUES (3608, 'quantity', '2');

INSERT INTO EP_g VALUES (3608, 'review_score', '1');

INSERT INTO E_g VALUES (3609, 210, 455, 'bought');

INSERT INTO EP_g VALUES (3609, 'date', '2024-02-10');

INSERT INTO EP_g VALUES (3609, 'quantity', '1');

INSERT INTO EP_g VALUES (3609, 'review_score', '4');

INSERT INTO E_g VALUES (3610, 210, 403, 'bought');

INSERT INTO EP_g VALUES (3610, 'date', '2024-02-12');

INSERT INTO EP_g VALUES (3610, 'quantity', '2');

INSERT INTO EP_g VALUES (3610, 'review_score', '3');

INSERT INTO E_g VALUES (3611, 211, 455, 'bought');

INSERT INTO EP_g VALUES (3611, 'date', '2024-06-27');

INSERT INTO EP_g VALUES (3611, 'quantity', '2');

INSERT INTO EP_g VALUES (3611, 'review_score', '3');

INSERT INTO E_g VALUES (3612, 211, 407, 'bought');

INSERT INTO EP_g VALUES (3612, 'date', '2024-01-21');

INSERT INTO EP_g VALUES (3612, 'quantity', '3');

INSERT INTO EP_g VALUES (3612, 'review_score', '2');

INSERT INTO E_g VALUES (3613, 212, 415, 'bought');

INSERT INTO EP_g VALUES (3613, 'date', '2024-09-27');

INSERT INTO EP_g VALUES (3613, 'quantity', '3');

INSERT INTO EP_g VALUES (3613, 'review_score', '1');

INSERT INTO E_g VALUES (3614, 212, 436, 'bought');

INSERT INTO EP_g VALUES (3614, 'date', '2024-08-07');

INSERT INTO EP_g VALUES (3614, 'quantity', '1');

INSERT INTO EP_g VALUES (3614, 'review_score', '3');

INSERT INTO E_g VALUES (3615, 213, 465, 'bought');

INSERT INTO EP_g VALUES (3615, 'date', '2024-05-17');

INSERT INTO EP_g VALUES (3615, 'quantity', '3');

INSERT INTO EP_g VALUES (3615, 'review_score', '2');

INSERT INTO E_g VALUES (3616, 213, 488, 'bought');

INSERT INTO EP_g VALUES (3616, 'date', '2024-08-21');

INSERT INTO EP_g VALUES (3616, 'quantity', '2');

INSERT INTO EP_g VALUES (3616, 'review_score', '5');

INSERT INTO E_g VALUES (3617, 213, 425, 'bought');

INSERT INTO EP_g VALUES (3617, 'date', '2024-10-02');

INSERT INTO EP_g VALUES (3617, 'quantity', '1');

INSERT INTO EP_g VALUES (3617, 'review_score', '4');

INSERT INTO E_g VALUES (3618, 213, 481, 'bought');

INSERT INTO EP_g VALUES (3618, 'date', '2024-05-22');

INSERT INTO EP_g VALUES (3618, 'quantity', '2');

INSERT INTO EP_g VALUES (3618, 'review_score', '4');

INSERT INTO E_g VALUES (3619, 213, 429, 'bought');

INSERT INTO EP_g VALUES (3619, 'date', '2024-08-15');

INSERT INTO EP_g VALUES (3619, 'quantity', '1');

INSERT INTO EP_g VALUES (3619, 'review_score', '2');

INSERT INTO E_g VALUES (3620, 214, 478, 'bought');

INSERT INTO EP_g VALUES (3620, 'date', '2024-03-12');

INSERT INTO EP_g VALUES (3620, 'quantity', '1');

INSERT INTO EP_g VALUES (3620, 'review_score', '4');

INSERT INTO E_g VALUES (3621, 214, 488, 'bought');

INSERT INTO EP_g VALUES (3621, 'date', '2024-08-28');

INSERT INTO EP_g VALUES (3621, 'quantity', '3');

INSERT INTO EP_g VALUES (3621, 'review_score', '5');

INSERT INTO E_g VALUES (3622, 215, 408, 'bought');

INSERT INTO EP_g VALUES (3622, 'date', '2024-03-28');

INSERT INTO EP_g VALUES (3622, 'quantity', '1');

INSERT INTO EP_g VALUES (3622, 'review_score', '3');

INSERT INTO E_g VALUES (3623, 215, 422, 'bought');

INSERT INTO EP_g VALUES (3623, 'date', '2024-05-16');

INSERT INTO EP_g VALUES (3623, 'quantity', '3');

INSERT INTO EP_g VALUES (3623, 'review_score', '1');

INSERT INTO E_g VALUES (3624, 215, 414, 'bought');

INSERT INTO EP_g VALUES (3624, 'date', '2024-04-12');

INSERT INTO EP_g VALUES (3624, 'quantity', '2');

INSERT INTO EP_g VALUES (3624, 'review_score', '2');

INSERT INTO E_g VALUES (3625, 215, 423, 'bought');

INSERT INTO EP_g VALUES (3625, 'date', '2024-03-03');

INSERT INTO EP_g VALUES (3625, 'quantity', '1');

INSERT INTO EP_g VALUES (3625, 'review_score', '5');

INSERT INTO E_g VALUES (3626, 215, 410, 'bought');

INSERT INTO EP_g VALUES (3626, 'date', '2024-07-08');

INSERT INTO EP_g VALUES (3626, 'quantity', '1');

INSERT INTO EP_g VALUES (3626, 'review_score', '1');

INSERT INTO E_g VALUES (3627, 216, 487, 'bought');

INSERT INTO EP_g VALUES (3627, 'date', '2024-05-16');

INSERT INTO EP_g VALUES (3627, 'quantity', '3');

INSERT INTO EP_g VALUES (3627, 'review_score', '1');

INSERT INTO E_g VALUES (3628, 217, 412, 'bought');

INSERT INTO EP_g VALUES (3628, 'date', '2024-01-22');

INSERT INTO EP_g VALUES (3628, 'quantity', '1');

INSERT INTO EP_g VALUES (3628, 'review_score', '5');

INSERT INTO E_g VALUES (3629, 217, 446, 'bought');

INSERT INTO EP_g VALUES (3629, 'date', '2024-09-25');

INSERT INTO EP_g VALUES (3629, 'quantity', '1');

INSERT INTO EP_g VALUES (3629, 'review_score', '2');

INSERT INTO E_g VALUES (3630, 217, 467, 'bought');

INSERT INTO EP_g VALUES (3630, 'date', '2024-01-07');

INSERT INTO EP_g VALUES (3630, 'quantity', '3');

INSERT INTO EP_g VALUES (3630, 'review_score', '3');

INSERT INTO E_g VALUES (3631, 217, 437, 'bought');

INSERT INTO EP_g VALUES (3631, 'date', '2024-04-18');

INSERT INTO EP_g VALUES (3631, 'quantity', '1');

INSERT INTO EP_g VALUES (3631, 'review_score', '4');

INSERT INTO E_g VALUES (3632, 218, 492, 'bought');

INSERT INTO EP_g VALUES (3632, 'date', '2024-03-02');

INSERT INTO EP_g VALUES (3632, 'quantity', '1');

INSERT INTO EP_g VALUES (3632, 'review_score', '4');

INSERT INTO E_g VALUES (3633, 218, 456, 'bought');

INSERT INTO EP_g VALUES (3633, 'date', '2024-12-06');

INSERT INTO EP_g VALUES (3633, 'quantity', '1');

INSERT INTO EP_g VALUES (3633, 'review_score', '1');

INSERT INTO E_g VALUES (3634, 218, 500, 'bought');

INSERT INTO EP_g VALUES (3634, 'date', '2024-06-28');

INSERT INTO EP_g VALUES (3634, 'quantity', '3');

INSERT INTO EP_g VALUES (3634, 'review_score', '1');

INSERT INTO E_g VALUES (3635, 219, 454, 'bought');

INSERT INTO EP_g VALUES (3635, 'date', '2024-11-17');

INSERT INTO EP_g VALUES (3635, 'quantity', '3');

INSERT INTO EP_g VALUES (3635, 'review_score', '1');

INSERT INTO E_g VALUES (3636, 219, 431, 'bought');

INSERT INTO EP_g VALUES (3636, 'date', '2024-07-18');

INSERT INTO EP_g VALUES (3636, 'quantity', '2');

INSERT INTO EP_g VALUES (3636, 'review_score', '1');

INSERT INTO E_g VALUES (3637, 220, 414, 'bought');

INSERT INTO EP_g VALUES (3637, 'date', '2024-08-02');

INSERT INTO EP_g VALUES (3637, 'quantity', '3');

INSERT INTO EP_g VALUES (3637, 'review_score', '4');

INSERT INTO E_g VALUES (3638, 220, 452, 'bought');

INSERT INTO EP_g VALUES (3638, 'date', '2024-11-01');

INSERT INTO EP_g VALUES (3638, 'quantity', '1');

INSERT INTO EP_g VALUES (3638, 'review_score', '2');

INSERT INTO E_g VALUES (3639, 220, 408, 'bought');

INSERT INTO EP_g VALUES (3639, 'date', '2024-01-08');

INSERT INTO EP_g VALUES (3639, 'quantity', '2');

INSERT INTO EP_g VALUES (3639, 'review_score', '1');

INSERT INTO E_g VALUES (3640, 221, 462, 'bought');

INSERT INTO EP_g VALUES (3640, 'date', '2024-01-15');

INSERT INTO EP_g VALUES (3640, 'quantity', '1');

INSERT INTO EP_g VALUES (3640, 'review_score', '4');

INSERT INTO E_g VALUES (3641, 221, 494, 'bought');

INSERT INTO EP_g VALUES (3641, 'date', '2024-08-14');

INSERT INTO EP_g VALUES (3641, 'quantity', '3');

INSERT INTO EP_g VALUES (3641, 'review_score', '4');

INSERT INTO E_g VALUES (3642, 221, 481, 'bought');

INSERT INTO EP_g VALUES (3642, 'date', '2024-01-13');

INSERT INTO EP_g VALUES (3642, 'quantity', '2');

INSERT INTO EP_g VALUES (3642, 'review_score', '1');

INSERT INTO E_g VALUES (3643, 221, 458, 'bought');

INSERT INTO EP_g VALUES (3643, 'date', '2024-08-06');

INSERT INTO EP_g VALUES (3643, 'quantity', '1');

INSERT INTO EP_g VALUES (3643, 'review_score', '1');

INSERT INTO E_g VALUES (3644, 222, 478, 'bought');

INSERT INTO EP_g VALUES (3644, 'date', '2024-01-15');

INSERT INTO EP_g VALUES (3644, 'quantity', '3');

INSERT INTO EP_g VALUES (3644, 'review_score', '1');

INSERT INTO E_g VALUES (3645, 222, 454, 'bought');

INSERT INTO EP_g VALUES (3645, 'date', '2024-02-05');

INSERT INTO EP_g VALUES (3645, 'quantity', '1');

INSERT INTO EP_g VALUES (3645, 'review_score', '2');

INSERT INTO E_g VALUES (3646, 222, 415, 'bought');

INSERT INTO EP_g VALUES (3646, 'date', '2024-11-28');

INSERT INTO EP_g VALUES (3646, 'quantity', '2');

INSERT INTO EP_g VALUES (3646, 'review_score', '1');

INSERT INTO E_g VALUES (3647, 223, 484, 'bought');

INSERT INTO EP_g VALUES (3647, 'date', '2024-04-11');

INSERT INTO EP_g VALUES (3647, 'quantity', '3');

INSERT INTO EP_g VALUES (3647, 'review_score', '5');

INSERT INTO E_g VALUES (3648, 223, 498, 'bought');

INSERT INTO EP_g VALUES (3648, 'date', '2024-03-11');

INSERT INTO EP_g VALUES (3648, 'quantity', '3');

INSERT INTO EP_g VALUES (3648, 'review_score', '3');

INSERT INTO E_g VALUES (3649, 223, 402, 'bought');

INSERT INTO EP_g VALUES (3649, 'date', '2024-12-16');

INSERT INTO EP_g VALUES (3649, 'quantity', '1');

INSERT INTO EP_g VALUES (3649, 'review_score', '3');

INSERT INTO E_g VALUES (3650, 224, 465, 'bought');

INSERT INTO EP_g VALUES (3650, 'date', '2024-09-20');

INSERT INTO EP_g VALUES (3650, 'quantity', '1');

INSERT INTO EP_g VALUES (3650, 'review_score', '1');

INSERT INTO E_g VALUES (3651, 224, 499, 'bought');

INSERT INTO EP_g VALUES (3651, 'date', '2024-03-05');

INSERT INTO EP_g VALUES (3651, 'quantity', '3');

INSERT INTO EP_g VALUES (3651, 'review_score', '1');

INSERT INTO E_g VALUES (3652, 224, 475, 'bought');

INSERT INTO EP_g VALUES (3652, 'date', '2024-01-22');

INSERT INTO EP_g VALUES (3652, 'quantity', '3');

INSERT INTO EP_g VALUES (3652, 'review_score', '5');

INSERT INTO E_g VALUES (3653, 225, 418, 'bought');

INSERT INTO EP_g VALUES (3653, 'date', '2024-03-25');

INSERT INTO EP_g VALUES (3653, 'quantity', '1');

INSERT INTO EP_g VALUES (3653, 'review_score', '2');

INSERT INTO E_g VALUES (3654, 226, 448, 'bought');

INSERT INTO EP_g VALUES (3654, 'date', '2024-05-20');

INSERT INTO EP_g VALUES (3654, 'quantity', '2');

INSERT INTO EP_g VALUES (3654, 'review_score', '5');

INSERT INTO E_g VALUES (3655, 226, 491, 'bought');

INSERT INTO EP_g VALUES (3655, 'date', '2024-01-07');

INSERT INTO EP_g VALUES (3655, 'quantity', '3');

INSERT INTO EP_g VALUES (3655, 'review_score', '5');

INSERT INTO E_g VALUES (3656, 226, 468, 'bought');

INSERT INTO EP_g VALUES (3656, 'date', '2024-11-18');

INSERT INTO EP_g VALUES (3656, 'quantity', '1');

INSERT INTO EP_g VALUES (3656, 'review_score', '4');

INSERT INTO E_g VALUES (3657, 226, 455, 'bought');

INSERT INTO EP_g VALUES (3657, 'date', '2024-08-24');

INSERT INTO EP_g VALUES (3657, 'quantity', '1');

INSERT INTO EP_g VALUES (3657, 'review_score', '5');

INSERT INTO E_g VALUES (3658, 226, 452, 'bought');

INSERT INTO EP_g VALUES (3658, 'date', '2024-10-18');

INSERT INTO EP_g VALUES (3658, 'quantity', '1');

INSERT INTO EP_g VALUES (3658, 'review_score', '4');

INSERT INTO E_g VALUES (3659, 227, 483, 'bought');

INSERT INTO EP_g VALUES (3659, 'date', '2024-09-20');

INSERT INTO EP_g VALUES (3659, 'quantity', '1');

INSERT INTO EP_g VALUES (3659, 'review_score', '4');

INSERT INTO E_g VALUES (3660, 227, 439, 'bought');

INSERT INTO EP_g VALUES (3660, 'date', '2024-06-02');

INSERT INTO EP_g VALUES (3660, 'quantity', '2');

INSERT INTO EP_g VALUES (3660, 'review_score', '4');

INSERT INTO E_g VALUES (3661, 227, 469, 'bought');

INSERT INTO EP_g VALUES (3661, 'date', '2024-06-02');

INSERT INTO EP_g VALUES (3661, 'quantity', '1');

INSERT INTO EP_g VALUES (3661, 'review_score', '2');

INSERT INTO E_g VALUES (3662, 227, 448, 'bought');

INSERT INTO EP_g VALUES (3662, 'date', '2024-04-10');

INSERT INTO EP_g VALUES (3662, 'quantity', '3');

INSERT INTO EP_g VALUES (3662, 'review_score', '4');

INSERT INTO E_g VALUES (3663, 227, 474, 'bought');

INSERT INTO EP_g VALUES (3663, 'date', '2024-10-01');

INSERT INTO EP_g VALUES (3663, 'quantity', '1');

INSERT INTO EP_g VALUES (3663, 'review_score', '2');

INSERT INTO E_g VALUES (3664, 228, 491, 'bought');

INSERT INTO EP_g VALUES (3664, 'date', '2024-03-25');

INSERT INTO EP_g VALUES (3664, 'quantity', '2');

INSERT INTO EP_g VALUES (3664, 'review_score', '2');

INSERT INTO E_g VALUES (3665, 228, 429, 'bought');

INSERT INTO EP_g VALUES (3665, 'date', '2024-12-23');

INSERT INTO EP_g VALUES (3665, 'quantity', '2');

INSERT INTO EP_g VALUES (3665, 'review_score', '5');

INSERT INTO E_g VALUES (3666, 228, 462, 'bought');

INSERT INTO EP_g VALUES (3666, 'date', '2024-02-28');

INSERT INTO EP_g VALUES (3666, 'quantity', '2');

INSERT INTO EP_g VALUES (3666, 'review_score', '1');

INSERT INTO E_g VALUES (3667, 228, 465, 'bought');

INSERT INTO EP_g VALUES (3667, 'date', '2024-06-09');

INSERT INTO EP_g VALUES (3667, 'quantity', '1');

INSERT INTO EP_g VALUES (3667, 'review_score', '3');

INSERT INTO E_g VALUES (3668, 229, 427, 'bought');

INSERT INTO EP_g VALUES (3668, 'date', '2024-04-05');

INSERT INTO EP_g VALUES (3668, 'quantity', '3');

INSERT INTO EP_g VALUES (3668, 'review_score', '4');

INSERT INTO E_g VALUES (3669, 230, 451, 'bought');

INSERT INTO EP_g VALUES (3669, 'date', '2024-01-04');

INSERT INTO EP_g VALUES (3669, 'quantity', '3');

INSERT INTO EP_g VALUES (3669, 'review_score', '3');

INSERT INTO E_g VALUES (3670, 230, 469, 'bought');

INSERT INTO EP_g VALUES (3670, 'date', '2024-07-24');

INSERT INTO EP_g VALUES (3670, 'quantity', '3');

INSERT INTO EP_g VALUES (3670, 'review_score', '5');

INSERT INTO E_g VALUES (3671, 231, 434, 'bought');

INSERT INTO EP_g VALUES (3671, 'date', '2024-06-21');

INSERT INTO EP_g VALUES (3671, 'quantity', '2');

INSERT INTO EP_g VALUES (3671, 'review_score', '3');

INSERT INTO E_g VALUES (3672, 231, 404, 'bought');

INSERT INTO EP_g VALUES (3672, 'date', '2024-11-06');

INSERT INTO EP_g VALUES (3672, 'quantity', '3');

INSERT INTO EP_g VALUES (3672, 'review_score', '1');

INSERT INTO E_g VALUES (3673, 231, 428, 'bought');

INSERT INTO EP_g VALUES (3673, 'date', '2024-09-17');

INSERT INTO EP_g VALUES (3673, 'quantity', '2');

INSERT INTO EP_g VALUES (3673, 'review_score', '2');

INSERT INTO E_g VALUES (3674, 231, 491, 'bought');

INSERT INTO EP_g VALUES (3674, 'date', '2024-08-09');

INSERT INTO EP_g VALUES (3674, 'quantity', '2');

INSERT INTO EP_g VALUES (3674, 'review_score', '5');

INSERT INTO E_g VALUES (3675, 232, 495, 'bought');

INSERT INTO EP_g VALUES (3675, 'date', '2024-07-20');

INSERT INTO EP_g VALUES (3675, 'quantity', '2');

INSERT INTO EP_g VALUES (3675, 'review_score', '4');

INSERT INTO E_g VALUES (3676, 233, 402, 'bought');

INSERT INTO EP_g VALUES (3676, 'date', '2024-09-13');

INSERT INTO EP_g VALUES (3676, 'quantity', '2');

INSERT INTO EP_g VALUES (3676, 'review_score', '5');

INSERT INTO E_g VALUES (3677, 233, 472, 'bought');

INSERT INTO EP_g VALUES (3677, 'date', '2024-10-09');

INSERT INTO EP_g VALUES (3677, 'quantity', '1');

INSERT INTO EP_g VALUES (3677, 'review_score', '4');

INSERT INTO E_g VALUES (3678, 233, 452, 'bought');

INSERT INTO EP_g VALUES (3678, 'date', '2024-12-15');

INSERT INTO EP_g VALUES (3678, 'quantity', '3');

INSERT INTO EP_g VALUES (3678, 'review_score', '5');

INSERT INTO E_g VALUES (3679, 233, 443, 'bought');

INSERT INTO EP_g VALUES (3679, 'date', '2024-08-23');

INSERT INTO EP_g VALUES (3679, 'quantity', '3');

INSERT INTO EP_g VALUES (3679, 'review_score', '5');

INSERT INTO E_g VALUES (3680, 234, 405, 'bought');

INSERT INTO EP_g VALUES (3680, 'date', '2024-06-20');

INSERT INTO EP_g VALUES (3680, 'quantity', '2');

INSERT INTO EP_g VALUES (3680, 'review_score', '1');

INSERT INTO E_g VALUES (3681, 235, 417, 'bought');

INSERT INTO EP_g VALUES (3681, 'date', '2024-04-19');

INSERT INTO EP_g VALUES (3681, 'quantity', '2');

INSERT INTO EP_g VALUES (3681, 'review_score', '3');

INSERT INTO E_g VALUES (3682, 235, 445, 'bought');

INSERT INTO EP_g VALUES (3682, 'date', '2024-08-03');

INSERT INTO EP_g VALUES (3682, 'quantity', '2');

INSERT INTO EP_g VALUES (3682, 'review_score', '3');

INSERT INTO E_g VALUES (3683, 235, 474, 'bought');

INSERT INTO EP_g VALUES (3683, 'date', '2024-07-27');

INSERT INTO EP_g VALUES (3683, 'quantity', '1');

INSERT INTO EP_g VALUES (3683, 'review_score', '1');

INSERT INTO E_g VALUES (3684, 236, 436, 'bought');

INSERT INTO EP_g VALUES (3684, 'date', '2024-10-22');

INSERT INTO EP_g VALUES (3684, 'quantity', '3');

INSERT INTO EP_g VALUES (3684, 'review_score', '5');

INSERT INTO E_g VALUES (3685, 237, 438, 'bought');

INSERT INTO EP_g VALUES (3685, 'date', '2024-06-09');

INSERT INTO EP_g VALUES (3685, 'quantity', '3');

INSERT INTO EP_g VALUES (3685, 'review_score', '2');

INSERT INTO E_g VALUES (3686, 237, 484, 'bought');

INSERT INTO EP_g VALUES (3686, 'date', '2024-03-19');

INSERT INTO EP_g VALUES (3686, 'quantity', '1');

INSERT INTO EP_g VALUES (3686, 'review_score', '1');

INSERT INTO E_g VALUES (3687, 237, 403, 'bought');

INSERT INTO EP_g VALUES (3687, 'date', '2024-10-28');

INSERT INTO EP_g VALUES (3687, 'quantity', '1');

INSERT INTO EP_g VALUES (3687, 'review_score', '1');

INSERT INTO E_g VALUES (3688, 238, 429, 'bought');

INSERT INTO EP_g VALUES (3688, 'date', '2024-03-17');

INSERT INTO EP_g VALUES (3688, 'quantity', '3');

INSERT INTO EP_g VALUES (3688, 'review_score', '4');

INSERT INTO E_g VALUES (3689, 238, 451, 'bought');

INSERT INTO EP_g VALUES (3689, 'date', '2024-11-02');

INSERT INTO EP_g VALUES (3689, 'quantity', '1');

INSERT INTO EP_g VALUES (3689, 'review_score', '4');

INSERT INTO E_g VALUES (3690, 238, 437, 'bought');

INSERT INTO EP_g VALUES (3690, 'date', '2024-12-01');

INSERT INTO EP_g VALUES (3690, 'quantity', '2');

INSERT INTO EP_g VALUES (3690, 'review_score', '5');

INSERT INTO E_g VALUES (3691, 239, 412, 'bought');

INSERT INTO EP_g VALUES (3691, 'date', '2024-02-06');

INSERT INTO EP_g VALUES (3691, 'quantity', '2');

INSERT INTO EP_g VALUES (3691, 'review_score', '1');

INSERT INTO E_g VALUES (3692, 239, 404, 'bought');

INSERT INTO EP_g VALUES (3692, 'date', '2024-03-08');

INSERT INTO EP_g VALUES (3692, 'quantity', '2');

INSERT INTO EP_g VALUES (3692, 'review_score', '2');

INSERT INTO E_g VALUES (3693, 239, 402, 'bought');

INSERT INTO EP_g VALUES (3693, 'date', '2024-06-01');

INSERT INTO EP_g VALUES (3693, 'quantity', '1');

INSERT INTO EP_g VALUES (3693, 'review_score', '5');

INSERT INTO E_g VALUES (3694, 239, 433, 'bought');

INSERT INTO EP_g VALUES (3694, 'date', '2024-05-08');

INSERT INTO EP_g VALUES (3694, 'quantity', '2');

INSERT INTO EP_g VALUES (3694, 'review_score', '3');

INSERT INTO E_g VALUES (3695, 239, 463, 'bought');

INSERT INTO EP_g VALUES (3695, 'date', '2024-12-09');

INSERT INTO EP_g VALUES (3695, 'quantity', '2');

INSERT INTO EP_g VALUES (3695, 'review_score', '2');

INSERT INTO E_g VALUES (3696, 240, 478, 'bought');

INSERT INTO EP_g VALUES (3696, 'date', '2024-02-19');

INSERT INTO EP_g VALUES (3696, 'quantity', '1');

INSERT INTO EP_g VALUES (3696, 'review_score', '3');

INSERT INTO E_g VALUES (3697, 240, 437, 'bought');

INSERT INTO EP_g VALUES (3697, 'date', '2024-10-03');

INSERT INTO EP_g VALUES (3697, 'quantity', '2');

INSERT INTO EP_g VALUES (3697, 'review_score', '4');

INSERT INTO E_g VALUES (3698, 241, 478, 'bought');

INSERT INTO EP_g VALUES (3698, 'date', '2024-10-21');

INSERT INTO EP_g VALUES (3698, 'quantity', '3');

INSERT INTO EP_g VALUES (3698, 'review_score', '4');

INSERT INTO E_g VALUES (3699, 241, 447, 'bought');

INSERT INTO EP_g VALUES (3699, 'date', '2024-04-01');

INSERT INTO EP_g VALUES (3699, 'quantity', '1');

INSERT INTO EP_g VALUES (3699, 'review_score', '4');

INSERT INTO E_g VALUES (3700, 241, 443, 'bought');

INSERT INTO EP_g VALUES (3700, 'date', '2024-02-14');

INSERT INTO EP_g VALUES (3700, 'quantity', '3');

INSERT INTO EP_g VALUES (3700, 'review_score', '4');

INSERT INTO E_g VALUES (3701, 241, 423, 'bought');

INSERT INTO EP_g VALUES (3701, 'date', '2024-03-27');

INSERT INTO EP_g VALUES (3701, 'quantity', '2');

INSERT INTO EP_g VALUES (3701, 'review_score', '3');

INSERT INTO E_g VALUES (3702, 241, 438, 'bought');

INSERT INTO EP_g VALUES (3702, 'date', '2024-10-23');

INSERT INTO EP_g VALUES (3702, 'quantity', '2');

INSERT INTO EP_g VALUES (3702, 'review_score', '2');

INSERT INTO E_g VALUES (3703, 242, 454, 'bought');

INSERT INTO EP_g VALUES (3703, 'date', '2024-09-06');

INSERT INTO EP_g VALUES (3703, 'quantity', '1');

INSERT INTO EP_g VALUES (3703, 'review_score', '1');

INSERT INTO E_g VALUES (3704, 242, 402, 'bought');

INSERT INTO EP_g VALUES (3704, 'date', '2024-02-26');

INSERT INTO EP_g VALUES (3704, 'quantity', '3');

INSERT INTO EP_g VALUES (3704, 'review_score', '2');

INSERT INTO E_g VALUES (3705, 242, 462, 'bought');

INSERT INTO EP_g VALUES (3705, 'date', '2024-12-09');

INSERT INTO EP_g VALUES (3705, 'quantity', '2');

INSERT INTO EP_g VALUES (3705, 'review_score', '3');

INSERT INTO E_g VALUES (3706, 242, 417, 'bought');

INSERT INTO EP_g VALUES (3706, 'date', '2024-02-05');

INSERT INTO EP_g VALUES (3706, 'quantity', '1');

INSERT INTO EP_g VALUES (3706, 'review_score', '1');

INSERT INTO E_g VALUES (3707, 242, 490, 'bought');

INSERT INTO EP_g VALUES (3707, 'date', '2024-01-22');

INSERT INTO EP_g VALUES (3707, 'quantity', '2');

INSERT INTO EP_g VALUES (3707, 'review_score', '2');

INSERT INTO E_g VALUES (3708, 243, 402, 'bought');

INSERT INTO EP_g VALUES (3708, 'date', '2024-12-17');

INSERT INTO EP_g VALUES (3708, 'quantity', '2');

INSERT INTO EP_g VALUES (3708, 'review_score', '5');

INSERT INTO E_g VALUES (3709, 243, 434, 'bought');

INSERT INTO EP_g VALUES (3709, 'date', '2024-05-07');

INSERT INTO EP_g VALUES (3709, 'quantity', '1');

INSERT INTO EP_g VALUES (3709, 'review_score', '3');

INSERT INTO E_g VALUES (3710, 244, 481, 'bought');

INSERT INTO EP_g VALUES (3710, 'date', '2024-12-28');

INSERT INTO EP_g VALUES (3710, 'quantity', '2');

INSERT INTO EP_g VALUES (3710, 'review_score', '4');

INSERT INTO E_g VALUES (3711, 244, 402, 'bought');

INSERT INTO EP_g VALUES (3711, 'date', '2024-05-08');

INSERT INTO EP_g VALUES (3711, 'quantity', '1');

INSERT INTO EP_g VALUES (3711, 'review_score', '4');

INSERT INTO E_g VALUES (3712, 245, 434, 'bought');

INSERT INTO EP_g VALUES (3712, 'date', '2024-09-08');

INSERT INTO EP_g VALUES (3712, 'quantity', '1');

INSERT INTO EP_g VALUES (3712, 'review_score', '2');

INSERT INTO E_g VALUES (3713, 246, 458, 'bought');

INSERT INTO EP_g VALUES (3713, 'date', '2024-08-23');

INSERT INTO EP_g VALUES (3713, 'quantity', '2');

INSERT INTO EP_g VALUES (3713, 'review_score', '4');

INSERT INTO E_g VALUES (3714, 246, 438, 'bought');

INSERT INTO EP_g VALUES (3714, 'date', '2024-04-21');

INSERT INTO EP_g VALUES (3714, 'quantity', '3');

INSERT INTO EP_g VALUES (3714, 'review_score', '3');

INSERT INTO E_g VALUES (3715, 247, 415, 'bought');

INSERT INTO EP_g VALUES (3715, 'date', '2024-04-05');

INSERT INTO EP_g VALUES (3715, 'quantity', '2');

INSERT INTO EP_g VALUES (3715, 'review_score', '4');

INSERT INTO E_g VALUES (3716, 247, 436, 'bought');

INSERT INTO EP_g VALUES (3716, 'date', '2024-11-23');

INSERT INTO EP_g VALUES (3716, 'quantity', '3');

INSERT INTO EP_g VALUES (3716, 'review_score', '5');

INSERT INTO E_g VALUES (3717, 248, 476, 'bought');

INSERT INTO EP_g VALUES (3717, 'date', '2024-11-17');

INSERT INTO EP_g VALUES (3717, 'quantity', '1');

INSERT INTO EP_g VALUES (3717, 'review_score', '2');

INSERT INTO E_g VALUES (3718, 248, 431, 'bought');

INSERT INTO EP_g VALUES (3718, 'date', '2024-09-11');

INSERT INTO EP_g VALUES (3718, 'quantity', '2');

INSERT INTO EP_g VALUES (3718, 'review_score', '3');

INSERT INTO E_g VALUES (3719, 249, 435, 'bought');

INSERT INTO EP_g VALUES (3719, 'date', '2024-07-13');

INSERT INTO EP_g VALUES (3719, 'quantity', '2');

INSERT INTO EP_g VALUES (3719, 'review_score', '4');

INSERT INTO E_g VALUES (3720, 249, 417, 'bought');

INSERT INTO EP_g VALUES (3720, 'date', '2024-01-12');

INSERT INTO EP_g VALUES (3720, 'quantity', '3');

INSERT INTO EP_g VALUES (3720, 'review_score', '1');

INSERT INTO E_g VALUES (3721, 249, 442, 'bought');

INSERT INTO EP_g VALUES (3721, 'date', '2024-09-26');

INSERT INTO EP_g VALUES (3721, 'quantity', '3');

INSERT INTO EP_g VALUES (3721, 'review_score', '3');

INSERT INTO E_g VALUES (3722, 249, 481, 'bought');

INSERT INTO EP_g VALUES (3722, 'date', '2024-10-28');

INSERT INTO EP_g VALUES (3722, 'quantity', '1');

INSERT INTO EP_g VALUES (3722, 'review_score', '4');

INSERT INTO E_g VALUES (3723, 249, 477, 'bought');

INSERT INTO EP_g VALUES (3723, 'date', '2024-10-27');

INSERT INTO EP_g VALUES (3723, 'quantity', '3');

INSERT INTO EP_g VALUES (3723, 'review_score', '2');

INSERT INTO E_g VALUES (3724, 250, 460, 'bought');

INSERT INTO EP_g VALUES (3724, 'date', '2024-02-16');

INSERT INTO EP_g VALUES (3724, 'quantity', '1');

INSERT INTO EP_g VALUES (3724, 'review_score', '5');

INSERT INTO E_g VALUES (3725, 250, 500, 'bought');

INSERT INTO EP_g VALUES (3725, 'date', '2024-10-04');

INSERT INTO EP_g VALUES (3725, 'quantity', '1');

INSERT INTO EP_g VALUES (3725, 'review_score', '5');

INSERT INTO E_g VALUES (3726, 251, 419, 'bought');

INSERT INTO EP_g VALUES (3726, 'date', '2024-09-22');

INSERT INTO EP_g VALUES (3726, 'quantity', '1');

INSERT INTO EP_g VALUES (3726, 'review_score', '1');

INSERT INTO E_g VALUES (3727, 251, 401, 'bought');

INSERT INTO EP_g VALUES (3727, 'date', '2024-09-16');

INSERT INTO EP_g VALUES (3727, 'quantity', '1');

INSERT INTO EP_g VALUES (3727, 'review_score', '4');

INSERT INTO E_g VALUES (3728, 251, 500, 'bought');

INSERT INTO EP_g VALUES (3728, 'date', '2024-10-03');

INSERT INTO EP_g VALUES (3728, 'quantity', '1');

INSERT INTO EP_g VALUES (3728, 'review_score', '4');

INSERT INTO E_g VALUES (3729, 252, 456, 'bought');

INSERT INTO EP_g VALUES (3729, 'date', '2024-04-10');

INSERT INTO EP_g VALUES (3729, 'quantity', '3');

INSERT INTO EP_g VALUES (3729, 'review_score', '1');

INSERT INTO E_g VALUES (3730, 253, 477, 'bought');

INSERT INTO EP_g VALUES (3730, 'date', '2024-07-16');

INSERT INTO EP_g VALUES (3730, 'quantity', '3');

INSERT INTO EP_g VALUES (3730, 'review_score', '4');

INSERT INTO E_g VALUES (3731, 253, 489, 'bought');

INSERT INTO EP_g VALUES (3731, 'date', '2024-08-15');

INSERT INTO EP_g VALUES (3731, 'quantity', '2');

INSERT INTO EP_g VALUES (3731, 'review_score', '3');

INSERT INTO E_g VALUES (3732, 254, 411, 'bought');

INSERT INTO EP_g VALUES (3732, 'date', '2024-07-12');

INSERT INTO EP_g VALUES (3732, 'quantity', '2');

INSERT INTO EP_g VALUES (3732, 'review_score', '5');

INSERT INTO E_g VALUES (3733, 255, 494, 'bought');

INSERT INTO EP_g VALUES (3733, 'date', '2024-03-16');

INSERT INTO EP_g VALUES (3733, 'quantity', '3');

INSERT INTO EP_g VALUES (3733, 'review_score', '1');

INSERT INTO E_g VALUES (3734, 256, 496, 'bought');

INSERT INTO EP_g VALUES (3734, 'date', '2024-04-25');

INSERT INTO EP_g VALUES (3734, 'quantity', '2');

INSERT INTO EP_g VALUES (3734, 'review_score', '3');

INSERT INTO E_g VALUES (3735, 256, 484, 'bought');

INSERT INTO EP_g VALUES (3735, 'date', '2024-02-17');

INSERT INTO EP_g VALUES (3735, 'quantity', '1');

INSERT INTO EP_g VALUES (3735, 'review_score', '3');

INSERT INTO E_g VALUES (3736, 256, 477, 'bought');

INSERT INTO EP_g VALUES (3736, 'date', '2024-01-27');

INSERT INTO EP_g VALUES (3736, 'quantity', '3');

INSERT INTO EP_g VALUES (3736, 'review_score', '2');

INSERT INTO E_g VALUES (3737, 256, 475, 'bought');

INSERT INTO EP_g VALUES (3737, 'date', '2024-03-21');

INSERT INTO EP_g VALUES (3737, 'quantity', '3');

INSERT INTO EP_g VALUES (3737, 'review_score', '4');

INSERT INTO E_g VALUES (3738, 257, 419, 'bought');

INSERT INTO EP_g VALUES (3738, 'date', '2024-07-05');

INSERT INTO EP_g VALUES (3738, 'quantity', '2');

INSERT INTO EP_g VALUES (3738, 'review_score', '4');

INSERT INTO E_g VALUES (3739, 257, 472, 'bought');

INSERT INTO EP_g VALUES (3739, 'date', '2024-05-03');

INSERT INTO EP_g VALUES (3739, 'quantity', '2');

INSERT INTO EP_g VALUES (3739, 'review_score', '4');

INSERT INTO E_g VALUES (3740, 257, 423, 'bought');

INSERT INTO EP_g VALUES (3740, 'date', '2024-02-16');

INSERT INTO EP_g VALUES (3740, 'quantity', '1');

INSERT INTO EP_g VALUES (3740, 'review_score', '3');

INSERT INTO E_g VALUES (3741, 257, 500, 'bought');

INSERT INTO EP_g VALUES (3741, 'date', '2024-10-25');

INSERT INTO EP_g VALUES (3741, 'quantity', '3');

INSERT INTO EP_g VALUES (3741, 'review_score', '5');

INSERT INTO E_g VALUES (3742, 257, 450, 'bought');

INSERT INTO EP_g VALUES (3742, 'date', '2024-03-07');

INSERT INTO EP_g VALUES (3742, 'quantity', '3');

INSERT INTO EP_g VALUES (3742, 'review_score', '1');

INSERT INTO E_g VALUES (3743, 258, 421, 'bought');

INSERT INTO EP_g VALUES (3743, 'date', '2024-02-08');

INSERT INTO EP_g VALUES (3743, 'quantity', '3');

INSERT INTO EP_g VALUES (3743, 'review_score', '3');

INSERT INTO E_g VALUES (3744, 258, 423, 'bought');

INSERT INTO EP_g VALUES (3744, 'date', '2024-06-24');

INSERT INTO EP_g VALUES (3744, 'quantity', '2');

INSERT INTO EP_g VALUES (3744, 'review_score', '1');

INSERT INTO E_g VALUES (3745, 258, 456, 'bought');

INSERT INTO EP_g VALUES (3745, 'date', '2024-03-03');

INSERT INTO EP_g VALUES (3745, 'quantity', '1');

INSERT INTO EP_g VALUES (3745, 'review_score', '3');

INSERT INTO E_g VALUES (3746, 258, 420, 'bought');

INSERT INTO EP_g VALUES (3746, 'date', '2024-12-02');

INSERT INTO EP_g VALUES (3746, 'quantity', '2');

INSERT INTO EP_g VALUES (3746, 'review_score', '4');

INSERT INTO E_g VALUES (3747, 259, 483, 'bought');

INSERT INTO EP_g VALUES (3747, 'date', '2024-07-04');

INSERT INTO EP_g VALUES (3747, 'quantity', '3');

INSERT INTO EP_g VALUES (3747, 'review_score', '5');

INSERT INTO E_g VALUES (3748, 259, 469, 'bought');

INSERT INTO EP_g VALUES (3748, 'date', '2024-07-09');

INSERT INTO EP_g VALUES (3748, 'quantity', '3');

INSERT INTO EP_g VALUES (3748, 'review_score', '2');

INSERT INTO E_g VALUES (3749, 259, 420, 'bought');

INSERT INTO EP_g VALUES (3749, 'date', '2024-11-15');

INSERT INTO EP_g VALUES (3749, 'quantity', '3');

INSERT INTO EP_g VALUES (3749, 'review_score', '5');

INSERT INTO E_g VALUES (3750, 259, 414, 'bought');

INSERT INTO EP_g VALUES (3750, 'date', '2024-12-02');

INSERT INTO EP_g VALUES (3750, 'quantity', '2');

INSERT INTO EP_g VALUES (3750, 'review_score', '3');

INSERT INTO E_g VALUES (3751, 260, 423, 'bought');

INSERT INTO EP_g VALUES (3751, 'date', '2024-08-04');

INSERT INTO EP_g VALUES (3751, 'quantity', '2');

INSERT INTO EP_g VALUES (3751, 'review_score', '4');

INSERT INTO E_g VALUES (3752, 260, 447, 'bought');

INSERT INTO EP_g VALUES (3752, 'date', '2024-10-28');

INSERT INTO EP_g VALUES (3752, 'quantity', '1');

INSERT INTO EP_g VALUES (3752, 'review_score', '1');

INSERT INTO E_g VALUES (3753, 261, 493, 'bought');

INSERT INTO EP_g VALUES (3753, 'date', '2024-10-07');

INSERT INTO EP_g VALUES (3753, 'quantity', '1');

INSERT INTO EP_g VALUES (3753, 'review_score', '2');

INSERT INTO E_g VALUES (3754, 261, 497, 'bought');

INSERT INTO EP_g VALUES (3754, 'date', '2024-09-17');

INSERT INTO EP_g VALUES (3754, 'quantity', '2');

INSERT INTO EP_g VALUES (3754, 'review_score', '2');

INSERT INTO E_g VALUES (3755, 261, 416, 'bought');

INSERT INTO EP_g VALUES (3755, 'date', '2024-12-25');

INSERT INTO EP_g VALUES (3755, 'quantity', '3');

INSERT INTO EP_g VALUES (3755, 'review_score', '1');

INSERT INTO E_g VALUES (3756, 261, 424, 'bought');

INSERT INTO EP_g VALUES (3756, 'date', '2024-06-20');

INSERT INTO EP_g VALUES (3756, 'quantity', '2');

INSERT INTO EP_g VALUES (3756, 'review_score', '4');

INSERT INTO E_g VALUES (3757, 262, 419, 'bought');

INSERT INTO EP_g VALUES (3757, 'date', '2024-09-23');

INSERT INTO EP_g VALUES (3757, 'quantity', '2');

INSERT INTO EP_g VALUES (3757, 'review_score', '1');

INSERT INTO E_g VALUES (3758, 262, 433, 'bought');

INSERT INTO EP_g VALUES (3758, 'date', '2024-09-21');

INSERT INTO EP_g VALUES (3758, 'quantity', '1');

INSERT INTO EP_g VALUES (3758, 'review_score', '3');

INSERT INTO E_g VALUES (3759, 262, 417, 'bought');

INSERT INTO EP_g VALUES (3759, 'date', '2024-02-21');

INSERT INTO EP_g VALUES (3759, 'quantity', '2');

INSERT INTO EP_g VALUES (3759, 'review_score', '3');

INSERT INTO E_g VALUES (3760, 262, 455, 'bought');

INSERT INTO EP_g VALUES (3760, 'date', '2024-05-26');

INSERT INTO EP_g VALUES (3760, 'quantity', '1');

INSERT INTO EP_g VALUES (3760, 'review_score', '5');

INSERT INTO E_g VALUES (3761, 262, 434, 'bought');

INSERT INTO EP_g VALUES (3761, 'date', '2024-10-14');

INSERT INTO EP_g VALUES (3761, 'quantity', '3');

INSERT INTO EP_g VALUES (3761, 'review_score', '1');

INSERT INTO E_g VALUES (3762, 263, 427, 'bought');

INSERT INTO EP_g VALUES (3762, 'date', '2024-06-27');

INSERT INTO EP_g VALUES (3762, 'quantity', '3');

INSERT INTO EP_g VALUES (3762, 'review_score', '1');

INSERT INTO E_g VALUES (3763, 263, 404, 'bought');

INSERT INTO EP_g VALUES (3763, 'date', '2024-08-02');

INSERT INTO EP_g VALUES (3763, 'quantity', '3');

INSERT INTO EP_g VALUES (3763, 'review_score', '5');

INSERT INTO E_g VALUES (3764, 264, 483, 'bought');

INSERT INTO EP_g VALUES (3764, 'date', '2024-05-17');

INSERT INTO EP_g VALUES (3764, 'quantity', '3');

INSERT INTO EP_g VALUES (3764, 'review_score', '5');

INSERT INTO E_g VALUES (3765, 264, 408, 'bought');

INSERT INTO EP_g VALUES (3765, 'date', '2024-02-22');

INSERT INTO EP_g VALUES (3765, 'quantity', '1');

INSERT INTO EP_g VALUES (3765, 'review_score', '2');

INSERT INTO E_g VALUES (3766, 264, 424, 'bought');

INSERT INTO EP_g VALUES (3766, 'date', '2024-12-04');

INSERT INTO EP_g VALUES (3766, 'quantity', '2');

INSERT INTO EP_g VALUES (3766, 'review_score', '3');

INSERT INTO E_g VALUES (3767, 264, 451, 'bought');

INSERT INTO EP_g VALUES (3767, 'date', '2024-01-26');

INSERT INTO EP_g VALUES (3767, 'quantity', '1');

INSERT INTO EP_g VALUES (3767, 'review_score', '5');

INSERT INTO E_g VALUES (3768, 264, 427, 'bought');

INSERT INTO EP_g VALUES (3768, 'date', '2024-12-13');

INSERT INTO EP_g VALUES (3768, 'quantity', '3');

INSERT INTO EP_g VALUES (3768, 'review_score', '1');

INSERT INTO E_g VALUES (3769, 265, 432, 'bought');

INSERT INTO EP_g VALUES (3769, 'date', '2024-03-10');

INSERT INTO EP_g VALUES (3769, 'quantity', '1');

INSERT INTO EP_g VALUES (3769, 'review_score', '1');

INSERT INTO E_g VALUES (3770, 265, 500, 'bought');

INSERT INTO EP_g VALUES (3770, 'date', '2024-07-26');

INSERT INTO EP_g VALUES (3770, 'quantity', '3');

INSERT INTO EP_g VALUES (3770, 'review_score', '5');

INSERT INTO E_g VALUES (3771, 265, 429, 'bought');

INSERT INTO EP_g VALUES (3771, 'date', '2024-03-12');

INSERT INTO EP_g VALUES (3771, 'quantity', '2');

INSERT INTO EP_g VALUES (3771, 'review_score', '3');

INSERT INTO E_g VALUES (3772, 265, 448, 'bought');

INSERT INTO EP_g VALUES (3772, 'date', '2024-01-11');

INSERT INTO EP_g VALUES (3772, 'quantity', '1');

INSERT INTO EP_g VALUES (3772, 'review_score', '3');

INSERT INTO E_g VALUES (3773, 265, 451, 'bought');

INSERT INTO EP_g VALUES (3773, 'date', '2024-05-19');

INSERT INTO EP_g VALUES (3773, 'quantity', '3');

INSERT INTO EP_g VALUES (3773, 'review_score', '4');

INSERT INTO E_g VALUES (3774, 266, 450, 'bought');

INSERT INTO EP_g VALUES (3774, 'date', '2024-02-25');

INSERT INTO EP_g VALUES (3774, 'quantity', '2');

INSERT INTO EP_g VALUES (3774, 'review_score', '3');

INSERT INTO E_g VALUES (3775, 266, 459, 'bought');

INSERT INTO EP_g VALUES (3775, 'date', '2024-12-03');

INSERT INTO EP_g VALUES (3775, 'quantity', '1');

INSERT INTO EP_g VALUES (3775, 'review_score', '1');

INSERT INTO E_g VALUES (3776, 266, 456, 'bought');

INSERT INTO EP_g VALUES (3776, 'date', '2024-05-09');

INSERT INTO EP_g VALUES (3776, 'quantity', '1');

INSERT INTO EP_g VALUES (3776, 'review_score', '4');

INSERT INTO E_g VALUES (3777, 266, 405, 'bought');

INSERT INTO EP_g VALUES (3777, 'date', '2024-01-24');

INSERT INTO EP_g VALUES (3777, 'quantity', '1');

INSERT INTO EP_g VALUES (3777, 'review_score', '1');

INSERT INTO E_g VALUES (3778, 266, 499, 'bought');

INSERT INTO EP_g VALUES (3778, 'date', '2024-11-20');

INSERT INTO EP_g VALUES (3778, 'quantity', '3');

INSERT INTO EP_g VALUES (3778, 'review_score', '3');

INSERT INTO E_g VALUES (3779, 267, 481, 'bought');

INSERT INTO EP_g VALUES (3779, 'date', '2024-12-18');

INSERT INTO EP_g VALUES (3779, 'quantity', '1');

INSERT INTO EP_g VALUES (3779, 'review_score', '5');

INSERT INTO E_g VALUES (3780, 267, 478, 'bought');

INSERT INTO EP_g VALUES (3780, 'date', '2024-09-26');

INSERT INTO EP_g VALUES (3780, 'quantity', '3');

INSERT INTO EP_g VALUES (3780, 'review_score', '2');

INSERT INTO E_g VALUES (3781, 268, 451, 'bought');

INSERT INTO EP_g VALUES (3781, 'date', '2024-12-13');

INSERT INTO EP_g VALUES (3781, 'quantity', '3');

INSERT INTO EP_g VALUES (3781, 'review_score', '3');

INSERT INTO E_g VALUES (3782, 269, 431, 'bought');

INSERT INTO EP_g VALUES (3782, 'date', '2024-05-14');

INSERT INTO EP_g VALUES (3782, 'quantity', '2');

INSERT INTO EP_g VALUES (3782, 'review_score', '3');

INSERT INTO E_g VALUES (3783, 269, 432, 'bought');

INSERT INTO EP_g VALUES (3783, 'date', '2024-08-16');

INSERT INTO EP_g VALUES (3783, 'quantity', '3');

INSERT INTO EP_g VALUES (3783, 'review_score', '3');

INSERT INTO E_g VALUES (3784, 269, 494, 'bought');

INSERT INTO EP_g VALUES (3784, 'date', '2024-08-08');

INSERT INTO EP_g VALUES (3784, 'quantity', '3');

INSERT INTO EP_g VALUES (3784, 'review_score', '1');

INSERT INTO E_g VALUES (3785, 269, 444, 'bought');

INSERT INTO EP_g VALUES (3785, 'date', '2024-12-25');

INSERT INTO EP_g VALUES (3785, 'quantity', '2');

INSERT INTO EP_g VALUES (3785, 'review_score', '2');

INSERT INTO E_g VALUES (3786, 270, 476, 'bought');

INSERT INTO EP_g VALUES (3786, 'date', '2024-07-25');

INSERT INTO EP_g VALUES (3786, 'quantity', '2');

INSERT INTO EP_g VALUES (3786, 'review_score', '2');

INSERT INTO E_g VALUES (3787, 271, 405, 'bought');

INSERT INTO EP_g VALUES (3787, 'date', '2024-09-05');

INSERT INTO EP_g VALUES (3787, 'quantity', '3');

INSERT INTO EP_g VALUES (3787, 'review_score', '1');

INSERT INTO E_g VALUES (3788, 271, 427, 'bought');

INSERT INTO EP_g VALUES (3788, 'date', '2024-11-11');

INSERT INTO EP_g VALUES (3788, 'quantity', '1');

INSERT INTO EP_g VALUES (3788, 'review_score', '5');

INSERT INTO E_g VALUES (3789, 271, 457, 'bought');

INSERT INTO EP_g VALUES (3789, 'date', '2024-02-03');

INSERT INTO EP_g VALUES (3789, 'quantity', '2');

INSERT INTO EP_g VALUES (3789, 'review_score', '2');

INSERT INTO E_g VALUES (3790, 271, 433, 'bought');

INSERT INTO EP_g VALUES (3790, 'date', '2024-09-20');

INSERT INTO EP_g VALUES (3790, 'quantity', '3');

INSERT INTO EP_g VALUES (3790, 'review_score', '2');

INSERT INTO E_g VALUES (3791, 271, 469, 'bought');

INSERT INTO EP_g VALUES (3791, 'date', '2024-09-18');

INSERT INTO EP_g VALUES (3791, 'quantity', '1');

INSERT INTO EP_g VALUES (3791, 'review_score', '3');

INSERT INTO E_g VALUES (3792, 272, 451, 'bought');

INSERT INTO EP_g VALUES (3792, 'date', '2024-11-28');

INSERT INTO EP_g VALUES (3792, 'quantity', '3');

INSERT INTO EP_g VALUES (3792, 'review_score', '5');

INSERT INTO E_g VALUES (3793, 273, 421, 'bought');

INSERT INTO EP_g VALUES (3793, 'date', '2024-06-15');

INSERT INTO EP_g VALUES (3793, 'quantity', '2');

INSERT INTO EP_g VALUES (3793, 'review_score', '3');

INSERT INTO E_g VALUES (3794, 273, 427, 'bought');

INSERT INTO EP_g VALUES (3794, 'date', '2024-04-09');

INSERT INTO EP_g VALUES (3794, 'quantity', '1');

INSERT INTO EP_g VALUES (3794, 'review_score', '3');

INSERT INTO E_g VALUES (3795, 274, 476, 'bought');

INSERT INTO EP_g VALUES (3795, 'date', '2024-02-28');

INSERT INTO EP_g VALUES (3795, 'quantity', '1');

INSERT INTO EP_g VALUES (3795, 'review_score', '5');

INSERT INTO E_g VALUES (3796, 274, 435, 'bought');

INSERT INTO EP_g VALUES (3796, 'date', '2024-08-08');

INSERT INTO EP_g VALUES (3796, 'quantity', '2');

INSERT INTO EP_g VALUES (3796, 'review_score', '4');

INSERT INTO E_g VALUES (3797, 275, 448, 'bought');

INSERT INTO EP_g VALUES (3797, 'date', '2024-10-04');

INSERT INTO EP_g VALUES (3797, 'quantity', '1');

INSERT INTO EP_g VALUES (3797, 'review_score', '4');

INSERT INTO E_g VALUES (3798, 275, 465, 'bought');

INSERT INTO EP_g VALUES (3798, 'date', '2024-06-14');

INSERT INTO EP_g VALUES (3798, 'quantity', '3');

INSERT INTO EP_g VALUES (3798, 'review_score', '3');

INSERT INTO E_g VALUES (3799, 275, 453, 'bought');

INSERT INTO EP_g VALUES (3799, 'date', '2024-02-27');

INSERT INTO EP_g VALUES (3799, 'quantity', '1');

INSERT INTO EP_g VALUES (3799, 'review_score', '5');

INSERT INTO E_g VALUES (3800, 275, 466, 'bought');

INSERT INTO EP_g VALUES (3800, 'date', '2024-07-24');

INSERT INTO EP_g VALUES (3800, 'quantity', '3');

INSERT INTO EP_g VALUES (3800, 'review_score', '3');

INSERT INTO E_g VALUES (3801, 276, 489, 'bought');

INSERT INTO EP_g VALUES (3801, 'date', '2024-01-06');

INSERT INTO EP_g VALUES (3801, 'quantity', '3');

INSERT INTO EP_g VALUES (3801, 'review_score', '2');

INSERT INTO E_g VALUES (3802, 276, 484, 'bought');

INSERT INTO EP_g VALUES (3802, 'date', '2024-07-16');

INSERT INTO EP_g VALUES (3802, 'quantity', '1');

INSERT INTO EP_g VALUES (3802, 'review_score', '5');

INSERT INTO E_g VALUES (3803, 276, 480, 'bought');

INSERT INTO EP_g VALUES (3803, 'date', '2024-04-28');

INSERT INTO EP_g VALUES (3803, 'quantity', '3');

INSERT INTO EP_g VALUES (3803, 'review_score', '5');

INSERT INTO E_g VALUES (3804, 277, 469, 'bought');

INSERT INTO EP_g VALUES (3804, 'date', '2024-11-28');

INSERT INTO EP_g VALUES (3804, 'quantity', '2');

INSERT INTO EP_g VALUES (3804, 'review_score', '3');

INSERT INTO E_g VALUES (3805, 277, 494, 'bought');

INSERT INTO EP_g VALUES (3805, 'date', '2024-11-13');

INSERT INTO EP_g VALUES (3805, 'quantity', '2');

INSERT INTO EP_g VALUES (3805, 'review_score', '3');

INSERT INTO E_g VALUES (3806, 278, 438, 'bought');

INSERT INTO EP_g VALUES (3806, 'date', '2024-12-08');

INSERT INTO EP_g VALUES (3806, 'quantity', '1');

INSERT INTO EP_g VALUES (3806, 'review_score', '1');

INSERT INTO E_g VALUES (3807, 278, 452, 'bought');

INSERT INTO EP_g VALUES (3807, 'date', '2024-10-12');

INSERT INTO EP_g VALUES (3807, 'quantity', '3');

INSERT INTO EP_g VALUES (3807, 'review_score', '3');

INSERT INTO E_g VALUES (3808, 278, 419, 'bought');

INSERT INTO EP_g VALUES (3808, 'date', '2024-04-01');

INSERT INTO EP_g VALUES (3808, 'quantity', '1');

INSERT INTO EP_g VALUES (3808, 'review_score', '4');

INSERT INTO E_g VALUES (3809, 279, 443, 'bought');

INSERT INTO EP_g VALUES (3809, 'date', '2024-08-05');

INSERT INTO EP_g VALUES (3809, 'quantity', '1');

INSERT INTO EP_g VALUES (3809, 'review_score', '3');

INSERT INTO E_g VALUES (3810, 279, 473, 'bought');

INSERT INTO EP_g VALUES (3810, 'date', '2024-01-10');

INSERT INTO EP_g VALUES (3810, 'quantity', '1');

INSERT INTO EP_g VALUES (3810, 'review_score', '1');

INSERT INTO E_g VALUES (3811, 280, 446, 'bought');

INSERT INTO EP_g VALUES (3811, 'date', '2024-08-08');

INSERT INTO EP_g VALUES (3811, 'quantity', '2');

INSERT INTO EP_g VALUES (3811, 'review_score', '3');

INSERT INTO E_g VALUES (3812, 280, 441, 'bought');

INSERT INTO EP_g VALUES (3812, 'date', '2024-06-11');

INSERT INTO EP_g VALUES (3812, 'quantity', '2');

INSERT INTO EP_g VALUES (3812, 'review_score', '3');

INSERT INTO E_g VALUES (3813, 280, 488, 'bought');

INSERT INTO EP_g VALUES (3813, 'date', '2024-10-21');

INSERT INTO EP_g VALUES (3813, 'quantity', '2');

INSERT INTO EP_g VALUES (3813, 'review_score', '3');

INSERT INTO E_g VALUES (3814, 280, 442, 'bought');

INSERT INTO EP_g VALUES (3814, 'date', '2024-06-11');

INSERT INTO EP_g VALUES (3814, 'quantity', '2');

INSERT INTO EP_g VALUES (3814, 'review_score', '3');

INSERT INTO E_g VALUES (3815, 281, 403, 'bought');

INSERT INTO EP_g VALUES (3815, 'date', '2024-02-27');

INSERT INTO EP_g VALUES (3815, 'quantity', '3');

INSERT INTO EP_g VALUES (3815, 'review_score', '1');

INSERT INTO E_g VALUES (3816, 281, 427, 'bought');

INSERT INTO EP_g VALUES (3816, 'date', '2024-02-16');

INSERT INTO EP_g VALUES (3816, 'quantity', '1');

INSERT INTO EP_g VALUES (3816, 'review_score', '2');

INSERT INTO E_g VALUES (3817, 281, 441, 'bought');

INSERT INTO EP_g VALUES (3817, 'date', '2024-09-15');

INSERT INTO EP_g VALUES (3817, 'quantity', '3');

INSERT INTO EP_g VALUES (3817, 'review_score', '5');

INSERT INTO E_g VALUES (3818, 282, 469, 'bought');

INSERT INTO EP_g VALUES (3818, 'date', '2024-12-20');

INSERT INTO EP_g VALUES (3818, 'quantity', '1');

INSERT INTO EP_g VALUES (3818, 'review_score', '5');

INSERT INTO E_g VALUES (3819, 283, 459, 'bought');

INSERT INTO EP_g VALUES (3819, 'date', '2024-11-03');

INSERT INTO EP_g VALUES (3819, 'quantity', '3');

INSERT INTO EP_g VALUES (3819, 'review_score', '2');

INSERT INTO E_g VALUES (3820, 283, 459, 'bought');

INSERT INTO EP_g VALUES (3820, 'date', '2024-08-01');

INSERT INTO EP_g VALUES (3820, 'quantity', '1');

INSERT INTO EP_g VALUES (3820, 'review_score', '3');

INSERT INTO E_g VALUES (3821, 283, 423, 'bought');

INSERT INTO EP_g VALUES (3821, 'date', '2024-06-20');

INSERT INTO EP_g VALUES (3821, 'quantity', '3');

INSERT INTO EP_g VALUES (3821, 'review_score', '3');

INSERT INTO E_g VALUES (3822, 283, 435, 'bought');

INSERT INTO EP_g VALUES (3822, 'date', '2024-11-11');

INSERT INTO EP_g VALUES (3822, 'quantity', '3');

INSERT INTO EP_g VALUES (3822, 'review_score', '1');

INSERT INTO E_g VALUES (3823, 283, 409, 'bought');

INSERT INTO EP_g VALUES (3823, 'date', '2024-05-04');

INSERT INTO EP_g VALUES (3823, 'quantity', '2');

INSERT INTO EP_g VALUES (3823, 'review_score', '1');

INSERT INTO E_g VALUES (3824, 284, 417, 'bought');

INSERT INTO EP_g VALUES (3824, 'date', '2024-04-28');

INSERT INTO EP_g VALUES (3824, 'quantity', '1');

INSERT INTO EP_g VALUES (3824, 'review_score', '5');

INSERT INTO E_g VALUES (3825, 284, 458, 'bought');

INSERT INTO EP_g VALUES (3825, 'date', '2024-08-19');

INSERT INTO EP_g VALUES (3825, 'quantity', '1');

INSERT INTO EP_g VALUES (3825, 'review_score', '5');

INSERT INTO E_g VALUES (3826, 284, 424, 'bought');

INSERT INTO EP_g VALUES (3826, 'date', '2024-07-02');

INSERT INTO EP_g VALUES (3826, 'quantity', '3');

INSERT INTO EP_g VALUES (3826, 'review_score', '1');

INSERT INTO E_g VALUES (3827, 284, 456, 'bought');

INSERT INTO EP_g VALUES (3827, 'date', '2024-10-07');

INSERT INTO EP_g VALUES (3827, 'quantity', '2');

INSERT INTO EP_g VALUES (3827, 'review_score', '1');

INSERT INTO E_g VALUES (3828, 285, 486, 'bought');

INSERT INTO EP_g VALUES (3828, 'date', '2024-10-02');

INSERT INTO EP_g VALUES (3828, 'quantity', '2');

INSERT INTO EP_g VALUES (3828, 'review_score', '4');

INSERT INTO E_g VALUES (3829, 286, 460, 'bought');

INSERT INTO EP_g VALUES (3829, 'date', '2024-06-06');

INSERT INTO EP_g VALUES (3829, 'quantity', '2');

INSERT INTO EP_g VALUES (3829, 'review_score', '3');

INSERT INTO E_g VALUES (3830, 286, 494, 'bought');

INSERT INTO EP_g VALUES (3830, 'date', '2024-02-08');

INSERT INTO EP_g VALUES (3830, 'quantity', '3');

INSERT INTO EP_g VALUES (3830, 'review_score', '2');

INSERT INTO E_g VALUES (3831, 286, 487, 'bought');

INSERT INTO EP_g VALUES (3831, 'date', '2024-10-15');

INSERT INTO EP_g VALUES (3831, 'quantity', '1');

INSERT INTO EP_g VALUES (3831, 'review_score', '1');

INSERT INTO E_g VALUES (3832, 286, 464, 'bought');

INSERT INTO EP_g VALUES (3832, 'date', '2024-05-23');

INSERT INTO EP_g VALUES (3832, 'quantity', '1');

INSERT INTO EP_g VALUES (3832, 'review_score', '2');

INSERT INTO E_g VALUES (3833, 286, 491, 'bought');

INSERT INTO EP_g VALUES (3833, 'date', '2024-10-14');

INSERT INTO EP_g VALUES (3833, 'quantity', '3');

INSERT INTO EP_g VALUES (3833, 'review_score', '2');

INSERT INTO E_g VALUES (3834, 287, 497, 'bought');

INSERT INTO EP_g VALUES (3834, 'date', '2024-10-10');

INSERT INTO EP_g VALUES (3834, 'quantity', '1');

INSERT INTO EP_g VALUES (3834, 'review_score', '5');

INSERT INTO E_g VALUES (3835, 288, 466, 'bought');

INSERT INTO EP_g VALUES (3835, 'date', '2024-04-10');

INSERT INTO EP_g VALUES (3835, 'quantity', '2');

INSERT INTO EP_g VALUES (3835, 'review_score', '2');

INSERT INTO E_g VALUES (3836, 289, 455, 'bought');

INSERT INTO EP_g VALUES (3836, 'date', '2024-08-10');

INSERT INTO EP_g VALUES (3836, 'quantity', '3');

INSERT INTO EP_g VALUES (3836, 'review_score', '2');

INSERT INTO E_g VALUES (3837, 289, 489, 'bought');

INSERT INTO EP_g VALUES (3837, 'date', '2024-06-03');

INSERT INTO EP_g VALUES (3837, 'quantity', '1');

INSERT INTO EP_g VALUES (3837, 'review_score', '4');

INSERT INTO E_g VALUES (3838, 289, 412, 'bought');

INSERT INTO EP_g VALUES (3838, 'date', '2024-05-12');

INSERT INTO EP_g VALUES (3838, 'quantity', '1');

INSERT INTO EP_g VALUES (3838, 'review_score', '4');

INSERT INTO E_g VALUES (3839, 290, 466, 'bought');

INSERT INTO EP_g VALUES (3839, 'date', '2024-11-15');

INSERT INTO EP_g VALUES (3839, 'quantity', '1');

INSERT INTO EP_g VALUES (3839, 'review_score', '2');

INSERT INTO E_g VALUES (3840, 290, 429, 'bought');

INSERT INTO EP_g VALUES (3840, 'date', '2024-12-22');

INSERT INTO EP_g VALUES (3840, 'quantity', '3');

INSERT INTO EP_g VALUES (3840, 'review_score', '3');

INSERT INTO E_g VALUES (3841, 290, 465, 'bought');

INSERT INTO EP_g VALUES (3841, 'date', '2024-11-22');

INSERT INTO EP_g VALUES (3841, 'quantity', '1');

INSERT INTO EP_g VALUES (3841, 'review_score', '2');

INSERT INTO E_g VALUES (3842, 291, 456, 'bought');

INSERT INTO EP_g VALUES (3842, 'date', '2024-07-26');

INSERT INTO EP_g VALUES (3842, 'quantity', '1');

INSERT INTO EP_g VALUES (3842, 'review_score', '1');

INSERT INTO E_g VALUES (3843, 291, 497, 'bought');

INSERT INTO EP_g VALUES (3843, 'date', '2024-03-01');

INSERT INTO EP_g VALUES (3843, 'quantity', '3');

INSERT INTO EP_g VALUES (3843, 'review_score', '5');

INSERT INTO E_g VALUES (3844, 291, 480, 'bought');

INSERT INTO EP_g VALUES (3844, 'date', '2024-02-26');

INSERT INTO EP_g VALUES (3844, 'quantity', '2');

INSERT INTO EP_g VALUES (3844, 'review_score', '3');

INSERT INTO E_g VALUES (3845, 291, 452, 'bought');

INSERT INTO EP_g VALUES (3845, 'date', '2024-03-05');

INSERT INTO EP_g VALUES (3845, 'quantity', '2');

INSERT INTO EP_g VALUES (3845, 'review_score', '1');

INSERT INTO E_g VALUES (3846, 292, 486, 'bought');

INSERT INTO EP_g VALUES (3846, 'date', '2024-04-20');

INSERT INTO EP_g VALUES (3846, 'quantity', '3');

INSERT INTO EP_g VALUES (3846, 'review_score', '5');

INSERT INTO E_g VALUES (3847, 293, 432, 'bought');

INSERT INTO EP_g VALUES (3847, 'date', '2024-11-03');

INSERT INTO EP_g VALUES (3847, 'quantity', '3');

INSERT INTO EP_g VALUES (3847, 'review_score', '1');

INSERT INTO E_g VALUES (3848, 294, 478, 'bought');

INSERT INTO EP_g VALUES (3848, 'date', '2024-02-22');

INSERT INTO EP_g VALUES (3848, 'quantity', '2');

INSERT INTO EP_g VALUES (3848, 'review_score', '3');

INSERT INTO E_g VALUES (3849, 294, 454, 'bought');

INSERT INTO EP_g VALUES (3849, 'date', '2024-01-12');

INSERT INTO EP_g VALUES (3849, 'quantity', '1');

INSERT INTO EP_g VALUES (3849, 'review_score', '3');

INSERT INTO E_g VALUES (3850, 294, 433, 'bought');

INSERT INTO EP_g VALUES (3850, 'date', '2024-06-28');

INSERT INTO EP_g VALUES (3850, 'quantity', '1');

INSERT INTO EP_g VALUES (3850, 'review_score', '1');

INSERT INTO E_g VALUES (3851, 295, 411, 'bought');

INSERT INTO EP_g VALUES (3851, 'date', '2024-02-28');

INSERT INTO EP_g VALUES (3851, 'quantity', '2');

INSERT INTO EP_g VALUES (3851, 'review_score', '1');

INSERT INTO E_g VALUES (3852, 295, 499, 'bought');

INSERT INTO EP_g VALUES (3852, 'date', '2024-05-06');

INSERT INTO EP_g VALUES (3852, 'quantity', '3');

INSERT INTO EP_g VALUES (3852, 'review_score', '1');

INSERT INTO E_g VALUES (3853, 295, 440, 'bought');

INSERT INTO EP_g VALUES (3853, 'date', '2024-06-02');

INSERT INTO EP_g VALUES (3853, 'quantity', '1');

INSERT INTO EP_g VALUES (3853, 'review_score', '3');

INSERT INTO E_g VALUES (3854, 295, 424, 'bought');

INSERT INTO EP_g VALUES (3854, 'date', '2024-07-24');

INSERT INTO EP_g VALUES (3854, 'quantity', '3');

INSERT INTO EP_g VALUES (3854, 'review_score', '3');

INSERT INTO E_g VALUES (3855, 295, 424, 'bought');

INSERT INTO EP_g VALUES (3855, 'date', '2024-08-05');

INSERT INTO EP_g VALUES (3855, 'quantity', '2');

INSERT INTO EP_g VALUES (3855, 'review_score', '2');

INSERT INTO E_g VALUES (3856, 296, 442, 'bought');

INSERT INTO EP_g VALUES (3856, 'date', '2024-11-12');

INSERT INTO EP_g VALUES (3856, 'quantity', '1');

INSERT INTO EP_g VALUES (3856, 'review_score', '3');

INSERT INTO E_g VALUES (3857, 296, 478, 'bought');

INSERT INTO EP_g VALUES (3857, 'date', '2024-01-09');

INSERT INTO EP_g VALUES (3857, 'quantity', '1');

INSERT INTO EP_g VALUES (3857, 'review_score', '3');

INSERT INTO E_g VALUES (3858, 297, 448, 'bought');

INSERT INTO EP_g VALUES (3858, 'date', '2024-12-04');

INSERT INTO EP_g VALUES (3858, 'quantity', '1');

INSERT INTO EP_g VALUES (3858, 'review_score', '2');

INSERT INTO E_g VALUES (3859, 297, 429, 'bought');

INSERT INTO EP_g VALUES (3859, 'date', '2024-04-25');

INSERT INTO EP_g VALUES (3859, 'quantity', '3');

INSERT INTO EP_g VALUES (3859, 'review_score', '3');

INSERT INTO E_g VALUES (3860, 298, 489, 'bought');

INSERT INTO EP_g VALUES (3860, 'date', '2024-12-22');

INSERT INTO EP_g VALUES (3860, 'quantity', '2');

INSERT INTO EP_g VALUES (3860, 'review_score', '4');

INSERT INTO E_g VALUES (3861, 299, 485, 'bought');

INSERT INTO EP_g VALUES (3861, 'date', '2024-06-11');

INSERT INTO EP_g VALUES (3861, 'quantity', '3');

INSERT INTO EP_g VALUES (3861, 'review_score', '2');

INSERT INTO E_g VALUES (3862, 299, 463, 'bought');

INSERT INTO EP_g VALUES (3862, 'date', '2024-12-02');

INSERT INTO EP_g VALUES (3862, 'quantity', '3');

INSERT INTO EP_g VALUES (3862, 'review_score', '2');

INSERT INTO E_g VALUES (3863, 299, 483, 'bought');

INSERT INTO EP_g VALUES (3863, 'date', '2024-05-09');

INSERT INTO EP_g VALUES (3863, 'quantity', '3');

INSERT INTO EP_g VALUES (3863, 'review_score', '1');

INSERT INTO E_g VALUES (3864, 299, 431, 'bought');

INSERT INTO EP_g VALUES (3864, 'date', '2024-06-21');

INSERT INTO EP_g VALUES (3864, 'quantity', '1');

INSERT INTO EP_g VALUES (3864, 'review_score', '4');

INSERT INTO E_g VALUES (3865, 299, 467, 'bought');

INSERT INTO EP_g VALUES (3865, 'date', '2024-07-16');

INSERT INTO EP_g VALUES (3865, 'quantity', '1');

INSERT INTO EP_g VALUES (3865, 'review_score', '1');

INSERT INTO E_g VALUES (3866, 300, 435, 'bought');

INSERT INTO EP_g VALUES (3866, 'date', '2024-06-15');

INSERT INTO EP_g VALUES (3866, 'quantity', '2');

INSERT INTO EP_g VALUES (3866, 'review_score', '5');

INSERT INTO E_g VALUES (3867, 300, 445, 'bought');

INSERT INTO EP_g VALUES (3867, 'date', '2024-06-17');

INSERT INTO EP_g VALUES (3867, 'quantity', '1');

INSERT INTO EP_g VALUES (3867, 'review_score', '2');

INSERT INTO E_g VALUES (3868, 300, 421, 'bought');

INSERT INTO EP_g VALUES (3868, 'date', '2024-11-17');

INSERT INTO EP_g VALUES (3868, 'quantity', '1');

INSERT INTO EP_g VALUES (3868, 'review_score', '4');

INSERT INTO E_g VALUES (3869, 301, 476, 'produces');

INSERT INTO EP_g VALUES (3869, 'since', '2024');

INSERT INTO EP_g VALUES (3869, 'volume', '8623');

INSERT INTO E_g VALUES (3870, 301, 458, 'produces');

INSERT INTO EP_g VALUES (3870, 'since', '2024');

INSERT INTO EP_g VALUES (3870, 'volume', '2904');

INSERT INTO E_g VALUES (3871, 302, 440, 'produces');

INSERT INTO EP_g VALUES (3871, 'since', '2020');

INSERT INTO EP_g VALUES (3871, 'volume', '5144');

INSERT INTO E_g VALUES (3872, 302, 486, 'produces');

INSERT INTO EP_g VALUES (3872, 'since', '2015');

INSERT INTO EP_g VALUES (3872, 'volume', '4932');

INSERT INTO E_g VALUES (3873, 302, 481, 'produces');

INSERT INTO EP_g VALUES (3873, 'since', '2017');

INSERT INTO EP_g VALUES (3873, 'volume', '5647');

INSERT INTO E_g VALUES (3874, 302, 469, 'produces');

INSERT INTO EP_g VALUES (3874, 'since', '2015');

INSERT INTO EP_g VALUES (3874, 'volume', '3470');

INSERT INTO E_g VALUES (3875, 302, 458, 'produces');

INSERT INTO EP_g VALUES (3875, 'since', '2024');

INSERT INTO EP_g VALUES (3875, 'volume', '5764');

INSERT INTO E_g VALUES (3876, 303, 441, 'produces');

INSERT INTO EP_g VALUES (3876, 'since', '2019');

INSERT INTO EP_g VALUES (3876, 'volume', '2452');

INSERT INTO E_g VALUES (3877, 303, 478, 'produces');

INSERT INTO EP_g VALUES (3877, 'since', '2017');

INSERT INTO EP_g VALUES (3877, 'volume', '6737');

INSERT INTO E_g VALUES (3878, 303, 468, 'produces');

INSERT INTO EP_g VALUES (3878, 'since', '2020');

INSERT INTO EP_g VALUES (3878, 'volume', '9586');

INSERT INTO E_g VALUES (3879, 303, 411, 'produces');

INSERT INTO EP_g VALUES (3879, 'since', '2017');

INSERT INTO EP_g VALUES (3879, 'volume', '3590');

INSERT INTO E_g VALUES (3880, 304, 416, 'produces');

INSERT INTO EP_g VALUES (3880, 'since', '2019');

INSERT INTO EP_g VALUES (3880, 'volume', '547');

INSERT INTO E_g VALUES (3881, 304, 491, 'produces');

INSERT INTO EP_g VALUES (3881, 'since', '2020');

INSERT INTO EP_g VALUES (3881, 'volume', '3202');

INSERT INTO E_g VALUES (3882, 304, 422, 'produces');

INSERT INTO EP_g VALUES (3882, 'since', '2024');

INSERT INTO EP_g VALUES (3882, 'volume', '1197');

INSERT INTO E_g VALUES (3883, 304, 497, 'produces');

INSERT INTO EP_g VALUES (3883, 'since', '2021');

INSERT INTO EP_g VALUES (3883, 'volume', '8923');

INSERT INTO E_g VALUES (3884, 305, 404, 'produces');

INSERT INTO EP_g VALUES (3884, 'since', '2019');

INSERT INTO EP_g VALUES (3884, 'volume', '5682');

INSERT INTO E_g VALUES (3885, 305, 449, 'produces');

INSERT INTO EP_g VALUES (3885, 'since', '2019');

INSERT INTO EP_g VALUES (3885, 'volume', '2605');

INSERT INTO E_g VALUES (3886, 305, 498, 'produces');

INSERT INTO EP_g VALUES (3886, 'since', '2024');

INSERT INTO EP_g VALUES (3886, 'volume', '5629');

INSERT INTO E_g VALUES (3887, 305, 436, 'produces');

INSERT INTO EP_g VALUES (3887, 'since', '2020');

INSERT INTO EP_g VALUES (3887, 'volume', '567');

INSERT INTO E_g VALUES (3888, 306, 450, 'produces');

INSERT INTO EP_g VALUES (3888, 'since', '2016');

INSERT INTO EP_g VALUES (3888, 'volume', '8078');

INSERT INTO E_g VALUES (3889, 306, 481, 'produces');

INSERT INTO EP_g VALUES (3889, 'since', '2016');

INSERT INTO EP_g VALUES (3889, 'volume', '1850');

INSERT INTO E_g VALUES (3890, 306, 483, 'produces');

INSERT INTO EP_g VALUES (3890, 'since', '2023');

INSERT INTO EP_g VALUES (3890, 'volume', '691');

INSERT INTO E_g VALUES (3891, 307, 444, 'produces');

INSERT INTO EP_g VALUES (3891, 'since', '2015');

INSERT INTO EP_g VALUES (3891, 'volume', '5037');

INSERT INTO E_g VALUES (3892, 307, 439, 'produces');

INSERT INTO EP_g VALUES (3892, 'since', '2024');

INSERT INTO EP_g VALUES (3892, 'volume', '7559');

INSERT INTO E_g VALUES (3893, 307, 455, 'produces');

INSERT INTO EP_g VALUES (3893, 'since', '2020');

INSERT INTO EP_g VALUES (3893, 'volume', '1313');

INSERT INTO E_g VALUES (3894, 307, 406, 'produces');

INSERT INTO EP_g VALUES (3894, 'since', '2021');

INSERT INTO EP_g VALUES (3894, 'volume', '2826');

INSERT INTO E_g VALUES (3895, 308, 415, 'produces');

INSERT INTO EP_g VALUES (3895, 'since', '2015');

INSERT INTO EP_g VALUES (3895, 'volume', '6494');

INSERT INTO E_g VALUES (3896, 308, 402, 'produces');

INSERT INTO EP_g VALUES (3896, 'since', '2021');

INSERT INTO EP_g VALUES (3896, 'volume', '6308');

INSERT INTO E_g VALUES (3897, 308, 466, 'produces');

INSERT INTO EP_g VALUES (3897, 'since', '2022');

INSERT INTO EP_g VALUES (3897, 'volume', '456');

INSERT INTO E_g VALUES (3898, 308, 415, 'produces');

INSERT INTO EP_g VALUES (3898, 'since', '2015');

INSERT INTO EP_g VALUES (3898, 'volume', '1809');

INSERT INTO E_g VALUES (3899, 309, 487, 'produces');

INSERT INTO EP_g VALUES (3899, 'since', '2020');

INSERT INTO EP_g VALUES (3899, 'volume', '5867');

INSERT INTO E_g VALUES (3900, 309, 429, 'produces');

INSERT INTO EP_g VALUES (3900, 'since', '2022');

INSERT INTO EP_g VALUES (3900, 'volume', '9072');

INSERT INTO E_g VALUES (3901, 310, 460, 'produces');

INSERT INTO EP_g VALUES (3901, 'since', '2022');

INSERT INTO EP_g VALUES (3901, 'volume', '3736');

INSERT INTO E_g VALUES (3902, 310, 420, 'produces');

INSERT INTO EP_g VALUES (3902, 'since', '2015');

INSERT INTO EP_g VALUES (3902, 'volume', '574');

INSERT INTO E_g VALUES (3903, 310, 465, 'produces');

INSERT INTO EP_g VALUES (3903, 'since', '2021');

INSERT INTO EP_g VALUES (3903, 'volume', '9601');

INSERT INTO E_g VALUES (3904, 310, 434, 'produces');

INSERT INTO EP_g VALUES (3904, 'since', '2022');

INSERT INTO EP_g VALUES (3904, 'volume', '9699');

INSERT INTO E_g VALUES (3905, 311, 446, 'produces');

INSERT INTO EP_g VALUES (3905, 'since', '2015');

INSERT INTO EP_g VALUES (3905, 'volume', '125');

INSERT INTO E_g VALUES (3906, 311, 424, 'produces');

INSERT INTO EP_g VALUES (3906, 'since', '2019');

INSERT INTO EP_g VALUES (3906, 'volume', '668');

INSERT INTO E_g VALUES (3907, 311, 408, 'produces');

INSERT INTO EP_g VALUES (3907, 'since', '2017');

INSERT INTO EP_g VALUES (3907, 'volume', '3209');

INSERT INTO E_g VALUES (3908, 311, 422, 'produces');

INSERT INTO EP_g VALUES (3908, 'since', '2024');

INSERT INTO EP_g VALUES (3908, 'volume', '2808');

INSERT INTO E_g VALUES (3909, 311, 478, 'produces');

INSERT INTO EP_g VALUES (3909, 'since', '2024');

INSERT INTO EP_g VALUES (3909, 'volume', '454');

INSERT INTO E_g VALUES (3910, 312, 425, 'produces');

INSERT INTO EP_g VALUES (3910, 'since', '2019');

INSERT INTO EP_g VALUES (3910, 'volume', '5373');

INSERT INTO E_g VALUES (3911, 313, 484, 'produces');

INSERT INTO EP_g VALUES (3911, 'since', '2023');

INSERT INTO EP_g VALUES (3911, 'volume', '4239');

INSERT INTO E_g VALUES (3912, 313, 497, 'produces');

INSERT INTO EP_g VALUES (3912, 'since', '2023');

INSERT INTO EP_g VALUES (3912, 'volume', '744');

INSERT INTO E_g VALUES (3913, 313, 456, 'produces');

INSERT INTO EP_g VALUES (3913, 'since', '2022');

INSERT INTO EP_g VALUES (3913, 'volume', '1282');

INSERT INTO E_g VALUES (3914, 313, 420, 'produces');

INSERT INTO EP_g VALUES (3914, 'since', '2018');

INSERT INTO EP_g VALUES (3914, 'volume', '2464');

INSERT INTO E_g VALUES (3915, 314, 446, 'produces');

INSERT INTO EP_g VALUES (3915, 'since', '2024');

INSERT INTO EP_g VALUES (3915, 'volume', '6022');

INSERT INTO E_g VALUES (3916, 315, 480, 'produces');

INSERT INTO EP_g VALUES (3916, 'since', '2022');

INSERT INTO EP_g VALUES (3916, 'volume', '6894');

INSERT INTO E_g VALUES (3917, 315, 452, 'produces');

INSERT INTO EP_g VALUES (3917, 'since', '2018');

INSERT INTO EP_g VALUES (3917, 'volume', '2890');

INSERT INTO E_g VALUES (3918, 315, 473, 'produces');

INSERT INTO EP_g VALUES (3918, 'since', '2024');

INSERT INTO EP_g VALUES (3918, 'volume', '1586');

INSERT INTO E_g VALUES (3919, 316, 420, 'produces');

INSERT INTO EP_g VALUES (3919, 'since', '2022');

INSERT INTO EP_g VALUES (3919, 'volume', '2189');

INSERT INTO E_g VALUES (3920, 316, 478, 'produces');

INSERT INTO EP_g VALUES (3920, 'since', '2018');

INSERT INTO EP_g VALUES (3920, 'volume', '2324');

INSERT INTO E_g VALUES (3921, 316, 465, 'produces');

INSERT INTO EP_g VALUES (3921, 'since', '2023');

INSERT INTO EP_g VALUES (3921, 'volume', '464');

INSERT INTO E_g VALUES (3922, 317, 405, 'produces');

INSERT INTO EP_g VALUES (3922, 'since', '2015');

INSERT INTO EP_g VALUES (3922, 'volume', '4533');

INSERT INTO E_g VALUES (3923, 317, 450, 'produces');

INSERT INTO EP_g VALUES (3923, 'since', '2017');

INSERT INTO EP_g VALUES (3923, 'volume', '2926');

INSERT INTO E_g VALUES (3924, 317, 462, 'produces');

INSERT INTO EP_g VALUES (3924, 'since', '2017');

INSERT INTO EP_g VALUES (3924, 'volume', '290');

INSERT INTO E_g VALUES (3925, 318, 495, 'produces');

INSERT INTO EP_g VALUES (3925, 'since', '2022');

INSERT INTO EP_g VALUES (3925, 'volume', '6491');

INSERT INTO E_g VALUES (3926, 318, 458, 'produces');

INSERT INTO EP_g VALUES (3926, 'since', '2018');

INSERT INTO EP_g VALUES (3926, 'volume', '1305');

INSERT INTO E_g VALUES (3927, 318, 415, 'produces');

INSERT INTO EP_g VALUES (3927, 'since', '2023');

INSERT INTO EP_g VALUES (3927, 'volume', '4628');

INSERT INTO E_g VALUES (3928, 319, 472, 'produces');

INSERT INTO EP_g VALUES (3928, 'since', '2019');

INSERT INTO EP_g VALUES (3928, 'volume', '7504');

INSERT INTO E_g VALUES (3929, 319, 455, 'produces');

INSERT INTO EP_g VALUES (3929, 'since', '2019');

INSERT INTO EP_g VALUES (3929, 'volume', '6199');

INSERT INTO E_g VALUES (3930, 319, 499, 'produces');

INSERT INTO EP_g VALUES (3930, 'since', '2018');

INSERT INTO EP_g VALUES (3930, 'volume', '8212');

INSERT INTO E_g VALUES (3931, 319, 412, 'produces');

INSERT INTO EP_g VALUES (3931, 'since', '2019');

INSERT INTO EP_g VALUES (3931, 'volume', '6405');

INSERT INTO E_g VALUES (3932, 320, 459, 'produces');

INSERT INTO EP_g VALUES (3932, 'since', '2022');

INSERT INTO EP_g VALUES (3932, 'volume', '4766');

INSERT INTO E_g VALUES (3933, 321, 478, 'produces');

INSERT INTO EP_g VALUES (3933, 'since', '2020');

INSERT INTO EP_g VALUES (3933, 'volume', '1928');

INSERT INTO E_g VALUES (3934, 322, 434, 'produces');

INSERT INTO EP_g VALUES (3934, 'since', '2016');

INSERT INTO EP_g VALUES (3934, 'volume', '1560');

INSERT INTO E_g VALUES (3935, 322, 458, 'produces');

INSERT INTO EP_g VALUES (3935, 'since', '2021');

INSERT INTO EP_g VALUES (3935, 'volume', '863');

INSERT INTO E_g VALUES (3936, 322, 471, 'produces');

INSERT INTO EP_g VALUES (3936, 'since', '2022');

INSERT INTO EP_g VALUES (3936, 'volume', '9900');

INSERT INTO E_g VALUES (3937, 323, 443, 'produces');

INSERT INTO EP_g VALUES (3937, 'since', '2019');

INSERT INTO EP_g VALUES (3937, 'volume', '8271');

INSERT INTO E_g VALUES (3938, 323, 447, 'produces');

INSERT INTO EP_g VALUES (3938, 'since', '2015');

INSERT INTO EP_g VALUES (3938, 'volume', '807');

INSERT INTO E_g VALUES (3939, 323, 500, 'produces');

INSERT INTO EP_g VALUES (3939, 'since', '2016');

INSERT INTO EP_g VALUES (3939, 'volume', '3204');

INSERT INTO E_g VALUES (3940, 323, 438, 'produces');

INSERT INTO EP_g VALUES (3940, 'since', '2021');

INSERT INTO EP_g VALUES (3940, 'volume', '3030');

INSERT INTO E_g VALUES (3941, 324, 493, 'produces');

INSERT INTO EP_g VALUES (3941, 'since', '2022');

INSERT INTO EP_g VALUES (3941, 'volume', '5271');

INSERT INTO E_g VALUES (3942, 324, 483, 'produces');

INSERT INTO EP_g VALUES (3942, 'since', '2019');

INSERT INTO EP_g VALUES (3942, 'volume', '3217');

INSERT INTO E_g VALUES (3943, 325, 456, 'produces');

INSERT INTO EP_g VALUES (3943, 'since', '2023');

INSERT INTO EP_g VALUES (3943, 'volume', '8919');

INSERT INTO E_g VALUES (3944, 325, 467, 'produces');

INSERT INTO EP_g VALUES (3944, 'since', '2017');

INSERT INTO EP_g VALUES (3944, 'volume', '934');

INSERT INTO E_g VALUES (3945, 326, 445, 'produces');

INSERT INTO EP_g VALUES (3945, 'since', '2022');

INSERT INTO EP_g VALUES (3945, 'volume', '6464');

INSERT INTO E_g VALUES (3946, 326, 455, 'produces');

INSERT INTO EP_g VALUES (3946, 'since', '2021');

INSERT INTO EP_g VALUES (3946, 'volume', '8639');

INSERT INTO E_g VALUES (3947, 326, 424, 'produces');

INSERT INTO EP_g VALUES (3947, 'since', '2018');

INSERT INTO EP_g VALUES (3947, 'volume', '8114');

INSERT INTO E_g VALUES (3948, 326, 411, 'produces');

INSERT INTO EP_g VALUES (3948, 'since', '2022');

INSERT INTO EP_g VALUES (3948, 'volume', '1176');

INSERT INTO E_g VALUES (3949, 326, 401, 'produces');

INSERT INTO EP_g VALUES (3949, 'since', '2020');

INSERT INTO EP_g VALUES (3949, 'volume', '9375');

INSERT INTO E_g VALUES (3950, 327, 418, 'produces');

INSERT INTO EP_g VALUES (3950, 'since', '2023');

INSERT INTO EP_g VALUES (3950, 'volume', '6248');

INSERT INTO E_g VALUES (3951, 328, 417, 'produces');

INSERT INTO EP_g VALUES (3951, 'since', '2016');

INSERT INTO EP_g VALUES (3951, 'volume', '3632');

INSERT INTO E_g VALUES (3952, 328, 491, 'produces');

INSERT INTO EP_g VALUES (3952, 'since', '2021');

INSERT INTO EP_g VALUES (3952, 'volume', '6633');

INSERT INTO E_g VALUES (3953, 329, 497, 'produces');

INSERT INTO EP_g VALUES (3953, 'since', '2023');

INSERT INTO EP_g VALUES (3953, 'volume', '8101');

INSERT INTO E_g VALUES (3954, 329, 476, 'produces');

INSERT INTO EP_g VALUES (3954, 'since', '2021');

INSERT INTO EP_g VALUES (3954, 'volume', '7560');

INSERT INTO E_g VALUES (3955, 329, 453, 'produces');

INSERT INTO EP_g VALUES (3955, 'since', '2022');

INSERT INTO EP_g VALUES (3955, 'volume', '2065');

INSERT INTO E_g VALUES (3956, 330, 450, 'produces');

INSERT INTO EP_g VALUES (3956, 'since', '2017');

INSERT INTO EP_g VALUES (3956, 'volume', '9729');

INSERT INTO E_g VALUES (3957, 330, 408, 'produces');

INSERT INTO EP_g VALUES (3957, 'since', '2017');

INSERT INTO EP_g VALUES (3957, 'volume', '3761');

INSERT INTO E_g VALUES (3958, 330, 476, 'produces');

INSERT INTO EP_g VALUES (3958, 'since', '2015');

INSERT INTO EP_g VALUES (3958, 'volume', '7485');

INSERT INTO E_g VALUES (3959, 330, 466, 'produces');

INSERT INTO EP_g VALUES (3959, 'since', '2021');

INSERT INTO EP_g VALUES (3959, 'volume', '2597');

INSERT INTO E_g VALUES (3960, 330, 426, 'produces');

INSERT INTO EP_g VALUES (3960, 'since', '2018');

INSERT INTO EP_g VALUES (3960, 'volume', '8339');

INSERT INTO E_g VALUES (3961, 331, 427, 'produces');

INSERT INTO EP_g VALUES (3961, 'since', '2018');

INSERT INTO EP_g VALUES (3961, 'volume', '1860');

INSERT INTO E_g VALUES (3962, 331, 490, 'produces');

INSERT INTO EP_g VALUES (3962, 'since', '2017');

INSERT INTO EP_g VALUES (3962, 'volume', '8777');

INSERT INTO E_g VALUES (3963, 331, 439, 'produces');

INSERT INTO EP_g VALUES (3963, 'since', '2018');

INSERT INTO EP_g VALUES (3963, 'volume', '5743');

INSERT INTO E_g VALUES (3964, 331, 412, 'produces');

INSERT INTO EP_g VALUES (3964, 'since', '2022');

INSERT INTO EP_g VALUES (3964, 'volume', '7660');

INSERT INTO E_g VALUES (3965, 331, 469, 'produces');

INSERT INTO EP_g VALUES (3965, 'since', '2023');

INSERT INTO EP_g VALUES (3965, 'volume', '1415');

INSERT INTO E_g VALUES (3966, 332, 458, 'produces');

INSERT INTO EP_g VALUES (3966, 'since', '2023');

INSERT INTO EP_g VALUES (3966, 'volume', '3666');

INSERT INTO E_g VALUES (3967, 332, 449, 'produces');

INSERT INTO EP_g VALUES (3967, 'since', '2023');

INSERT INTO EP_g VALUES (3967, 'volume', '7407');

INSERT INTO E_g VALUES (3968, 332, 455, 'produces');

INSERT INTO EP_g VALUES (3968, 'since', '2018');

INSERT INTO EP_g VALUES (3968, 'volume', '8683');

INSERT INTO E_g VALUES (3969, 333, 405, 'produces');

INSERT INTO EP_g VALUES (3969, 'since', '2015');

INSERT INTO EP_g VALUES (3969, 'volume', '9526');

INSERT INTO E_g VALUES (3970, 333, 408, 'produces');

INSERT INTO EP_g VALUES (3970, 'since', '2015');

INSERT INTO EP_g VALUES (3970, 'volume', '5619');

INSERT INTO E_g VALUES (3971, 333, 462, 'produces');

INSERT INTO EP_g VALUES (3971, 'since', '2024');

INSERT INTO EP_g VALUES (3971, 'volume', '2678');

INSERT INTO E_g VALUES (3972, 333, 489, 'produces');

INSERT INTO EP_g VALUES (3972, 'since', '2015');

INSERT INTO EP_g VALUES (3972, 'volume', '5471');

INSERT INTO E_g VALUES (3973, 333, 462, 'produces');

INSERT INTO EP_g VALUES (3973, 'since', '2015');

INSERT INTO EP_g VALUES (3973, 'volume', '9994');

INSERT INTO E_g VALUES (3974, 334, 405, 'produces');

INSERT INTO EP_g VALUES (3974, 'since', '2024');

INSERT INTO EP_g VALUES (3974, 'volume', '8487');

INSERT INTO E_g VALUES (3975, 334, 452, 'produces');

INSERT INTO EP_g VALUES (3975, 'since', '2018');

INSERT INTO EP_g VALUES (3975, 'volume', '5953');

INSERT INTO E_g VALUES (3976, 334, 442, 'produces');

INSERT INTO EP_g VALUES (3976, 'since', '2021');

INSERT INTO EP_g VALUES (3976, 'volume', '7583');

INSERT INTO E_g VALUES (3977, 334, 411, 'produces');

INSERT INTO EP_g VALUES (3977, 'since', '2017');

INSERT INTO EP_g VALUES (3977, 'volume', '1559');

INSERT INTO E_g VALUES (3978, 335, 493, 'produces');

INSERT INTO EP_g VALUES (3978, 'since', '2016');

INSERT INTO EP_g VALUES (3978, 'volume', '6989');

INSERT INTO E_g VALUES (3979, 335, 480, 'produces');

INSERT INTO EP_g VALUES (3979, 'since', '2021');

INSERT INTO EP_g VALUES (3979, 'volume', '7299');

INSERT INTO E_g VALUES (3980, 336, 472, 'produces');

INSERT INTO EP_g VALUES (3980, 'since', '2021');

INSERT INTO EP_g VALUES (3980, 'volume', '7708');

INSERT INTO E_g VALUES (3981, 337, 456, 'produces');

INSERT INTO EP_g VALUES (3981, 'since', '2021');

INSERT INTO EP_g VALUES (3981, 'volume', '9784');

INSERT INTO E_g VALUES (3982, 337, 493, 'produces');

INSERT INTO EP_g VALUES (3982, 'since', '2019');

INSERT INTO EP_g VALUES (3982, 'volume', '4767');

INSERT INTO E_g VALUES (3983, 338, 491, 'produces');

INSERT INTO EP_g VALUES (3983, 'since', '2015');

INSERT INTO EP_g VALUES (3983, 'volume', '4831');

INSERT INTO E_g VALUES (3984, 338, 437, 'produces');

INSERT INTO EP_g VALUES (3984, 'since', '2021');

INSERT INTO EP_g VALUES (3984, 'volume', '3320');

INSERT INTO E_g VALUES (3985, 338, 414, 'produces');

INSERT INTO EP_g VALUES (3985, 'since', '2024');

INSERT INTO EP_g VALUES (3985, 'volume', '8430');

INSERT INTO E_g VALUES (3986, 339, 485, 'produces');

INSERT INTO EP_g VALUES (3986, 'since', '2023');

INSERT INTO EP_g VALUES (3986, 'volume', '9421');

INSERT INTO E_g VALUES (3987, 339, 437, 'produces');

INSERT INTO EP_g VALUES (3987, 'since', '2018');

INSERT INTO EP_g VALUES (3987, 'volume', '1036');

INSERT INTO E_g VALUES (3988, 340, 413, 'produces');

INSERT INTO EP_g VALUES (3988, 'since', '2022');

INSERT INTO EP_g VALUES (3988, 'volume', '2258');

INSERT INTO E_g VALUES (3989, 340, 457, 'produces');

INSERT INTO EP_g VALUES (3989, 'since', '2021');

INSERT INTO EP_g VALUES (3989, 'volume', '3819');

INSERT INTO E_g VALUES (3990, 340, 427, 'produces');

INSERT INTO EP_g VALUES (3990, 'since', '2020');

INSERT INTO EP_g VALUES (3990, 'volume', '5465');

INSERT INTO E_g VALUES (3991, 340, 472, 'produces');

INSERT INTO EP_g VALUES (3991, 'since', '2016');

INSERT INTO EP_g VALUES (3991, 'volume', '2614');

INSERT INTO E_g VALUES (3992, 341, 412, 'produces');

INSERT INTO EP_g VALUES (3992, 'since', '2020');

INSERT INTO EP_g VALUES (3992, 'volume', '7106');

INSERT INTO E_g VALUES (3993, 342, 499, 'produces');

INSERT INTO EP_g VALUES (3993, 'since', '2022');

INSERT INTO EP_g VALUES (3993, 'volume', '3715');

INSERT INTO E_g VALUES (3994, 342, 490, 'produces');

INSERT INTO EP_g VALUES (3994, 'since', '2021');

INSERT INTO EP_g VALUES (3994, 'volume', '4500');

INSERT INTO E_g VALUES (3995, 342, 432, 'produces');

INSERT INTO EP_g VALUES (3995, 'since', '2020');

INSERT INTO EP_g VALUES (3995, 'volume', '5843');

INSERT INTO E_g VALUES (3996, 343, 401, 'produces');

INSERT INTO EP_g VALUES (3996, 'since', '2024');

INSERT INTO EP_g VALUES (3996, 'volume', '9816');

INSERT INTO E_g VALUES (3997, 343, 451, 'produces');

INSERT INTO EP_g VALUES (3997, 'since', '2023');

INSERT INTO EP_g VALUES (3997, 'volume', '9920');

INSERT INTO E_g VALUES (3998, 343, 458, 'produces');

INSERT INTO EP_g VALUES (3998, 'since', '2021');

INSERT INTO EP_g VALUES (3998, 'volume', '5909');

INSERT INTO E_g VALUES (3999, 343, 407, 'produces');

INSERT INTO EP_g VALUES (3999, 'since', '2021');

INSERT INTO EP_g VALUES (3999, 'volume', '3257');

INSERT INTO E_g VALUES (4000, 343, 487, 'produces');

INSERT INTO EP_g VALUES (4000, 'since', '2016');

INSERT INTO EP_g VALUES (4000, 'volume', '4157');

INSERT INTO E_g VALUES (4001, 344, 440, 'produces');

INSERT INTO EP_g VALUES (4001, 'since', '2024');

INSERT INTO EP_g VALUES (4001, 'volume', '4191');

INSERT INTO E_g VALUES (4002, 344, 405, 'produces');

INSERT INTO EP_g VALUES (4002, 'since', '2019');

INSERT INTO EP_g VALUES (4002, 'volume', '7932');

INSERT INTO E_g VALUES (4003, 344, 419, 'produces');

INSERT INTO EP_g VALUES (4003, 'since', '2019');

INSERT INTO EP_g VALUES (4003, 'volume', '5405');

INSERT INTO E_g VALUES (4004, 344, 469, 'produces');

INSERT INTO EP_g VALUES (4004, 'since', '2017');

INSERT INTO EP_g VALUES (4004, 'volume', '5685');

INSERT INTO E_g VALUES (4005, 345, 439, 'produces');

INSERT INTO EP_g VALUES (4005, 'since', '2022');

INSERT INTO EP_g VALUES (4005, 'volume', '5521');

INSERT INTO E_g VALUES (4006, 345, 460, 'produces');

INSERT INTO EP_g VALUES (4006, 'since', '2021');

INSERT INTO EP_g VALUES (4006, 'volume', '3306');

INSERT INTO E_g VALUES (4007, 345, 451, 'produces');

INSERT INTO EP_g VALUES (4007, 'since', '2016');

INSERT INTO EP_g VALUES (4007, 'volume', '2568');

INSERT INTO E_g VALUES (4008, 346, 409, 'produces');

INSERT INTO EP_g VALUES (4008, 'since', '2018');

INSERT INTO EP_g VALUES (4008, 'volume', '2519');

INSERT INTO E_g VALUES (4009, 346, 485, 'produces');

INSERT INTO EP_g VALUES (4009, 'since', '2015');

INSERT INTO EP_g VALUES (4009, 'volume', '4378');

INSERT INTO E_g VALUES (4010, 346, 453, 'produces');

INSERT INTO EP_g VALUES (4010, 'since', '2020');

INSERT INTO EP_g VALUES (4010, 'volume', '995');

INSERT INTO E_g VALUES (4011, 347, 403, 'produces');

INSERT INTO EP_g VALUES (4011, 'since', '2023');

INSERT INTO EP_g VALUES (4011, 'volume', '2160');

INSERT INTO E_g VALUES (4012, 347, 478, 'produces');

INSERT INTO EP_g VALUES (4012, 'since', '2024');

INSERT INTO EP_g VALUES (4012, 'volume', '5484');

INSERT INTO E_g VALUES (4013, 347, 468, 'produces');

INSERT INTO EP_g VALUES (4013, 'since', '2024');

INSERT INTO EP_g VALUES (4013, 'volume', '3336');

INSERT INTO E_g VALUES (4014, 347, 471, 'produces');

INSERT INTO EP_g VALUES (4014, 'since', '2019');

INSERT INTO EP_g VALUES (4014, 'volume', '2431');

INSERT INTO E_g VALUES (4015, 347, 404, 'produces');

INSERT INTO EP_g VALUES (4015, 'since', '2023');

INSERT INTO EP_g VALUES (4015, 'volume', '4057');

INSERT INTO E_g VALUES (4016, 348, 479, 'produces');

INSERT INTO EP_g VALUES (4016, 'since', '2020');

INSERT INTO EP_g VALUES (4016, 'volume', '6229');

INSERT INTO E_g VALUES (4017, 348, 451, 'produces');

INSERT INTO EP_g VALUES (4017, 'since', '2019');

INSERT INTO EP_g VALUES (4017, 'volume', '4706');

INSERT INTO E_g VALUES (4018, 348, 429, 'produces');

INSERT INTO EP_g VALUES (4018, 'since', '2019');

INSERT INTO EP_g VALUES (4018, 'volume', '6109');

INSERT INTO E_g VALUES (4019, 348, 452, 'produces');

INSERT INTO EP_g VALUES (4019, 'since', '2024');

INSERT INTO EP_g VALUES (4019, 'volume', '4883');

INSERT INTO E_g VALUES (4020, 349, 451, 'produces');

INSERT INTO EP_g VALUES (4020, 'since', '2021');

INSERT INTO EP_g VALUES (4020, 'volume', '7151');

INSERT INTO E_g VALUES (4021, 349, 486, 'produces');

INSERT INTO EP_g VALUES (4021, 'since', '2020');

INSERT INTO EP_g VALUES (4021, 'volume', '2436');

INSERT INTO E_g VALUES (4022, 349, 420, 'produces');

INSERT INTO EP_g VALUES (4022, 'since', '2017');

INSERT INTO EP_g VALUES (4022, 'volume', '5075');

INSERT INTO E_g VALUES (4023, 349, 454, 'produces');

INSERT INTO EP_g VALUES (4023, 'since', '2023');

INSERT INTO EP_g VALUES (4023, 'volume', '2368');

INSERT INTO E_g VALUES (4024, 349, 422, 'produces');

INSERT INTO EP_g VALUES (4024, 'since', '2024');

INSERT INTO EP_g VALUES (4024, 'volume', '6864');

INSERT INTO E_g VALUES (4025, 350, 423, 'produces');

INSERT INTO EP_g VALUES (4025, 'since', '2016');

INSERT INTO EP_g VALUES (4025, 'volume', '9635');

INSERT INTO E_g VALUES (4026, 350, 470, 'produces');

INSERT INTO EP_g VALUES (4026, 'since', '2022');

INSERT INTO EP_g VALUES (4026, 'volume', '7096');

INSERT INTO E_g VALUES (4027, 351, 439, 'produces');

INSERT INTO EP_g VALUES (4027, 'since', '2024');

INSERT INTO EP_g VALUES (4027, 'volume', '7890');

INSERT INTO E_g VALUES (4028, 351, 471, 'produces');

INSERT INTO EP_g VALUES (4028, 'since', '2021');

INSERT INTO EP_g VALUES (4028, 'volume', '8982');

INSERT INTO E_g VALUES (4029, 351, 433, 'produces');

INSERT INTO EP_g VALUES (4029, 'since', '2021');

INSERT INTO EP_g VALUES (4029, 'volume', '4422');

INSERT INTO E_g VALUES (4030, 352, 443, 'produces');

INSERT INTO EP_g VALUES (4030, 'since', '2017');

INSERT INTO EP_g VALUES (4030, 'volume', '4666');

INSERT INTO E_g VALUES (4031, 352, 430, 'produces');

INSERT INTO EP_g VALUES (4031, 'since', '2021');

INSERT INTO EP_g VALUES (4031, 'volume', '5312');

INSERT INTO E_g VALUES (4032, 352, 402, 'produces');

INSERT INTO EP_g VALUES (4032, 'since', '2023');

INSERT INTO EP_g VALUES (4032, 'volume', '1225');

INSERT INTO E_g VALUES (4033, 353, 487, 'produces');

INSERT INTO EP_g VALUES (4033, 'since', '2024');

INSERT INTO EP_g VALUES (4033, 'volume', '8521');

INSERT INTO E_g VALUES (4034, 354, 422, 'produces');

INSERT INTO EP_g VALUES (4034, 'since', '2023');

INSERT INTO EP_g VALUES (4034, 'volume', '527');

INSERT INTO E_g VALUES (4035, 355, 422, 'produces');

INSERT INTO EP_g VALUES (4035, 'since', '2023');

INSERT INTO EP_g VALUES (4035, 'volume', '6306');

INSERT INTO E_g VALUES (4036, 355, 402, 'produces');

INSERT INTO EP_g VALUES (4036, 'since', '2016');

INSERT INTO EP_g VALUES (4036, 'volume', '4209');

INSERT INTO E_g VALUES (4037, 355, 491, 'produces');

INSERT INTO EP_g VALUES (4037, 'since', '2021');

INSERT INTO EP_g VALUES (4037, 'volume', '9632');

INSERT INTO E_g VALUES (4038, 356, 446, 'produces');

INSERT INTO EP_g VALUES (4038, 'since', '2022');

INSERT INTO EP_g VALUES (4038, 'volume', '3442');

INSERT INTO E_g VALUES (4039, 356, 450, 'produces');

INSERT INTO EP_g VALUES (4039, 'since', '2024');

INSERT INTO EP_g VALUES (4039, 'volume', '4566');

INSERT INTO E_g VALUES (4040, 356, 473, 'produces');

INSERT INTO EP_g VALUES (4040, 'since', '2018');

INSERT INTO EP_g VALUES (4040, 'volume', '5965');

INSERT INTO E_g VALUES (4041, 356, 491, 'produces');

INSERT INTO EP_g VALUES (4041, 'since', '2020');

INSERT INTO EP_g VALUES (4041, 'volume', '1607');

INSERT INTO E_g VALUES (4042, 356, 483, 'produces');

INSERT INTO EP_g VALUES (4042, 'since', '2020');

INSERT INTO EP_g VALUES (4042, 'volume', '1478');

INSERT INTO E_g VALUES (4043, 357, 403, 'produces');

INSERT INTO EP_g VALUES (4043, 'since', '2024');

INSERT INTO EP_g VALUES (4043, 'volume', '5418');

INSERT INTO E_g VALUES (4044, 357, 418, 'produces');

INSERT INTO EP_g VALUES (4044, 'since', '2015');

INSERT INTO EP_g VALUES (4044, 'volume', '5931');

INSERT INTO E_g VALUES (4045, 358, 441, 'produces');

INSERT INTO EP_g VALUES (4045, 'since', '2015');

INSERT INTO EP_g VALUES (4045, 'volume', '5813');

INSERT INTO E_g VALUES (4046, 358, 417, 'produces');

INSERT INTO EP_g VALUES (4046, 'since', '2020');

INSERT INTO EP_g VALUES (4046, 'volume', '1817');

INSERT INTO E_g VALUES (4047, 358, 459, 'produces');

INSERT INTO EP_g VALUES (4047, 'since', '2017');

INSERT INTO EP_g VALUES (4047, 'volume', '3145');

INSERT INTO E_g VALUES (4048, 358, 498, 'produces');

INSERT INTO EP_g VALUES (4048, 'since', '2019');

INSERT INTO EP_g VALUES (4048, 'volume', '9325');

INSERT INTO E_g VALUES (4049, 358, 432, 'produces');

INSERT INTO EP_g VALUES (4049, 'since', '2023');

INSERT INTO EP_g VALUES (4049, 'volume', '6701');

INSERT INTO E_g VALUES (4050, 359, 406, 'produces');

INSERT INTO EP_g VALUES (4050, 'since', '2018');

INSERT INTO EP_g VALUES (4050, 'volume', '8345');

INSERT INTO E_g VALUES (4051, 360, 432, 'produces');

INSERT INTO EP_g VALUES (4051, 'since', '2024');

INSERT INTO EP_g VALUES (4051, 'volume', '3620');

INSERT INTO E_g VALUES (4052, 360, 404, 'produces');

INSERT INTO EP_g VALUES (4052, 'since', '2020');

INSERT INTO EP_g VALUES (4052, 'volume', '7910');

INSERT INTO E_g VALUES (4053, 360, 432, 'produces');

INSERT INTO EP_g VALUES (4053, 'since', '2021');

INSERT INTO EP_g VALUES (4053, 'volume', '7887');

INSERT INTO E_g VALUES (4054, 360, 476, 'produces');

INSERT INTO EP_g VALUES (4054, 'since', '2020');

INSERT INTO EP_g VALUES (4054, 'volume', '5332');

INSERT INTO E_g VALUES (4055, 360, 408, 'produces');

INSERT INTO EP_g VALUES (4055, 'since', '2015');

INSERT INTO EP_g VALUES (4055, 'volume', '818');

INSERT INTO E_g VALUES (4056, 361, 425, 'produces');

INSERT INTO EP_g VALUES (4056, 'since', '2020');

INSERT INTO EP_g VALUES (4056, 'volume', '7012');

INSERT INTO E_g VALUES (4057, 361, 447, 'produces');

INSERT INTO EP_g VALUES (4057, 'since', '2024');

INSERT INTO EP_g VALUES (4057, 'volume', '1408');

INSERT INTO E_g VALUES (4058, 361, 495, 'produces');

INSERT INTO EP_g VALUES (4058, 'since', '2022');

INSERT INTO EP_g VALUES (4058, 'volume', '2511');

INSERT INTO E_g VALUES (4059, 362, 431, 'produces');

INSERT INTO EP_g VALUES (4059, 'since', '2022');

INSERT INTO EP_g VALUES (4059, 'volume', '2622');

INSERT INTO E_g VALUES (4060, 362, 472, 'produces');

INSERT INTO EP_g VALUES (4060, 'since', '2016');

INSERT INTO EP_g VALUES (4060, 'volume', '6487');

INSERT INTO E_g VALUES (4061, 362, 408, 'produces');

INSERT INTO EP_g VALUES (4061, 'since', '2017');

INSERT INTO EP_g VALUES (4061, 'volume', '4597');

INSERT INTO E_g VALUES (4062, 362, 473, 'produces');

INSERT INTO EP_g VALUES (4062, 'since', '2015');

INSERT INTO EP_g VALUES (4062, 'volume', '7899');

INSERT INTO E_g VALUES (4063, 362, 446, 'produces');

INSERT INTO EP_g VALUES (4063, 'since', '2016');

INSERT INTO EP_g VALUES (4063, 'volume', '3433');

INSERT INTO E_g VALUES (4064, 363, 416, 'produces');

INSERT INTO EP_g VALUES (4064, 'since', '2019');

INSERT INTO EP_g VALUES (4064, 'volume', '5696');

INSERT INTO E_g VALUES (4065, 363, 404, 'produces');

INSERT INTO EP_g VALUES (4065, 'since', '2018');

INSERT INTO EP_g VALUES (4065, 'volume', '7086');

INSERT INTO E_g VALUES (4066, 363, 467, 'produces');

INSERT INTO EP_g VALUES (4066, 'since', '2017');

INSERT INTO EP_g VALUES (4066, 'volume', '3294');

INSERT INTO E_g VALUES (4067, 363, 489, 'produces');

INSERT INTO EP_g VALUES (4067, 'since', '2023');

INSERT INTO EP_g VALUES (4067, 'volume', '4129');

INSERT INTO E_g VALUES (4068, 363, 451, 'produces');

INSERT INTO EP_g VALUES (4068, 'since', '2021');

INSERT INTO EP_g VALUES (4068, 'volume', '9677');

INSERT INTO E_g VALUES (4069, 364, 434, 'produces');

INSERT INTO EP_g VALUES (4069, 'since', '2016');

INSERT INTO EP_g VALUES (4069, 'volume', '6395');

INSERT INTO E_g VALUES (4070, 365, 403, 'produces');

INSERT INTO EP_g VALUES (4070, 'since', '2018');

INSERT INTO EP_g VALUES (4070, 'volume', '6704');

INSERT INTO E_g VALUES (4071, 365, 432, 'produces');

INSERT INTO EP_g VALUES (4071, 'since', '2016');

INSERT INTO EP_g VALUES (4071, 'volume', '3493');

INSERT INTO E_g VALUES (4072, 366, 490, 'produces');

INSERT INTO EP_g VALUES (4072, 'since', '2020');

INSERT INTO EP_g VALUES (4072, 'volume', '5587');

INSERT INTO E_g VALUES (4073, 366, 459, 'produces');

INSERT INTO EP_g VALUES (4073, 'since', '2016');

INSERT INTO EP_g VALUES (4073, 'volume', '6137');

INSERT INTO E_g VALUES (4074, 366, 445, 'produces');

INSERT INTO EP_g VALUES (4074, 'since', '2021');

INSERT INTO EP_g VALUES (4074, 'volume', '5977');

INSERT INTO E_g VALUES (4075, 367, 418, 'produces');

INSERT INTO EP_g VALUES (4075, 'since', '2022');

INSERT INTO EP_g VALUES (4075, 'volume', '4919');

INSERT INTO E_g VALUES (4076, 367, 457, 'produces');

INSERT INTO EP_g VALUES (4076, 'since', '2017');

INSERT INTO EP_g VALUES (4076, 'volume', '8272');

INSERT INTO E_g VALUES (4077, 368, 481, 'produces');

INSERT INTO EP_g VALUES (4077, 'since', '2019');

INSERT INTO EP_g VALUES (4077, 'volume', '6900');

INSERT INTO E_g VALUES (4078, 368, 448, 'produces');

INSERT INTO EP_g VALUES (4078, 'since', '2022');

INSERT INTO EP_g VALUES (4078, 'volume', '6989');

INSERT INTO E_g VALUES (4079, 368, 422, 'produces');

INSERT INTO EP_g VALUES (4079, 'since', '2023');

INSERT INTO EP_g VALUES (4079, 'volume', '1258');

INSERT INTO E_g VALUES (4080, 369, 485, 'produces');

INSERT INTO EP_g VALUES (4080, 'since', '2015');

INSERT INTO EP_g VALUES (4080, 'volume', '2894');

INSERT INTO E_g VALUES (4081, 369, 498, 'produces');

INSERT INTO EP_g VALUES (4081, 'since', '2018');

INSERT INTO EP_g VALUES (4081, 'volume', '4117');

INSERT INTO E_g VALUES (4082, 369, 446, 'produces');

INSERT INTO EP_g VALUES (4082, 'since', '2015');

INSERT INTO EP_g VALUES (4082, 'volume', '4258');

INSERT INTO E_g VALUES (4083, 369, 465, 'produces');

INSERT INTO EP_g VALUES (4083, 'since', '2017');

INSERT INTO EP_g VALUES (4083, 'volume', '5944');

INSERT INTO E_g VALUES (4084, 369, 471, 'produces');

INSERT INTO EP_g VALUES (4084, 'since', '2022');

INSERT INTO EP_g VALUES (4084, 'volume', '1168');

INSERT INTO E_g VALUES (4085, 370, 411, 'produces');

INSERT INTO EP_g VALUES (4085, 'since', '2018');

INSERT INTO EP_g VALUES (4085, 'volume', '3163');

INSERT INTO E_g VALUES (4086, 370, 482, 'produces');

INSERT INTO EP_g VALUES (4086, 'since', '2024');

INSERT INTO EP_g VALUES (4086, 'volume', '3883');

INSERT INTO E_g VALUES (4087, 370, 441, 'produces');

INSERT INTO EP_g VALUES (4087, 'since', '2017');

INSERT INTO EP_g VALUES (4087, 'volume', '3731');

INSERT INTO E_g VALUES (4088, 370, 450, 'produces');

INSERT INTO EP_g VALUES (4088, 'since', '2021');

INSERT INTO EP_g VALUES (4088, 'volume', '6324');

INSERT INTO E_g VALUES (4089, 371, 409, 'produces');

INSERT INTO EP_g VALUES (4089, 'since', '2022');

INSERT INTO EP_g VALUES (4089, 'volume', '6097');

INSERT INTO E_g VALUES (4090, 371, 455, 'produces');

INSERT INTO EP_g VALUES (4090, 'since', '2022');

INSERT INTO EP_g VALUES (4090, 'volume', '7004');

INSERT INTO E_g VALUES (4091, 371, 491, 'produces');

INSERT INTO EP_g VALUES (4091, 'since', '2021');

INSERT INTO EP_g VALUES (4091, 'volume', '2615');

INSERT INTO E_g VALUES (4092, 371, 433, 'produces');

INSERT INTO EP_g VALUES (4092, 'since', '2018');

INSERT INTO EP_g VALUES (4092, 'volume', '2085');

INSERT INTO E_g VALUES (4093, 372, 461, 'produces');

INSERT INTO EP_g VALUES (4093, 'since', '2019');

INSERT INTO EP_g VALUES (4093, 'volume', '8223');

INSERT INTO E_g VALUES (4094, 373, 421, 'produces');

INSERT INTO EP_g VALUES (4094, 'since', '2018');

INSERT INTO EP_g VALUES (4094, 'volume', '3142');

INSERT INTO E_g VALUES (4095, 373, 439, 'produces');

INSERT INTO EP_g VALUES (4095, 'since', '2024');

INSERT INTO EP_g VALUES (4095, 'volume', '2414');

INSERT INTO E_g VALUES (4096, 373, 418, 'produces');

INSERT INTO EP_g VALUES (4096, 'since', '2020');

INSERT INTO EP_g VALUES (4096, 'volume', '8772');

INSERT INTO E_g VALUES (4097, 373, 495, 'produces');

INSERT INTO EP_g VALUES (4097, 'since', '2020');

INSERT INTO EP_g VALUES (4097, 'volume', '1726');

INSERT INTO E_g VALUES (4098, 373, 492, 'produces');

INSERT INTO EP_g VALUES (4098, 'since', '2015');

INSERT INTO EP_g VALUES (4098, 'volume', '9150');

INSERT INTO E_g VALUES (4099, 374, 426, 'produces');

INSERT INTO EP_g VALUES (4099, 'since', '2023');

INSERT INTO EP_g VALUES (4099, 'volume', '5105');

INSERT INTO E_g VALUES (4100, 375, 479, 'produces');

INSERT INTO EP_g VALUES (4100, 'since', '2022');

INSERT INTO EP_g VALUES (4100, 'volume', '4163');

INSERT INTO E_g VALUES (4101, 376, 435, 'produces');

INSERT INTO EP_g VALUES (4101, 'since', '2021');

INSERT INTO EP_g VALUES (4101, 'volume', '751');

INSERT INTO E_g VALUES (4102, 376, 439, 'produces');

INSERT INTO EP_g VALUES (4102, 'since', '2020');

INSERT INTO EP_g VALUES (4102, 'volume', '6895');

INSERT INTO E_g VALUES (4103, 376, 408, 'produces');

INSERT INTO EP_g VALUES (4103, 'since', '2024');

INSERT INTO EP_g VALUES (4103, 'volume', '1796');

INSERT INTO E_g VALUES (4104, 376, 475, 'produces');

INSERT INTO EP_g VALUES (4104, 'since', '2017');

INSERT INTO EP_g VALUES (4104, 'volume', '4064');

INSERT INTO E_g VALUES (4105, 376, 451, 'produces');

INSERT INTO EP_g VALUES (4105, 'since', '2023');

INSERT INTO EP_g VALUES (4105, 'volume', '1279');

INSERT INTO E_g VALUES (4106, 377, 412, 'produces');

INSERT INTO EP_g VALUES (4106, 'since', '2019');

INSERT INTO EP_g VALUES (4106, 'volume', '3146');

INSERT INTO E_g VALUES (4107, 377, 462, 'produces');

INSERT INTO EP_g VALUES (4107, 'since', '2023');

INSERT INTO EP_g VALUES (4107, 'volume', '1621');

INSERT INTO E_g VALUES (4108, 377, 458, 'produces');

INSERT INTO EP_g VALUES (4108, 'since', '2023');

INSERT INTO EP_g VALUES (4108, 'volume', '3962');

INSERT INTO E_g VALUES (4109, 377, 467, 'produces');

INSERT INTO EP_g VALUES (4109, 'since', '2015');

INSERT INTO EP_g VALUES (4109, 'volume', '7539');

INSERT INTO E_g VALUES (4110, 377, 412, 'produces');

INSERT INTO EP_g VALUES (4110, 'since', '2015');

INSERT INTO EP_g VALUES (4110, 'volume', '6524');

INSERT INTO E_g VALUES (4111, 378, 413, 'produces');

INSERT INTO EP_g VALUES (4111, 'since', '2017');

INSERT INTO EP_g VALUES (4111, 'volume', '5535');

INSERT INTO E_g VALUES (4112, 378, 433, 'produces');

INSERT INTO EP_g VALUES (4112, 'since', '2021');

INSERT INTO EP_g VALUES (4112, 'volume', '1175');

INSERT INTO E_g VALUES (4113, 378, 411, 'produces');

INSERT INTO EP_g VALUES (4113, 'since', '2020');

INSERT INTO EP_g VALUES (4113, 'volume', '6110');

INSERT INTO E_g VALUES (4114, 379, 474, 'produces');

INSERT INTO EP_g VALUES (4114, 'since', '2023');

INSERT INTO EP_g VALUES (4114, 'volume', '3909');

INSERT INTO E_g VALUES (4115, 379, 433, 'produces');

INSERT INTO EP_g VALUES (4115, 'since', '2020');

INSERT INTO EP_g VALUES (4115, 'volume', '4446');

INSERT INTO E_g VALUES (4116, 379, 404, 'produces');

INSERT INTO EP_g VALUES (4116, 'since', '2023');

INSERT INTO EP_g VALUES (4116, 'volume', '7930');

INSERT INTO E_g VALUES (4117, 379, 411, 'produces');

INSERT INTO EP_g VALUES (4117, 'since', '2024');

INSERT INTO EP_g VALUES (4117, 'volume', '3746');

INSERT INTO E_g VALUES (4118, 379, 458, 'produces');

INSERT INTO EP_g VALUES (4118, 'since', '2022');

INSERT INTO EP_g VALUES (4118, 'volume', '5065');

INSERT INTO E_g VALUES (4119, 380, 492, 'produces');

INSERT INTO EP_g VALUES (4119, 'since', '2017');

INSERT INTO EP_g VALUES (4119, 'volume', '5987');

INSERT INTO E_g VALUES (4120, 381, 487, 'produces');

INSERT INTO EP_g VALUES (4120, 'since', '2016');

INSERT INTO EP_g VALUES (4120, 'volume', '5913');

INSERT INTO E_g VALUES (4121, 381, 480, 'produces');

INSERT INTO EP_g VALUES (4121, 'since', '2023');

INSERT INTO EP_g VALUES (4121, 'volume', '3459');

INSERT INTO E_g VALUES (4122, 382, 461, 'produces');

INSERT INTO EP_g VALUES (4122, 'since', '2024');

INSERT INTO EP_g VALUES (4122, 'volume', '5386');

INSERT INTO E_g VALUES (4123, 382, 406, 'produces');

INSERT INTO EP_g VALUES (4123, 'since', '2021');

INSERT INTO EP_g VALUES (4123, 'volume', '3985');

INSERT INTO E_g VALUES (4124, 382, 454, 'produces');

INSERT INTO EP_g VALUES (4124, 'since', '2015');

INSERT INTO EP_g VALUES (4124, 'volume', '4866');

INSERT INTO E_g VALUES (4125, 382, 427, 'produces');

INSERT INTO EP_g VALUES (4125, 'since', '2021');

INSERT INTO EP_g VALUES (4125, 'volume', '3705');

INSERT INTO E_g VALUES (4126, 382, 429, 'produces');

INSERT INTO EP_g VALUES (4126, 'since', '2023');

INSERT INTO EP_g VALUES (4126, 'volume', '6890');

INSERT INTO E_g VALUES (4127, 383, 476, 'produces');

INSERT INTO EP_g VALUES (4127, 'since', '2024');

INSERT INTO EP_g VALUES (4127, 'volume', '7169');

INSERT INTO E_g VALUES (4128, 383, 423, 'produces');

INSERT INTO EP_g VALUES (4128, 'since', '2015');

INSERT INTO EP_g VALUES (4128, 'volume', '7675');

INSERT INTO E_g VALUES (4129, 384, 434, 'produces');

INSERT INTO EP_g VALUES (4129, 'since', '2017');

INSERT INTO EP_g VALUES (4129, 'volume', '6003');

INSERT INTO E_g VALUES (4130, 385, 410, 'produces');

INSERT INTO EP_g VALUES (4130, 'since', '2023');

INSERT INTO EP_g VALUES (4130, 'volume', '1973');

INSERT INTO E_g VALUES (4131, 385, 447, 'produces');

INSERT INTO EP_g VALUES (4131, 'since', '2019');

INSERT INTO EP_g VALUES (4131, 'volume', '7431');

INSERT INTO E_g VALUES (4132, 385, 472, 'produces');

INSERT INTO EP_g VALUES (4132, 'since', '2015');

INSERT INTO EP_g VALUES (4132, 'volume', '2663');

INSERT INTO E_g VALUES (4133, 385, 457, 'produces');

INSERT INTO EP_g VALUES (4133, 'since', '2023');

INSERT INTO EP_g VALUES (4133, 'volume', '9239');

INSERT INTO E_g VALUES (4134, 385, 402, 'produces');

INSERT INTO EP_g VALUES (4134, 'since', '2024');

INSERT INTO EP_g VALUES (4134, 'volume', '436');

INSERT INTO E_g VALUES (4135, 386, 449, 'produces');

INSERT INTO EP_g VALUES (4135, 'since', '2022');

INSERT INTO EP_g VALUES (4135, 'volume', '3825');

INSERT INTO E_g VALUES (4136, 386, 445, 'produces');

INSERT INTO EP_g VALUES (4136, 'since', '2020');

INSERT INTO EP_g VALUES (4136, 'volume', '8451');

INSERT INTO E_g VALUES (4137, 386, 475, 'produces');

INSERT INTO EP_g VALUES (4137, 'since', '2023');

INSERT INTO EP_g VALUES (4137, 'volume', '3510');

INSERT INTO E_g VALUES (4138, 386, 424, 'produces');

INSERT INTO EP_g VALUES (4138, 'since', '2016');

INSERT INTO EP_g VALUES (4138, 'volume', '9464');

INSERT INTO E_g VALUES (4139, 387, 447, 'produces');

INSERT INTO EP_g VALUES (4139, 'since', '2016');

INSERT INTO EP_g VALUES (4139, 'volume', '4817');

INSERT INTO E_g VALUES (4140, 387, 432, 'produces');

INSERT INTO EP_g VALUES (4140, 'since', '2023');

INSERT INTO EP_g VALUES (4140, 'volume', '4663');

INSERT INTO E_g VALUES (4141, 388, 485, 'produces');

INSERT INTO EP_g VALUES (4141, 'since', '2024');

INSERT INTO EP_g VALUES (4141, 'volume', '9256');

INSERT INTO E_g VALUES (4142, 388, 432, 'produces');

INSERT INTO EP_g VALUES (4142, 'since', '2021');

INSERT INTO EP_g VALUES (4142, 'volume', '2567');

INSERT INTO E_g VALUES (4143, 388, 492, 'produces');

INSERT INTO EP_g VALUES (4143, 'since', '2023');

INSERT INTO EP_g VALUES (4143, 'volume', '2772');

INSERT INTO E_g VALUES (4144, 388, 437, 'produces');

INSERT INTO EP_g VALUES (4144, 'since', '2022');

INSERT INTO EP_g VALUES (4144, 'volume', '6454');

INSERT INTO E_g VALUES (4145, 388, 474, 'produces');

INSERT INTO EP_g VALUES (4145, 'since', '2019');

INSERT INTO EP_g VALUES (4145, 'volume', '1850');

INSERT INTO E_g VALUES (4146, 389, 454, 'produces');

INSERT INTO EP_g VALUES (4146, 'since', '2015');

INSERT INTO EP_g VALUES (4146, 'volume', '5989');

INSERT INTO E_g VALUES (4147, 389, 451, 'produces');

INSERT INTO EP_g VALUES (4147, 'since', '2018');

INSERT INTO EP_g VALUES (4147, 'volume', '4276');

INSERT INTO E_g VALUES (4148, 389, 493, 'produces');

INSERT INTO EP_g VALUES (4148, 'since', '2024');

INSERT INTO EP_g VALUES (4148, 'volume', '4659');

INSERT INTO E_g VALUES (4149, 389, 492, 'produces');

INSERT INTO EP_g VALUES (4149, 'since', '2019');

INSERT INTO EP_g VALUES (4149, 'volume', '1339');

INSERT INTO E_g VALUES (4150, 390, 442, 'produces');

INSERT INTO EP_g VALUES (4150, 'since', '2021');

INSERT INTO EP_g VALUES (4150, 'volume', '5910');

INSERT INTO E_g VALUES (4151, 391, 454, 'produces');

INSERT INTO EP_g VALUES (4151, 'since', '2018');

INSERT INTO EP_g VALUES (4151, 'volume', '8089');

INSERT INTO E_g VALUES (4152, 392, 403, 'produces');

INSERT INTO EP_g VALUES (4152, 'since', '2023');

INSERT INTO EP_g VALUES (4152, 'volume', '180');

INSERT INTO E_g VALUES (4153, 393, 404, 'produces');

INSERT INTO EP_g VALUES (4153, 'since', '2020');

INSERT INTO EP_g VALUES (4153, 'volume', '3589');

INSERT INTO E_g VALUES (4154, 393, 479, 'produces');

INSERT INTO EP_g VALUES (4154, 'since', '2023');

INSERT INTO EP_g VALUES (4154, 'volume', '5447');

INSERT INTO E_g VALUES (4155, 393, 491, 'produces');

INSERT INTO EP_g VALUES (4155, 'since', '2022');

INSERT INTO EP_g VALUES (4155, 'volume', '293');

INSERT INTO E_g VALUES (4156, 393, 464, 'produces');

INSERT INTO EP_g VALUES (4156, 'since', '2016');

INSERT INTO EP_g VALUES (4156, 'volume', '7865');

INSERT INTO E_g VALUES (4157, 394, 435, 'produces');

INSERT INTO EP_g VALUES (4157, 'since', '2020');

INSERT INTO EP_g VALUES (4157, 'volume', '6056');

INSERT INTO E_g VALUES (4158, 394, 495, 'produces');

INSERT INTO EP_g VALUES (4158, 'since', '2015');

INSERT INTO EP_g VALUES (4158, 'volume', '1991');

INSERT INTO E_g VALUES (4159, 394, 477, 'produces');

INSERT INTO EP_g VALUES (4159, 'since', '2015');

INSERT INTO EP_g VALUES (4159, 'volume', '4094');

INSERT INTO E_g VALUES (4160, 395, 489, 'produces');

INSERT INTO EP_g VALUES (4160, 'since', '2020');

INSERT INTO EP_g VALUES (4160, 'volume', '2778');

INSERT INTO E_g VALUES (4161, 395, 496, 'produces');

INSERT INTO EP_g VALUES (4161, 'since', '2019');

INSERT INTO EP_g VALUES (4161, 'volume', '7050');

INSERT INTO E_g VALUES (4162, 395, 469, 'produces');

INSERT INTO EP_g VALUES (4162, 'since', '2023');

INSERT INTO EP_g VALUES (4162, 'volume', '2616');

INSERT INTO E_g VALUES (4163, 395, 482, 'produces');

INSERT INTO EP_g VALUES (4163, 'since', '2018');

INSERT INTO EP_g VALUES (4163, 'volume', '3823');

INSERT INTO E_g VALUES (4164, 395, 455, 'produces');

INSERT INTO EP_g VALUES (4164, 'since', '2023');

INSERT INTO EP_g VALUES (4164, 'volume', '7448');

INSERT INTO E_g VALUES (4165, 396, 471, 'produces');

INSERT INTO EP_g VALUES (4165, 'since', '2019');

INSERT INTO EP_g VALUES (4165, 'volume', '9189');

INSERT INTO E_g VALUES (4166, 397, 406, 'produces');

INSERT INTO EP_g VALUES (4166, 'since', '2018');

INSERT INTO EP_g VALUES (4166, 'volume', '7403');

INSERT INTO E_g VALUES (4167, 398, 426, 'produces');

INSERT INTO EP_g VALUES (4167, 'since', '2022');

INSERT INTO EP_g VALUES (4167, 'volume', '7802');

INSERT INTO E_g VALUES (4168, 398, 446, 'produces');

INSERT INTO EP_g VALUES (4168, 'since', '2020');

INSERT INTO EP_g VALUES (4168, 'volume', '5624');

INSERT INTO E_g VALUES (4169, 398, 496, 'produces');

INSERT INTO EP_g VALUES (4169, 'since', '2023');

INSERT INTO EP_g VALUES (4169, 'volume', '2370');

INSERT INTO E_g VALUES (4170, 398, 405, 'produces');

INSERT INTO EP_g VALUES (4170, 'since', '2024');

INSERT INTO EP_g VALUES (4170, 'volume', '4776');

INSERT INTO E_g VALUES (4171, 399, 422, 'produces');

INSERT INTO EP_g VALUES (4171, 'since', '2024');

INSERT INTO EP_g VALUES (4171, 'volume', '3775');

INSERT INTO E_g VALUES (4172, 399, 474, 'produces');

INSERT INTO EP_g VALUES (4172, 'since', '2019');

INSERT INTO EP_g VALUES (4172, 'volume', '7160');

INSERT INTO E_g VALUES (4173, 399, 428, 'produces');

INSERT INTO EP_g VALUES (4173, 'since', '2022');

INSERT INTO EP_g VALUES (4173, 'volume', '9670');

INSERT INTO E_g VALUES (4174, 399, 475, 'produces');

INSERT INTO EP_g VALUES (4174, 'since', '2022');

INSERT INTO EP_g VALUES (4174, 'volume', '4336');

INSERT INTO E_g VALUES (4175, 400, 475, 'produces');

INSERT INTO EP_g VALUES (4175, 'since', '2022');

INSERT INTO EP_g VALUES (4175, 'volume', '8978');

INSERT INTO E_g VALUES (4176, 400, 431, 'produces');

INSERT INTO EP_g VALUES (4176, 'since', '2019');

INSERT INTO EP_g VALUES (4176, 'volume', '3871');

INSERT INTO E_g VALUES (4177, 400, 490, 'produces');

INSERT INTO EP_g VALUES (4177, 'since', '2015');

INSERT INTO EP_g VALUES (4177, 'volume', '5610');

INSERT INTO E_g VALUES (4178, 400, 408, 'produces');

INSERT INTO EP_g VALUES (4178, 'since', '2019');

INSERT INTO EP_g VALUES (4178, 'volume', '4738');

INSERT INTO E_g VALUES (4179, 400, 476, 'produces');

INSERT INTO EP_g VALUES (4179, 'since', '2019');

INSERT INTO EP_g VALUES (4179, 'volume', '998');

((SELECT DISTINCT R0._1 AS _0, R0._2 AS _1, R0._0 AS _2 FROM E_g AS R0 CROSS JOIN N_g AS R2 CROSS JOIN N_g AS R4 WHERE R0._1 = R2._0 AND R0._2 = R4._0 AND R0._3 = 'Knows' AND R2._1 = 'Person' AND R4._1 = 'Person'));

DROP TABLE IF EXISTS GENNEWID_MAP CASCADE;


CREATE TABLE GENNEWID_MAP (
  NEWID SERIAL PRIMARY KEY NOT NULL,
  VIEWRULEID varchar(64) NOT NULL,
  INPUTS integer[]
);
CREATE INDEX IF NOT EXISTS newid_vrm_idx ON GENNEWID_MAP (VIEWRULEID, INPUTS);
ALTER SEQUENCE GENNEWID_MAP_NEWID_seq RESTART WITH 100000000 INCREMENT BY 1;
CREATE OR REPLACE FUNCTION GENNEWID_CONST(varchar(64), VARIADIC arr int[])
   RETURNS int AS $$
DECLARE
  inserted_id integer;
  existing_id integer;
BEGIN
  SELECT NEWID INTO existing_id FROM GENNEWID_MAP
  WHERE VIEWRULEID = $1 AND INPUTS = $2;
  IF not found THEN
    INSERT INTO GENNEWID_MAP (VIEWRULEID, INPUTS) VALUES ($1,$2) RETURNING NEWID INTO inserted_id;
    RETURN inserted_id;
  ELSE
    RETURN existing_id;
  END IF;
END;
$$ LANGUAGE 'plpgsql';


DROP VIEW IF EXISTS MATCH_HighEarners_0 CASCADE

CREATE VIEW MATCH_HighEarners_0 AS ((SELECT DISTINCT R0._0 AS _0, R0._1 AS _1, R0._2 AS _2, R3._2 AS _3 FROM E_dummygraph AS R0 CROSS JOIN N_dummygraph AS R1 CROSS JOIN N_dummygraph AS R2 CROSS JOIN EP_dummygraph AS R3 WHERE R0._1 = R1._0 AND R0._2 = R2._0 AND R0._0 = R3._0 AND R3._2 > 150000 AND R0._3 = 'works_at' AND R1._1 = 'Person' AND R2._1 = 'Company' AND R3._1 = 'salary'));

DROP VIEW IF EXISTS DMAP_HighEarners CASCADE

CREATE VIEW DMAP_HighEarners AS ((SELECT DISTINCT R0._0 AS _0, R0._0 AS _1 FROM N_dummygraph AS R0));

DROP VIEW IF EXISTS N_HighEarners CASCADE

CREATE VIEW N_HighEarners AS ((SELECT DISTINCT R0._0 AS _0, R0._1 AS _1 FROM N_dummygraph AS R0));

DROP VIEW IF EXISTS E_HighEarners CASCADE

CREATE VIEW E_HighEarners AS ((SELECT DISTINCT R0._0 AS _0, R1._1 AS _1, R2._1 AS _2, R0._3 AS _3 FROM E_dummygraph AS R0 CROSS JOIN DMAP_HighEarners AS R1 CROSS JOIN DMAP_HighEarners AS R2 WHERE R0._2 = R2._0 AND R0._1 = R1._0));

DROP TABLE IF EXISTS GENNEWID_MAP CASCADE;


CREATE TABLE GENNEWID_MAP (
  NEWID SERIAL PRIMARY KEY NOT NULL,
  VIEWRULEID varchar(64) NOT NULL,
  INPUTS integer[]
);
CREATE INDEX IF NOT EXISTS newid_vrm_idx ON GENNEWID_MAP (VIEWRULEID, INPUTS);
ALTER SEQUENCE GENNEWID_MAP_NEWID_seq RESTART WITH 100000000 INCREMENT BY 1;
CREATE OR REPLACE FUNCTION GENNEWID_CONST(varchar(64), VARIADIC arr int[])
   RETURNS int AS $$
DECLARE
  inserted_id integer;
  existing_id integer;
BEGIN
  SELECT NEWID INTO existing_id FROM GENNEWID_MAP
  WHERE VIEWRULEID = $1 AND INPUTS = $2;
  IF not found THEN
    INSERT INTO GENNEWID_MAP (VIEWRULEID, INPUTS) VALUES ($1,$2) RETURNING NEWID INTO inserted_id;
    RETURN inserted_id;
  ELSE
    RETURN existing_id;
  END IF;
END;
$$ LANGUAGE 'plpgsql';


DROP VIEW IF EXISTS MATCH_SeniorEmployees_0 CASCADE

CREATE VIEW MATCH_SeniorEmployees_0 AS ((SELECT DISTINCT R0._0 AS _0, R0._1 AS _1, R0._2 AS _2, R3._2 AS _3 FROM E_dummygraph AS R0 CROSS JOIN N_dummygraph AS R1 CROSS JOIN N_dummygraph AS R2 CROSS JOIN EP_dummygraph AS R3 WHERE R0._1 = R1._0 AND R0._2 = R2._0 AND R0._0 = R3._0 AND R3._2 > 10 AND R0._3 = 'works_at' AND R1._1 = 'Person' AND R2._1 = 'Company' AND R3._1 = 'years'));

DROP VIEW IF EXISTS DMAP_SeniorEmployees CASCADE

CREATE VIEW DMAP_SeniorEmployees AS ((SELECT DISTINCT R0._0 AS _0, R0._0 AS _1 FROM N_dummygraph AS R0));

DROP VIEW IF EXISTS N_SeniorEmployees CASCADE

CREATE VIEW N_SeniorEmployees AS ((SELECT DISTINCT R0._0 AS _0, R0._1 AS _1 FROM N_dummygraph AS R0));

DROP VIEW IF EXISTS E_SeniorEmployees CASCADE

CREATE VIEW E_SeniorEmployees AS ((SELECT DISTINCT R0._0 AS _0, R1._1 AS _1, R2._1 AS _2, R0._3 AS _3 FROM E_dummygraph AS R0 CROSS JOIN DMAP_SeniorEmployees AS R1 CROSS JOIN DMAP_SeniorEmployees AS R2 WHERE R0._2 = R2._0 AND R0._1 = R1._0));

DROP TABLE IF EXISTS GENNEWID_MAP CASCADE;


CREATE TABLE GENNEWID_MAP (
  NEWID SERIAL PRIMARY KEY NOT NULL,
  VIEWRULEID varchar(64) NOT NULL,
  INPUTS integer[]
);
CREATE INDEX IF NOT EXISTS newid_vrm_idx ON GENNEWID_MAP (VIEWRULEID, INPUTS);
ALTER SEQUENCE GENNEWID_MAP_NEWID_seq RESTART WITH 100000000 INCREMENT BY 1;
CREATE OR REPLACE FUNCTION GENNEWID_CONST(varchar(64), VARIADIC arr int[])
   RETURNS int AS $$
DECLARE
  inserted_id integer;
  existing_id integer;
BEGIN
  SELECT NEWID INTO existing_id FROM GENNEWID_MAP
  WHERE VIEWRULEID = $1 AND INPUTS = $2;
  IF not found THEN
    INSERT INTO GENNEWID_MAP (VIEWRULEID, INPUTS) VALUES ($1,$2) RETURNING NEWID INTO inserted_id;
    RETURN inserted_id;
  ELSE
    RETURN existing_id;
  END IF;
END;
$$ LANGUAGE 'plpgsql';


DROP VIEW IF EXISTS MATCH_ProductBuyers_0 CASCADE

CREATE VIEW MATCH_ProductBuyers_0 AS ((SELECT DISTINCT R0._0 AS _0, R0._1 AS _1, R0._2 AS _2 FROM E_dummygraph AS R0 CROSS JOIN N_dummygraph AS R1 CROSS JOIN N_dummygraph AS R2 WHERE R0._1 = R1._0 AND R0._2 = R2._0 AND R0._3 = 'bought' AND R1._1 = 'Person' AND R2._1 = 'Product'));

DROP VIEW IF EXISTS DMAP_ProductBuyers CASCADE

CREATE VIEW DMAP_ProductBuyers AS ((SELECT DISTINCT R0._0 AS _0, R0._0 AS _1 FROM N_dummygraph AS R0));

DROP VIEW IF EXISTS N_ProductBuyers CASCADE

CREATE VIEW N_ProductBuyers AS ((SELECT DISTINCT R0._0 AS _0, R0._1 AS _1 FROM N_dummygraph AS R0));

DROP VIEW IF EXISTS E_ProductBuyers CASCADE

CREATE VIEW E_ProductBuyers AS ((SELECT DISTINCT R0._0 AS _0, R1._1 AS _1, R2._1 AS _2, R0._3 AS _3 FROM E_dummygraph AS R0 CROSS JOIN DMAP_ProductBuyers AS R1 CROSS JOIN DMAP_ProductBuyers AS R2 WHERE R0._2 = R2._0 AND R0._1 = R1._0));

DROP TABLE IF EXISTS GENNEWID_MAP CASCADE;


CREATE TABLE GENNEWID_MAP (
  NEWID SERIAL PRIMARY KEY NOT NULL,
  VIEWRULEID varchar(64) NOT NULL,
  INPUTS integer[]
);
CREATE INDEX IF NOT EXISTS newid_vrm_idx ON GENNEWID_MAP (VIEWRULEID, INPUTS);
ALTER SEQUENCE GENNEWID_MAP_NEWID_seq RESTART WITH 100000000 INCREMENT BY 1;
CREATE OR REPLACE FUNCTION GENNEWID_CONST(varchar(64), VARIADIC arr int[])
   RETURNS int AS $$
DECLARE
  inserted_id integer;
  existing_id integer;
BEGIN
  SELECT NEWID INTO existing_id FROM GENNEWID_MAP
  WHERE VIEWRULEID = $1 AND INPUTS = $2;
  IF not found THEN
    INSERT INTO GENNEWID_MAP (VIEWRULEID, INPUTS) VALUES ($1,$2) RETURNING NEWID INTO inserted_id;
    RETURN inserted_id;
  ELSE
    RETURN existing_id;
  END IF;
END;
$$ LANGUAGE 'plpgsql';


DROP VIEW IF EXISTS MATCH_SocialNetwork_0 CASCADE

CREATE VIEW MATCH_SocialNetwork_0 AS ((SELECT DISTINCT R0._0 AS _0, R0._1 AS _1, R0._2 AS _2 FROM E_dummygraph AS R0 CROSS JOIN N_dummygraph AS R1 CROSS JOIN N_dummygraph AS R2 WHERE R0._1 = R1._0 AND R0._2 = R2._0 AND R0._3 = 'knows' AND R1._1 = 'Person' AND R2._1 = 'Person'));

DROP VIEW IF EXISTS DMAP_SocialNetwork CASCADE

CREATE VIEW DMAP_SocialNetwork AS ((SELECT DISTINCT R0._0 AS _0, R0._0 AS _1 FROM N_dummygraph AS R0));

DROP VIEW IF EXISTS N_SocialNetwork CASCADE

CREATE VIEW N_SocialNetwork AS ((SELECT DISTINCT R0._0 AS _0, R0._1 AS _1 FROM N_dummygraph AS R0));

DROP VIEW IF EXISTS E_SocialNetwork CASCADE

CREATE VIEW E_SocialNetwork AS ((SELECT DISTINCT R0._0 AS _0, R1._1 AS _1, R2._1 AS _2, R0._3 AS _3 FROM E_dummygraph AS R0 CROSS JOIN DMAP_SocialNetwork AS R1 CROSS JOIN DMAP_SocialNetwork AS R2 WHERE R0._2 = R2._0 AND R0._1 = R1._0));

DROP TABLE IF EXISTS GENNEWID_MAP CASCADE;


CREATE TABLE GENNEWID_MAP (
  NEWID SERIAL PRIMARY KEY NOT NULL,
  VIEWRULEID varchar(64) NOT NULL,
  INPUTS integer[]
);
CREATE INDEX IF NOT EXISTS newid_vrm_idx ON GENNEWID_MAP (VIEWRULEID, INPUTS);
ALTER SEQUENCE GENNEWID_MAP_NEWID_seq RESTART WITH 100000000 INCREMENT BY 1;
CREATE OR REPLACE FUNCTION GENNEWID_CONST(varchar(64), VARIADIC arr int[])
   RETURNS int AS $$
DECLARE
  inserted_id integer;
  existing_id integer;
BEGIN
  SELECT NEWID INTO existing_id FROM GENNEWID_MAP
  WHERE VIEWRULEID = $1 AND INPUTS = $2;
  IF not found THEN
    INSERT INTO GENNEWID_MAP (VIEWRULEID, INPUTS) VALUES ($1,$2) RETURNING NEWID INTO inserted_id;
    RETURN inserted_id;
  ELSE
    RETURN existing_id;
  END IF;
END;
$$ LANGUAGE 'plpgsql';


DROP VIEW IF EXISTS MATCH_ITDepartment_0 CASCADE

CREATE VIEW MATCH_ITDepartment_0 AS ((SELECT DISTINCT R0._0 AS _0, R0._1 AS _1, R0._2 AS _2, R3._2 AS _3 FROM E_dummygraph AS R0 CROSS JOIN N_dummygraph AS R1 CROSS JOIN N_dummygraph AS R2 CROSS JOIN EP_dummygraph AS R3 WHERE R0._1 = R1._0 AND R0._2 = R2._0 AND R0._0 = R3._0 AND R3._2 = 'IT' AND R0._3 = 'works_at' AND R1._1 = 'Person' AND R2._1 = 'Company' AND R3._1 = 'department'));

DROP VIEW IF EXISTS DMAP_ITDepartment CASCADE

CREATE VIEW DMAP_ITDepartment AS ((SELECT DISTINCT R0._0 AS _0, R0._0 AS _1 FROM N_dummygraph AS R0));

DROP VIEW IF EXISTS N_ITDepartment CASCADE

CREATE VIEW N_ITDepartment AS ((SELECT DISTINCT R0._0 AS _0, R0._1 AS _1 FROM N_dummygraph AS R0));

DROP VIEW IF EXISTS E_ITDepartment CASCADE

CREATE VIEW E_ITDepartment AS ((SELECT DISTINCT R0._0 AS _0, R1._1 AS _1, R2._1 AS _2, R0._3 AS _3 FROM E_dummygraph AS R0 CROSS JOIN DMAP_ITDepartment AS R1 CROSS JOIN DMAP_ITDepartment AS R2 WHERE R0._2 = R2._0 AND R0._1 = R1._0));

DROP TABLE IF EXISTS GENNEWID_MAP CASCADE;


CREATE TABLE GENNEWID_MAP (
  NEWID SERIAL PRIMARY KEY NOT NULL,
  VIEWRULEID varchar(64) NOT NULL,
  INPUTS integer[]
);
CREATE INDEX IF NOT EXISTS newid_vrm_idx ON GENNEWID_MAP (VIEWRULEID, INPUTS);
ALTER SEQUENCE GENNEWID_MAP_NEWID_seq RESTART WITH 100000000 INCREMENT BY 1;
CREATE OR REPLACE FUNCTION GENNEWID_CONST(varchar(64), VARIADIC arr int[])
   RETURNS int AS $$
DECLARE
  inserted_id integer;
  existing_id integer;
BEGIN
  SELECT NEWID INTO existing_id FROM GENNEWID_MAP
  WHERE VIEWRULEID = $1 AND INPUTS = $2;
  IF not found THEN
    INSERT INTO GENNEWID_MAP (VIEWRULEID, INPUTS) VALUES ($1,$2) RETURNING NEWID INTO inserted_id;
    RETURN inserted_id;
  ELSE
    RETURN existing_id;
  END IF;
END;
$$ LANGUAGE 'plpgsql';


DROP VIEW IF EXISTS MATCH_TestMaterialized_0 CASCADE

CREATE VIEW MATCH_TestMaterialized_0 AS ((SELECT DISTINCT R0._0 AS _0, R0._1 AS _1, R0._2 AS _2 FROM E_dummygraph AS R0 CROSS JOIN N_dummygraph AS R1 CROSS JOIN N_dummygraph AS R2 WHERE R0._1 = R1._0 AND R0._2 = R2._0 AND R0._3 = 'works_at' AND R1._1 = 'Person' AND R2._1 = 'Company'));

DROP VIEW IF EXISTS DMAP_TestMaterialized CASCADE

CREATE VIEW DMAP_TestMaterialized AS ((SELECT DISTINCT R0._0 AS _0, R0._0 AS _1 FROM N_dummygraph AS R0));

DROP VIEW IF EXISTS N_TestMaterialized CASCADE

CREATE VIEW N_TestMaterialized AS ((SELECT DISTINCT R0._0 AS _0, R0._1 AS _1 FROM N_dummygraph AS R0));

DROP VIEW IF EXISTS E_TestMaterialized CASCADE

CREATE VIEW E_TestMaterialized AS ((SELECT DISTINCT R0._0 AS _0, R1._1 AS _1, R2._1 AS _2, R0._3 AS _3 FROM E_dummygraph AS R0 CROSS JOIN DMAP_TestMaterialized AS R1 CROSS JOIN DMAP_TestMaterialized AS R2 WHERE R0._2 = R2._0 AND R0._1 = R1._0));

DROP TABLE IF EXISTS GENNEWID_MAP CASCADE;


CREATE TABLE GENNEWID_MAP (
  NEWID SERIAL PRIMARY KEY NOT NULL,
  VIEWRULEID varchar(64) NOT NULL,
  INPUTS integer[]
);
CREATE INDEX IF NOT EXISTS newid_vrm_idx ON GENNEWID_MAP (VIEWRULEID, INPUTS);
ALTER SEQUENCE GENNEWID_MAP_NEWID_seq RESTART WITH 100000000 INCREMENT BY 1;
CREATE OR REPLACE FUNCTION GENNEWID_CONST(varchar(64), VARIADIC arr int[])
   RETURNS int AS $$
DECLARE
  inserted_id integer;
  existing_id integer;
BEGIN
  SELECT NEWID INTO existing_id FROM GENNEWID_MAP
  WHERE VIEWRULEID = $1 AND INPUTS = $2;
  IF not found THEN
    INSERT INTO GENNEWID_MAP (VIEWRULEID, INPUTS) VALUES ($1,$2) RETURNING NEWID INTO inserted_id;
    RETURN inserted_id;
  ELSE
    RETURN existing_id;
  END IF;
END;
$$ LANGUAGE 'plpgsql';


DROP VIEW IF EXISTS MATCH_WorkingPeople_0 CASCADE

CREATE VIEW MATCH_WorkingPeople_0 AS ((SELECT DISTINCT R0._0 AS _0, R0._1 AS _1, R0._2 AS _2 FROM E_g AS R0 CROSS JOIN N_g AS R1 CROSS JOIN N_g AS R2 WHERE R0._1 = R1._0 AND R0._2 = R2._0 AND R0._3 = 'works_at' AND R1._1 = 'Person' AND R2._1 = 'Company'));

DROP VIEW IF EXISTS DMAP_WorkingPeople CASCADE

CREATE VIEW DMAP_WorkingPeople AS ((SELECT DISTINCT R0._0 AS _0, R0._0 AS _1 FROM N_g AS R0));

DROP VIEW IF EXISTS N_WorkingPeople CASCADE

CREATE VIEW N_WorkingPeople AS ((SELECT DISTINCT R0._0 AS _0, R0._1 AS _1 FROM N_g AS R0));

DROP VIEW IF EXISTS E_WorkingPeople CASCADE

CREATE VIEW E_WorkingPeople AS ((SELECT DISTINCT R0._0 AS _0, R1._1 AS _1, R2._1 AS _2, R0._3 AS _3 FROM E_g AS R0 CROSS JOIN DMAP_WorkingPeople AS R1 CROSS JOIN DMAP_WorkingPeople AS R2 WHERE R0._2 = R2._0 AND R0._1 = R1._0));

DROP TABLE IF EXISTS GENNEWID_MAP CASCADE;


CREATE TABLE GENNEWID_MAP (
  NEWID SERIAL PRIMARY KEY NOT NULL,
  VIEWRULEID varchar(64) NOT NULL,
  INPUTS integer[]
);
CREATE INDEX IF NOT EXISTS newid_vrm_idx ON GENNEWID_MAP (VIEWRULEID, INPUTS);
ALTER SEQUENCE GENNEWID_MAP_NEWID_seq RESTART WITH 100000000 INCREMENT BY 1;
CREATE OR REPLACE FUNCTION GENNEWID_CONST(varchar(64), VARIADIC arr int[])
   RETURNS int AS $$
DECLARE
  inserted_id integer;
  existing_id integer;
BEGIN
  SELECT NEWID INTO existing_id FROM GENNEWID_MAP
  WHERE VIEWRULEID = $1 AND INPUTS = $2;
  IF not found THEN
    INSERT INTO GENNEWID_MAP (VIEWRULEID, INPUTS) VALUES ($1,$2) RETURNING NEWID INTO inserted_id;
    RETURN inserted_id;
  ELSE
    RETURN existing_id;
  END IF;
END;
$$ LANGUAGE 'plpgsql';


DROP TABLE IF EXISTS GENNEWID_MAP CASCADE;


CREATE TABLE GENNEWID_MAP (
  NEWID SERIAL PRIMARY KEY NOT NULL,
  VIEWRULEID varchar(64) NOT NULL,
  INPUTS integer[]
);
CREATE INDEX IF NOT EXISTS newid_vrm_idx ON GENNEWID_MAP (VIEWRULEID, INPUTS);
ALTER SEQUENCE GENNEWID_MAP_NEWID_seq RESTART WITH 100000000 INCREMENT BY 1;
CREATE OR REPLACE FUNCTION GENNEWID_CONST(varchar(64), VARIADIC arr int[])
   RETURNS int AS $$
DECLARE
  inserted_id integer;
  existing_id integer;
BEGIN
  SELECT NEWID INTO existing_id FROM GENNEWID_MAP
  WHERE VIEWRULEID = $1 AND INPUTS = $2;
  IF not found THEN
    INSERT INTO GENNEWID_MAP (VIEWRULEID, INPUTS) VALUES ($1,$2) RETURNING NEWID INTO inserted_id;
    RETURN inserted_id;
  ELSE
    RETURN existing_id;
  END IF;
END;
$$ LANGUAGE 'plpgsql';


DROP TABLE IF EXISTS GENNEWID_MAP CASCADE;


CREATE TABLE GENNEWID_MAP (
  NEWID SERIAL PRIMARY KEY NOT NULL,
  VIEWRULEID varchar(64) NOT NULL,
  INPUTS integer[]
);
CREATE INDEX IF NOT EXISTS newid_vrm_idx ON GENNEWID_MAP (VIEWRULEID, INPUTS);
ALTER SEQUENCE GENNEWID_MAP_NEWID_seq RESTART WITH 100000000 INCREMENT BY 1;
CREATE OR REPLACE FUNCTION GENNEWID_CONST(varchar(64), VARIADIC arr int[])
   RETURNS int AS $$
DECLARE
  inserted_id integer;
  existing_id integer;
BEGIN
  SELECT NEWID INTO existing_id FROM GENNEWID_MAP
  WHERE VIEWRULEID = $1 AND INPUTS = $2;
  IF not found THEN
    INSERT INTO GENNEWID_MAP (VIEWRULEID, INPUTS) VALUES ($1,$2) RETURNING NEWID INTO inserted_id;
    RETURN inserted_id;
  ELSE
    RETURN existing_id;
  END IF;
END;
$$ LANGUAGE 'plpgsql';


DROP TABLE IF EXISTS GENNEWID_MAP CASCADE;


CREATE TABLE GENNEWID_MAP (
  NEWID SERIAL PRIMARY KEY NOT NULL,
  VIEWRULEID varchar(64) NOT NULL,
  INPUTS integer[]
);
CREATE INDEX IF NOT EXISTS newid_vrm_idx ON GENNEWID_MAP (VIEWRULEID, INPUTS);
ALTER SEQUENCE GENNEWID_MAP_NEWID_seq RESTART WITH 100000000 INCREMENT BY 1;
CREATE OR REPLACE FUNCTION GENNEWID_CONST(varchar(64), VARIADIC arr int[])
   RETURNS int AS $$
DECLARE
  inserted_id integer;
  existing_id integer;
BEGIN
  SELECT NEWID INTO existing_id FROM GENNEWID_MAP
  WHERE VIEWRULEID = $1 AND INPUTS = $2;
  IF not found THEN
    INSERT INTO GENNEWID_MAP (VIEWRULEID, INPUTS) VALUES ($1,$2) RETURNING NEWID INTO inserted_id;
    RETURN inserted_id;
  ELSE
    RETURN existing_id;
  END IF;
END;
$$ LANGUAGE 'plpgsql';


DROP TABLE IF EXISTS GENNEWID_MAP CASCADE;


CREATE TABLE GENNEWID_MAP (
  NEWID SERIAL PRIMARY KEY NOT NULL,
  VIEWRULEID varchar(64) NOT NULL,
  INPUTS integer[]
);
CREATE INDEX IF NOT EXISTS newid_vrm_idx ON GENNEWID_MAP (VIEWRULEID, INPUTS);
ALTER SEQUENCE GENNEWID_MAP_NEWID_seq RESTART WITH 100000000 INCREMENT BY 1;
CREATE OR REPLACE FUNCTION GENNEWID_CONST(varchar(64), VARIADIC arr int[])
   RETURNS int AS $$
DECLARE
  inserted_id integer;
  existing_id integer;
BEGIN
  SELECT NEWID INTO existing_id FROM GENNEWID_MAP
  WHERE VIEWRULEID = $1 AND INPUTS = $2;
  IF not found THEN
    INSERT INTO GENNEWID_MAP (VIEWRULEID, INPUTS) VALUES ($1,$2) RETURNING NEWID INTO inserted_id;
    RETURN inserted_id;
  ELSE
    RETURN existing_id;
  END IF;
END;
$$ LANGUAGE 'plpgsql';


((SELECT DISTINCT R0._1 AS _0, R0._2 AS _1, R0._0 AS _2 FROM E_ITDepartment AS R0 CROSS JOIN N_ITDepartment AS R2 CROSS JOIN N_ITDepartment AS R4 WHERE R0._1 = R2._0 AND R0._2 = R4._0 AND R0._3 = 'works_at' AND R2._1 = 'Person' AND R4._1 = 'Company'));

((SELECT DISTINCT R0._1 AS _0, R0._2 AS _1, R0._0 AS _2 FROM E_HighEarners AS R0 CROSS JOIN N_HighEarners AS R2 CROSS JOIN N_HighEarners AS R4 WHERE R0._1 = R2._0 AND R0._2 = R4._0 AND R0._3 = 'works_at' AND R2._1 = 'Person' AND R4._1 = 'Company'));

((SELECT DISTINCT R0._1 AS _0, R0._2 AS _1, R0._0 AS _2 FROM E_SeniorEmployees AS R0 CROSS JOIN N_SeniorEmployees AS R2 CROSS JOIN N_SeniorEmployees AS R4 WHERE R0._1 = R2._0 AND R0._2 = R4._0 AND R0._3 = 'works_at' AND R2._1 = 'Person' AND R4._1 = 'Company'));

((SELECT DISTINCT R0._1 AS _0, R0._0 AS _1, R0._2 AS _2 FROM E_ProductBuyers AS R0 CROSS JOIN N_ProductBuyers AS R2 CROSS JOIN N_ProductBuyers AS R4 WHERE R0._1 = R2._0 AND R0._2 = R4._0 AND R0._3 = 'bought' AND R2._1 = 'Person' AND R4._1 = 'Product'));

((SELECT DISTINCT R0._1 AS _0, R0._2 AS _1, R0._0 AS _2 FROM E_SocialNetwork AS R0 CROSS JOIN N_SocialNetwork AS R2 CROSS JOIN N_SocialNetwork AS R4 WHERE R0._1 = R2._0 AND R0._2 = R4._0 AND R0._3 = 'knows' AND R2._1 = 'Person' AND R4._1 = 'Person'));

((SELECT DISTINCT R0._1 AS _0, R0._2 AS _1, R0._0 AS _2 FROM E_ITDepartment AS R0 CROSS JOIN N_ITDepartment AS R2 CROSS JOIN N_ITDepartment AS R4 WHERE R0._1 = R2._0 AND R0._2 = R4._0 AND R0._3 = 'works_at' AND R2._1 = 'Person' AND R4._1 = 'Company'));

((SELECT DISTINCT R0._1 AS _0, R0._2 AS _1, R0._0 AS _2 FROM E_HighEarners AS R0 CROSS JOIN N_HighEarners AS R2 CROSS JOIN N_HighEarners AS R4 WHERE R0._1 = R2._0 AND R0._2 = R4._0 AND R0._3 = 'works_at' AND R2._1 = 'Person' AND R4._1 = 'Company'));

((SELECT DISTINCT R0._1 AS _0, R0._2 AS _1, R0._0 AS _2 FROM E_SeniorEmployees AS R0 CROSS JOIN N_SeniorEmployees AS R2 CROSS JOIN N_SeniorEmployees AS R4 WHERE R0._1 = R2._0 AND R0._2 = R4._0 AND R0._3 = 'works_at' AND R2._1 = 'Person' AND R4._1 = 'Company'));

((SELECT DISTINCT R0._1 AS _0, R0._0 AS _1, R0._2 AS _2 FROM E_ProductBuyers AS R0 CROSS JOIN N_ProductBuyers AS R2 CROSS JOIN N_ProductBuyers AS R4 WHERE R0._1 = R2._0 AND R0._2 = R4._0 AND R0._3 = 'bought' AND R2._1 = 'Person' AND R4._1 = 'Product'));

((SELECT DISTINCT R0._1 AS _0, R0._2 AS _1, R0._0 AS _2 FROM E_SocialNetwork AS R0 CROSS JOIN N_SocialNetwork AS R2 CROSS JOIN N_SocialNetwork AS R4 WHERE R0._1 = R2._0 AND R0._2 = R4._0 AND R0._3 = 'knows' AND R2._1 = 'Person' AND R4._1 = 'Person'));

((SELECT DISTINCT R0._1 AS _0, R0._2 AS _1, R0._0 AS _2 FROM E_ITDepartment AS R0 CROSS JOIN N_ITDepartment AS R2 CROSS JOIN N_ITDepartment AS R4 WHERE R0._1 = R2._0 AND R0._2 = R4._0 AND R0._3 = 'works_at' AND R2._1 = 'Person' AND R4._1 = 'Company'));

((SELECT DISTINCT R0._0 AS _0 FROM N_ITDepartment AS R0 WHERE R0._1 = 'Person'));

DROP TABLE IF EXISTS GENNEWID_MAP CASCADE;


CREATE TABLE GENNEWID_MAP (
  NEWID SERIAL PRIMARY KEY NOT NULL,
  VIEWRULEID varchar(64) NOT NULL,
  INPUTS integer[]
);
CREATE INDEX IF NOT EXISTS newid_vrm_idx ON GENNEWID_MAP (VIEWRULEID, INPUTS);
ALTER SEQUENCE GENNEWID_MAP_NEWID_seq RESTART WITH 100000000 INCREMENT BY 1;
CREATE OR REPLACE FUNCTION GENNEWID_CONST(varchar(64), VARIADIC arr int[])
   RETURNS int AS $$
DECLARE
  inserted_id integer;
  existing_id integer;
BEGIN
  SELECT NEWID INTO existing_id FROM GENNEWID_MAP
  WHERE VIEWRULEID = $1 AND INPUTS = $2;
  IF not found THEN
    INSERT INTO GENNEWID_MAP (VIEWRULEID, INPUTS) VALUES ($1,$2) RETURNING NEWID INTO inserted_id;
    RETURN inserted_id;
  ELSE
    RETURN existing_id;
  END IF;
END;
$$ LANGUAGE 'plpgsql';


DROP VIEW IF EXISTS MATCH_TestMat_0 CASCADE

CREATE VIEW MATCH_TestMat_0 AS ((SELECT DISTINCT R0._0 AS _0, R0._1 AS _1, R0._2 AS _2, R3._2 AS _3 FROM E_g AS R0 CROSS JOIN N_g AS R1 CROSS JOIN N_g AS R2 CROSS JOIN EP_g AS R3 WHERE R0._1 = R1._0 AND R0._2 = R2._0 AND R0._0 = R3._0 AND R3._2 = 'IT' AND R0._3 = 'works_at' AND R1._1 = 'Person' AND R2._1 = 'Company' AND R3._1 = 'department'));

DROP VIEW IF EXISTS DMAP_TestMat CASCADE

CREATE VIEW DMAP_TestMat AS ((SELECT DISTINCT R0._0 AS _0, R0._0 AS _1 FROM N_g AS R0));

DROP VIEW IF EXISTS N_TestMat CASCADE

CREATE VIEW N_TestMat AS ((SELECT DISTINCT R0._0 AS _0, R0._1 AS _1 FROM N_g AS R0));

DROP VIEW IF EXISTS E_TestMat CASCADE

CREATE VIEW E_TestMat AS ((SELECT DISTINCT R0._0 AS _0, R1._1 AS _1, R2._1 AS _2, R0._3 AS _3 FROM E_g AS R0 CROSS JOIN DMAP_TestMat AS R1 CROSS JOIN DMAP_TestMat AS R2 WHERE R0._2 = R2._0 AND R0._1 = R1._0));

DROP TABLE IF EXISTS GENNEWID_MAP CASCADE;


CREATE TABLE GENNEWID_MAP (
  NEWID SERIAL PRIMARY KEY NOT NULL,
  VIEWRULEID varchar(64) NOT NULL,
  INPUTS integer[]
);
CREATE INDEX IF NOT EXISTS newid_vrm_idx ON GENNEWID_MAP (VIEWRULEID, INPUTS);
ALTER SEQUENCE GENNEWID_MAP_NEWID_seq RESTART WITH 100000000 INCREMENT BY 1;
CREATE OR REPLACE FUNCTION GENNEWID_CONST(varchar(64), VARIADIC arr int[])
   RETURNS int AS $$
DECLARE
  inserted_id integer;
  existing_id integer;
BEGIN
  SELECT NEWID INTO existing_id FROM GENNEWID_MAP
  WHERE VIEWRULEID = $1 AND INPUTS = $2;
  IF not found THEN
    INSERT INTO GENNEWID_MAP (VIEWRULEID, INPUTS) VALUES ($1,$2) RETURNING NEWID INTO inserted_id;
    RETURN inserted_id;
  ELSE
    RETURN existing_id;
  END IF;
END;
$$ LANGUAGE 'plpgsql';


DROP TABLE IF EXISTS GENNEWID_MAP CASCADE;


CREATE TABLE GENNEWID_MAP (
  NEWID SERIAL PRIMARY KEY NOT NULL,
  VIEWRULEID varchar(64) NOT NULL,
  INPUTS integer[]
);
CREATE INDEX IF NOT EXISTS newid_vrm_idx ON GENNEWID_MAP (VIEWRULEID, INPUTS);
ALTER SEQUENCE GENNEWID_MAP_NEWID_seq RESTART WITH 100000000 INCREMENT BY 1;
CREATE OR REPLACE FUNCTION GENNEWID_CONST(varchar(64), VARIADIC arr int[])
   RETURNS int AS $$
DECLARE
  inserted_id integer;
  existing_id integer;
BEGIN
  SELECT NEWID INTO existing_id FROM GENNEWID_MAP
  WHERE VIEWRULEID = $1 AND INPUTS = $2;
  IF not found THEN
    INSERT INTO GENNEWID_MAP (VIEWRULEID, INPUTS) VALUES ($1,$2) RETURNING NEWID INTO inserted_id;
    RETURN inserted_id;
  ELSE
    RETURN existing_id;
  END IF;
END;
$$ LANGUAGE 'plpgsql';


DROP TABLE IF EXISTS GENNEWID_MAP CASCADE;


CREATE TABLE GENNEWID_MAP (
  NEWID SERIAL PRIMARY KEY NOT NULL,
  VIEWRULEID varchar(64) NOT NULL,
  INPUTS integer[]
);
CREATE INDEX IF NOT EXISTS newid_vrm_idx ON GENNEWID_MAP (VIEWRULEID, INPUTS);
ALTER SEQUENCE GENNEWID_MAP_NEWID_seq RESTART WITH 100000000 INCREMENT BY 1;
CREATE OR REPLACE FUNCTION GENNEWID_CONST(varchar(64), VARIADIC arr int[])
   RETURNS int AS $$
DECLARE
  inserted_id integer;
  existing_id integer;
BEGIN
  SELECT NEWID INTO existing_id FROM GENNEWID_MAP
  WHERE VIEWRULEID = $1 AND INPUTS = $2;
  IF not found THEN
    INSERT INTO GENNEWID_MAP (VIEWRULEID, INPUTS) VALUES ($1,$2) RETURNING NEWID INTO inserted_id;
    RETURN inserted_id;
  ELSE
    RETURN existing_id;
  END IF;
END;
$$ LANGUAGE 'plpgsql';


DROP TABLE IF EXISTS GENNEWID_MAP CASCADE;


CREATE TABLE GENNEWID_MAP (
  NEWID SERIAL PRIMARY KEY NOT NULL,
  VIEWRULEID varchar(64) NOT NULL,
  INPUTS integer[]
);
CREATE INDEX IF NOT EXISTS newid_vrm_idx ON GENNEWID_MAP (VIEWRULEID, INPUTS);
ALTER SEQUENCE GENNEWID_MAP_NEWID_seq RESTART WITH 100000000 INCREMENT BY 1;
CREATE OR REPLACE FUNCTION GENNEWID_CONST(varchar(64), VARIADIC arr int[])
   RETURNS int AS $$
DECLARE
  inserted_id integer;
  existing_id integer;
BEGIN
  SELECT NEWID INTO existing_id FROM GENNEWID_MAP
  WHERE VIEWRULEID = $1 AND INPUTS = $2;
  IF not found THEN
    INSERT INTO GENNEWID_MAP (VIEWRULEID, INPUTS) VALUES ($1,$2) RETURNING NEWID INTO inserted_id;
    RETURN inserted_id;
  ELSE
    RETURN existing_id;
  END IF;
END;
$$ LANGUAGE 'plpgsql';


DROP TABLE IF EXISTS GENNEWID_MAP CASCADE;


CREATE TABLE GENNEWID_MAP (
  NEWID SERIAL PRIMARY KEY NOT NULL,
  VIEWRULEID varchar(64) NOT NULL,
  INPUTS integer[]
);
CREATE INDEX IF NOT EXISTS newid_vrm_idx ON GENNEWID_MAP (VIEWRULEID, INPUTS);
ALTER SEQUENCE GENNEWID_MAP_NEWID_seq RESTART WITH 100000000 INCREMENT BY 1;
CREATE OR REPLACE FUNCTION GENNEWID_CONST(varchar(64), VARIADIC arr int[])
   RETURNS int AS $$
DECLARE
  inserted_id integer;
  existing_id integer;
BEGIN
  SELECT NEWID INTO existing_id FROM GENNEWID_MAP
  WHERE VIEWRULEID = $1 AND INPUTS = $2;
  IF not found THEN
    INSERT INTO GENNEWID_MAP (VIEWRULEID, INPUTS) VALUES ($1,$2) RETURNING NEWID INTO inserted_id;
    RETURN inserted_id;
  ELSE
    RETURN existing_id;
  END IF;
END;
$$ LANGUAGE 'plpgsql';


((SELECT DISTINCT R0._1 AS _0, R0._2 AS _1, R0._0 AS _2 FROM E_ITDepartment AS R0 CROSS JOIN N_ITDepartment AS R2 CROSS JOIN N_ITDepartment AS R4 WHERE R0._1 = R2._0 AND R0._2 = R4._0 AND R0._3 = 'works_at' AND R2._1 = 'Person' AND R4._1 = 'Company'));

DROP TABLE IF EXISTS GENNEWID_MAP CASCADE;


CREATE TABLE GENNEWID_MAP (
  NEWID SERIAL PRIMARY KEY NOT NULL,
  VIEWRULEID varchar(64) NOT NULL,
  INPUTS integer[]
);
CREATE INDEX IF NOT EXISTS newid_vrm_idx ON GENNEWID_MAP (VIEWRULEID, INPUTS);
ALTER SEQUENCE GENNEWID_MAP_NEWID_seq RESTART WITH 100000000 INCREMENT BY 1;
CREATE OR REPLACE FUNCTION GENNEWID_CONST(varchar(64), VARIADIC arr int[])
   RETURNS int AS $$
DECLARE
  inserted_id integer;
  existing_id integer;
BEGIN
  SELECT NEWID INTO existing_id FROM GENNEWID_MAP
  WHERE VIEWRULEID = $1 AND INPUTS = $2;
  IF not found THEN
    INSERT INTO GENNEWID_MAP (VIEWRULEID, INPUTS) VALUES ($1,$2) RETURNING NEWID INTO inserted_id;
    RETURN inserted_id;
  ELSE
    RETURN existing_id;
  END IF;
END;
$$ LANGUAGE 'plpgsql';


DROP VIEW IF EXISTS MATCH_ITDeptTest_0 CASCADE

CREATE VIEW MATCH_ITDeptTest_0 AS ((SELECT DISTINCT R0._0 AS _0, R0._1 AS _1, R0._2 AS _2, R3._2 AS _3 FROM E_g AS R0 CROSS JOIN N_g AS R1 CROSS JOIN N_g AS R2 CROSS JOIN EP_g AS R3 WHERE R0._1 = R1._0 AND R0._2 = R2._0 AND R0._0 = R3._0 AND R3._2 = 'IT' AND R0._3 = 'works_at' AND R1._1 = 'Person' AND R2._1 = 'Company' AND R3._1 = 'department'));

DROP VIEW IF EXISTS DMAP_ITDeptTest CASCADE

CREATE VIEW DMAP_ITDeptTest AS ((SELECT DISTINCT R0._0 AS _0, R0._0 AS _1 FROM N_g AS R0));

DROP VIEW IF EXISTS N_ITDeptTest CASCADE

CREATE VIEW N_ITDeptTest AS ((SELECT DISTINCT R0._0 AS _0, R0._1 AS _1 FROM N_g AS R0));

DROP VIEW IF EXISTS E_ITDeptTest CASCADE

CREATE VIEW E_ITDeptTest AS ((SELECT DISTINCT R0._0 AS _0, R1._1 AS _1, R2._1 AS _2, R0._3 AS _3 FROM E_g AS R0 CROSS JOIN DMAP_ITDeptTest AS R1 CROSS JOIN DMAP_ITDeptTest AS R2 WHERE R0._2 = R2._0 AND R0._1 = R1._0));

DROP TABLE IF EXISTS GENNEWID_MAP CASCADE;


CREATE TABLE GENNEWID_MAP (
  NEWID SERIAL PRIMARY KEY NOT NULL,
  VIEWRULEID varchar(64) NOT NULL,
  INPUTS integer[]
);
CREATE INDEX IF NOT EXISTS newid_vrm_idx ON GENNEWID_MAP (VIEWRULEID, INPUTS);
ALTER SEQUENCE GENNEWID_MAP_NEWID_seq RESTART WITH 100000000 INCREMENT BY 1;
CREATE OR REPLACE FUNCTION GENNEWID_CONST(varchar(64), VARIADIC arr int[])
   RETURNS int AS $$
DECLARE
  inserted_id integer;
  existing_id integer;
BEGIN
  SELECT NEWID INTO existing_id FROM GENNEWID_MAP
  WHERE VIEWRULEID = $1 AND INPUTS = $2;
  IF not found THEN
    INSERT INTO GENNEWID_MAP (VIEWRULEID, INPUTS) VALUES ($1,$2) RETURNING NEWID INTO inserted_id;
    RETURN inserted_id;
  ELSE
    RETURN existing_id;
  END IF;
END;
$$ LANGUAGE 'plpgsql';


DROP TABLE IF EXISTS GENNEWID_MAP CASCADE;


CREATE TABLE GENNEWID_MAP (
  NEWID SERIAL PRIMARY KEY NOT NULL,
  VIEWRULEID varchar(64) NOT NULL,
  INPUTS integer[]
);
CREATE INDEX IF NOT EXISTS newid_vrm_idx ON GENNEWID_MAP (VIEWRULEID, INPUTS);
ALTER SEQUENCE GENNEWID_MAP_NEWID_seq RESTART WITH 100000000 INCREMENT BY 1;
CREATE OR REPLACE FUNCTION GENNEWID_CONST(varchar(64), VARIADIC arr int[])
   RETURNS int AS $$
DECLARE
  inserted_id integer;
  existing_id integer;
BEGIN
  SELECT NEWID INTO existing_id FROM GENNEWID_MAP
  WHERE VIEWRULEID = $1 AND INPUTS = $2;
  IF not found THEN
    INSERT INTO GENNEWID_MAP (VIEWRULEID, INPUTS) VALUES ($1,$2) RETURNING NEWID INTO inserted_id;
    RETURN inserted_id;
  ELSE
    RETURN existing_id;
  END IF;
END;
$$ LANGUAGE 'plpgsql';


DROP TABLE IF EXISTS GENNEWID_MAP CASCADE;


CREATE TABLE GENNEWID_MAP (
  NEWID SERIAL PRIMARY KEY NOT NULL,
  VIEWRULEID varchar(64) NOT NULL,
  INPUTS integer[]
);
CREATE INDEX IF NOT EXISTS newid_vrm_idx ON GENNEWID_MAP (VIEWRULEID, INPUTS);
ALTER SEQUENCE GENNEWID_MAP_NEWID_seq RESTART WITH 100000000 INCREMENT BY 1;
CREATE OR REPLACE FUNCTION GENNEWID_CONST(varchar(64), VARIADIC arr int[])
   RETURNS int AS $$
DECLARE
  inserted_id integer;
  existing_id integer;
BEGIN
  SELECT NEWID INTO existing_id FROM GENNEWID_MAP
  WHERE VIEWRULEID = $1 AND INPUTS = $2;
  IF not found THEN
    INSERT INTO GENNEWID_MAP (VIEWRULEID, INPUTS) VALUES ($1,$2) RETURNING NEWID INTO inserted_id;
    RETURN inserted_id;
  ELSE
    RETURN existing_id;
  END IF;
END;
$$ LANGUAGE 'plpgsql';


DROP TABLE IF EXISTS GENNEWID_MAP CASCADE;


CREATE TABLE GENNEWID_MAP (
  NEWID SERIAL PRIMARY KEY NOT NULL,
  VIEWRULEID varchar(64) NOT NULL,
  INPUTS integer[]
);
CREATE INDEX IF NOT EXISTS newid_vrm_idx ON GENNEWID_MAP (VIEWRULEID, INPUTS);
ALTER SEQUENCE GENNEWID_MAP_NEWID_seq RESTART WITH 100000000 INCREMENT BY 1;
CREATE OR REPLACE FUNCTION GENNEWID_CONST(varchar(64), VARIADIC arr int[])
   RETURNS int AS $$
DECLARE
  inserted_id integer;
  existing_id integer;
BEGIN
  SELECT NEWID INTO existing_id FROM GENNEWID_MAP
  WHERE VIEWRULEID = $1 AND INPUTS = $2;
  IF not found THEN
    INSERT INTO GENNEWID_MAP (VIEWRULEID, INPUTS) VALUES ($1,$2) RETURNING NEWID INTO inserted_id;
    RETURN inserted_id;
  ELSE
    RETURN existing_id;
  END IF;
END;
$$ LANGUAGE 'plpgsql';


DROP TABLE IF EXISTS GENNEWID_MAP CASCADE;


CREATE TABLE GENNEWID_MAP (
  NEWID SERIAL PRIMARY KEY NOT NULL,
  VIEWRULEID varchar(64) NOT NULL,
  INPUTS integer[]
);
CREATE INDEX IF NOT EXISTS newid_vrm_idx ON GENNEWID_MAP (VIEWRULEID, INPUTS);
ALTER SEQUENCE GENNEWID_MAP_NEWID_seq RESTART WITH 100000000 INCREMENT BY 1;
CREATE OR REPLACE FUNCTION GENNEWID_CONST(varchar(64), VARIADIC arr int[])
   RETURNS int AS $$
DECLARE
  inserted_id integer;
  existing_id integer;
BEGIN
  SELECT NEWID INTO existing_id FROM GENNEWID_MAP
  WHERE VIEWRULEID = $1 AND INPUTS = $2;
  IF not found THEN
    INSERT INTO GENNEWID_MAP (VIEWRULEID, INPUTS) VALUES ($1,$2) RETURNING NEWID INTO inserted_id;
    RETURN inserted_id;
  ELSE
    RETURN existing_id;
  END IF;
END;
$$ LANGUAGE 'plpgsql';


DROP TABLE IF EXISTS GENNEWID_MAP CASCADE;


CREATE TABLE GENNEWID_MAP (
  NEWID SERIAL PRIMARY KEY NOT NULL,
  VIEWRULEID varchar(64) NOT NULL,
  INPUTS integer[]
);
CREATE INDEX IF NOT EXISTS newid_vrm_idx ON GENNEWID_MAP (VIEWRULEID, INPUTS);
ALTER SEQUENCE GENNEWID_MAP_NEWID_seq RESTART WITH 100000000 INCREMENT BY 1;
CREATE OR REPLACE FUNCTION GENNEWID_CONST(varchar(64), VARIADIC arr int[])
   RETURNS int AS $$
DECLARE
  inserted_id integer;
  existing_id integer;
BEGIN
  SELECT NEWID INTO existing_id FROM GENNEWID_MAP
  WHERE VIEWRULEID = $1 AND INPUTS = $2;
  IF not found THEN
    INSERT INTO GENNEWID_MAP (VIEWRULEID, INPUTS) VALUES ($1,$2) RETURNING NEWID INTO inserted_id;
    RETURN inserted_id;
  ELSE
    RETURN existing_id;
  END IF;
END;
$$ LANGUAGE 'plpgsql';


DROP VIEW IF EXISTS MATCH_ITDepartmentV2_0 CASCADE

CREATE VIEW MATCH_ITDepartmentV2_0 AS ((SELECT DISTINCT R0._0 AS _0, R0._1 AS _1, R0._2 AS _2, R3._2 AS _3 FROM E_g AS R0 CROSS JOIN N_g AS R1 CROSS JOIN N_g AS R2 CROSS JOIN EP_g AS R3 WHERE R0._1 = R1._0 AND R0._2 = R2._0 AND R0._0 = R3._0 AND R3._2 = 'IT' AND R0._3 = 'works_at' AND R1._1 = 'Person' AND R2._1 = 'Company' AND R3._1 = 'department'));

DROP VIEW IF EXISTS DMAP_ITDepartmentV2 CASCADE

CREATE VIEW DMAP_ITDepartmentV2 AS ((SELECT DISTINCT R0._0 AS _0, R0._0 AS _1 FROM N_g AS R0));

DROP VIEW IF EXISTS N_ITDepartmentV2 CASCADE

CREATE VIEW N_ITDepartmentV2 AS ((SELECT DISTINCT R0._0 AS _0, R0._1 AS _1 FROM N_g AS R0));

DROP VIEW IF EXISTS E_ITDepartmentV2 CASCADE

CREATE VIEW E_ITDepartmentV2 AS ((SELECT DISTINCT R0._0 AS _0, R1._1 AS _1, R2._1 AS _2, R0._3 AS _3 FROM E_g AS R0 CROSS JOIN DMAP_ITDepartmentV2 AS R1 CROSS JOIN DMAP_ITDepartmentV2 AS R2 WHERE R0._2 = R2._0 AND R0._1 = R1._0));

DROP TABLE IF EXISTS GENNEWID_MAP CASCADE;


CREATE TABLE GENNEWID_MAP (
  NEWID SERIAL PRIMARY KEY NOT NULL,
  VIEWRULEID varchar(64) NOT NULL,
  INPUTS integer[]
);
CREATE INDEX IF NOT EXISTS newid_vrm_idx ON GENNEWID_MAP (VIEWRULEID, INPUTS);
ALTER SEQUENCE GENNEWID_MAP_NEWID_seq RESTART WITH 100000000 INCREMENT BY 1;
CREATE OR REPLACE FUNCTION GENNEWID_CONST(varchar(64), VARIADIC arr int[])
   RETURNS int AS $$
DECLARE
  inserted_id integer;
  existing_id integer;
BEGIN
  SELECT NEWID INTO existing_id FROM GENNEWID_MAP
  WHERE VIEWRULEID = $1 AND INPUTS = $2;
  IF not found THEN
    INSERT INTO GENNEWID_MAP (VIEWRULEID, INPUTS) VALUES ($1,$2) RETURNING NEWID INTO inserted_id;
    RETURN inserted_id;
  ELSE
    RETURN existing_id;
  END IF;
END;
$$ LANGUAGE 'plpgsql';


DROP VIEW IF EXISTS MATCH_ITDept_0 CASCADE

CREATE VIEW MATCH_ITDept_0 AS ((SELECT DISTINCT R0._0 AS _0, R0._1 AS _1, R0._2 AS _2, R3._2 AS _3 FROM E_g AS R0 CROSS JOIN N_g AS R1 CROSS JOIN N_g AS R2 CROSS JOIN EP_g AS R3 WHERE R0._1 = R1._0 AND R0._2 = R2._0 AND R0._0 = R3._0 AND R3._2 = 'IT' AND R0._3 = 'works_at' AND R1._1 = 'Person' AND R2._1 = 'Company' AND R3._1 = 'department'));

DROP VIEW IF EXISTS DMAP_ITDept CASCADE

CREATE VIEW DMAP_ITDept AS ((SELECT DISTINCT R0._0 AS _0, R0._0 AS _1 FROM N_g AS R0));

DROP VIEW IF EXISTS N_ITDept CASCADE

CREATE VIEW N_ITDept AS ((SELECT DISTINCT R0._0 AS _0, R0._1 AS _1 FROM N_g AS R0));

DROP VIEW IF EXISTS E_ITDept CASCADE

CREATE VIEW E_ITDept AS ((SELECT DISTINCT R0._0 AS _0, R1._1 AS _1, R2._1 AS _2, R0._3 AS _3 FROM E_g AS R0 CROSS JOIN DMAP_ITDept AS R1 CROSS JOIN DMAP_ITDept AS R2 WHERE R0._2 = R2._0 AND R0._1 = R1._0));

DROP TABLE IF EXISTS GENNEWID_MAP CASCADE;


CREATE TABLE GENNEWID_MAP (
  NEWID SERIAL PRIMARY KEY NOT NULL,
  VIEWRULEID varchar(64) NOT NULL,
  INPUTS integer[]
);
CREATE INDEX IF NOT EXISTS newid_vrm_idx ON GENNEWID_MAP (VIEWRULEID, INPUTS);
ALTER SEQUENCE GENNEWID_MAP_NEWID_seq RESTART WITH 100000000 INCREMENT BY 1;
CREATE OR REPLACE FUNCTION GENNEWID_CONST(varchar(64), VARIADIC arr int[])
   RETURNS int AS $$
DECLARE
  inserted_id integer;
  existing_id integer;
BEGIN
  SELECT NEWID INTO existing_id FROM GENNEWID_MAP
  WHERE VIEWRULEID = $1 AND INPUTS = $2;
  IF not found THEN
    INSERT INTO GENNEWID_MAP (VIEWRULEID, INPUTS) VALUES ($1,$2) RETURNING NEWID INTO inserted_id;
    RETURN inserted_id;
  ELSE
    RETURN existing_id;
  END IF;
END;
$$ LANGUAGE 'plpgsql';


DROP VIEW IF EXISTS MATCH_HighPay_0 CASCADE

CREATE VIEW MATCH_HighPay_0 AS ((SELECT DISTINCT R0._0 AS _0, R0._1 AS _1, R0._2 AS _2, R3._2 AS _3 FROM E_g AS R0 CROSS JOIN N_g AS R1 CROSS JOIN N_g AS R2 CROSS JOIN EP_g AS R3 WHERE R0._1 = R1._0 AND R0._2 = R2._0 AND R0._0 = R3._0 AND R3._2 > 150000 AND R0._3 = 'works_at' AND R1._1 = 'Person' AND R2._1 = 'Company' AND R3._1 = 'salary'));

DROP VIEW IF EXISTS DMAP_HighPay CASCADE

CREATE VIEW DMAP_HighPay AS ((SELECT DISTINCT R0._0 AS _0, R0._0 AS _1 FROM N_g AS R0));

DROP VIEW IF EXISTS N_HighPay CASCADE

CREATE VIEW N_HighPay AS ((SELECT DISTINCT R0._0 AS _0, R0._1 AS _1 FROM N_g AS R0));

DROP VIEW IF EXISTS E_HighPay CASCADE

CREATE VIEW E_HighPay AS ((SELECT DISTINCT R0._0 AS _0, R1._1 AS _1, R2._1 AS _2, R0._3 AS _3 FROM E_g AS R0 CROSS JOIN DMAP_HighPay AS R1 CROSS JOIN DMAP_HighPay AS R2 WHERE R0._2 = R2._0 AND R0._1 = R1._0));

DROP TABLE IF EXISTS GENNEWID_MAP CASCADE;


CREATE TABLE GENNEWID_MAP (
  NEWID SERIAL PRIMARY KEY NOT NULL,
  VIEWRULEID varchar(64) NOT NULL,
  INPUTS integer[]
);
CREATE INDEX IF NOT EXISTS newid_vrm_idx ON GENNEWID_MAP (VIEWRULEID, INPUTS);
ALTER SEQUENCE GENNEWID_MAP_NEWID_seq RESTART WITH 100000000 INCREMENT BY 1;
CREATE OR REPLACE FUNCTION GENNEWID_CONST(varchar(64), VARIADIC arr int[])
   RETURNS int AS $$
DECLARE
  inserted_id integer;
  existing_id integer;
BEGIN
  SELECT NEWID INTO existing_id FROM GENNEWID_MAP
  WHERE VIEWRULEID = $1 AND INPUTS = $2;
  IF not found THEN
    INSERT INTO GENNEWID_MAP (VIEWRULEID, INPUTS) VALUES ($1,$2) RETURNING NEWID INTO inserted_id;
    RETURN inserted_id;
  ELSE
    RETURN existing_id;
  END IF;
END;
$$ LANGUAGE 'plpgsql';


DROP VIEW IF EXISTS MATCH_Veterans_0 CASCADE

CREATE VIEW MATCH_Veterans_0 AS ((SELECT DISTINCT R0._0 AS _0, R0._1 AS _1, R0._2 AS _2, R3._2 AS _3 FROM E_g AS R0 CROSS JOIN N_g AS R1 CROSS JOIN N_g AS R2 CROSS JOIN EP_g AS R3 WHERE R0._1 = R1._0 AND R0._2 = R2._0 AND R0._0 = R3._0 AND R3._2 > 10 AND R0._3 = 'works_at' AND R1._1 = 'Person' AND R2._1 = 'Company' AND R3._1 = 'years'));

DROP VIEW IF EXISTS DMAP_Veterans CASCADE

CREATE VIEW DMAP_Veterans AS ((SELECT DISTINCT R0._0 AS _0, R0._0 AS _1 FROM N_g AS R0));

DROP VIEW IF EXISTS N_Veterans CASCADE

CREATE VIEW N_Veterans AS ((SELECT DISTINCT R0._0 AS _0, R0._1 AS _1 FROM N_g AS R0));

DROP VIEW IF EXISTS E_Veterans CASCADE

CREATE VIEW E_Veterans AS ((SELECT DISTINCT R0._0 AS _0, R1._1 AS _1, R2._1 AS _2, R0._3 AS _3 FROM E_g AS R0 CROSS JOIN DMAP_Veterans AS R1 CROSS JOIN DMAP_Veterans AS R2 WHERE R0._2 = R2._0 AND R0._1 = R1._0));

DROP TABLE IF EXISTS GENNEWID_MAP CASCADE;


CREATE TABLE GENNEWID_MAP (
  NEWID SERIAL PRIMARY KEY NOT NULL,
  VIEWRULEID varchar(64) NOT NULL,
  INPUTS integer[]
);
CREATE INDEX IF NOT EXISTS newid_vrm_idx ON GENNEWID_MAP (VIEWRULEID, INPUTS);
ALTER SEQUENCE GENNEWID_MAP_NEWID_seq RESTART WITH 100000000 INCREMENT BY 1;
CREATE OR REPLACE FUNCTION GENNEWID_CONST(varchar(64), VARIADIC arr int[])
   RETURNS int AS $$
DECLARE
  inserted_id integer;
  existing_id integer;
BEGIN
  SELECT NEWID INTO existing_id FROM GENNEWID_MAP
  WHERE VIEWRULEID = $1 AND INPUTS = $2;
  IF not found THEN
    INSERT INTO GENNEWID_MAP (VIEWRULEID, INPUTS) VALUES ($1,$2) RETURNING NEWID INTO inserted_id;
    RETURN inserted_id;
  ELSE
    RETURN existing_id;
  END IF;
END;
$$ LANGUAGE 'plpgsql';


DROP VIEW IF EXISTS MATCH_Shoppers_0 CASCADE

CREATE VIEW MATCH_Shoppers_0 AS ((SELECT DISTINCT R0._0 AS _0, R0._1 AS _1, R0._2 AS _2 FROM E_g AS R0 CROSS JOIN N_g AS R1 CROSS JOIN N_g AS R2 WHERE R0._1 = R1._0 AND R0._2 = R2._0 AND R0._3 = 'bought' AND R1._1 = 'Person' AND R2._1 = 'Product'));

DROP VIEW IF EXISTS DMAP_Shoppers CASCADE

CREATE VIEW DMAP_Shoppers AS ((SELECT DISTINCT R0._0 AS _0, R0._0 AS _1 FROM N_g AS R0));

DROP VIEW IF EXISTS N_Shoppers CASCADE

CREATE VIEW N_Shoppers AS ((SELECT DISTINCT R0._0 AS _0, R0._1 AS _1 FROM N_g AS R0));

DROP VIEW IF EXISTS E_Shoppers CASCADE

CREATE VIEW E_Shoppers AS ((SELECT DISTINCT R0._0 AS _0, R1._1 AS _1, R2._1 AS _2, R0._3 AS _3 FROM E_g AS R0 CROSS JOIN DMAP_Shoppers AS R1 CROSS JOIN DMAP_Shoppers AS R2 WHERE R0._2 = R2._0 AND R0._1 = R1._0));

DROP TABLE IF EXISTS GENNEWID_MAP CASCADE;


CREATE TABLE GENNEWID_MAP (
  NEWID SERIAL PRIMARY KEY NOT NULL,
  VIEWRULEID varchar(64) NOT NULL,
  INPUTS integer[]
);
CREATE INDEX IF NOT EXISTS newid_vrm_idx ON GENNEWID_MAP (VIEWRULEID, INPUTS);
ALTER SEQUENCE GENNEWID_MAP_NEWID_seq RESTART WITH 100000000 INCREMENT BY 1;
CREATE OR REPLACE FUNCTION GENNEWID_CONST(varchar(64), VARIADIC arr int[])
   RETURNS int AS $$
DECLARE
  inserted_id integer;
  existing_id integer;
BEGIN
  SELECT NEWID INTO existing_id FROM GENNEWID_MAP
  WHERE VIEWRULEID = $1 AND INPUTS = $2;
  IF not found THEN
    INSERT INTO GENNEWID_MAP (VIEWRULEID, INPUTS) VALUES ($1,$2) RETURNING NEWID INTO inserted_id;
    RETURN inserted_id;
  ELSE
    RETURN existing_id;
  END IF;
END;
$$ LANGUAGE 'plpgsql';


DROP VIEW IF EXISTS MATCH_Friends_0 CASCADE

CREATE VIEW MATCH_Friends_0 AS ((SELECT DISTINCT R0._0 AS _0, R0._1 AS _1, R0._2 AS _2 FROM E_g AS R0 CROSS JOIN N_g AS R1 CROSS JOIN N_g AS R2 WHERE R0._1 = R1._0 AND R0._2 = R2._0 AND R0._3 = 'knows' AND R1._1 = 'Person' AND R2._1 = 'Person'));

DROP VIEW IF EXISTS DMAP_Friends CASCADE

CREATE VIEW DMAP_Friends AS ((SELECT DISTINCT R0._0 AS _0, R0._0 AS _1 FROM N_g AS R0));

DROP VIEW IF EXISTS N_Friends CASCADE

CREATE VIEW N_Friends AS ((SELECT DISTINCT R0._0 AS _0, R0._1 AS _1 FROM N_g AS R0));

DROP VIEW IF EXISTS E_Friends CASCADE

CREATE VIEW E_Friends AS ((SELECT DISTINCT R0._0 AS _0, R1._1 AS _1, R2._1 AS _2, R0._3 AS _3 FROM E_g AS R0 CROSS JOIN DMAP_Friends AS R1 CROSS JOIN DMAP_Friends AS R2 WHERE R0._2 = R2._0 AND R0._1 = R1._0));

((SELECT DISTINCT R0._1 AS _0, R0._2 AS _1, R0._0 AS _2 FROM E_ITDept AS R0 CROSS JOIN N_ITDept AS R2 CROSS JOIN N_ITDept AS R4 WHERE R0._1 = R2._0 AND R0._2 = R4._0 AND R0._3 = 'works_at' AND R2._1 = 'Person' AND R4._1 = 'Company'));

((SELECT DISTINCT R0._1 AS _0, R0._2 AS _1, R0._0 AS _2 FROM E_HighPay AS R0 CROSS JOIN N_HighPay AS R2 CROSS JOIN N_HighPay AS R4 WHERE R0._1 = R2._0 AND R0._2 = R4._0 AND R0._3 = 'works_at' AND R2._1 = 'Person' AND R4._1 = 'Company'));

((SELECT DISTINCT R0._1 AS _0, R0._2 AS _1, R0._0 AS _2 FROM E_Veterans AS R0 CROSS JOIN N_Veterans AS R2 CROSS JOIN N_Veterans AS R4 WHERE R0._1 = R2._0 AND R0._2 = R4._0 AND R0._3 = 'works_at' AND R2._1 = 'Person' AND R4._1 = 'Company'));

((SELECT DISTINCT R0._1 AS _0, R0._0 AS _1, R0._2 AS _2 FROM E_Shoppers AS R0 CROSS JOIN N_Shoppers AS R2 CROSS JOIN N_Shoppers AS R4 WHERE R0._1 = R2._0 AND R0._2 = R4._0 AND R0._3 = 'bought' AND R2._1 = 'Person' AND R4._1 = 'Product'));

((SELECT DISTINCT R0._1 AS _0, R0._2 AS _1, R0._0 AS _2 FROM E_Friends AS R0 CROSS JOIN N_Friends AS R2 CROSS JOIN N_Friends AS R4 WHERE R0._1 = R2._0 AND R0._2 = R4._0 AND R0._3 = 'knows' AND R2._1 = 'Person' AND R4._1 = 'Person'));

((SELECT DISTINCT R0._1 AS _0, R0._2 AS _1, R0._0 AS _2 FROM E_ITDept AS R0 CROSS JOIN N_ITDept AS R2 CROSS JOIN N_ITDept AS R4 WHERE R0._1 = R2._0 AND R0._2 = R4._0 AND R0._3 = 'works_at' AND R2._1 = 'Person' AND R4._1 = 'Company'));

((SELECT DISTINCT R0._0 AS _0 FROM N_ITDept AS R0 WHERE R0._1 = 'Person'));

((SELECT DISTINCT R0._0 AS _0 FROM N_g AS R0 WHERE R0._1 = 'Person'));

((SELECT DISTINCT R0._0 AS _0 FROM N_g AS R0 WHERE R0._1 = 'Person'));

((SELECT DISTINCT R0._1 AS _0, R0._2 AS _1, R0._0 AS _2 FROM E_g AS R0 CROSS JOIN N_g AS R2 CROSS JOIN N_g AS R4 WHERE R0._1 = R2._0 AND R0._2 = R4._0 AND R0._3 = 'works_at' AND R2._1 = 'Person' AND R4._1 = 'Company'));

((SELECT DISTINCT R0._0 AS _0 FROM N_g AS R0 WHERE R0._1 = 'Person'));

((SELECT DISTINCT R0._1 AS _0, R0._2 AS _1, R0._0 AS _2 FROM E_g AS R0 CROSS JOIN N_g AS R2 CROSS JOIN N_g AS R4 WHERE R0._1 = R2._0 AND R0._2 = R4._0 AND R0._3 = 'works_at' AND R2._1 = 'Person' AND R4._1 = 'Company'));

DROP TABLE IF EXISTS GENNEWID_MAP CASCADE;


CREATE TABLE GENNEWID_MAP (
  NEWID SERIAL PRIMARY KEY NOT NULL,
  VIEWRULEID varchar(64) NOT NULL,
  INPUTS integer[]
);
CREATE INDEX IF NOT EXISTS newid_vrm_idx ON GENNEWID_MAP (VIEWRULEID, INPUTS);
ALTER SEQUENCE GENNEWID_MAP_NEWID_seq RESTART WITH 100000000 INCREMENT BY 1;
CREATE OR REPLACE FUNCTION GENNEWID_CONST(varchar(64), VARIADIC arr int[])
   RETURNS int AS $$
DECLARE
  inserted_id integer;
  existing_id integer;
BEGIN
  SELECT NEWID INTO existing_id FROM GENNEWID_MAP
  WHERE VIEWRULEID = $1 AND INPUTS = $2;
  IF not found THEN
    INSERT INTO GENNEWID_MAP (VIEWRULEID, INPUTS) VALUES ($1,$2) RETURNING NEWID INTO inserted_id;
    RETURN inserted_id;
  ELSE
    RETURN existing_id;
  END IF;
END;
$$ LANGUAGE 'plpgsql';


DROP VIEW IF EXISTS MATCH_ITDept_0 CASCADE

CREATE VIEW MATCH_ITDept_0 AS ((SELECT DISTINCT R0._0 AS _0, R0._1 AS _1, R0._2 AS _2, R3._2 AS _3 FROM E_g AS R0 CROSS JOIN N_g AS R1 CROSS JOIN N_g AS R2 CROSS JOIN EP_g AS R3 WHERE R0._1 = R1._0 AND R0._2 = R2._0 AND R0._0 = R3._0 AND R3._2 = 'IT' AND R0._3 = 'works_at' AND R1._1 = 'Person' AND R2._1 = 'Company' AND R3._1 = 'department'));

DROP VIEW IF EXISTS DMAP_ITDept CASCADE

CREATE VIEW DMAP_ITDept AS ((SELECT DISTINCT R0._0 AS _0, R0._0 AS _1 FROM N_g AS R0));

DROP VIEW IF EXISTS N_ITDept CASCADE

CREATE VIEW N_ITDept AS ((SELECT DISTINCT R0._0 AS _0, R0._1 AS _1 FROM N_g AS R0));

DROP VIEW IF EXISTS E_ITDept CASCADE

CREATE VIEW E_ITDept AS ((SELECT DISTINCT R0._0 AS _0, R1._1 AS _1, R2._1 AS _2, R0._3 AS _3 FROM E_g AS R0 CROSS JOIN DMAP_ITDept AS R1 CROSS JOIN DMAP_ITDept AS R2 WHERE R0._2 = R2._0 AND R0._1 = R1._0));

DROP TABLE IF EXISTS GENNEWID_MAP CASCADE;


CREATE TABLE GENNEWID_MAP (
  NEWID SERIAL PRIMARY KEY NOT NULL,
  VIEWRULEID varchar(64) NOT NULL,
  INPUTS integer[]
);
CREATE INDEX IF NOT EXISTS newid_vrm_idx ON GENNEWID_MAP (VIEWRULEID, INPUTS);
ALTER SEQUENCE GENNEWID_MAP_NEWID_seq RESTART WITH 100000000 INCREMENT BY 1;
CREATE OR REPLACE FUNCTION GENNEWID_CONST(varchar(64), VARIADIC arr int[])
   RETURNS int AS $$
DECLARE
  inserted_id integer;
  existing_id integer;
BEGIN
  SELECT NEWID INTO existing_id FROM GENNEWID_MAP
  WHERE VIEWRULEID = $1 AND INPUTS = $2;
  IF not found THEN
    INSERT INTO GENNEWID_MAP (VIEWRULEID, INPUTS) VALUES ($1,$2) RETURNING NEWID INTO inserted_id;
    RETURN inserted_id;
  ELSE
    RETURN existing_id;
  END IF;
END;
$$ LANGUAGE 'plpgsql';


DROP VIEW IF EXISTS MATCH_HighPay_0 CASCADE

CREATE VIEW MATCH_HighPay_0 AS ((SELECT DISTINCT R0._0 AS _0, R0._1 AS _1, R0._2 AS _2, R3._2 AS _3 FROM E_g AS R0 CROSS JOIN N_g AS R1 CROSS JOIN N_g AS R2 CROSS JOIN EP_g AS R3 WHERE R0._1 = R1._0 AND R0._2 = R2._0 AND R0._0 = R3._0 AND R3._2 > 150000 AND R0._3 = 'works_at' AND R1._1 = 'Person' AND R2._1 = 'Company' AND R3._1 = 'salary'));

DROP VIEW IF EXISTS DMAP_HighPay CASCADE

CREATE VIEW DMAP_HighPay AS ((SELECT DISTINCT R0._0 AS _0, R0._0 AS _1 FROM N_g AS R0));

DROP VIEW IF EXISTS N_HighPay CASCADE

CREATE VIEW N_HighPay AS ((SELECT DISTINCT R0._0 AS _0, R0._1 AS _1 FROM N_g AS R0));

DROP VIEW IF EXISTS E_HighPay CASCADE

CREATE VIEW E_HighPay AS ((SELECT DISTINCT R0._0 AS _0, R1._1 AS _1, R2._1 AS _2, R0._3 AS _3 FROM E_g AS R0 CROSS JOIN DMAP_HighPay AS R1 CROSS JOIN DMAP_HighPay AS R2 WHERE R0._2 = R2._0 AND R0._1 = R1._0));

DROP TABLE IF EXISTS GENNEWID_MAP CASCADE;


CREATE TABLE GENNEWID_MAP (
  NEWID SERIAL PRIMARY KEY NOT NULL,
  VIEWRULEID varchar(64) NOT NULL,
  INPUTS integer[]
);
CREATE INDEX IF NOT EXISTS newid_vrm_idx ON GENNEWID_MAP (VIEWRULEID, INPUTS);
ALTER SEQUENCE GENNEWID_MAP_NEWID_seq RESTART WITH 100000000 INCREMENT BY 1;
CREATE OR REPLACE FUNCTION GENNEWID_CONST(varchar(64), VARIADIC arr int[])
   RETURNS int AS $$
DECLARE
  inserted_id integer;
  existing_id integer;
BEGIN
  SELECT NEWID INTO existing_id FROM GENNEWID_MAP
  WHERE VIEWRULEID = $1 AND INPUTS = $2;
  IF not found THEN
    INSERT INTO GENNEWID_MAP (VIEWRULEID, INPUTS) VALUES ($1,$2) RETURNING NEWID INTO inserted_id;
    RETURN inserted_id;
  ELSE
    RETURN existing_id;
  END IF;
END;
$$ LANGUAGE 'plpgsql';


DROP VIEW IF EXISTS MATCH_Veterans_0 CASCADE

CREATE VIEW MATCH_Veterans_0 AS ((SELECT DISTINCT R0._0 AS _0, R0._1 AS _1, R0._2 AS _2, R3._2 AS _3 FROM E_g AS R0 CROSS JOIN N_g AS R1 CROSS JOIN N_g AS R2 CROSS JOIN EP_g AS R3 WHERE R0._1 = R1._0 AND R0._2 = R2._0 AND R0._0 = R3._0 AND R3._2 > 10 AND R0._3 = 'works_at' AND R1._1 = 'Person' AND R2._1 = 'Company' AND R3._1 = 'years'));

DROP VIEW IF EXISTS DMAP_Veterans CASCADE

CREATE VIEW DMAP_Veterans AS ((SELECT DISTINCT R0._0 AS _0, R0._0 AS _1 FROM N_g AS R0));

DROP VIEW IF EXISTS N_Veterans CASCADE

CREATE VIEW N_Veterans AS ((SELECT DISTINCT R0._0 AS _0, R0._1 AS _1 FROM N_g AS R0));

DROP VIEW IF EXISTS E_Veterans CASCADE

CREATE VIEW E_Veterans AS ((SELECT DISTINCT R0._0 AS _0, R1._1 AS _1, R2._1 AS _2, R0._3 AS _3 FROM E_g AS R0 CROSS JOIN DMAP_Veterans AS R1 CROSS JOIN DMAP_Veterans AS R2 WHERE R0._2 = R2._0 AND R0._1 = R1._0));

DROP TABLE IF EXISTS GENNEWID_MAP CASCADE;


CREATE TABLE GENNEWID_MAP (
  NEWID SERIAL PRIMARY KEY NOT NULL,
  VIEWRULEID varchar(64) NOT NULL,
  INPUTS integer[]
);
CREATE INDEX IF NOT EXISTS newid_vrm_idx ON GENNEWID_MAP (VIEWRULEID, INPUTS);
ALTER SEQUENCE GENNEWID_MAP_NEWID_seq RESTART WITH 100000000 INCREMENT BY 1;
CREATE OR REPLACE FUNCTION GENNEWID_CONST(varchar(64), VARIADIC arr int[])
   RETURNS int AS $$
DECLARE
  inserted_id integer;
  existing_id integer;
BEGIN
  SELECT NEWID INTO existing_id FROM GENNEWID_MAP
  WHERE VIEWRULEID = $1 AND INPUTS = $2;
  IF not found THEN
    INSERT INTO GENNEWID_MAP (VIEWRULEID, INPUTS) VALUES ($1,$2) RETURNING NEWID INTO inserted_id;
    RETURN inserted_id;
  ELSE
    RETURN existing_id;
  END IF;
END;
$$ LANGUAGE 'plpgsql';


DROP VIEW IF EXISTS MATCH_Shoppers_0 CASCADE

CREATE VIEW MATCH_Shoppers_0 AS ((SELECT DISTINCT R0._0 AS _0, R0._1 AS _1, R0._2 AS _2 FROM E_g AS R0 CROSS JOIN N_g AS R1 CROSS JOIN N_g AS R2 WHERE R0._1 = R1._0 AND R0._2 = R2._0 AND R0._3 = 'bought' AND R1._1 = 'Person' AND R2._1 = 'Product'));

DROP VIEW IF EXISTS DMAP_Shoppers CASCADE

CREATE VIEW DMAP_Shoppers AS ((SELECT DISTINCT R0._0 AS _0, R0._0 AS _1 FROM N_g AS R0));

DROP VIEW IF EXISTS N_Shoppers CASCADE

CREATE VIEW N_Shoppers AS ((SELECT DISTINCT R0._0 AS _0, R0._1 AS _1 FROM N_g AS R0));

DROP VIEW IF EXISTS E_Shoppers CASCADE

CREATE VIEW E_Shoppers AS ((SELECT DISTINCT R0._0 AS _0, R1._1 AS _1, R2._1 AS _2, R0._3 AS _3 FROM E_g AS R0 CROSS JOIN DMAP_Shoppers AS R1 CROSS JOIN DMAP_Shoppers AS R2 WHERE R0._2 = R2._0 AND R0._1 = R1._0));

DROP TABLE IF EXISTS GENNEWID_MAP CASCADE;


CREATE TABLE GENNEWID_MAP (
  NEWID SERIAL PRIMARY KEY NOT NULL,
  VIEWRULEID varchar(64) NOT NULL,
  INPUTS integer[]
);
CREATE INDEX IF NOT EXISTS newid_vrm_idx ON GENNEWID_MAP (VIEWRULEID, INPUTS);
ALTER SEQUENCE GENNEWID_MAP_NEWID_seq RESTART WITH 100000000 INCREMENT BY 1;
CREATE OR REPLACE FUNCTION GENNEWID_CONST(varchar(64), VARIADIC arr int[])
   RETURNS int AS $$
DECLARE
  inserted_id integer;
  existing_id integer;
BEGIN
  SELECT NEWID INTO existing_id FROM GENNEWID_MAP
  WHERE VIEWRULEID = $1 AND INPUTS = $2;
  IF not found THEN
    INSERT INTO GENNEWID_MAP (VIEWRULEID, INPUTS) VALUES ($1,$2) RETURNING NEWID INTO inserted_id;
    RETURN inserted_id;
  ELSE
    RETURN existing_id;
  END IF;
END;
$$ LANGUAGE 'plpgsql';


DROP VIEW IF EXISTS MATCH_Friends_0 CASCADE

CREATE VIEW MATCH_Friends_0 AS ((SELECT DISTINCT R0._0 AS _0, R0._1 AS _1, R0._2 AS _2 FROM E_g AS R0 CROSS JOIN N_g AS R1 CROSS JOIN N_g AS R2 WHERE R0._1 = R1._0 AND R0._2 = R2._0 AND R0._3 = 'knows' AND R1._1 = 'Person' AND R2._1 = 'Person'));

DROP VIEW IF EXISTS DMAP_Friends CASCADE

CREATE VIEW DMAP_Friends AS ((SELECT DISTINCT R0._0 AS _0, R0._0 AS _1 FROM N_g AS R0));

DROP VIEW IF EXISTS N_Friends CASCADE

CREATE VIEW N_Friends AS ((SELECT DISTINCT R0._0 AS _0, R0._1 AS _1 FROM N_g AS R0));

DROP VIEW IF EXISTS E_Friends CASCADE

CREATE VIEW E_Friends AS ((SELECT DISTINCT R0._0 AS _0, R1._1 AS _1, R2._1 AS _2, R0._3 AS _3 FROM E_g AS R0 CROSS JOIN DMAP_Friends AS R1 CROSS JOIN DMAP_Friends AS R2 WHERE R0._2 = R2._0 AND R0._1 = R1._0));

DROP TABLE IF EXISTS GENNEWID_MAP CASCADE;


CREATE TABLE GENNEWID_MAP (
  NEWID SERIAL PRIMARY KEY NOT NULL,
  VIEWRULEID varchar(64) NOT NULL,
  INPUTS integer[]
);
CREATE INDEX IF NOT EXISTS newid_vrm_idx ON GENNEWID_MAP (VIEWRULEID, INPUTS);
ALTER SEQUENCE GENNEWID_MAP_NEWID_seq RESTART WITH 100000000 INCREMENT BY 1;
CREATE OR REPLACE FUNCTION GENNEWID_CONST(varchar(64), VARIADIC arr int[])
   RETURNS int AS $$
DECLARE
  inserted_id integer;
  existing_id integer;
BEGIN
  SELECT NEWID INTO existing_id FROM GENNEWID_MAP
  WHERE VIEWRULEID = $1 AND INPUTS = $2;
  IF not found THEN
    INSERT INTO GENNEWID_MAP (VIEWRULEID, INPUTS) VALUES ($1,$2) RETURNING NEWID INTO inserted_id;
    RETURN inserted_id;
  ELSE
    RETURN existing_id;
  END IF;
END;
$$ LANGUAGE 'plpgsql';


DROP VIEW IF EXISTS MATCH_ITDept_0 CASCADE

CREATE VIEW MATCH_ITDept_0 AS ((SELECT DISTINCT R0._0 AS _0, R0._1 AS _1, R0._2 AS _2, R3._2 AS _3 FROM E_g AS R0 CROSS JOIN N_g AS R1 CROSS JOIN N_g AS R2 CROSS JOIN EP_g AS R3 WHERE R0._1 = R1._0 AND R0._2 = R2._0 AND R0._0 = R3._0 AND R3._2 = 'IT' AND R0._3 = 'works_at' AND R1._1 = 'Person' AND R2._1 = 'Company' AND R3._1 = 'department'));

DROP VIEW IF EXISTS DMAP_ITDept CASCADE

CREATE VIEW DMAP_ITDept AS ((SELECT DISTINCT R0._0 AS _0, R0._0 AS _1 FROM N_g AS R0));

DROP VIEW IF EXISTS N_ITDept CASCADE

CREATE VIEW N_ITDept AS ((SELECT DISTINCT R0._0 AS _0, R0._1 AS _1 FROM N_g AS R0));

DROP VIEW IF EXISTS E_ITDept CASCADE

CREATE VIEW E_ITDept AS ((SELECT DISTINCT R0._0 AS _0, R1._1 AS _1, R2._1 AS _2, R0._3 AS _3 FROM E_g AS R0 CROSS JOIN DMAP_ITDept AS R1 CROSS JOIN DMAP_ITDept AS R2 WHERE R0._2 = R2._0 AND R0._1 = R1._0));

INSERT INTO CATALOG_VIEW VALUES ('ITDept', 'g', 'virtual', 'CREATE MATERIALIZED VIEW ITDept ON g (MATCH (p:Person)-[w:works_at]->(c:Company) WHERE w.department = \"IT\")', 1);

DROP TABLE IF EXISTS GENNEWID_MAP CASCADE;


CREATE TABLE GENNEWID_MAP (
  NEWID SERIAL PRIMARY KEY NOT NULL,
  VIEWRULEID varchar(64) NOT NULL,
  INPUTS integer[]
);
CREATE INDEX IF NOT EXISTS newid_vrm_idx ON GENNEWID_MAP (VIEWRULEID, INPUTS);
ALTER SEQUENCE GENNEWID_MAP_NEWID_seq RESTART WITH 100000000 INCREMENT BY 1;
CREATE OR REPLACE FUNCTION GENNEWID_CONST(varchar(64), VARIADIC arr int[])
   RETURNS int AS $$
DECLARE
  inserted_id integer;
  existing_id integer;
BEGIN
  SELECT NEWID INTO existing_id FROM GENNEWID_MAP
  WHERE VIEWRULEID = $1 AND INPUTS = $2;
  IF not found THEN
    INSERT INTO GENNEWID_MAP (VIEWRULEID, INPUTS) VALUES ($1,$2) RETURNING NEWID INTO inserted_id;
    RETURN inserted_id;
  ELSE
    RETURN existing_id;
  END IF;
END;
$$ LANGUAGE 'plpgsql';


DROP VIEW IF EXISTS MATCH_HighPay_0 CASCADE

CREATE VIEW MATCH_HighPay_0 AS ((SELECT DISTINCT R0._0 AS _0, R0._1 AS _1, R0._2 AS _2, R3._2 AS _3 FROM E_g AS R0 CROSS JOIN N_g AS R1 CROSS JOIN N_g AS R2 CROSS JOIN EP_g AS R3 WHERE R0._1 = R1._0 AND R0._2 = R2._0 AND R0._0 = R3._0 AND R3._2 > 150000 AND R0._3 = 'works_at' AND R1._1 = 'Person' AND R2._1 = 'Company' AND R3._1 = 'salary'));

DROP VIEW IF EXISTS DMAP_HighPay CASCADE

CREATE VIEW DMAP_HighPay AS ((SELECT DISTINCT R0._0 AS _0, R0._0 AS _1 FROM N_g AS R0));

DROP VIEW IF EXISTS N_HighPay CASCADE

CREATE VIEW N_HighPay AS ((SELECT DISTINCT R0._0 AS _0, R0._1 AS _1 FROM N_g AS R0));

DROP VIEW IF EXISTS E_HighPay CASCADE

CREATE VIEW E_HighPay AS ((SELECT DISTINCT R0._0 AS _0, R1._1 AS _1, R2._1 AS _2, R0._3 AS _3 FROM E_g AS R0 CROSS JOIN DMAP_HighPay AS R1 CROSS JOIN DMAP_HighPay AS R2 WHERE R0._2 = R2._0 AND R0._1 = R1._0));

INSERT INTO CATALOG_VIEW VALUES ('HighPay', 'g', 'virtual', 'CREATE MATERIALIZED VIEW HighPay ON g (MATCH (p:Person)-[w:works_at]->(c:Company) WHERE w.salary > 150000)', 1);

DROP TABLE IF EXISTS GENNEWID_MAP CASCADE;


CREATE TABLE GENNEWID_MAP (
  NEWID SERIAL PRIMARY KEY NOT NULL,
  VIEWRULEID varchar(64) NOT NULL,
  INPUTS integer[]
);
CREATE INDEX IF NOT EXISTS newid_vrm_idx ON GENNEWID_MAP (VIEWRULEID, INPUTS);
ALTER SEQUENCE GENNEWID_MAP_NEWID_seq RESTART WITH 100000000 INCREMENT BY 1;
CREATE OR REPLACE FUNCTION GENNEWID_CONST(varchar(64), VARIADIC arr int[])
   RETURNS int AS $$
DECLARE
  inserted_id integer;
  existing_id integer;
BEGIN
  SELECT NEWID INTO existing_id FROM GENNEWID_MAP
  WHERE VIEWRULEID = $1 AND INPUTS = $2;
  IF not found THEN
    INSERT INTO GENNEWID_MAP (VIEWRULEID, INPUTS) VALUES ($1,$2) RETURNING NEWID INTO inserted_id;
    RETURN inserted_id;
  ELSE
    RETURN existing_id;
  END IF;
END;
$$ LANGUAGE 'plpgsql';


DROP VIEW IF EXISTS MATCH_Veterans_0 CASCADE

CREATE VIEW MATCH_Veterans_0 AS ((SELECT DISTINCT R0._0 AS _0, R0._1 AS _1, R0._2 AS _2, R3._2 AS _3 FROM E_g AS R0 CROSS JOIN N_g AS R1 CROSS JOIN N_g AS R2 CROSS JOIN EP_g AS R3 WHERE R0._1 = R1._0 AND R0._2 = R2._0 AND R0._0 = R3._0 AND R3._2 > 10 AND R0._3 = 'works_at' AND R1._1 = 'Person' AND R2._1 = 'Company' AND R3._1 = 'years'));

DROP VIEW IF EXISTS DMAP_Veterans CASCADE

CREATE VIEW DMAP_Veterans AS ((SELECT DISTINCT R0._0 AS _0, R0._0 AS _1 FROM N_g AS R0));

DROP VIEW IF EXISTS N_Veterans CASCADE

CREATE VIEW N_Veterans AS ((SELECT DISTINCT R0._0 AS _0, R0._1 AS _1 FROM N_g AS R0));

DROP VIEW IF EXISTS E_Veterans CASCADE

CREATE VIEW E_Veterans AS ((SELECT DISTINCT R0._0 AS _0, R1._1 AS _1, R2._1 AS _2, R0._3 AS _3 FROM E_g AS R0 CROSS JOIN DMAP_Veterans AS R1 CROSS JOIN DMAP_Veterans AS R2 WHERE R0._2 = R2._0 AND R0._1 = R1._0));

INSERT INTO CATALOG_VIEW VALUES ('Veterans', 'g', 'virtual', 'CREATE MATERIALIZED VIEW Veterans ON g (MATCH (p:Person)-[w:works_at]->(c:Company) WHERE w.years > 10)', 1);

DROP TABLE IF EXISTS GENNEWID_MAP CASCADE;


CREATE TABLE GENNEWID_MAP (
  NEWID SERIAL PRIMARY KEY NOT NULL,
  VIEWRULEID varchar(64) NOT NULL,
  INPUTS integer[]
);
CREATE INDEX IF NOT EXISTS newid_vrm_idx ON GENNEWID_MAP (VIEWRULEID, INPUTS);
ALTER SEQUENCE GENNEWID_MAP_NEWID_seq RESTART WITH 100000000 INCREMENT BY 1;
CREATE OR REPLACE FUNCTION GENNEWID_CONST(varchar(64), VARIADIC arr int[])
   RETURNS int AS $$
DECLARE
  inserted_id integer;
  existing_id integer;
BEGIN
  SELECT NEWID INTO existing_id FROM GENNEWID_MAP
  WHERE VIEWRULEID = $1 AND INPUTS = $2;
  IF not found THEN
    INSERT INTO GENNEWID_MAP (VIEWRULEID, INPUTS) VALUES ($1,$2) RETURNING NEWID INTO inserted_id;
    RETURN inserted_id;
  ELSE
    RETURN existing_id;
  END IF;
END;
$$ LANGUAGE 'plpgsql';


DROP VIEW IF EXISTS MATCH_Shoppers_0 CASCADE

CREATE VIEW MATCH_Shoppers_0 AS ((SELECT DISTINCT R0._0 AS _0, R0._1 AS _1, R0._2 AS _2 FROM E_g AS R0 CROSS JOIN N_g AS R1 CROSS JOIN N_g AS R2 WHERE R0._1 = R1._0 AND R0._2 = R2._0 AND R0._3 = 'bought' AND R1._1 = 'Person' AND R2._1 = 'Product'));

DROP VIEW IF EXISTS DMAP_Shoppers CASCADE

CREATE VIEW DMAP_Shoppers AS ((SELECT DISTINCT R0._0 AS _0, R0._0 AS _1 FROM N_g AS R0));

DROP VIEW IF EXISTS N_Shoppers CASCADE

CREATE VIEW N_Shoppers AS ((SELECT DISTINCT R0._0 AS _0, R0._1 AS _1 FROM N_g AS R0));

DROP VIEW IF EXISTS E_Shoppers CASCADE

CREATE VIEW E_Shoppers AS ((SELECT DISTINCT R0._0 AS _0, R1._1 AS _1, R2._1 AS _2, R0._3 AS _3 FROM E_g AS R0 CROSS JOIN DMAP_Shoppers AS R1 CROSS JOIN DMAP_Shoppers AS R2 WHERE R0._2 = R2._0 AND R0._1 = R1._0));

INSERT INTO CATALOG_VIEW VALUES ('Shoppers', 'g', 'virtual', 'CREATE MATERIALIZED VIEW Shoppers ON g (MATCH (p:Person)-[b:bought]->(prod:Product))', 1);

DROP TABLE IF EXISTS GENNEWID_MAP CASCADE;


CREATE TABLE GENNEWID_MAP (
  NEWID SERIAL PRIMARY KEY NOT NULL,
  VIEWRULEID varchar(64) NOT NULL,
  INPUTS integer[]
);
CREATE INDEX IF NOT EXISTS newid_vrm_idx ON GENNEWID_MAP (VIEWRULEID, INPUTS);
ALTER SEQUENCE GENNEWID_MAP_NEWID_seq RESTART WITH 100000000 INCREMENT BY 1;
CREATE OR REPLACE FUNCTION GENNEWID_CONST(varchar(64), VARIADIC arr int[])
   RETURNS int AS $$
DECLARE
  inserted_id integer;
  existing_id integer;
BEGIN
  SELECT NEWID INTO existing_id FROM GENNEWID_MAP
  WHERE VIEWRULEID = $1 AND INPUTS = $2;
  IF not found THEN
    INSERT INTO GENNEWID_MAP (VIEWRULEID, INPUTS) VALUES ($1,$2) RETURNING NEWID INTO inserted_id;
    RETURN inserted_id;
  ELSE
    RETURN existing_id;
  END IF;
END;
$$ LANGUAGE 'plpgsql';


DROP VIEW IF EXISTS MATCH_Friends_0 CASCADE

CREATE VIEW MATCH_Friends_0 AS ((SELECT DISTINCT R0._0 AS _0, R0._1 AS _1, R0._2 AS _2 FROM E_g AS R0 CROSS JOIN N_g AS R1 CROSS JOIN N_g AS R2 WHERE R0._1 = R1._0 AND R0._2 = R2._0 AND R0._3 = 'knows' AND R1._1 = 'Person' AND R2._1 = 'Person'));

DROP VIEW IF EXISTS DMAP_Friends CASCADE

CREATE VIEW DMAP_Friends AS ((SELECT DISTINCT R0._0 AS _0, R0._0 AS _1 FROM N_g AS R0));

DROP VIEW IF EXISTS N_Friends CASCADE

CREATE VIEW N_Friends AS ((SELECT DISTINCT R0._0 AS _0, R0._1 AS _1 FROM N_g AS R0));

DROP VIEW IF EXISTS E_Friends CASCADE

CREATE VIEW E_Friends AS ((SELECT DISTINCT R0._0 AS _0, R1._1 AS _1, R2._1 AS _2, R0._3 AS _3 FROM E_g AS R0 CROSS JOIN DMAP_Friends AS R1 CROSS JOIN DMAP_Friends AS R2 WHERE R0._2 = R2._0 AND R0._1 = R1._0));

INSERT INTO CATALOG_VIEW VALUES ('Friends', 'g', 'virtual', 'CREATE MATERIALIZED VIEW Friends ON g (MATCH (p1:Person)-[k:knows]->(p2:Person))', 1);

DROP TABLE IF EXISTS GENNEWID_MAP CASCADE;


CREATE TABLE GENNEWID_MAP (
  NEWID SERIAL PRIMARY KEY NOT NULL,
  VIEWRULEID varchar(64) NOT NULL,
  INPUTS integer[]
);
CREATE INDEX IF NOT EXISTS newid_vrm_idx ON GENNEWID_MAP (VIEWRULEID, INPUTS);
ALTER SEQUENCE GENNEWID_MAP_NEWID_seq RESTART WITH 100000000 INCREMENT BY 1;
CREATE OR REPLACE FUNCTION GENNEWID_CONST(varchar(64), VARIADIC arr int[])
   RETURNS int AS $$
DECLARE
  inserted_id integer;
  existing_id integer;
BEGIN
  SELECT NEWID INTO existing_id FROM GENNEWID_MAP
  WHERE VIEWRULEID = $1 AND INPUTS = $2;
  IF not found THEN
    INSERT INTO GENNEWID_MAP (VIEWRULEID, INPUTS) VALUES ($1,$2) RETURNING NEWID INTO inserted_id;
    RETURN inserted_id;
  ELSE
    RETURN existing_id;
  END IF;
END;
$$ LANGUAGE 'plpgsql';


SELECT version();

CREATE OR REPLACE FUNCTION process_ivm_node_insertion() RETURNS TRIGGER AS $ivm_node_insert$
DECLARE
BEGIN
	INSERT INTO n_v0 (_0, _1) VALUES (NEW._0, NEW._1);
	RETURN NULL; -- result is ignored since this is an AFTER trigger
END;
$ivm_node_insert$ LANGUAGE plpgsql;

CREATE TRIGGER ivm_node_insert
AFTER INSERT ON n_g
	FOR EACH ROW
	EXECUTE FUNCTION process_ivm_node_insertion();


CREATE OR REPLACE FUNCTION process_ivm_edge_insertion() RETURNS TRIGGER AS $ivm_edge_insert$
DECLARE
	-- variables below are default variables
	cnt integer;
	curs record;
BEGIN
DROP TABLE IF EXISTS map_temp;
CREATE TEMPORARY TABLE map_temp (
	_0      integer NOT NULL,
	_1      varchar(16) NOT NULL,
	_2      integer NOT NULL,
	_3      varchar(16) NOT NULL
);
FOR curs IN
	SELECT DISTINCT R0._0 AS _0, R0._1 AS _1, R0._2 AS _2, R3._2 AS _3 FROM E_g AS R0 CROSS JOIN N_g AS R1 CROSS JOIN N_g AS R2 CROSS JOIN EP_g AS R3 WHERE ( R0._0 = NEW._0 OR R3._0 = NEW._0 ) AND R0._1 = R1._0 AND R0._2 = R2._0 AND R0._0 = R3._0 AND R3._2 = 'IT' AND R0._3 = 'works_at' AND R1._1 = 'Person' AND R2._1 = 'Company' AND R3._1 = 'department'
LOOP
	RAISE NOTICE 'TARGET _0: %', curs._0;
END LOOP;
-- below are common for rules
	INSERT INTO map_ITDept SELECT _0, _1, _2, _3 FROM map_temp;

RETURN NULL; -- result is ignored since this is an AFTER trigger
END;
$ivm_edge_insert$ LANGUAGE plpgsql;


CREATE TRIGGER ivm_edge_insert
AFTER INSERT ON e_g
	FOR EACH ROW EXECUTE FUNCTION process_ivm_edge_insertion();

INSERT INTO CATALOG_VIEW VALUES ('ITDept', 'g', 'materialized', 'CREATE materialized VIEW ITDept ON g (MATCH (p:Person)-[w:works_at]->(c:Company) WHERE w.department = \"IT\")', 1);

DROP TABLE IF EXISTS GENNEWID_MAP CASCADE;


CREATE TABLE GENNEWID_MAP (
  NEWID SERIAL PRIMARY KEY NOT NULL,
  VIEWRULEID varchar(64) NOT NULL,
  INPUTS integer[]
);
CREATE INDEX IF NOT EXISTS newid_vrm_idx ON GENNEWID_MAP (VIEWRULEID, INPUTS);
ALTER SEQUENCE GENNEWID_MAP_NEWID_seq RESTART WITH 100000000 INCREMENT BY 1;
CREATE OR REPLACE FUNCTION GENNEWID_CONST(varchar(64), VARIADIC arr int[])
   RETURNS int AS $$
DECLARE
  inserted_id integer;
  existing_id integer;
BEGIN
  SELECT NEWID INTO existing_id FROM GENNEWID_MAP
  WHERE VIEWRULEID = $1 AND INPUTS = $2;
  IF not found THEN
    INSERT INTO GENNEWID_MAP (VIEWRULEID, INPUTS) VALUES ($1,$2) RETURNING NEWID INTO inserted_id;
    RETURN inserted_id;
  ELSE
    RETURN existing_id;
  END IF;
END;
$$ LANGUAGE 'plpgsql';


SELECT version();

CREATE OR REPLACE FUNCTION process_ivm_node_insertion() RETURNS TRIGGER AS $ivm_node_insert$
DECLARE
BEGIN
	INSERT INTO n_v0 (_0, _1) VALUES (NEW._0, NEW._1);
	RETURN NULL; -- result is ignored since this is an AFTER trigger
END;
$ivm_node_insert$ LANGUAGE plpgsql;

CREATE TRIGGER ivm_node_insert
AFTER INSERT ON n_g
	FOR EACH ROW
	EXECUTE FUNCTION process_ivm_node_insertion();


CREATE OR REPLACE FUNCTION process_ivm_edge_insertion() RETURNS TRIGGER AS $ivm_edge_insert$
DECLARE
	-- variables below are default variables
	cnt integer;
	curs record;
BEGIN
DROP TABLE IF EXISTS map_temp;
CREATE TEMPORARY TABLE map_temp (
	_0      integer NOT NULL,
	_1      varchar(16) NOT NULL,
	_2      integer NOT NULL,
	_3      varchar(16) NOT NULL
);
FOR curs IN
	SELECT DISTINCT R0._0 AS _0, R0._1 AS _1, R0._2 AS _2, R3._2 AS _3 FROM E_g AS R0 CROSS JOIN N_g AS R1 CROSS JOIN N_g AS R2 CROSS JOIN EP_g AS R3 WHERE ( R0._0 = NEW._0 OR R3._0 = NEW._0 ) AND R0._1 = R1._0 AND R0._2 = R2._0 AND R0._0 = R3._0 AND R3._2 > 150000 AND R0._3 = 'works_at' AND R1._1 = 'Person' AND R2._1 = 'Company' AND R3._1 = 'salary'
LOOP
	RAISE NOTICE 'TARGET _0: %', curs._0;
END LOOP;
-- below are common for rules
	INSERT INTO map_HighPay SELECT _0, _1, _2, _3 FROM map_temp;

RETURN NULL; -- result is ignored since this is an AFTER trigger
END;
$ivm_edge_insert$ LANGUAGE plpgsql;


CREATE TRIGGER ivm_edge_insert
AFTER INSERT ON e_g
	FOR EACH ROW EXECUTE FUNCTION process_ivm_edge_insertion();

INSERT INTO CATALOG_VIEW VALUES ('HighPay', 'g', 'materialized', 'CREATE materialized VIEW HighPay ON g (MATCH (p:Person)-[w:works_at]->(c:Company) WHERE w.salary > 150000)', 1);

DROP TABLE IF EXISTS GENNEWID_MAP CASCADE;


CREATE TABLE GENNEWID_MAP (
  NEWID SERIAL PRIMARY KEY NOT NULL,
  VIEWRULEID varchar(64) NOT NULL,
  INPUTS integer[]
);
CREATE INDEX IF NOT EXISTS newid_vrm_idx ON GENNEWID_MAP (VIEWRULEID, INPUTS);
ALTER SEQUENCE GENNEWID_MAP_NEWID_seq RESTART WITH 100000000 INCREMENT BY 1;
CREATE OR REPLACE FUNCTION GENNEWID_CONST(varchar(64), VARIADIC arr int[])
   RETURNS int AS $$
DECLARE
  inserted_id integer;
  existing_id integer;
BEGIN
  SELECT NEWID INTO existing_id FROM GENNEWID_MAP
  WHERE VIEWRULEID = $1 AND INPUTS = $2;
  IF not found THEN
    INSERT INTO GENNEWID_MAP (VIEWRULEID, INPUTS) VALUES ($1,$2) RETURNING NEWID INTO inserted_id;
    RETURN inserted_id;
  ELSE
    RETURN existing_id;
  END IF;
END;
$$ LANGUAGE 'plpgsql';


SELECT version();

CREATE OR REPLACE FUNCTION process_ivm_node_insertion() RETURNS TRIGGER AS $ivm_node_insert$
DECLARE
BEGIN
	INSERT INTO n_v0 (_0, _1) VALUES (NEW._0, NEW._1);
	RETURN NULL; -- result is ignored since this is an AFTER trigger
END;
$ivm_node_insert$ LANGUAGE plpgsql;

CREATE TRIGGER ivm_node_insert
AFTER INSERT ON n_g
	FOR EACH ROW
	EXECUTE FUNCTION process_ivm_node_insertion();


CREATE OR REPLACE FUNCTION process_ivm_edge_insertion() RETURNS TRIGGER AS $ivm_edge_insert$
DECLARE
	-- variables below are default variables
	cnt integer;
	curs record;
BEGIN
DROP TABLE IF EXISTS map_temp;
CREATE TEMPORARY TABLE map_temp (
	_0      integer NOT NULL,
	_1      varchar(16) NOT NULL,
	_2      integer NOT NULL,
	_3      varchar(16) NOT NULL
);
FOR curs IN
	SELECT DISTINCT R0._0 AS _0, R0._1 AS _1, R0._2 AS _2, R3._2 AS _3 FROM E_g AS R0 CROSS JOIN N_g AS R1 CROSS JOIN N_g AS R2 CROSS JOIN EP_g AS R3 WHERE ( R0._0 = NEW._0 OR R3._0 = NEW._0 ) AND R0._1 = R1._0 AND R0._2 = R2._0 AND R0._0 = R3._0 AND R3._2 > 10 AND R0._3 = 'works_at' AND R1._1 = 'Person' AND R2._1 = 'Company' AND R3._1 = 'years'
LOOP
	RAISE NOTICE 'TARGET _0: %', curs._0;
END LOOP;
-- below are common for rules
	INSERT INTO map_Veterans SELECT _0, _1, _2, _3 FROM map_temp;

RETURN NULL; -- result is ignored since this is an AFTER trigger
END;
$ivm_edge_insert$ LANGUAGE plpgsql;


CREATE TRIGGER ivm_edge_insert
AFTER INSERT ON e_g
	FOR EACH ROW EXECUTE FUNCTION process_ivm_edge_insertion();

INSERT INTO CATALOG_VIEW VALUES ('Veterans', 'g', 'materialized', 'CREATE materialized VIEW Veterans ON g (MATCH (p:Person)-[w:works_at]->(c:Company) WHERE w.years > 10)', 1);

DROP TABLE IF EXISTS GENNEWID_MAP CASCADE;


CREATE TABLE GENNEWID_MAP (
  NEWID SERIAL PRIMARY KEY NOT NULL,
  VIEWRULEID varchar(64) NOT NULL,
  INPUTS integer[]
);
CREATE INDEX IF NOT EXISTS newid_vrm_idx ON GENNEWID_MAP (VIEWRULEID, INPUTS);
ALTER SEQUENCE GENNEWID_MAP_NEWID_seq RESTART WITH 100000000 INCREMENT BY 1;
CREATE OR REPLACE FUNCTION GENNEWID_CONST(varchar(64), VARIADIC arr int[])
   RETURNS int AS $$
DECLARE
  inserted_id integer;
  existing_id integer;
BEGIN
  SELECT NEWID INTO existing_id FROM GENNEWID_MAP
  WHERE VIEWRULEID = $1 AND INPUTS = $2;
  IF not found THEN
    INSERT INTO GENNEWID_MAP (VIEWRULEID, INPUTS) VALUES ($1,$2) RETURNING NEWID INTO inserted_id;
    RETURN inserted_id;
  ELSE
    RETURN existing_id;
  END IF;
END;
$$ LANGUAGE 'plpgsql';


SELECT version();

CREATE OR REPLACE FUNCTION process_ivm_node_insertion() RETURNS TRIGGER AS $ivm_node_insert$
DECLARE
BEGIN
	INSERT INTO n_v0 (_0, _1) VALUES (NEW._0, NEW._1);
	RETURN NULL; -- result is ignored since this is an AFTER trigger
END;
$ivm_node_insert$ LANGUAGE plpgsql;

CREATE TRIGGER ivm_node_insert
AFTER INSERT ON n_g
	FOR EACH ROW
	EXECUTE FUNCTION process_ivm_node_insertion();


CREATE OR REPLACE FUNCTION process_ivm_edge_insertion() RETURNS TRIGGER AS $ivm_edge_insert$
DECLARE
	-- variables below are default variables
	cnt integer;
	curs record;
BEGIN
DROP TABLE IF EXISTS map_temp;
CREATE TEMPORARY TABLE map_temp (
	_0      integer NOT NULL,
	_1      varchar(16) NOT NULL,
	_2      integer NOT NULL,
	_3      varchar(16) NOT NULL
);
FOR curs IN
	SELECT DISTINCT R0._0 AS _0, R0._1 AS _1, R0._2 AS _2 FROM E_g AS R0 CROSS JOIN N_g AS R1 CROSS JOIN N_g AS R2 WHERE ( R0._0 = NEW._0) AND R0._1 = R1._0 AND R0._2 = R2._0 AND R0._3 = 'bought' AND R1._1 = 'Person' AND R2._1 = 'Product'
LOOP
	RAISE NOTICE 'TARGET _0: %', curs._0;
END LOOP;
-- below are common for rules
	INSERT INTO map_Shoppers SELECT _0, _1, _2, _3 FROM map_temp;

RETURN NULL; -- result is ignored since this is an AFTER trigger
END;
$ivm_edge_insert$ LANGUAGE plpgsql;


CREATE TRIGGER ivm_edge_insert
AFTER INSERT ON e_g
	FOR EACH ROW EXECUTE FUNCTION process_ivm_edge_insertion();

INSERT INTO CATALOG_VIEW VALUES ('Shoppers', 'g', 'materialized', 'CREATE materialized VIEW Shoppers ON g (MATCH (p:Person)-[b:bought]->(prod:Product))', 1);

DROP TABLE IF EXISTS GENNEWID_MAP CASCADE;


CREATE TABLE GENNEWID_MAP (
  NEWID SERIAL PRIMARY KEY NOT NULL,
  VIEWRULEID varchar(64) NOT NULL,
  INPUTS integer[]
);
CREATE INDEX IF NOT EXISTS newid_vrm_idx ON GENNEWID_MAP (VIEWRULEID, INPUTS);
ALTER SEQUENCE GENNEWID_MAP_NEWID_seq RESTART WITH 100000000 INCREMENT BY 1;
CREATE OR REPLACE FUNCTION GENNEWID_CONST(varchar(64), VARIADIC arr int[])
   RETURNS int AS $$
DECLARE
  inserted_id integer;
  existing_id integer;
BEGIN
  SELECT NEWID INTO existing_id FROM GENNEWID_MAP
  WHERE VIEWRULEID = $1 AND INPUTS = $2;
  IF not found THEN
    INSERT INTO GENNEWID_MAP (VIEWRULEID, INPUTS) VALUES ($1,$2) RETURNING NEWID INTO inserted_id;
    RETURN inserted_id;
  ELSE
    RETURN existing_id;
  END IF;
END;
$$ LANGUAGE 'plpgsql';


SELECT version();

CREATE OR REPLACE FUNCTION process_ivm_node_insertion() RETURNS TRIGGER AS $ivm_node_insert$
DECLARE
BEGIN
	INSERT INTO n_v0 (_0, _1) VALUES (NEW._0, NEW._1);
	RETURN NULL; -- result is ignored since this is an AFTER trigger
END;
$ivm_node_insert$ LANGUAGE plpgsql;

CREATE TRIGGER ivm_node_insert
AFTER INSERT ON n_g
	FOR EACH ROW
	EXECUTE FUNCTION process_ivm_node_insertion();


CREATE OR REPLACE FUNCTION process_ivm_edge_insertion() RETURNS TRIGGER AS $ivm_edge_insert$
DECLARE
	-- variables below are default variables
	cnt integer;
	curs record;
BEGIN
DROP TABLE IF EXISTS map_temp;
CREATE TEMPORARY TABLE map_temp (
	_0      integer NOT NULL,
	_1      varchar(16) NOT NULL,
	_2      integer NOT NULL,
	_3      varchar(16) NOT NULL
);
FOR curs IN
	SELECT DISTINCT R0._0 AS _0, R0._1 AS _1, R0._2 AS _2 FROM E_g AS R0 CROSS JOIN N_g AS R1 CROSS JOIN N_g AS R2 WHERE ( R0._0 = NEW._0) AND R0._1 = R1._0 AND R0._2 = R2._0 AND R0._3 = 'knows' AND R1._1 = 'Person' AND R2._1 = 'Person'
LOOP
	RAISE NOTICE 'TARGET _0: %', curs._0;
END LOOP;
-- below are common for rules
	INSERT INTO map_Friends SELECT _0, _1, _2, _3 FROM map_temp;

RETURN NULL; -- result is ignored since this is an AFTER trigger
END;
$ivm_edge_insert$ LANGUAGE plpgsql;


CREATE TRIGGER ivm_edge_insert
AFTER INSERT ON e_g
	FOR EACH ROW EXECUTE FUNCTION process_ivm_edge_insertion();

INSERT INTO CATALOG_VIEW VALUES ('Friends', 'g', 'materialized', 'CREATE materialized VIEW Friends ON g (MATCH (p1:Person)-[k:knows]->(p2:Person))', 1);

SELECT DISTINCT R0._0 AS _0, R0._1 AS _1, R0._2 AS _2, R0._3 AS _3, R0._4 AS _4 FROM CATALOG_VIEW AS R0

DROP TABLE IF EXISTS GENNEWID_MAP CASCADE;


CREATE TABLE GENNEWID_MAP (
  NEWID SERIAL PRIMARY KEY NOT NULL,
  VIEWRULEID varchar(64) NOT NULL,
  INPUTS integer[]
);
CREATE INDEX IF NOT EXISTS newid_vrm_idx ON GENNEWID_MAP (VIEWRULEID, INPUTS);
ALTER SEQUENCE GENNEWID_MAP_NEWID_seq RESTART WITH 100000000 INCREMENT BY 1;
CREATE OR REPLACE FUNCTION GENNEWID_CONST(varchar(64), VARIADIC arr int[])
   RETURNS int AS $$
DECLARE
  inserted_id integer;
  existing_id integer;
BEGIN
  SELECT NEWID INTO existing_id FROM GENNEWID_MAP
  WHERE VIEWRULEID = $1 AND INPUTS = $2;
  IF not found THEN
    INSERT INTO GENNEWID_MAP (VIEWRULEID, INPUTS) VALUES ($1,$2) RETURNING NEWID INTO inserted_id;
    RETURN inserted_id;
  ELSE
    RETURN existing_id;
  END IF;
END;
$$ LANGUAGE 'plpgsql';


DROP MATERIALIZED VIEW IF EXISTS MATCH_Veterans_0 CASCADE

CREATE MATERIALIZED VIEW MATCH_Veterans_0 AS ((SELECT DISTINCT R0._0 AS _0, R0._1 AS _1, R0._2 AS _2, R3._2 AS _3 FROM E_g AS R0 CROSS JOIN N_g AS R1 CROSS JOIN N_g AS R2 CROSS JOIN EP_g AS R3 WHERE R0._1 = R1._0 AND R0._2 = R2._0 AND R0._0 = R3._0 AND R3._2 > 10 AND R0._3 = 'works_at' AND R1._1 = 'Person' AND R2._1 = 'Company' AND R3._1 = 'years'));

CREATE INDEX IF NOT EXISTS MATCH_Veterans_0___0 ON MATCH_Veterans_0 (_0)

CREATE INDEX IF NOT EXISTS MATCH_Veterans_0___1 ON MATCH_Veterans_0 (_1)

CREATE INDEX IF NOT EXISTS MATCH_Veterans_0___2 ON MATCH_Veterans_0 (_2)

CREATE INDEX IF NOT EXISTS MATCH_Veterans_0___3 ON MATCH_Veterans_0 (_3)

DROP VIEW IF EXISTS DMAP_Veterans CASCADE

CREATE VIEW DMAP_Veterans AS ((SELECT DISTINCT R0._0 AS _0, R0._0 AS _1 FROM N_g AS R0));

DROP MATERIALIZED VIEW IF EXISTS N_Veterans CASCADE

CREATE MATERIALIZED VIEW N_Veterans AS ((SELECT DISTINCT R0._0 AS _0, R0._1 AS _1 FROM N_g AS R0));

CREATE INDEX IF NOT EXISTS N_Veterans___0 ON N_Veterans (_0)

CREATE INDEX IF NOT EXISTS N_Veterans___1 ON N_Veterans (_1)

DROP MATERIALIZED VIEW IF EXISTS E_Veterans CASCADE

CREATE MATERIALIZED VIEW E_Veterans AS ((SELECT DISTINCT R0._0 AS _0, R1._1 AS _1, R2._1 AS _2, R0._3 AS _3 FROM E_g AS R0 CROSS JOIN DMAP_Veterans AS R1 CROSS JOIN DMAP_Veterans AS R2 WHERE R0._2 = R2._0 AND R0._1 = R1._0));

CREATE INDEX IF NOT EXISTS E_Veterans___0 ON E_Veterans (_0)

CREATE INDEX IF NOT EXISTS E_Veterans___1 ON E_Veterans (_1)

CREATE INDEX IF NOT EXISTS E_Veterans___2 ON E_Veterans (_2)

CREATE INDEX IF NOT EXISTS E_Veterans___3 ON E_Veterans (_3)

SELECT version();

CREATE OR REPLACE FUNCTION process_ivm_node_insertion() RETURNS TRIGGER AS $ivm_node_insert$
DECLARE
BEGIN
	INSERT INTO n_v0 (_0, _1) VALUES (NEW._0, NEW._1);
	RETURN NULL; -- result is ignored since this is an AFTER trigger
END;
$ivm_node_insert$ LANGUAGE plpgsql;

CREATE TRIGGER ivm_node_insert
AFTER INSERT ON n_g
	FOR EACH ROW
	EXECUTE FUNCTION process_ivm_node_insertion();


CREATE OR REPLACE FUNCTION process_ivm_edge_insertion() RETURNS TRIGGER AS $ivm_edge_insert$
DECLARE
	-- variables below are default variables
	cnt integer;
	curs record;
BEGIN
DROP TABLE IF EXISTS map_temp;
CREATE TEMPORARY TABLE map_temp (
	_0      integer NOT NULL,
	_1      varchar(16) NOT NULL,
	_2      integer NOT NULL,
	_3      varchar(16) NOT NULL
);
FOR curs IN
	SELECT DISTINCT R0._0 AS _0, R0._1 AS _1, R0._2 AS _2, R3._2 AS _3 FROM E_g AS R0 CROSS JOIN N_g AS R1 CROSS JOIN N_g AS R2 CROSS JOIN EP_g AS R3 WHERE ( R0._0 = NEW._0 OR R3._0 = NEW._0 ) AND R0._1 = R1._0 AND R0._2 = R2._0 AND R0._0 = R3._0 AND R3._2 > 10 AND R0._3 = 'works_at' AND R1._1 = 'Person' AND R2._1 = 'Company' AND R3._1 = 'years'
LOOP
	RAISE NOTICE 'TARGET _0: %', curs._0;
END LOOP;
-- below are common for rules
	INSERT INTO map_Veterans SELECT _0, _1, _2, _3 FROM map_temp;

RETURN NULL; -- result is ignored since this is an AFTER trigger
END;
$ivm_edge_insert$ LANGUAGE plpgsql;


CREATE TRIGGER ivm_edge_insert
AFTER INSERT ON e_g
	FOR EACH ROW EXECUTE FUNCTION process_ivm_edge_insertion();

DROP TABLE IF EXISTS GENNEWID_MAP CASCADE;


CREATE TABLE GENNEWID_MAP (
  NEWID SERIAL PRIMARY KEY NOT NULL,
  VIEWRULEID varchar(64) NOT NULL,
  INPUTS integer[]
);
CREATE INDEX IF NOT EXISTS newid_vrm_idx ON GENNEWID_MAP (VIEWRULEID, INPUTS);
ALTER SEQUENCE GENNEWID_MAP_NEWID_seq RESTART WITH 100000000 INCREMENT BY 1;
CREATE OR REPLACE FUNCTION GENNEWID_CONST(varchar(64), VARIADIC arr int[])
   RETURNS int AS $$
DECLARE
  inserted_id integer;
  existing_id integer;
BEGIN
  SELECT NEWID INTO existing_id FROM GENNEWID_MAP
  WHERE VIEWRULEID = $1 AND INPUTS = $2;
  IF not found THEN
    INSERT INTO GENNEWID_MAP (VIEWRULEID, INPUTS) VALUES ($1,$2) RETURNING NEWID INTO inserted_id;
    RETURN inserted_id;
  ELSE
    RETURN existing_id;
  END IF;
END;
$$ LANGUAGE 'plpgsql';


DROP MATERIALIZED VIEW IF EXISTS MATCH_Friends_0 CASCADE

CREATE MATERIALIZED VIEW MATCH_Friends_0 AS ((SELECT DISTINCT R0._0 AS _0, R0._1 AS _1, R0._2 AS _2 FROM E_g AS R0 CROSS JOIN N_g AS R1 CROSS JOIN N_g AS R2 WHERE R0._1 = R1._0 AND R0._2 = R2._0 AND R0._3 = 'knows' AND R1._1 = 'Person' AND R2._1 = 'Person'));

CREATE INDEX IF NOT EXISTS MATCH_Friends_0___0 ON MATCH_Friends_0 (_0)

CREATE INDEX IF NOT EXISTS MATCH_Friends_0___1 ON MATCH_Friends_0 (_1)

CREATE INDEX IF NOT EXISTS MATCH_Friends_0___2 ON MATCH_Friends_0 (_2)

DROP VIEW IF EXISTS DMAP_Friends CASCADE

CREATE VIEW DMAP_Friends AS ((SELECT DISTINCT R0._0 AS _0, R0._0 AS _1 FROM N_g AS R0));

DROP MATERIALIZED VIEW IF EXISTS N_Friends CASCADE

CREATE MATERIALIZED VIEW N_Friends AS ((SELECT DISTINCT R0._0 AS _0, R0._1 AS _1 FROM N_g AS R0));

CREATE INDEX IF NOT EXISTS N_Friends___0 ON N_Friends (_0)

CREATE INDEX IF NOT EXISTS N_Friends___1 ON N_Friends (_1)

DROP MATERIALIZED VIEW IF EXISTS E_Friends CASCADE

CREATE MATERIALIZED VIEW E_Friends AS ((SELECT DISTINCT R0._0 AS _0, R1._1 AS _1, R2._1 AS _2, R0._3 AS _3 FROM E_g AS R0 CROSS JOIN DMAP_Friends AS R1 CROSS JOIN DMAP_Friends AS R2 WHERE R0._2 = R2._0 AND R0._1 = R1._0));

CREATE INDEX IF NOT EXISTS E_Friends___0 ON E_Friends (_0)

CREATE INDEX IF NOT EXISTS E_Friends___1 ON E_Friends (_1)

CREATE INDEX IF NOT EXISTS E_Friends___2 ON E_Friends (_2)

CREATE INDEX IF NOT EXISTS E_Friends___3 ON E_Friends (_3)

SELECT version();

CREATE OR REPLACE FUNCTION process_ivm_node_insertion() RETURNS TRIGGER AS $ivm_node_insert$
DECLARE
BEGIN
	INSERT INTO n_v0 (_0, _1) VALUES (NEW._0, NEW._1);
	RETURN NULL; -- result is ignored since this is an AFTER trigger
END;
$ivm_node_insert$ LANGUAGE plpgsql;

CREATE TRIGGER ivm_node_insert
AFTER INSERT ON n_g
	FOR EACH ROW
	EXECUTE FUNCTION process_ivm_node_insertion();


CREATE OR REPLACE FUNCTION process_ivm_edge_insertion() RETURNS TRIGGER AS $ivm_edge_insert$
DECLARE
	-- variables below are default variables
	cnt integer;
	curs record;
BEGIN
DROP TABLE IF EXISTS map_temp;
CREATE TEMPORARY TABLE map_temp (
	_0      integer NOT NULL,
	_1      varchar(16) NOT NULL,
	_2      integer NOT NULL,
	_3      varchar(16) NOT NULL
);
FOR curs IN
	SELECT DISTINCT R0._0 AS _0, R0._1 AS _1, R0._2 AS _2 FROM E_g AS R0 CROSS JOIN N_g AS R1 CROSS JOIN N_g AS R2 WHERE ( R0._0 = NEW._0) AND R0._1 = R1._0 AND R0._2 = R2._0 AND R0._3 = 'knows' AND R1._1 = 'Person' AND R2._1 = 'Person'
LOOP
	RAISE NOTICE 'TARGET _0: %', curs._0;
END LOOP;
-- below are common for rules
	INSERT INTO map_Friends SELECT _0, _1, _2, _3 FROM map_temp;

RETURN NULL; -- result is ignored since this is an AFTER trigger
END;
$ivm_edge_insert$ LANGUAGE plpgsql;


CREATE TRIGGER ivm_edge_insert
AFTER INSERT ON e_g
	FOR EACH ROW EXECUTE FUNCTION process_ivm_edge_insertion();

DROP TABLE IF EXISTS GENNEWID_MAP CASCADE;


CREATE TABLE GENNEWID_MAP (
  NEWID SERIAL PRIMARY KEY NOT NULL,
  VIEWRULEID varchar(64) NOT NULL,
  INPUTS integer[]
);
CREATE INDEX IF NOT EXISTS newid_vrm_idx ON GENNEWID_MAP (VIEWRULEID, INPUTS);
ALTER SEQUENCE GENNEWID_MAP_NEWID_seq RESTART WITH 100000000 INCREMENT BY 1;
CREATE OR REPLACE FUNCTION GENNEWID_CONST(varchar(64), VARIADIC arr int[])
   RETURNS int AS $$
DECLARE
  inserted_id integer;
  existing_id integer;
BEGIN
  SELECT NEWID INTO existing_id FROM GENNEWID_MAP
  WHERE VIEWRULEID = $1 AND INPUTS = $2;
  IF not found THEN
    INSERT INTO GENNEWID_MAP (VIEWRULEID, INPUTS) VALUES ($1,$2) RETURNING NEWID INTO inserted_id;
    RETURN inserted_id;
  ELSE
    RETURN existing_id;
  END IF;
END;
$$ LANGUAGE 'plpgsql';


DROP MATERIALIZED VIEW IF EXISTS MATCH_Shoppers_0 CASCADE

CREATE MATERIALIZED VIEW MATCH_Shoppers_0 AS ((SELECT DISTINCT R0._0 AS _0, R0._1 AS _1, R0._2 AS _2 FROM E_g AS R0 CROSS JOIN N_g AS R1 CROSS JOIN N_g AS R2 WHERE R0._1 = R1._0 AND R0._2 = R2._0 AND R0._3 = 'bought' AND R1._1 = 'Person' AND R2._1 = 'Product'));

CREATE INDEX IF NOT EXISTS MATCH_Shoppers_0___0 ON MATCH_Shoppers_0 (_0)

CREATE INDEX IF NOT EXISTS MATCH_Shoppers_0___1 ON MATCH_Shoppers_0 (_1)

CREATE INDEX IF NOT EXISTS MATCH_Shoppers_0___2 ON MATCH_Shoppers_0 (_2)

DROP VIEW IF EXISTS DMAP_Shoppers CASCADE

CREATE VIEW DMAP_Shoppers AS ((SELECT DISTINCT R0._0 AS _0, R0._0 AS _1 FROM N_g AS R0));

DROP MATERIALIZED VIEW IF EXISTS N_Shoppers CASCADE

CREATE MATERIALIZED VIEW N_Shoppers AS ((SELECT DISTINCT R0._0 AS _0, R0._1 AS _1 FROM N_g AS R0));

CREATE INDEX IF NOT EXISTS N_Shoppers___0 ON N_Shoppers (_0)

CREATE INDEX IF NOT EXISTS N_Shoppers___1 ON N_Shoppers (_1)

DROP MATERIALIZED VIEW IF EXISTS E_Shoppers CASCADE

CREATE MATERIALIZED VIEW E_Shoppers AS ((SELECT DISTINCT R0._0 AS _0, R1._1 AS _1, R2._1 AS _2, R0._3 AS _3 FROM E_g AS R0 CROSS JOIN DMAP_Shoppers AS R1 CROSS JOIN DMAP_Shoppers AS R2 WHERE R0._2 = R2._0 AND R0._1 = R1._0));

CREATE INDEX IF NOT EXISTS E_Shoppers___0 ON E_Shoppers (_0)

CREATE INDEX IF NOT EXISTS E_Shoppers___1 ON E_Shoppers (_1)

CREATE INDEX IF NOT EXISTS E_Shoppers___2 ON E_Shoppers (_2)

CREATE INDEX IF NOT EXISTS E_Shoppers___3 ON E_Shoppers (_3)

SELECT version();

CREATE OR REPLACE FUNCTION process_ivm_node_insertion() RETURNS TRIGGER AS $ivm_node_insert$
DECLARE
BEGIN
	INSERT INTO n_v0 (_0, _1) VALUES (NEW._0, NEW._1);
	RETURN NULL; -- result is ignored since this is an AFTER trigger
END;
$ivm_node_insert$ LANGUAGE plpgsql;

CREATE TRIGGER ivm_node_insert
AFTER INSERT ON n_g
	FOR EACH ROW
	EXECUTE FUNCTION process_ivm_node_insertion();


CREATE OR REPLACE FUNCTION process_ivm_edge_insertion() RETURNS TRIGGER AS $ivm_edge_insert$
DECLARE
	-- variables below are default variables
	cnt integer;
	curs record;
BEGIN
DROP TABLE IF EXISTS map_temp;
CREATE TEMPORARY TABLE map_temp (
	_0      integer NOT NULL,
	_1      varchar(16) NOT NULL,
	_2      integer NOT NULL,
	_3      varchar(16) NOT NULL
);
FOR curs IN
	SELECT DISTINCT R0._0 AS _0, R0._1 AS _1, R0._2 AS _2 FROM E_g AS R0 CROSS JOIN N_g AS R1 CROSS JOIN N_g AS R2 WHERE ( R0._0 = NEW._0) AND R0._1 = R1._0 AND R0._2 = R2._0 AND R0._3 = 'bought' AND R1._1 = 'Person' AND R2._1 = 'Product'
LOOP
	RAISE NOTICE 'TARGET _0: %', curs._0;
END LOOP;
-- below are common for rules
	INSERT INTO map_Shoppers SELECT _0, _1, _2, _3 FROM map_temp;

RETURN NULL; -- result is ignored since this is an AFTER trigger
END;
$ivm_edge_insert$ LANGUAGE plpgsql;


CREATE TRIGGER ivm_edge_insert
AFTER INSERT ON e_g
	FOR EACH ROW EXECUTE FUNCTION process_ivm_edge_insertion();

DROP TABLE IF EXISTS GENNEWID_MAP CASCADE;


CREATE TABLE GENNEWID_MAP (
  NEWID SERIAL PRIMARY KEY NOT NULL,
  VIEWRULEID varchar(64) NOT NULL,
  INPUTS integer[]
);
CREATE INDEX IF NOT EXISTS newid_vrm_idx ON GENNEWID_MAP (VIEWRULEID, INPUTS);
ALTER SEQUENCE GENNEWID_MAP_NEWID_seq RESTART WITH 100000000 INCREMENT BY 1;
CREATE OR REPLACE FUNCTION GENNEWID_CONST(varchar(64), VARIADIC arr int[])
   RETURNS int AS $$
DECLARE
  inserted_id integer;
  existing_id integer;
BEGIN
  SELECT NEWID INTO existing_id FROM GENNEWID_MAP
  WHERE VIEWRULEID = $1 AND INPUTS = $2;
  IF not found THEN
    INSERT INTO GENNEWID_MAP (VIEWRULEID, INPUTS) VALUES ($1,$2) RETURNING NEWID INTO inserted_id;
    RETURN inserted_id;
  ELSE
    RETURN existing_id;
  END IF;
END;
$$ LANGUAGE 'plpgsql';


DROP MATERIALIZED VIEW IF EXISTS MATCH_HighPay_0 CASCADE

CREATE MATERIALIZED VIEW MATCH_HighPay_0 AS ((SELECT DISTINCT R0._0 AS _0, R0._1 AS _1, R0._2 AS _2, R3._2 AS _3 FROM E_g AS R0 CROSS JOIN N_g AS R1 CROSS JOIN N_g AS R2 CROSS JOIN EP_g AS R3 WHERE R0._1 = R1._0 AND R0._2 = R2._0 AND R0._0 = R3._0 AND R3._2 > 150000 AND R0._3 = 'works_at' AND R1._1 = 'Person' AND R2._1 = 'Company' AND R3._1 = 'salary'));

CREATE INDEX IF NOT EXISTS MATCH_HighPay_0___0 ON MATCH_HighPay_0 (_0)

CREATE INDEX IF NOT EXISTS MATCH_HighPay_0___1 ON MATCH_HighPay_0 (_1)

CREATE INDEX IF NOT EXISTS MATCH_HighPay_0___2 ON MATCH_HighPay_0 (_2)

CREATE INDEX IF NOT EXISTS MATCH_HighPay_0___3 ON MATCH_HighPay_0 (_3)

DROP VIEW IF EXISTS DMAP_HighPay CASCADE

CREATE VIEW DMAP_HighPay AS ((SELECT DISTINCT R0._0 AS _0, R0._0 AS _1 FROM N_g AS R0));

DROP MATERIALIZED VIEW IF EXISTS N_HighPay CASCADE

CREATE MATERIALIZED VIEW N_HighPay AS ((SELECT DISTINCT R0._0 AS _0, R0._1 AS _1 FROM N_g AS R0));

CREATE INDEX IF NOT EXISTS N_HighPay___0 ON N_HighPay (_0)

CREATE INDEX IF NOT EXISTS N_HighPay___1 ON N_HighPay (_1)

DROP MATERIALIZED VIEW IF EXISTS E_HighPay CASCADE

CREATE MATERIALIZED VIEW E_HighPay AS ((SELECT DISTINCT R0._0 AS _0, R1._1 AS _1, R2._1 AS _2, R0._3 AS _3 FROM E_g AS R0 CROSS JOIN DMAP_HighPay AS R1 CROSS JOIN DMAP_HighPay AS R2 WHERE R0._2 = R2._0 AND R0._1 = R1._0));

CREATE INDEX IF NOT EXISTS E_HighPay___0 ON E_HighPay (_0)

CREATE INDEX IF NOT EXISTS E_HighPay___1 ON E_HighPay (_1)

CREATE INDEX IF NOT EXISTS E_HighPay___2 ON E_HighPay (_2)

CREATE INDEX IF NOT EXISTS E_HighPay___3 ON E_HighPay (_3)

SELECT version();

CREATE OR REPLACE FUNCTION process_ivm_node_insertion() RETURNS TRIGGER AS $ivm_node_insert$
DECLARE
BEGIN
	INSERT INTO n_v0 (_0, _1) VALUES (NEW._0, NEW._1);
	RETURN NULL; -- result is ignored since this is an AFTER trigger
END;
$ivm_node_insert$ LANGUAGE plpgsql;

CREATE TRIGGER ivm_node_insert
AFTER INSERT ON n_g
	FOR EACH ROW
	EXECUTE FUNCTION process_ivm_node_insertion();


CREATE OR REPLACE FUNCTION process_ivm_edge_insertion() RETURNS TRIGGER AS $ivm_edge_insert$
DECLARE
	-- variables below are default variables
	cnt integer;
	curs record;
BEGIN
DROP TABLE IF EXISTS map_temp;
CREATE TEMPORARY TABLE map_temp (
	_0      integer NOT NULL,
	_1      varchar(16) NOT NULL,
	_2      integer NOT NULL,
	_3      varchar(16) NOT NULL
);
FOR curs IN
	SELECT DISTINCT R0._0 AS _0, R0._1 AS _1, R0._2 AS _2, R3._2 AS _3 FROM E_g AS R0 CROSS JOIN N_g AS R1 CROSS JOIN N_g AS R2 CROSS JOIN EP_g AS R3 WHERE ( R0._0 = NEW._0 OR R3._0 = NEW._0 ) AND R0._1 = R1._0 AND R0._2 = R2._0 AND R0._0 = R3._0 AND R3._2 > 150000 AND R0._3 = 'works_at' AND R1._1 = 'Person' AND R2._1 = 'Company' AND R3._1 = 'salary'
LOOP
	RAISE NOTICE 'TARGET _0: %', curs._0;
END LOOP;
-- below are common for rules
	INSERT INTO map_HighPay SELECT _0, _1, _2, _3 FROM map_temp;

RETURN NULL; -- result is ignored since this is an AFTER trigger
END;
$ivm_edge_insert$ LANGUAGE plpgsql;


CREATE TRIGGER ivm_edge_insert
AFTER INSERT ON e_g
	FOR EACH ROW EXECUTE FUNCTION process_ivm_edge_insertion();

SELECT DISTINCT R0._0 AS _0 FROM EGD AS R0

SELECT DISTINCT R0._0 AS _0, R0._1 AS _1, R0._2 AS _2 FROM CATALOG_INDEX AS R0

SELECT DISTINCT R0._0 AS _0, R0._1 AS _1 FROM CATALOG_SINDEX AS R0

SELECT DISTINCT R0._0 AS _0 FROM N_schema AS R0

SELECT DISTINCT R0._0 AS _0, R0._1 AS _1, R0._2 AS _2 FROM E_schema AS R0

SELECT DISTINCT R0._0 AS _0, R0._1 AS _1, R0._2 AS _2, R0._3 AS _3, R0._4 AS _4 FROM CATALOG_VIEW AS R0

DROP TABLE IF EXISTS GENNEWID_MAP CASCADE;


CREATE TABLE GENNEWID_MAP (
  NEWID SERIAL PRIMARY KEY NOT NULL,
  VIEWRULEID varchar(64) NOT NULL,
  INPUTS integer[]
);
CREATE INDEX IF NOT EXISTS newid_vrm_idx ON GENNEWID_MAP (VIEWRULEID, INPUTS);
ALTER SEQUENCE GENNEWID_MAP_NEWID_seq RESTART WITH 100000000 INCREMENT BY 1;
CREATE OR REPLACE FUNCTION GENNEWID_CONST(varchar(64), VARIADIC arr int[])
   RETURNS int AS $$
DECLARE
  inserted_id integer;
  existing_id integer;
BEGIN
  SELECT NEWID INTO existing_id FROM GENNEWID_MAP
  WHERE VIEWRULEID = $1 AND INPUTS = $2;
  IF not found THEN
    INSERT INTO GENNEWID_MAP (VIEWRULEID, INPUTS) VALUES ($1,$2) RETURNING NEWID INTO inserted_id;
    RETURN inserted_id;
  ELSE
    RETURN existing_id;
  END IF;
END;
$$ LANGUAGE 'plpgsql';


SELECT version();

CREATE OR REPLACE FUNCTION process_ivm_node_insertion() RETURNS TRIGGER AS $ivm_node_insert$
DECLARE
BEGIN
	INSERT INTO n_v0 (_0, _1) VALUES (NEW._0, NEW._1);
	RETURN NULL; -- result is ignored since this is an AFTER trigger
END;
$ivm_node_insert$ LANGUAGE plpgsql;

CREATE TRIGGER ivm_node_insert
AFTER INSERT ON n_g
	FOR EACH ROW
	EXECUTE FUNCTION process_ivm_node_insertion();


CREATE OR REPLACE FUNCTION process_ivm_edge_insertion() RETURNS TRIGGER AS $ivm_edge_insert$
DECLARE
	-- variables below are default variables
	cnt integer;
	curs record;
BEGIN
DROP TABLE IF EXISTS map_temp;
CREATE TEMPORARY TABLE map_temp (
	_0      integer NOT NULL,
	_1      varchar(16) NOT NULL,
	_2      integer NOT NULL,
	_3      varchar(16) NOT NULL
);
FOR curs IN
	SELECT DISTINCT R0._0 AS _0, R0._1 AS _1, R0._2 AS _2, R3._2 AS _3 FROM E_g AS R0 CROSS JOIN N_g AS R1 CROSS JOIN N_g AS R2 CROSS JOIN EP_g AS R3 WHERE ( R0._0 = NEW._0 OR R3._0 = NEW._0 ) AND R0._1 = R1._0 AND R0._2 = R2._0 AND R0._0 = R3._0 AND R3._2 > 10 AND R0._3 = 'works_at' AND R1._1 = 'Person' AND R2._1 = 'Company' AND R3._1 = 'years'
LOOP
	RAISE NOTICE 'TARGET _0: %', curs._0;
END LOOP;
-- below are common for rules
	INSERT INTO map_Veterans SELECT _0, _1, _2, _3 FROM map_temp;

RETURN NULL; -- result is ignored since this is an AFTER trigger
END;
$ivm_edge_insert$ LANGUAGE plpgsql;


CREATE TRIGGER ivm_edge_insert
AFTER INSERT ON e_g
	FOR EACH ROW EXECUTE FUNCTION process_ivm_edge_insertion();

DROP TABLE IF EXISTS GENNEWID_MAP CASCADE;


CREATE TABLE GENNEWID_MAP (
  NEWID SERIAL PRIMARY KEY NOT NULL,
  VIEWRULEID varchar(64) NOT NULL,
  INPUTS integer[]
);
CREATE INDEX IF NOT EXISTS newid_vrm_idx ON GENNEWID_MAP (VIEWRULEID, INPUTS);
ALTER SEQUENCE GENNEWID_MAP_NEWID_seq RESTART WITH 100000000 INCREMENT BY 1;
CREATE OR REPLACE FUNCTION GENNEWID_CONST(varchar(64), VARIADIC arr int[])
   RETURNS int AS $$
DECLARE
  inserted_id integer;
  existing_id integer;
BEGIN
  SELECT NEWID INTO existing_id FROM GENNEWID_MAP
  WHERE VIEWRULEID = $1 AND INPUTS = $2;
  IF not found THEN
    INSERT INTO GENNEWID_MAP (VIEWRULEID, INPUTS) VALUES ($1,$2) RETURNING NEWID INTO inserted_id;
    RETURN inserted_id;
  ELSE
    RETURN existing_id;
  END IF;
END;
$$ LANGUAGE 'plpgsql';


SELECT version();

CREATE OR REPLACE FUNCTION process_ivm_node_insertion() RETURNS TRIGGER AS $ivm_node_insert$
DECLARE
BEGIN
	INSERT INTO n_v0 (_0, _1) VALUES (NEW._0, NEW._1);
	RETURN NULL; -- result is ignored since this is an AFTER trigger
END;
$ivm_node_insert$ LANGUAGE plpgsql;

CREATE TRIGGER ivm_node_insert
AFTER INSERT ON n_g
	FOR EACH ROW
	EXECUTE FUNCTION process_ivm_node_insertion();


CREATE OR REPLACE FUNCTION process_ivm_edge_insertion() RETURNS TRIGGER AS $ivm_edge_insert$
DECLARE
	-- variables below are default variables
	cnt integer;
	curs record;
BEGIN
DROP TABLE IF EXISTS map_temp;
CREATE TEMPORARY TABLE map_temp (
	_0      integer NOT NULL,
	_1      varchar(16) NOT NULL,
	_2      integer NOT NULL,
	_3      varchar(16) NOT NULL
);
FOR curs IN
	SELECT DISTINCT R0._0 AS _0, R0._1 AS _1, R0._2 AS _2 FROM E_g AS R0 CROSS JOIN N_g AS R1 CROSS JOIN N_g AS R2 WHERE ( R0._0 = NEW._0) AND R0._1 = R1._0 AND R0._2 = R2._0 AND R0._3 = 'knows' AND R1._1 = 'Person' AND R2._1 = 'Person'
LOOP
	RAISE NOTICE 'TARGET _0: %', curs._0;
END LOOP;
-- below are common for rules
	INSERT INTO map_Friends SELECT _0, _1, _2, _3 FROM map_temp;

RETURN NULL; -- result is ignored since this is an AFTER trigger
END;
$ivm_edge_insert$ LANGUAGE plpgsql;


CREATE TRIGGER ivm_edge_insert
AFTER INSERT ON e_g
	FOR EACH ROW EXECUTE FUNCTION process_ivm_edge_insertion();

DROP TABLE IF EXISTS GENNEWID_MAP CASCADE;


CREATE TABLE GENNEWID_MAP (
  NEWID SERIAL PRIMARY KEY NOT NULL,
  VIEWRULEID varchar(64) NOT NULL,
  INPUTS integer[]
);
CREATE INDEX IF NOT EXISTS newid_vrm_idx ON GENNEWID_MAP (VIEWRULEID, INPUTS);
ALTER SEQUENCE GENNEWID_MAP_NEWID_seq RESTART WITH 100000000 INCREMENT BY 1;
CREATE OR REPLACE FUNCTION GENNEWID_CONST(varchar(64), VARIADIC arr int[])
   RETURNS int AS $$
DECLARE
  inserted_id integer;
  existing_id integer;
BEGIN
  SELECT NEWID INTO existing_id FROM GENNEWID_MAP
  WHERE VIEWRULEID = $1 AND INPUTS = $2;
  IF not found THEN
    INSERT INTO GENNEWID_MAP (VIEWRULEID, INPUTS) VALUES ($1,$2) RETURNING NEWID INTO inserted_id;
    RETURN inserted_id;
  ELSE
    RETURN existing_id;
  END IF;
END;
$$ LANGUAGE 'plpgsql';


SELECT version();

CREATE OR REPLACE FUNCTION process_ivm_node_insertion() RETURNS TRIGGER AS $ivm_node_insert$
DECLARE
BEGIN
	INSERT INTO n_v0 (_0, _1) VALUES (NEW._0, NEW._1);
	RETURN NULL; -- result is ignored since this is an AFTER trigger
END;
$ivm_node_insert$ LANGUAGE plpgsql;

CREATE TRIGGER ivm_node_insert
AFTER INSERT ON n_g
	FOR EACH ROW
	EXECUTE FUNCTION process_ivm_node_insertion();


CREATE OR REPLACE FUNCTION process_ivm_edge_insertion() RETURNS TRIGGER AS $ivm_edge_insert$
DECLARE
	-- variables below are default variables
	cnt integer;
	curs record;
BEGIN
DROP TABLE IF EXISTS map_temp;
CREATE TEMPORARY TABLE map_temp (
	_0      integer NOT NULL,
	_1      varchar(16) NOT NULL,
	_2      integer NOT NULL,
	_3      varchar(16) NOT NULL
);
FOR curs IN
	SELECT DISTINCT R0._0 AS _0, R0._1 AS _1, R0._2 AS _2 FROM E_g AS R0 CROSS JOIN N_g AS R1 CROSS JOIN N_g AS R2 WHERE ( R0._0 = NEW._0) AND R0._1 = R1._0 AND R0._2 = R2._0 AND R0._3 = 'bought' AND R1._1 = 'Person' AND R2._1 = 'Product'
LOOP
	RAISE NOTICE 'TARGET _0: %', curs._0;
END LOOP;
-- below are common for rules
	INSERT INTO map_Shoppers SELECT _0, _1, _2, _3 FROM map_temp;

RETURN NULL; -- result is ignored since this is an AFTER trigger
END;
$ivm_edge_insert$ LANGUAGE plpgsql;


CREATE TRIGGER ivm_edge_insert
AFTER INSERT ON e_g
	FOR EACH ROW EXECUTE FUNCTION process_ivm_edge_insertion();

DROP TABLE IF EXISTS GENNEWID_MAP CASCADE;


CREATE TABLE GENNEWID_MAP (
  NEWID SERIAL PRIMARY KEY NOT NULL,
  VIEWRULEID varchar(64) NOT NULL,
  INPUTS integer[]
);
CREATE INDEX IF NOT EXISTS newid_vrm_idx ON GENNEWID_MAP (VIEWRULEID, INPUTS);
ALTER SEQUENCE GENNEWID_MAP_NEWID_seq RESTART WITH 100000000 INCREMENT BY 1;
CREATE OR REPLACE FUNCTION GENNEWID_CONST(varchar(64), VARIADIC arr int[])
   RETURNS int AS $$
DECLARE
  inserted_id integer;
  existing_id integer;
BEGIN
  SELECT NEWID INTO existing_id FROM GENNEWID_MAP
  WHERE VIEWRULEID = $1 AND INPUTS = $2;
  IF not found THEN
    INSERT INTO GENNEWID_MAP (VIEWRULEID, INPUTS) VALUES ($1,$2) RETURNING NEWID INTO inserted_id;
    RETURN inserted_id;
  ELSE
    RETURN existing_id;
  END IF;
END;
$$ LANGUAGE 'plpgsql';


SELECT version();

CREATE OR REPLACE FUNCTION process_ivm_node_insertion() RETURNS TRIGGER AS $ivm_node_insert$
DECLARE
BEGIN
	INSERT INTO n_v0 (_0, _1) VALUES (NEW._0, NEW._1);
	RETURN NULL; -- result is ignored since this is an AFTER trigger
END;
$ivm_node_insert$ LANGUAGE plpgsql;

CREATE TRIGGER ivm_node_insert
AFTER INSERT ON n_g
	FOR EACH ROW
	EXECUTE FUNCTION process_ivm_node_insertion();


CREATE OR REPLACE FUNCTION process_ivm_edge_insertion() RETURNS TRIGGER AS $ivm_edge_insert$
DECLARE
	-- variables below are default variables
	cnt integer;
	curs record;
BEGIN
DROP TABLE IF EXISTS map_temp;
CREATE TEMPORARY TABLE map_temp (
	_0      integer NOT NULL,
	_1      varchar(16) NOT NULL,
	_2      integer NOT NULL,
	_3      varchar(16) NOT NULL
);
FOR curs IN
	SELECT DISTINCT R0._0 AS _0, R0._1 AS _1, R0._2 AS _2, R3._2 AS _3 FROM E_g AS R0 CROSS JOIN N_g AS R1 CROSS JOIN N_g AS R2 CROSS JOIN EP_g AS R3 WHERE ( R0._0 = NEW._0 OR R3._0 = NEW._0 ) AND R0._1 = R1._0 AND R0._2 = R2._0 AND R0._0 = R3._0 AND R3._2 > 150000 AND R0._3 = 'works_at' AND R1._1 = 'Person' AND R2._1 = 'Company' AND R3._1 = 'salary'
LOOP
	RAISE NOTICE 'TARGET _0: %', curs._0;
END LOOP;
-- below are common for rules
	INSERT INTO map_HighPay SELECT _0, _1, _2, _3 FROM map_temp;

RETURN NULL; -- result is ignored since this is an AFTER trigger
END;
$ivm_edge_insert$ LANGUAGE plpgsql;


CREATE TRIGGER ivm_edge_insert
AFTER INSERT ON e_g
	FOR EACH ROW EXECUTE FUNCTION process_ivm_edge_insertion();

SELECT DISTINCT R0._0 AS _0 FROM EGD AS R0

SELECT DISTINCT R0._0 AS _0, R0._1 AS _1, R0._2 AS _2 FROM CATALOG_INDEX AS R0

SELECT DISTINCT R0._0 AS _0, R0._1 AS _1 FROM CATALOG_SINDEX AS R0

SELECT DISTINCT R0._0 AS _0 FROM N_schema AS R0

SELECT DISTINCT R0._0 AS _0, R0._1 AS _1, R0._2 AS _2 FROM E_schema AS R0

DROP TABLE IF EXISTS GENNEWID_MAP CASCADE;


CREATE TABLE GENNEWID_MAP (
  NEWID SERIAL PRIMARY KEY NOT NULL,
  VIEWRULEID varchar(64) NOT NULL,
  INPUTS integer[]
);
CREATE INDEX IF NOT EXISTS newid_vrm_idx ON GENNEWID_MAP (VIEWRULEID, INPUTS);
ALTER SEQUENCE GENNEWID_MAP_NEWID_seq RESTART WITH 100000000 INCREMENT BY 1;
CREATE OR REPLACE FUNCTION GENNEWID_CONST(varchar(64), VARIADIC arr int[])
   RETURNS int AS $$
DECLARE
  inserted_id integer;
  existing_id integer;
BEGIN
  SELECT NEWID INTO existing_id FROM GENNEWID_MAP
  WHERE VIEWRULEID = $1 AND INPUTS = $2;
  IF not found THEN
    INSERT INTO GENNEWID_MAP (VIEWRULEID, INPUTS) VALUES ($1,$2) RETURNING NEWID INTO inserted_id;
    RETURN inserted_id;
  ELSE
    RETURN existing_id;
  END IF;
END;
$$ LANGUAGE 'plpgsql';


DROP MATERIALIZED VIEW IF EXISTS MATCH_ITDept_0 CASCADE

CREATE MATERIALIZED VIEW MATCH_ITDept_0 AS ((SELECT DISTINCT R0._0 AS _0, R0._1 AS _1, R0._2 AS _2, R3._2 AS _3 FROM E_g AS R0 CROSS JOIN N_g AS R1 CROSS JOIN N_g AS R2 CROSS JOIN EP_g AS R3 WHERE R0._1 = R1._0 AND R0._2 = R2._0 AND R0._0 = R3._0 AND R3._2 = 'IT' AND R0._3 = 'works_at' AND R1._1 = 'Person' AND R2._1 = 'Company' AND R3._1 = 'department'));

CREATE INDEX IF NOT EXISTS MATCH_ITDept_0___0 ON MATCH_ITDept_0 (_0)

CREATE INDEX IF NOT EXISTS MATCH_ITDept_0___1 ON MATCH_ITDept_0 (_1)

CREATE INDEX IF NOT EXISTS MATCH_ITDept_0___2 ON MATCH_ITDept_0 (_2)

CREATE INDEX IF NOT EXISTS MATCH_ITDept_0___3 ON MATCH_ITDept_0 (_3)

DROP VIEW IF EXISTS DMAP_ITDept CASCADE

CREATE VIEW DMAP_ITDept AS ((SELECT DISTINCT R0._0 AS _0, R0._0 AS _1 FROM N_g AS R0));

DROP MATERIALIZED VIEW IF EXISTS N_ITDept CASCADE

CREATE MATERIALIZED VIEW N_ITDept AS ((SELECT DISTINCT R0._0 AS _0, R0._1 AS _1 FROM N_g AS R0));

CREATE INDEX IF NOT EXISTS N_ITDept___0 ON N_ITDept (_0)

CREATE INDEX IF NOT EXISTS N_ITDept___1 ON N_ITDept (_1)

DROP MATERIALIZED VIEW IF EXISTS E_ITDept CASCADE

CREATE MATERIALIZED VIEW E_ITDept AS ((SELECT DISTINCT R0._0 AS _0, R1._1 AS _1, R2._1 AS _2, R0._3 AS _3 FROM E_g AS R0 CROSS JOIN DMAP_ITDept AS R1 CROSS JOIN DMAP_ITDept AS R2 WHERE R0._2 = R2._0 AND R0._1 = R1._0));

CREATE INDEX IF NOT EXISTS E_ITDept___0 ON E_ITDept (_0)

CREATE INDEX IF NOT EXISTS E_ITDept___1 ON E_ITDept (_1)

CREATE INDEX IF NOT EXISTS E_ITDept___2 ON E_ITDept (_2)

CREATE INDEX IF NOT EXISTS E_ITDept___3 ON E_ITDept (_3)

SELECT version();

CREATE OR REPLACE FUNCTION process_ivm_node_insertion() RETURNS TRIGGER AS $ivm_node_insert$
DECLARE
BEGIN
	INSERT INTO n_v0 (_0, _1) VALUES (NEW._0, NEW._1);
	RETURN NULL; -- result is ignored since this is an AFTER trigger
END;
$ivm_node_insert$ LANGUAGE plpgsql;

CREATE TRIGGER ivm_node_insert
AFTER INSERT ON n_g
	FOR EACH ROW
	EXECUTE FUNCTION process_ivm_node_insertion();


CREATE OR REPLACE FUNCTION process_ivm_edge_insertion() RETURNS TRIGGER AS $ivm_edge_insert$
DECLARE
	-- variables below are default variables
	cnt integer;
	curs record;
BEGIN
DROP TABLE IF EXISTS map_temp;
CREATE TEMPORARY TABLE map_temp (
	_0      integer NOT NULL,
	_1      varchar(16) NOT NULL,
	_2      integer NOT NULL,
	_3      varchar(16) NOT NULL
);
FOR curs IN
	SELECT DISTINCT R0._0 AS _0, R0._1 AS _1, R0._2 AS _2, R3._2 AS _3 FROM E_g AS R0 CROSS JOIN N_g AS R1 CROSS JOIN N_g AS R2 CROSS JOIN EP_g AS R3 WHERE ( R0._0 = NEW._0 OR R3._0 = NEW._0 ) AND R0._1 = R1._0 AND R0._2 = R2._0 AND R0._0 = R3._0 AND R3._2 = 'IT' AND R0._3 = 'works_at' AND R1._1 = 'Person' AND R2._1 = 'Company' AND R3._1 = 'department'
LOOP
	RAISE NOTICE 'TARGET _0: %', curs._0;
END LOOP;
-- below are common for rules
	INSERT INTO map_ITDept SELECT _0, _1, _2, _3 FROM map_temp;

RETURN NULL; -- result is ignored since this is an AFTER trigger
END;
$ivm_edge_insert$ LANGUAGE plpgsql;


CREATE TRIGGER ivm_edge_insert
AFTER INSERT ON e_g
	FOR EACH ROW EXECUTE FUNCTION process_ivm_edge_insertion();

INSERT INTO CATALOG_VIEW VALUES ('ITDept', 'g', 'materialized', 'CREATE materialized VIEW ITDept ON g (MATCH (p:Person)-[w:works_at]->(c:Company) WHERE w.department = \"IT\")', 1);

SELECT DISTINCT R0._0 AS _0, R0._1 AS _1, R0._2 AS _2, R0._3 AS _3, R0._4 AS _4 FROM CATALOG_VIEW AS R0

DROP TABLE IF EXISTS GENNEWID_MAP CASCADE;


CREATE TABLE GENNEWID_MAP (
  NEWID SERIAL PRIMARY KEY NOT NULL,
  VIEWRULEID varchar(64) NOT NULL,
  INPUTS integer[]
);
CREATE INDEX IF NOT EXISTS newid_vrm_idx ON GENNEWID_MAP (VIEWRULEID, INPUTS);
ALTER SEQUENCE GENNEWID_MAP_NEWID_seq RESTART WITH 100000000 INCREMENT BY 1;
CREATE OR REPLACE FUNCTION GENNEWID_CONST(varchar(64), VARIADIC arr int[])
   RETURNS int AS $$
DECLARE
  inserted_id integer;
  existing_id integer;
BEGIN
  SELECT NEWID INTO existing_id FROM GENNEWID_MAP
  WHERE VIEWRULEID = $1 AND INPUTS = $2;
  IF not found THEN
    INSERT INTO GENNEWID_MAP (VIEWRULEID, INPUTS) VALUES ($1,$2) RETURNING NEWID INTO inserted_id;
    RETURN inserted_id;
  ELSE
    RETURN existing_id;
  END IF;
END;
$$ LANGUAGE 'plpgsql';


DROP MATERIALIZED VIEW IF EXISTS MATCH_Veterans_0 CASCADE

CREATE MATERIALIZED VIEW MATCH_Veterans_0 AS ((SELECT DISTINCT R0._0 AS _0, R0._1 AS _1, R0._2 AS _2, R3._2 AS _3 FROM E_g AS R0 CROSS JOIN N_g AS R1 CROSS JOIN N_g AS R2 CROSS JOIN EP_g AS R3 WHERE R0._1 = R1._0 AND R0._2 = R2._0 AND R0._0 = R3._0 AND R3._2 > 10 AND R0._3 = 'works_at' AND R1._1 = 'Person' AND R2._1 = 'Company' AND R3._1 = 'years'));

CREATE INDEX IF NOT EXISTS MATCH_Veterans_0___0 ON MATCH_Veterans_0 (_0)

CREATE INDEX IF NOT EXISTS MATCH_Veterans_0___1 ON MATCH_Veterans_0 (_1)

CREATE INDEX IF NOT EXISTS MATCH_Veterans_0___2 ON MATCH_Veterans_0 (_2)

CREATE INDEX IF NOT EXISTS MATCH_Veterans_0___3 ON MATCH_Veterans_0 (_3)

DROP VIEW IF EXISTS DMAP_Veterans CASCADE

CREATE VIEW DMAP_Veterans AS ((SELECT DISTINCT R0._0 AS _0, R0._0 AS _1 FROM N_g AS R0));

DROP MATERIALIZED VIEW IF EXISTS N_Veterans CASCADE

CREATE MATERIALIZED VIEW N_Veterans AS ((SELECT DISTINCT R0._0 AS _0, R0._1 AS _1 FROM N_g AS R0));

CREATE INDEX IF NOT EXISTS N_Veterans___0 ON N_Veterans (_0)

CREATE INDEX IF NOT EXISTS N_Veterans___1 ON N_Veterans (_1)

DROP MATERIALIZED VIEW IF EXISTS E_Veterans CASCADE

CREATE MATERIALIZED VIEW E_Veterans AS ((SELECT DISTINCT R0._0 AS _0, R1._1 AS _1, R2._1 AS _2, R0._3 AS _3 FROM E_g AS R0 CROSS JOIN DMAP_Veterans AS R1 CROSS JOIN DMAP_Veterans AS R2 WHERE R0._2 = R2._0 AND R0._1 = R1._0));

CREATE INDEX IF NOT EXISTS E_Veterans___0 ON E_Veterans (_0)

CREATE INDEX IF NOT EXISTS E_Veterans___1 ON E_Veterans (_1)

CREATE INDEX IF NOT EXISTS E_Veterans___2 ON E_Veterans (_2)

CREATE INDEX IF NOT EXISTS E_Veterans___3 ON E_Veterans (_3)

SELECT version();

CREATE OR REPLACE FUNCTION process_ivm_node_insertion() RETURNS TRIGGER AS $ivm_node_insert$
DECLARE
BEGIN
	INSERT INTO n_v0 (_0, _1) VALUES (NEW._0, NEW._1);
	RETURN NULL; -- result is ignored since this is an AFTER trigger
END;
$ivm_node_insert$ LANGUAGE plpgsql;

CREATE TRIGGER ivm_node_insert
AFTER INSERT ON n_g
	FOR EACH ROW
	EXECUTE FUNCTION process_ivm_node_insertion();


CREATE OR REPLACE FUNCTION process_ivm_edge_insertion() RETURNS TRIGGER AS $ivm_edge_insert$
DECLARE
	-- variables below are default variables
	cnt integer;
	curs record;
BEGIN
DROP TABLE IF EXISTS map_temp;
CREATE TEMPORARY TABLE map_temp (
	_0      integer NOT NULL,
	_1      varchar(16) NOT NULL,
	_2      integer NOT NULL,
	_3      varchar(16) NOT NULL
);
FOR curs IN
	SELECT DISTINCT R0._0 AS _0, R0._1 AS _1, R0._2 AS _2, R3._2 AS _3 FROM E_g AS R0 CROSS JOIN N_g AS R1 CROSS JOIN N_g AS R2 CROSS JOIN EP_g AS R3 WHERE ( R0._0 = NEW._0 OR R3._0 = NEW._0 ) AND R0._1 = R1._0 AND R0._2 = R2._0 AND R0._0 = R3._0 AND R3._2 > 10 AND R0._3 = 'works_at' AND R1._1 = 'Person' AND R2._1 = 'Company' AND R3._1 = 'years'
LOOP
	RAISE NOTICE 'TARGET _0: %', curs._0;
END LOOP;
-- below are common for rules
	INSERT INTO map_Veterans SELECT _0, _1, _2, _3 FROM map_temp;

RETURN NULL; -- result is ignored since this is an AFTER trigger
END;
$ivm_edge_insert$ LANGUAGE plpgsql;


CREATE TRIGGER ivm_edge_insert
AFTER INSERT ON e_g
	FOR EACH ROW EXECUTE FUNCTION process_ivm_edge_insertion();

DROP TABLE IF EXISTS GENNEWID_MAP CASCADE;


CREATE TABLE GENNEWID_MAP (
  NEWID SERIAL PRIMARY KEY NOT NULL,
  VIEWRULEID varchar(64) NOT NULL,
  INPUTS integer[]
);
CREATE INDEX IF NOT EXISTS newid_vrm_idx ON GENNEWID_MAP (VIEWRULEID, INPUTS);
ALTER SEQUENCE GENNEWID_MAP_NEWID_seq RESTART WITH 100000000 INCREMENT BY 1;
CREATE OR REPLACE FUNCTION GENNEWID_CONST(varchar(64), VARIADIC arr int[])
   RETURNS int AS $$
DECLARE
  inserted_id integer;
  existing_id integer;
BEGIN
  SELECT NEWID INTO existing_id FROM GENNEWID_MAP
  WHERE VIEWRULEID = $1 AND INPUTS = $2;
  IF not found THEN
    INSERT INTO GENNEWID_MAP (VIEWRULEID, INPUTS) VALUES ($1,$2) RETURNING NEWID INTO inserted_id;
    RETURN inserted_id;
  ELSE
    RETURN existing_id;
  END IF;
END;
$$ LANGUAGE 'plpgsql';


DROP MATERIALIZED VIEW IF EXISTS MATCH_Friends_0 CASCADE

CREATE MATERIALIZED VIEW MATCH_Friends_0 AS ((SELECT DISTINCT R0._0 AS _0, R0._1 AS _1, R0._2 AS _2 FROM E_g AS R0 CROSS JOIN N_g AS R1 CROSS JOIN N_g AS R2 WHERE R0._1 = R1._0 AND R0._2 = R2._0 AND R0._3 = 'knows' AND R1._1 = 'Person' AND R2._1 = 'Person'));

CREATE INDEX IF NOT EXISTS MATCH_Friends_0___0 ON MATCH_Friends_0 (_0)

CREATE INDEX IF NOT EXISTS MATCH_Friends_0___1 ON MATCH_Friends_0 (_1)

CREATE INDEX IF NOT EXISTS MATCH_Friends_0___2 ON MATCH_Friends_0 (_2)

DROP VIEW IF EXISTS DMAP_Friends CASCADE

CREATE VIEW DMAP_Friends AS ((SELECT DISTINCT R0._0 AS _0, R0._0 AS _1 FROM N_g AS R0));

DROP MATERIALIZED VIEW IF EXISTS N_Friends CASCADE

CREATE MATERIALIZED VIEW N_Friends AS ((SELECT DISTINCT R0._0 AS _0, R0._1 AS _1 FROM N_g AS R0));

CREATE INDEX IF NOT EXISTS N_Friends___0 ON N_Friends (_0)

CREATE INDEX IF NOT EXISTS N_Friends___1 ON N_Friends (_1)

DROP MATERIALIZED VIEW IF EXISTS E_Friends CASCADE

CREATE MATERIALIZED VIEW E_Friends AS ((SELECT DISTINCT R0._0 AS _0, R1._1 AS _1, R2._1 AS _2, R0._3 AS _3 FROM E_g AS R0 CROSS JOIN DMAP_Friends AS R1 CROSS JOIN DMAP_Friends AS R2 WHERE R0._2 = R2._0 AND R0._1 = R1._0));

CREATE INDEX IF NOT EXISTS E_Friends___0 ON E_Friends (_0)

CREATE INDEX IF NOT EXISTS E_Friends___1 ON E_Friends (_1)

CREATE INDEX IF NOT EXISTS E_Friends___2 ON E_Friends (_2)

CREATE INDEX IF NOT EXISTS E_Friends___3 ON E_Friends (_3)

SELECT version();

CREATE OR REPLACE FUNCTION process_ivm_node_insertion() RETURNS TRIGGER AS $ivm_node_insert$
DECLARE
BEGIN
	INSERT INTO n_v0 (_0, _1) VALUES (NEW._0, NEW._1);
	RETURN NULL; -- result is ignored since this is an AFTER trigger
END;
$ivm_node_insert$ LANGUAGE plpgsql;

CREATE TRIGGER ivm_node_insert
AFTER INSERT ON n_g
	FOR EACH ROW
	EXECUTE FUNCTION process_ivm_node_insertion();


CREATE OR REPLACE FUNCTION process_ivm_edge_insertion() RETURNS TRIGGER AS $ivm_edge_insert$
DECLARE
	-- variables below are default variables
	cnt integer;
	curs record;
BEGIN
DROP TABLE IF EXISTS map_temp;
CREATE TEMPORARY TABLE map_temp (
	_0      integer NOT NULL,
	_1      varchar(16) NOT NULL,
	_2      integer NOT NULL,
	_3      varchar(16) NOT NULL
);
FOR curs IN
	SELECT DISTINCT R0._0 AS _0, R0._1 AS _1, R0._2 AS _2 FROM E_g AS R0 CROSS JOIN N_g AS R1 CROSS JOIN N_g AS R2 WHERE ( R0._0 = NEW._0) AND R0._1 = R1._0 AND R0._2 = R2._0 AND R0._3 = 'knows' AND R1._1 = 'Person' AND R2._1 = 'Person'
LOOP
	RAISE NOTICE 'TARGET _0: %', curs._0;
END LOOP;
-- below are common for rules
	INSERT INTO map_Friends SELECT _0, _1, _2, _3 FROM map_temp;

RETURN NULL; -- result is ignored since this is an AFTER trigger
END;
$ivm_edge_insert$ LANGUAGE plpgsql;


CREATE TRIGGER ivm_edge_insert
AFTER INSERT ON e_g
	FOR EACH ROW EXECUTE FUNCTION process_ivm_edge_insertion();

DROP TABLE IF EXISTS GENNEWID_MAP CASCADE;


CREATE TABLE GENNEWID_MAP (
  NEWID SERIAL PRIMARY KEY NOT NULL,
  VIEWRULEID varchar(64) NOT NULL,
  INPUTS integer[]
);
CREATE INDEX IF NOT EXISTS newid_vrm_idx ON GENNEWID_MAP (VIEWRULEID, INPUTS);
ALTER SEQUENCE GENNEWID_MAP_NEWID_seq RESTART WITH 100000000 INCREMENT BY 1;
CREATE OR REPLACE FUNCTION GENNEWID_CONST(varchar(64), VARIADIC arr int[])
   RETURNS int AS $$
DECLARE
  inserted_id integer;
  existing_id integer;
BEGIN
  SELECT NEWID INTO existing_id FROM GENNEWID_MAP
  WHERE VIEWRULEID = $1 AND INPUTS = $2;
  IF not found THEN
    INSERT INTO GENNEWID_MAP (VIEWRULEID, INPUTS) VALUES ($1,$2) RETURNING NEWID INTO inserted_id;
    RETURN inserted_id;
  ELSE
    RETURN existing_id;
  END IF;
END;
$$ LANGUAGE 'plpgsql';


DROP MATERIALIZED VIEW IF EXISTS MATCH_Shoppers_0 CASCADE

CREATE MATERIALIZED VIEW MATCH_Shoppers_0 AS ((SELECT DISTINCT R0._0 AS _0, R0._1 AS _1, R0._2 AS _2 FROM E_g AS R0 CROSS JOIN N_g AS R1 CROSS JOIN N_g AS R2 WHERE R0._1 = R1._0 AND R0._2 = R2._0 AND R0._3 = 'bought' AND R1._1 = 'Person' AND R2._1 = 'Product'));

CREATE INDEX IF NOT EXISTS MATCH_Shoppers_0___0 ON MATCH_Shoppers_0 (_0)

CREATE INDEX IF NOT EXISTS MATCH_Shoppers_0___1 ON MATCH_Shoppers_0 (_1)

CREATE INDEX IF NOT EXISTS MATCH_Shoppers_0___2 ON MATCH_Shoppers_0 (_2)

DROP VIEW IF EXISTS DMAP_Shoppers CASCADE

CREATE VIEW DMAP_Shoppers AS ((SELECT DISTINCT R0._0 AS _0, R0._0 AS _1 FROM N_g AS R0));

DROP MATERIALIZED VIEW IF EXISTS N_Shoppers CASCADE

CREATE MATERIALIZED VIEW N_Shoppers AS ((SELECT DISTINCT R0._0 AS _0, R0._1 AS _1 FROM N_g AS R0));

CREATE INDEX IF NOT EXISTS N_Shoppers___0 ON N_Shoppers (_0)

CREATE INDEX IF NOT EXISTS N_Shoppers___1 ON N_Shoppers (_1)

DROP MATERIALIZED VIEW IF EXISTS E_Shoppers CASCADE

CREATE MATERIALIZED VIEW E_Shoppers AS ((SELECT DISTINCT R0._0 AS _0, R1._1 AS _1, R2._1 AS _2, R0._3 AS _3 FROM E_g AS R0 CROSS JOIN DMAP_Shoppers AS R1 CROSS JOIN DMAP_Shoppers AS R2 WHERE R0._2 = R2._0 AND R0._1 = R1._0));

CREATE INDEX IF NOT EXISTS E_Shoppers___0 ON E_Shoppers (_0)

CREATE INDEX IF NOT EXISTS E_Shoppers___1 ON E_Shoppers (_1)

CREATE INDEX IF NOT EXISTS E_Shoppers___2 ON E_Shoppers (_2)

CREATE INDEX IF NOT EXISTS E_Shoppers___3 ON E_Shoppers (_3)

SELECT version();

CREATE OR REPLACE FUNCTION process_ivm_node_insertion() RETURNS TRIGGER AS $ivm_node_insert$
DECLARE
BEGIN
	INSERT INTO n_v0 (_0, _1) VALUES (NEW._0, NEW._1);
	RETURN NULL; -- result is ignored since this is an AFTER trigger
END;
$ivm_node_insert$ LANGUAGE plpgsql;

CREATE TRIGGER ivm_node_insert
AFTER INSERT ON n_g
	FOR EACH ROW
	EXECUTE FUNCTION process_ivm_node_insertion();


CREATE OR REPLACE FUNCTION process_ivm_edge_insertion() RETURNS TRIGGER AS $ivm_edge_insert$
DECLARE
	-- variables below are default variables
	cnt integer;
	curs record;
BEGIN
DROP TABLE IF EXISTS map_temp;
CREATE TEMPORARY TABLE map_temp (
	_0      integer NOT NULL,
	_1      varchar(16) NOT NULL,
	_2      integer NOT NULL,
	_3      varchar(16) NOT NULL
);
FOR curs IN
	SELECT DISTINCT R0._0 AS _0, R0._1 AS _1, R0._2 AS _2 FROM E_g AS R0 CROSS JOIN N_g AS R1 CROSS JOIN N_g AS R2 WHERE ( R0._0 = NEW._0) AND R0._1 = R1._0 AND R0._2 = R2._0 AND R0._3 = 'bought' AND R1._1 = 'Person' AND R2._1 = 'Product'
LOOP
	RAISE NOTICE 'TARGET _0: %', curs._0;
END LOOP;
-- below are common for rules
	INSERT INTO map_Shoppers SELECT _0, _1, _2, _3 FROM map_temp;

RETURN NULL; -- result is ignored since this is an AFTER trigger
END;
$ivm_edge_insert$ LANGUAGE plpgsql;


CREATE TRIGGER ivm_edge_insert
AFTER INSERT ON e_g
	FOR EACH ROW EXECUTE FUNCTION process_ivm_edge_insertion();

DROP TABLE IF EXISTS GENNEWID_MAP CASCADE;


CREATE TABLE GENNEWID_MAP (
  NEWID SERIAL PRIMARY KEY NOT NULL,
  VIEWRULEID varchar(64) NOT NULL,
  INPUTS integer[]
);
CREATE INDEX IF NOT EXISTS newid_vrm_idx ON GENNEWID_MAP (VIEWRULEID, INPUTS);
ALTER SEQUENCE GENNEWID_MAP_NEWID_seq RESTART WITH 100000000 INCREMENT BY 1;
CREATE OR REPLACE FUNCTION GENNEWID_CONST(varchar(64), VARIADIC arr int[])
   RETURNS int AS $$
DECLARE
  inserted_id integer;
  existing_id integer;
BEGIN
  SELECT NEWID INTO existing_id FROM GENNEWID_MAP
  WHERE VIEWRULEID = $1 AND INPUTS = $2;
  IF not found THEN
    INSERT INTO GENNEWID_MAP (VIEWRULEID, INPUTS) VALUES ($1,$2) RETURNING NEWID INTO inserted_id;
    RETURN inserted_id;
  ELSE
    RETURN existing_id;
  END IF;
END;
$$ LANGUAGE 'plpgsql';


DROP MATERIALIZED VIEW IF EXISTS MATCH_HighPay_0 CASCADE

CREATE MATERIALIZED VIEW MATCH_HighPay_0 AS ((SELECT DISTINCT R0._0 AS _0, R0._1 AS _1, R0._2 AS _2, R3._2 AS _3 FROM E_g AS R0 CROSS JOIN N_g AS R1 CROSS JOIN N_g AS R2 CROSS JOIN EP_g AS R3 WHERE R0._1 = R1._0 AND R0._2 = R2._0 AND R0._0 = R3._0 AND R3._2 > 150000 AND R0._3 = 'works_at' AND R1._1 = 'Person' AND R2._1 = 'Company' AND R3._1 = 'salary'));

CREATE INDEX IF NOT EXISTS MATCH_HighPay_0___0 ON MATCH_HighPay_0 (_0)

CREATE INDEX IF NOT EXISTS MATCH_HighPay_0___1 ON MATCH_HighPay_0 (_1)

CREATE INDEX IF NOT EXISTS MATCH_HighPay_0___2 ON MATCH_HighPay_0 (_2)

CREATE INDEX IF NOT EXISTS MATCH_HighPay_0___3 ON MATCH_HighPay_0 (_3)

DROP VIEW IF EXISTS DMAP_HighPay CASCADE

CREATE VIEW DMAP_HighPay AS ((SELECT DISTINCT R0._0 AS _0, R0._0 AS _1 FROM N_g AS R0));

DROP MATERIALIZED VIEW IF EXISTS N_HighPay CASCADE

CREATE MATERIALIZED VIEW N_HighPay AS ((SELECT DISTINCT R0._0 AS _0, R0._1 AS _1 FROM N_g AS R0));

CREATE INDEX IF NOT EXISTS N_HighPay___0 ON N_HighPay (_0)

CREATE INDEX IF NOT EXISTS N_HighPay___1 ON N_HighPay (_1)

DROP MATERIALIZED VIEW IF EXISTS E_HighPay CASCADE

CREATE MATERIALIZED VIEW E_HighPay AS ((SELECT DISTINCT R0._0 AS _0, R1._1 AS _1, R2._1 AS _2, R0._3 AS _3 FROM E_g AS R0 CROSS JOIN DMAP_HighPay AS R1 CROSS JOIN DMAP_HighPay AS R2 WHERE R0._2 = R2._0 AND R0._1 = R1._0));

CREATE INDEX IF NOT EXISTS E_HighPay___0 ON E_HighPay (_0)

CREATE INDEX IF NOT EXISTS E_HighPay___1 ON E_HighPay (_1)

CREATE INDEX IF NOT EXISTS E_HighPay___2 ON E_HighPay (_2)

CREATE INDEX IF NOT EXISTS E_HighPay___3 ON E_HighPay (_3)

SELECT version();

CREATE OR REPLACE FUNCTION process_ivm_node_insertion() RETURNS TRIGGER AS $ivm_node_insert$
DECLARE
BEGIN
	INSERT INTO n_v0 (_0, _1) VALUES (NEW._0, NEW._1);
	RETURN NULL; -- result is ignored since this is an AFTER trigger
END;
$ivm_node_insert$ LANGUAGE plpgsql;

CREATE TRIGGER ivm_node_insert
AFTER INSERT ON n_g
	FOR EACH ROW
	EXECUTE FUNCTION process_ivm_node_insertion();


CREATE OR REPLACE FUNCTION process_ivm_edge_insertion() RETURNS TRIGGER AS $ivm_edge_insert$
DECLARE
	-- variables below are default variables
	cnt integer;
	curs record;
BEGIN
DROP TABLE IF EXISTS map_temp;
CREATE TEMPORARY TABLE map_temp (
	_0      integer NOT NULL,
	_1      varchar(16) NOT NULL,
	_2      integer NOT NULL,
	_3      varchar(16) NOT NULL
);
FOR curs IN
	SELECT DISTINCT R0._0 AS _0, R0._1 AS _1, R0._2 AS _2, R3._2 AS _3 FROM E_g AS R0 CROSS JOIN N_g AS R1 CROSS JOIN N_g AS R2 CROSS JOIN EP_g AS R3 WHERE ( R0._0 = NEW._0 OR R3._0 = NEW._0 ) AND R0._1 = R1._0 AND R0._2 = R2._0 AND R0._0 = R3._0 AND R3._2 > 150000 AND R0._3 = 'works_at' AND R1._1 = 'Person' AND R2._1 = 'Company' AND R3._1 = 'salary'
LOOP
	RAISE NOTICE 'TARGET _0: %', curs._0;
END LOOP;
-- below are common for rules
	INSERT INTO map_HighPay SELECT _0, _1, _2, _3 FROM map_temp;

RETURN NULL; -- result is ignored since this is an AFTER trigger
END;
$ivm_edge_insert$ LANGUAGE plpgsql;


CREATE TRIGGER ivm_edge_insert
AFTER INSERT ON e_g
	FOR EACH ROW EXECUTE FUNCTION process_ivm_edge_insertion();

SELECT DISTINCT R0._0 AS _0 FROM EGD AS R0

SELECT DISTINCT R0._0 AS _0, R0._1 AS _1, R0._2 AS _2 FROM CATALOG_INDEX AS R0

SELECT DISTINCT R0._0 AS _0, R0._1 AS _1 FROM CATALOG_SINDEX AS R0

SELECT DISTINCT R0._0 AS _0 FROM N_schema AS R0

SELECT DISTINCT R0._0 AS _0, R0._1 AS _1, R0._2 AS _2 FROM E_schema AS R0

SELECT DISTINCT R0._0 AS _0, R0._1 AS _1, R0._2 AS _2, R0._3 AS _3, R0._4 AS _4 FROM CATALOG_VIEW AS R0

DROP TABLE IF EXISTS GENNEWID_MAP CASCADE;


CREATE TABLE GENNEWID_MAP (
  NEWID SERIAL PRIMARY KEY NOT NULL,
  VIEWRULEID varchar(64) NOT NULL,
  INPUTS integer[]
);
CREATE INDEX IF NOT EXISTS newid_vrm_idx ON GENNEWID_MAP (VIEWRULEID, INPUTS);
ALTER SEQUENCE GENNEWID_MAP_NEWID_seq RESTART WITH 100000000 INCREMENT BY 1;
CREATE OR REPLACE FUNCTION GENNEWID_CONST(varchar(64), VARIADIC arr int[])
   RETURNS int AS $$
DECLARE
  inserted_id integer;
  existing_id integer;
BEGIN
  SELECT NEWID INTO existing_id FROM GENNEWID_MAP
  WHERE VIEWRULEID = $1 AND INPUTS = $2;
  IF not found THEN
    INSERT INTO GENNEWID_MAP (VIEWRULEID, INPUTS) VALUES ($1,$2) RETURNING NEWID INTO inserted_id;
    RETURN inserted_id;
  ELSE
    RETURN existing_id;
  END IF;
END;
$$ LANGUAGE 'plpgsql';


SELECT version();

CREATE OR REPLACE FUNCTION process_ivm_node_insertion() RETURNS TRIGGER AS $ivm_node_insert$
DECLARE
BEGIN
	INSERT INTO n_v0 (_0, _1) VALUES (NEW._0, NEW._1);
	RETURN NULL; -- result is ignored since this is an AFTER trigger
END;
$ivm_node_insert$ LANGUAGE plpgsql;

CREATE TRIGGER ivm_node_insert
AFTER INSERT ON n_g
	FOR EACH ROW
	EXECUTE FUNCTION process_ivm_node_insertion();


CREATE OR REPLACE FUNCTION process_ivm_edge_insertion() RETURNS TRIGGER AS $ivm_edge_insert$
DECLARE
	-- variables below are default variables
	cnt integer;
	curs record;
BEGIN
DROP TABLE IF EXISTS map_temp;
CREATE TEMPORARY TABLE map_temp (
	_0      integer NOT NULL,
	_1      varchar(16) NOT NULL,
	_2      integer NOT NULL,
	_3      varchar(16) NOT NULL
);
FOR curs IN
	SELECT DISTINCT R0._0 AS _0, R0._1 AS _1, R0._2 AS _2, R3._2 AS _3 FROM E_g AS R0 CROSS JOIN N_g AS R1 CROSS JOIN N_g AS R2 CROSS JOIN EP_g AS R3 WHERE ( R0._0 = NEW._0 OR R3._0 = NEW._0 ) AND R0._1 = R1._0 AND R0._2 = R2._0 AND R0._0 = R3._0 AND R3._2 > 10 AND R0._3 = 'works_at' AND R1._1 = 'Person' AND R2._1 = 'Company' AND R3._1 = 'years'
LOOP
	RAISE NOTICE 'TARGET _0: %', curs._0;
END LOOP;
-- below are common for rules
	INSERT INTO map_Veterans SELECT _0, _1, _2, _3 FROM map_temp;

RETURN NULL; -- result is ignored since this is an AFTER trigger
END;
$ivm_edge_insert$ LANGUAGE plpgsql;


CREATE TRIGGER ivm_edge_insert
AFTER INSERT ON e_g
	FOR EACH ROW EXECUTE FUNCTION process_ivm_edge_insertion();

DROP TABLE IF EXISTS GENNEWID_MAP CASCADE;


CREATE TABLE GENNEWID_MAP (
  NEWID SERIAL PRIMARY KEY NOT NULL,
  VIEWRULEID varchar(64) NOT NULL,
  INPUTS integer[]
);
CREATE INDEX IF NOT EXISTS newid_vrm_idx ON GENNEWID_MAP (VIEWRULEID, INPUTS);
ALTER SEQUENCE GENNEWID_MAP_NEWID_seq RESTART WITH 100000000 INCREMENT BY 1;
CREATE OR REPLACE FUNCTION GENNEWID_CONST(varchar(64), VARIADIC arr int[])
   RETURNS int AS $$
DECLARE
  inserted_id integer;
  existing_id integer;
BEGIN
  SELECT NEWID INTO existing_id FROM GENNEWID_MAP
  WHERE VIEWRULEID = $1 AND INPUTS = $2;
  IF not found THEN
    INSERT INTO GENNEWID_MAP (VIEWRULEID, INPUTS) VALUES ($1,$2) RETURNING NEWID INTO inserted_id;
    RETURN inserted_id;
  ELSE
    RETURN existing_id;
  END IF;
END;
$$ LANGUAGE 'plpgsql';


SELECT version();

CREATE OR REPLACE FUNCTION process_ivm_node_insertion() RETURNS TRIGGER AS $ivm_node_insert$
DECLARE
BEGIN
	INSERT INTO n_v0 (_0, _1) VALUES (NEW._0, NEW._1);
	RETURN NULL; -- result is ignored since this is an AFTER trigger
END;
$ivm_node_insert$ LANGUAGE plpgsql;

CREATE TRIGGER ivm_node_insert
AFTER INSERT ON n_g
	FOR EACH ROW
	EXECUTE FUNCTION process_ivm_node_insertion();


CREATE OR REPLACE FUNCTION process_ivm_edge_insertion() RETURNS TRIGGER AS $ivm_edge_insert$
DECLARE
	-- variables below are default variables
	cnt integer;
	curs record;
BEGIN
DROP TABLE IF EXISTS map_temp;
CREATE TEMPORARY TABLE map_temp (
	_0      integer NOT NULL,
	_1      varchar(16) NOT NULL,
	_2      integer NOT NULL,
	_3      varchar(16) NOT NULL
);
FOR curs IN
	SELECT DISTINCT R0._0 AS _0, R0._1 AS _1, R0._2 AS _2 FROM E_g AS R0 CROSS JOIN N_g AS R1 CROSS JOIN N_g AS R2 WHERE ( R0._0 = NEW._0) AND R0._1 = R1._0 AND R0._2 = R2._0 AND R0._3 = 'knows' AND R1._1 = 'Person' AND R2._1 = 'Person'
LOOP
	RAISE NOTICE 'TARGET _0: %', curs._0;
END LOOP;
-- below are common for rules
	INSERT INTO map_Friends SELECT _0, _1, _2, _3 FROM map_temp;

RETURN NULL; -- result is ignored since this is an AFTER trigger
END;
$ivm_edge_insert$ LANGUAGE plpgsql;


CREATE TRIGGER ivm_edge_insert
AFTER INSERT ON e_g
	FOR EACH ROW EXECUTE FUNCTION process_ivm_edge_insertion();

DROP TABLE IF EXISTS GENNEWID_MAP CASCADE;


CREATE TABLE GENNEWID_MAP (
  NEWID SERIAL PRIMARY KEY NOT NULL,
  VIEWRULEID varchar(64) NOT NULL,
  INPUTS integer[]
);
CREATE INDEX IF NOT EXISTS newid_vrm_idx ON GENNEWID_MAP (VIEWRULEID, INPUTS);
ALTER SEQUENCE GENNEWID_MAP_NEWID_seq RESTART WITH 100000000 INCREMENT BY 1;
CREATE OR REPLACE FUNCTION GENNEWID_CONST(varchar(64), VARIADIC arr int[])
   RETURNS int AS $$
DECLARE
  inserted_id integer;
  existing_id integer;
BEGIN
  SELECT NEWID INTO existing_id FROM GENNEWID_MAP
  WHERE VIEWRULEID = $1 AND INPUTS = $2;
  IF not found THEN
    INSERT INTO GENNEWID_MAP (VIEWRULEID, INPUTS) VALUES ($1,$2) RETURNING NEWID INTO inserted_id;
    RETURN inserted_id;
  ELSE
    RETURN existing_id;
  END IF;
END;
$$ LANGUAGE 'plpgsql';


SELECT version();

CREATE OR REPLACE FUNCTION process_ivm_node_insertion() RETURNS TRIGGER AS $ivm_node_insert$
DECLARE
BEGIN
	INSERT INTO n_v0 (_0, _1) VALUES (NEW._0, NEW._1);
	RETURN NULL; -- result is ignored since this is an AFTER trigger
END;
$ivm_node_insert$ LANGUAGE plpgsql;

CREATE TRIGGER ivm_node_insert
AFTER INSERT ON n_g
	FOR EACH ROW
	EXECUTE FUNCTION process_ivm_node_insertion();


CREATE OR REPLACE FUNCTION process_ivm_edge_insertion() RETURNS TRIGGER AS $ivm_edge_insert$
DECLARE
	-- variables below are default variables
	cnt integer;
	curs record;
BEGIN
DROP TABLE IF EXISTS map_temp;
CREATE TEMPORARY TABLE map_temp (
	_0      integer NOT NULL,
	_1      varchar(16) NOT NULL,
	_2      integer NOT NULL,
	_3      varchar(16) NOT NULL
);
FOR curs IN
	SELECT DISTINCT R0._0 AS _0, R0._1 AS _1, R0._2 AS _2 FROM E_g AS R0 CROSS JOIN N_g AS R1 CROSS JOIN N_g AS R2 WHERE ( R0._0 = NEW._0) AND R0._1 = R1._0 AND R0._2 = R2._0 AND R0._3 = 'bought' AND R1._1 = 'Person' AND R2._1 = 'Product'
LOOP
	RAISE NOTICE 'TARGET _0: %', curs._0;
END LOOP;
-- below are common for rules
	INSERT INTO map_Shoppers SELECT _0, _1, _2, _3 FROM map_temp;

RETURN NULL; -- result is ignored since this is an AFTER trigger
END;
$ivm_edge_insert$ LANGUAGE plpgsql;


CREATE TRIGGER ivm_edge_insert
AFTER INSERT ON e_g
	FOR EACH ROW EXECUTE FUNCTION process_ivm_edge_insertion();

DROP TABLE IF EXISTS GENNEWID_MAP CASCADE;


CREATE TABLE GENNEWID_MAP (
  NEWID SERIAL PRIMARY KEY NOT NULL,
  VIEWRULEID varchar(64) NOT NULL,
  INPUTS integer[]
);
CREATE INDEX IF NOT EXISTS newid_vrm_idx ON GENNEWID_MAP (VIEWRULEID, INPUTS);
ALTER SEQUENCE GENNEWID_MAP_NEWID_seq RESTART WITH 100000000 INCREMENT BY 1;
CREATE OR REPLACE FUNCTION GENNEWID_CONST(varchar(64), VARIADIC arr int[])
   RETURNS int AS $$
DECLARE
  inserted_id integer;
  existing_id integer;
BEGIN
  SELECT NEWID INTO existing_id FROM GENNEWID_MAP
  WHERE VIEWRULEID = $1 AND INPUTS = $2;
  IF not found THEN
    INSERT INTO GENNEWID_MAP (VIEWRULEID, INPUTS) VALUES ($1,$2) RETURNING NEWID INTO inserted_id;
    RETURN inserted_id;
  ELSE
    RETURN existing_id;
  END IF;
END;
$$ LANGUAGE 'plpgsql';


SELECT version();

CREATE OR REPLACE FUNCTION process_ivm_node_insertion() RETURNS TRIGGER AS $ivm_node_insert$
DECLARE
BEGIN
	INSERT INTO n_v0 (_0, _1) VALUES (NEW._0, NEW._1);
	RETURN NULL; -- result is ignored since this is an AFTER trigger
END;
$ivm_node_insert$ LANGUAGE plpgsql;

CREATE TRIGGER ivm_node_insert
AFTER INSERT ON n_g
	FOR EACH ROW
	EXECUTE FUNCTION process_ivm_node_insertion();


CREATE OR REPLACE FUNCTION process_ivm_edge_insertion() RETURNS TRIGGER AS $ivm_edge_insert$
DECLARE
	-- variables below are default variables
	cnt integer;
	curs record;
BEGIN
DROP TABLE IF EXISTS map_temp;
CREATE TEMPORARY TABLE map_temp (
	_0      integer NOT NULL,
	_1      varchar(16) NOT NULL,
	_2      integer NOT NULL,
	_3      varchar(16) NOT NULL
);
FOR curs IN
	SELECT DISTINCT R0._0 AS _0, R0._1 AS _1, R0._2 AS _2, R3._2 AS _3 FROM E_g AS R0 CROSS JOIN N_g AS R1 CROSS JOIN N_g AS R2 CROSS JOIN EP_g AS R3 WHERE ( R0._0 = NEW._0 OR R3._0 = NEW._0 ) AND R0._1 = R1._0 AND R0._2 = R2._0 AND R0._0 = R3._0 AND R3._2 > 150000 AND R0._3 = 'works_at' AND R1._1 = 'Person' AND R2._1 = 'Company' AND R3._1 = 'salary'
LOOP
	RAISE NOTICE 'TARGET _0: %', curs._0;
END LOOP;
-- below are common for rules
	INSERT INTO map_HighPay SELECT _0, _1, _2, _3 FROM map_temp;

RETURN NULL; -- result is ignored since this is an AFTER trigger
END;
$ivm_edge_insert$ LANGUAGE plpgsql;


CREATE TRIGGER ivm_edge_insert
AFTER INSERT ON e_g
	FOR EACH ROW EXECUTE FUNCTION process_ivm_edge_insertion();

SELECT DISTINCT R0._0 AS _0 FROM EGD AS R0

SELECT DISTINCT R0._0 AS _0, R0._1 AS _1, R0._2 AS _2 FROM CATALOG_INDEX AS R0

SELECT DISTINCT R0._0 AS _0, R0._1 AS _1 FROM CATALOG_SINDEX AS R0

SELECT DISTINCT R0._0 AS _0 FROM N_schema AS R0

SELECT DISTINCT R0._0 AS _0, R0._1 AS _1, R0._2 AS _2 FROM E_schema AS R0

SELECT DISTINCT R0._0 AS _0, R0._1 AS _1, R0._2 AS _2, R0._3 AS _3, R0._4 AS _4 FROM CATALOG_VIEW AS R0

DROP TABLE IF EXISTS GENNEWID_MAP CASCADE;


CREATE TABLE GENNEWID_MAP (
  NEWID SERIAL PRIMARY KEY NOT NULL,
  VIEWRULEID varchar(64) NOT NULL,
  INPUTS integer[]
);
CREATE INDEX IF NOT EXISTS newid_vrm_idx ON GENNEWID_MAP (VIEWRULEID, INPUTS);
ALTER SEQUENCE GENNEWID_MAP_NEWID_seq RESTART WITH 100000000 INCREMENT BY 1;
CREATE OR REPLACE FUNCTION GENNEWID_CONST(varchar(64), VARIADIC arr int[])
   RETURNS int AS $$
DECLARE
  inserted_id integer;
  existing_id integer;
BEGIN
  SELECT NEWID INTO existing_id FROM GENNEWID_MAP
  WHERE VIEWRULEID = $1 AND INPUTS = $2;
  IF not found THEN
    INSERT INTO GENNEWID_MAP (VIEWRULEID, INPUTS) VALUES ($1,$2) RETURNING NEWID INTO inserted_id;
    RETURN inserted_id;
  ELSE
    RETURN existing_id;
  END IF;
END;
$$ LANGUAGE 'plpgsql';


SELECT version();

CREATE OR REPLACE FUNCTION process_ivm_node_insertion() RETURNS TRIGGER AS $ivm_node_insert$
DECLARE
BEGIN
	INSERT INTO n_v0 (_0, _1) VALUES (NEW._0, NEW._1);
	RETURN NULL; -- result is ignored since this is an AFTER trigger
END;
$ivm_node_insert$ LANGUAGE plpgsql;

CREATE TRIGGER ivm_node_insert
AFTER INSERT ON n_g
	FOR EACH ROW
	EXECUTE FUNCTION process_ivm_node_insertion();


CREATE OR REPLACE FUNCTION process_ivm_edge_insertion() RETURNS TRIGGER AS $ivm_edge_insert$
DECLARE
	-- variables below are default variables
	cnt integer;
	curs record;
BEGIN
DROP TABLE IF EXISTS map_temp;
CREATE TEMPORARY TABLE map_temp (
	_0      integer NOT NULL,
	_1      varchar(16) NOT NULL,
	_2      integer NOT NULL,
	_3      varchar(16) NOT NULL
);
FOR curs IN
	SELECT DISTINCT R0._0 AS _0, R0._1 AS _1, R0._2 AS _2, R3._2 AS _3 FROM E_g AS R0 CROSS JOIN N_g AS R1 CROSS JOIN N_g AS R2 CROSS JOIN EP_g AS R3 WHERE ( R0._0 = NEW._0 OR R3._0 = NEW._0 ) AND R0._1 = R1._0 AND R0._2 = R2._0 AND R0._0 = R3._0 AND R3._2 > 10 AND R0._3 = 'works_at' AND R1._1 = 'Person' AND R2._1 = 'Company' AND R3._1 = 'years'
LOOP
	RAISE NOTICE 'TARGET _0: %', curs._0;
END LOOP;
-- below are common for rules
	INSERT INTO map_Veterans SELECT _0, _1, _2, _3 FROM map_temp;

RETURN NULL; -- result is ignored since this is an AFTER trigger
END;
$ivm_edge_insert$ LANGUAGE plpgsql;


CREATE TRIGGER ivm_edge_insert
AFTER INSERT ON e_g
	FOR EACH ROW EXECUTE FUNCTION process_ivm_edge_insertion();

DROP TABLE IF EXISTS GENNEWID_MAP CASCADE;


CREATE TABLE GENNEWID_MAP (
  NEWID SERIAL PRIMARY KEY NOT NULL,
  VIEWRULEID varchar(64) NOT NULL,
  INPUTS integer[]
);
CREATE INDEX IF NOT EXISTS newid_vrm_idx ON GENNEWID_MAP (VIEWRULEID, INPUTS);
ALTER SEQUENCE GENNEWID_MAP_NEWID_seq RESTART WITH 100000000 INCREMENT BY 1;
CREATE OR REPLACE FUNCTION GENNEWID_CONST(varchar(64), VARIADIC arr int[])
   RETURNS int AS $$
DECLARE
  inserted_id integer;
  existing_id integer;
BEGIN
  SELECT NEWID INTO existing_id FROM GENNEWID_MAP
  WHERE VIEWRULEID = $1 AND INPUTS = $2;
  IF not found THEN
    INSERT INTO GENNEWID_MAP (VIEWRULEID, INPUTS) VALUES ($1,$2) RETURNING NEWID INTO inserted_id;
    RETURN inserted_id;
  ELSE
    RETURN existing_id;
  END IF;
END;
$$ LANGUAGE 'plpgsql';


SELECT version();

CREATE OR REPLACE FUNCTION process_ivm_node_insertion() RETURNS TRIGGER AS $ivm_node_insert$
DECLARE
BEGIN
	INSERT INTO n_v0 (_0, _1) VALUES (NEW._0, NEW._1);
	RETURN NULL; -- result is ignored since this is an AFTER trigger
END;
$ivm_node_insert$ LANGUAGE plpgsql;

CREATE TRIGGER ivm_node_insert
AFTER INSERT ON n_g
	FOR EACH ROW
	EXECUTE FUNCTION process_ivm_node_insertion();


CREATE OR REPLACE FUNCTION process_ivm_edge_insertion() RETURNS TRIGGER AS $ivm_edge_insert$
DECLARE
	-- variables below are default variables
	cnt integer;
	curs record;
BEGIN
DROP TABLE IF EXISTS map_temp;
CREATE TEMPORARY TABLE map_temp (
	_0      integer NOT NULL,
	_1      varchar(16) NOT NULL,
	_2      integer NOT NULL,
	_3      varchar(16) NOT NULL
);
FOR curs IN
	SELECT DISTINCT R0._0 AS _0, R0._1 AS _1, R0._2 AS _2 FROM E_g AS R0 CROSS JOIN N_g AS R1 CROSS JOIN N_g AS R2 WHERE ( R0._0 = NEW._0) AND R0._1 = R1._0 AND R0._2 = R2._0 AND R0._3 = 'knows' AND R1._1 = 'Person' AND R2._1 = 'Person'
LOOP
	RAISE NOTICE 'TARGET _0: %', curs._0;
END LOOP;
-- below are common for rules
	INSERT INTO map_Friends SELECT _0, _1, _2, _3 FROM map_temp;

RETURN NULL; -- result is ignored since this is an AFTER trigger
END;
$ivm_edge_insert$ LANGUAGE plpgsql;


CREATE TRIGGER ivm_edge_insert
AFTER INSERT ON e_g
	FOR EACH ROW EXECUTE FUNCTION process_ivm_edge_insertion();

DROP TABLE IF EXISTS GENNEWID_MAP CASCADE;


CREATE TABLE GENNEWID_MAP (
  NEWID SERIAL PRIMARY KEY NOT NULL,
  VIEWRULEID varchar(64) NOT NULL,
  INPUTS integer[]
);
CREATE INDEX IF NOT EXISTS newid_vrm_idx ON GENNEWID_MAP (VIEWRULEID, INPUTS);
ALTER SEQUENCE GENNEWID_MAP_NEWID_seq RESTART WITH 100000000 INCREMENT BY 1;
CREATE OR REPLACE FUNCTION GENNEWID_CONST(varchar(64), VARIADIC arr int[])
   RETURNS int AS $$
DECLARE
  inserted_id integer;
  existing_id integer;
BEGIN
  SELECT NEWID INTO existing_id FROM GENNEWID_MAP
  WHERE VIEWRULEID = $1 AND INPUTS = $2;
  IF not found THEN
    INSERT INTO GENNEWID_MAP (VIEWRULEID, INPUTS) VALUES ($1,$2) RETURNING NEWID INTO inserted_id;
    RETURN inserted_id;
  ELSE
    RETURN existing_id;
  END IF;
END;
$$ LANGUAGE 'plpgsql';


SELECT version();

CREATE OR REPLACE FUNCTION process_ivm_node_insertion() RETURNS TRIGGER AS $ivm_node_insert$
DECLARE
BEGIN
	INSERT INTO n_v0 (_0, _1) VALUES (NEW._0, NEW._1);
	RETURN NULL; -- result is ignored since this is an AFTER trigger
END;
$ivm_node_insert$ LANGUAGE plpgsql;

CREATE TRIGGER ivm_node_insert
AFTER INSERT ON n_g
	FOR EACH ROW
	EXECUTE FUNCTION process_ivm_node_insertion();


CREATE OR REPLACE FUNCTION process_ivm_edge_insertion() RETURNS TRIGGER AS $ivm_edge_insert$
DECLARE
	-- variables below are default variables
	cnt integer;
	curs record;
BEGIN
DROP TABLE IF EXISTS map_temp;
CREATE TEMPORARY TABLE map_temp (
	_0      integer NOT NULL,
	_1      varchar(16) NOT NULL,
	_2      integer NOT NULL,
	_3      varchar(16) NOT NULL
);
FOR curs IN
	SELECT DISTINCT R0._0 AS _0, R0._1 AS _1, R0._2 AS _2 FROM E_g AS R0 CROSS JOIN N_g AS R1 CROSS JOIN N_g AS R2 WHERE ( R0._0 = NEW._0) AND R0._1 = R1._0 AND R0._2 = R2._0 AND R0._3 = 'bought' AND R1._1 = 'Person' AND R2._1 = 'Product'
LOOP
	RAISE NOTICE 'TARGET _0: %', curs._0;
END LOOP;
-- below are common for rules
	INSERT INTO map_Shoppers SELECT _0, _1, _2, _3 FROM map_temp;

RETURN NULL; -- result is ignored since this is an AFTER trigger
END;
$ivm_edge_insert$ LANGUAGE plpgsql;


CREATE TRIGGER ivm_edge_insert
AFTER INSERT ON e_g
	FOR EACH ROW EXECUTE FUNCTION process_ivm_edge_insertion();

DROP TABLE IF EXISTS GENNEWID_MAP CASCADE;


CREATE TABLE GENNEWID_MAP (
  NEWID SERIAL PRIMARY KEY NOT NULL,
  VIEWRULEID varchar(64) NOT NULL,
  INPUTS integer[]
);
CREATE INDEX IF NOT EXISTS newid_vrm_idx ON GENNEWID_MAP (VIEWRULEID, INPUTS);
ALTER SEQUENCE GENNEWID_MAP_NEWID_seq RESTART WITH 100000000 INCREMENT BY 1;
CREATE OR REPLACE FUNCTION GENNEWID_CONST(varchar(64), VARIADIC arr int[])
   RETURNS int AS $$
DECLARE
  inserted_id integer;
  existing_id integer;
BEGIN
  SELECT NEWID INTO existing_id FROM GENNEWID_MAP
  WHERE VIEWRULEID = $1 AND INPUTS = $2;
  IF not found THEN
    INSERT INTO GENNEWID_MAP (VIEWRULEID, INPUTS) VALUES ($1,$2) RETURNING NEWID INTO inserted_id;
    RETURN inserted_id;
  ELSE
    RETURN existing_id;
  END IF;
END;
$$ LANGUAGE 'plpgsql';


SELECT version();

CREATE OR REPLACE FUNCTION process_ivm_node_insertion() RETURNS TRIGGER AS $ivm_node_insert$
DECLARE
BEGIN
	INSERT INTO n_v0 (_0, _1) VALUES (NEW._0, NEW._1);
	RETURN NULL; -- result is ignored since this is an AFTER trigger
END;
$ivm_node_insert$ LANGUAGE plpgsql;

CREATE TRIGGER ivm_node_insert
AFTER INSERT ON n_g
	FOR EACH ROW
	EXECUTE FUNCTION process_ivm_node_insertion();


CREATE OR REPLACE FUNCTION process_ivm_edge_insertion() RETURNS TRIGGER AS $ivm_edge_insert$
DECLARE
	-- variables below are default variables
	cnt integer;
	curs record;
BEGIN
DROP TABLE IF EXISTS map_temp;
CREATE TEMPORARY TABLE map_temp (
	_0      integer NOT NULL,
	_1      varchar(16) NOT NULL,
	_2      integer NOT NULL,
	_3      varchar(16) NOT NULL
);
FOR curs IN
	SELECT DISTINCT R0._0 AS _0, R0._1 AS _1, R0._2 AS _2, R3._2 AS _3 FROM E_g AS R0 CROSS JOIN N_g AS R1 CROSS JOIN N_g AS R2 CROSS JOIN EP_g AS R3 WHERE ( R0._0 = NEW._0 OR R3._0 = NEW._0 ) AND R0._1 = R1._0 AND R0._2 = R2._0 AND R0._0 = R3._0 AND R3._2 > 150000 AND R0._3 = 'works_at' AND R1._1 = 'Person' AND R2._1 = 'Company' AND R3._1 = 'salary'
LOOP
	RAISE NOTICE 'TARGET _0: %', curs._0;
END LOOP;
-- below are common for rules
	INSERT INTO map_HighPay SELECT _0, _1, _2, _3 FROM map_temp;

RETURN NULL; -- result is ignored since this is an AFTER trigger
END;
$ivm_edge_insert$ LANGUAGE plpgsql;


CREATE TRIGGER ivm_edge_insert
AFTER INSERT ON e_g
	FOR EACH ROW EXECUTE FUNCTION process_ivm_edge_insertion();

SELECT DISTINCT R0._0 AS _0 FROM EGD AS R0

SELECT DISTINCT R0._0 AS _0, R0._1 AS _1, R0._2 AS _2 FROM CATALOG_INDEX AS R0

SELECT DISTINCT R0._0 AS _0, R0._1 AS _1 FROM CATALOG_SINDEX AS R0

SELECT DISTINCT R0._0 AS _0 FROM N_schema AS R0

SELECT DISTINCT R0._0 AS _0, R0._1 AS _1, R0._2 AS _2 FROM E_schema AS R0

((SELECT DISTINCT R0._0 AS _0 FROM N_Friends AS R0 WHERE R0._1 = 'Person'));

SELECT DISTINCT R0._0 AS _0, R0._1 AS _1, R0._2 AS _2, R0._3 AS _3, R0._4 AS _4 FROM CATALOG_VIEW AS R0

DROP TABLE IF EXISTS GENNEWID_MAP CASCADE;


CREATE TABLE GENNEWID_MAP (
  NEWID SERIAL PRIMARY KEY NOT NULL,
  VIEWRULEID varchar(64) NOT NULL,
  INPUTS integer[]
);
CREATE INDEX IF NOT EXISTS newid_vrm_idx ON GENNEWID_MAP (VIEWRULEID, INPUTS);
ALTER SEQUENCE GENNEWID_MAP_NEWID_seq RESTART WITH 100000000 INCREMENT BY 1;
CREATE OR REPLACE FUNCTION GENNEWID_CONST(varchar(64), VARIADIC arr int[])
   RETURNS int AS $$
DECLARE
  inserted_id integer;
  existing_id integer;
BEGIN
  SELECT NEWID INTO existing_id FROM GENNEWID_MAP
  WHERE VIEWRULEID = $1 AND INPUTS = $2;
  IF not found THEN
    INSERT INTO GENNEWID_MAP (VIEWRULEID, INPUTS) VALUES ($1,$2) RETURNING NEWID INTO inserted_id;
    RETURN inserted_id;
  ELSE
    RETURN existing_id;
  END IF;
END;
$$ LANGUAGE 'plpgsql';


DROP MATERIALIZED VIEW IF EXISTS MATCH_Veterans_0 CASCADE

CREATE MATERIALIZED VIEW MATCH_Veterans_0 AS ((SELECT DISTINCT R0._0 AS _0, R0._1 AS _1, R0._2 AS _2, R3._2 AS _3 FROM E_g AS R0 CROSS JOIN N_g AS R1 CROSS JOIN N_g AS R2 CROSS JOIN EP_g AS R3 WHERE R0._1 = R1._0 AND R0._2 = R2._0 AND R0._0 = R3._0 AND R3._2 > 10 AND R0._3 = 'works_at' AND R1._1 = 'Person' AND R2._1 = 'Company' AND R3._1 = 'years'));

CREATE INDEX IF NOT EXISTS MATCH_Veterans_0___0 ON MATCH_Veterans_0 (_0)

CREATE INDEX IF NOT EXISTS MATCH_Veterans_0___1 ON MATCH_Veterans_0 (_1)

CREATE INDEX IF NOT EXISTS MATCH_Veterans_0___2 ON MATCH_Veterans_0 (_2)

CREATE INDEX IF NOT EXISTS MATCH_Veterans_0___3 ON MATCH_Veterans_0 (_3)

DROP VIEW IF EXISTS DMAP_Veterans CASCADE

CREATE VIEW DMAP_Veterans AS ((SELECT DISTINCT R0._0 AS _0, R0._0 AS _1 FROM N_g AS R0));

DROP MATERIALIZED VIEW IF EXISTS N_Veterans CASCADE

CREATE MATERIALIZED VIEW N_Veterans AS ((SELECT DISTINCT R0._0 AS _0, R0._1 AS _1 FROM N_g AS R0));

CREATE INDEX IF NOT EXISTS N_Veterans___0 ON N_Veterans (_0)

CREATE INDEX IF NOT EXISTS N_Veterans___1 ON N_Veterans (_1)

DROP MATERIALIZED VIEW IF EXISTS E_Veterans CASCADE

CREATE MATERIALIZED VIEW E_Veterans AS ((SELECT DISTINCT R0._0 AS _0, R1._1 AS _1, R2._1 AS _2, R0._3 AS _3 FROM E_g AS R0 CROSS JOIN DMAP_Veterans AS R1 CROSS JOIN DMAP_Veterans AS R2 WHERE R0._2 = R2._0 AND R0._1 = R1._0));

CREATE INDEX IF NOT EXISTS E_Veterans___0 ON E_Veterans (_0)

CREATE INDEX IF NOT EXISTS E_Veterans___1 ON E_Veterans (_1)

CREATE INDEX IF NOT EXISTS E_Veterans___2 ON E_Veterans (_2)

CREATE INDEX IF NOT EXISTS E_Veterans___3 ON E_Veterans (_3)

SELECT version();

CREATE OR REPLACE FUNCTION process_ivm_node_insertion() RETURNS TRIGGER AS $ivm_node_insert$
DECLARE
BEGIN
	INSERT INTO n_v0 (_0, _1) VALUES (NEW._0, NEW._1);
	RETURN NULL; -- result is ignored since this is an AFTER trigger
END;
$ivm_node_insert$ LANGUAGE plpgsql;

CREATE TRIGGER ivm_node_insert
AFTER INSERT ON n_g
	FOR EACH ROW
	EXECUTE FUNCTION process_ivm_node_insertion();


CREATE OR REPLACE FUNCTION process_ivm_edge_insertion() RETURNS TRIGGER AS $ivm_edge_insert$
DECLARE
	-- variables below are default variables
	cnt integer;
	curs record;
BEGIN
DROP TABLE IF EXISTS map_temp;
CREATE TEMPORARY TABLE map_temp (
	_0      integer NOT NULL,
	_1      varchar(16) NOT NULL,
	_2      integer NOT NULL,
	_3      varchar(16) NOT NULL
);
FOR curs IN
	SELECT DISTINCT R0._0 AS _0, R0._1 AS _1, R0._2 AS _2, R3._2 AS _3 FROM E_g AS R0 CROSS JOIN N_g AS R1 CROSS JOIN N_g AS R2 CROSS JOIN EP_g AS R3 WHERE ( R0._0 = NEW._0 OR R3._0 = NEW._0 ) AND R0._1 = R1._0 AND R0._2 = R2._0 AND R0._0 = R3._0 AND R3._2 > 10 AND R0._3 = 'works_at' AND R1._1 = 'Person' AND R2._1 = 'Company' AND R3._1 = 'years'
LOOP
	RAISE NOTICE 'TARGET _0: %', curs._0;
END LOOP;
-- below are common for rules
	INSERT INTO map_Veterans SELECT _0, _1, _2, _3 FROM map_temp;

RETURN NULL; -- result is ignored since this is an AFTER trigger
END;
$ivm_edge_insert$ LANGUAGE plpgsql;


CREATE TRIGGER ivm_edge_insert
AFTER INSERT ON e_g
	FOR EACH ROW EXECUTE FUNCTION process_ivm_edge_insertion();

DROP TABLE IF EXISTS GENNEWID_MAP CASCADE;


CREATE TABLE GENNEWID_MAP (
  NEWID SERIAL PRIMARY KEY NOT NULL,
  VIEWRULEID varchar(64) NOT NULL,
  INPUTS integer[]
);
CREATE INDEX IF NOT EXISTS newid_vrm_idx ON GENNEWID_MAP (VIEWRULEID, INPUTS);
ALTER SEQUENCE GENNEWID_MAP_NEWID_seq RESTART WITH 100000000 INCREMENT BY 1;
CREATE OR REPLACE FUNCTION GENNEWID_CONST(varchar(64), VARIADIC arr int[])
   RETURNS int AS $$
DECLARE
  inserted_id integer;
  existing_id integer;
BEGIN
  SELECT NEWID INTO existing_id FROM GENNEWID_MAP
  WHERE VIEWRULEID = $1 AND INPUTS = $2;
  IF not found THEN
    INSERT INTO GENNEWID_MAP (VIEWRULEID, INPUTS) VALUES ($1,$2) RETURNING NEWID INTO inserted_id;
    RETURN inserted_id;
  ELSE
    RETURN existing_id;
  END IF;
END;
$$ LANGUAGE 'plpgsql';


DROP MATERIALIZED VIEW IF EXISTS MATCH_Friends_0 CASCADE

CREATE MATERIALIZED VIEW MATCH_Friends_0 AS ((SELECT DISTINCT R0._0 AS _0, R0._1 AS _1, R0._2 AS _2 FROM E_g AS R0 CROSS JOIN N_g AS R1 CROSS JOIN N_g AS R2 WHERE R0._1 = R1._0 AND R0._2 = R2._0 AND R0._3 = 'knows' AND R1._1 = 'Person' AND R2._1 = 'Person'));

CREATE INDEX IF NOT EXISTS MATCH_Friends_0___0 ON MATCH_Friends_0 (_0)

CREATE INDEX IF NOT EXISTS MATCH_Friends_0___1 ON MATCH_Friends_0 (_1)

CREATE INDEX IF NOT EXISTS MATCH_Friends_0___2 ON MATCH_Friends_0 (_2)

DROP VIEW IF EXISTS DMAP_Friends CASCADE

CREATE VIEW DMAP_Friends AS ((SELECT DISTINCT R0._0 AS _0, R0._0 AS _1 FROM N_g AS R0));

DROP MATERIALIZED VIEW IF EXISTS N_Friends CASCADE

CREATE MATERIALIZED VIEW N_Friends AS ((SELECT DISTINCT R0._0 AS _0, R0._1 AS _1 FROM N_g AS R0));

CREATE INDEX IF NOT EXISTS N_Friends___0 ON N_Friends (_0)

CREATE INDEX IF NOT EXISTS N_Friends___1 ON N_Friends (_1)

DROP MATERIALIZED VIEW IF EXISTS E_Friends CASCADE

CREATE MATERIALIZED VIEW E_Friends AS ((SELECT DISTINCT R0._0 AS _0, R1._1 AS _1, R2._1 AS _2, R0._3 AS _3 FROM E_g AS R0 CROSS JOIN DMAP_Friends AS R1 CROSS JOIN DMAP_Friends AS R2 WHERE R0._2 = R2._0 AND R0._1 = R1._0));

CREATE INDEX IF NOT EXISTS E_Friends___0 ON E_Friends (_0)

CREATE INDEX IF NOT EXISTS E_Friends___1 ON E_Friends (_1)

CREATE INDEX IF NOT EXISTS E_Friends___2 ON E_Friends (_2)

CREATE INDEX IF NOT EXISTS E_Friends___3 ON E_Friends (_3)

SELECT version();

CREATE OR REPLACE FUNCTION process_ivm_node_insertion() RETURNS TRIGGER AS $ivm_node_insert$
DECLARE
BEGIN
	INSERT INTO n_v0 (_0, _1) VALUES (NEW._0, NEW._1);
	RETURN NULL; -- result is ignored since this is an AFTER trigger
END;
$ivm_node_insert$ LANGUAGE plpgsql;

CREATE TRIGGER ivm_node_insert
AFTER INSERT ON n_g
	FOR EACH ROW
	EXECUTE FUNCTION process_ivm_node_insertion();


CREATE OR REPLACE FUNCTION process_ivm_edge_insertion() RETURNS TRIGGER AS $ivm_edge_insert$
DECLARE
	-- variables below are default variables
	cnt integer;
	curs record;
BEGIN
DROP TABLE IF EXISTS map_temp;
CREATE TEMPORARY TABLE map_temp (
	_0      integer NOT NULL,
	_1      varchar(16) NOT NULL,
	_2      integer NOT NULL,
	_3      varchar(16) NOT NULL
);
FOR curs IN
	SELECT DISTINCT R0._0 AS _0, R0._1 AS _1, R0._2 AS _2 FROM E_g AS R0 CROSS JOIN N_g AS R1 CROSS JOIN N_g AS R2 WHERE ( R0._0 = NEW._0) AND R0._1 = R1._0 AND R0._2 = R2._0 AND R0._3 = 'knows' AND R1._1 = 'Person' AND R2._1 = 'Person'
LOOP
	RAISE NOTICE 'TARGET _0: %', curs._0;
END LOOP;
-- below are common for rules
	INSERT INTO map_Friends SELECT _0, _1, _2, _3 FROM map_temp;

RETURN NULL; -- result is ignored since this is an AFTER trigger
END;
$ivm_edge_insert$ LANGUAGE plpgsql;


CREATE TRIGGER ivm_edge_insert
AFTER INSERT ON e_g
	FOR EACH ROW EXECUTE FUNCTION process_ivm_edge_insertion();

DROP TABLE IF EXISTS GENNEWID_MAP CASCADE;


CREATE TABLE GENNEWID_MAP (
  NEWID SERIAL PRIMARY KEY NOT NULL,
  VIEWRULEID varchar(64) NOT NULL,
  INPUTS integer[]
);
CREATE INDEX IF NOT EXISTS newid_vrm_idx ON GENNEWID_MAP (VIEWRULEID, INPUTS);
ALTER SEQUENCE GENNEWID_MAP_NEWID_seq RESTART WITH 100000000 INCREMENT BY 1;
CREATE OR REPLACE FUNCTION GENNEWID_CONST(varchar(64), VARIADIC arr int[])
   RETURNS int AS $$
DECLARE
  inserted_id integer;
  existing_id integer;
BEGIN
  SELECT NEWID INTO existing_id FROM GENNEWID_MAP
  WHERE VIEWRULEID = $1 AND INPUTS = $2;
  IF not found THEN
    INSERT INTO GENNEWID_MAP (VIEWRULEID, INPUTS) VALUES ($1,$2) RETURNING NEWID INTO inserted_id;
    RETURN inserted_id;
  ELSE
    RETURN existing_id;
  END IF;
END;
$$ LANGUAGE 'plpgsql';


DROP MATERIALIZED VIEW IF EXISTS MATCH_Shoppers_0 CASCADE

CREATE MATERIALIZED VIEW MATCH_Shoppers_0 AS ((SELECT DISTINCT R0._0 AS _0, R0._1 AS _1, R0._2 AS _2 FROM E_g AS R0 CROSS JOIN N_g AS R1 CROSS JOIN N_g AS R2 WHERE R0._1 = R1._0 AND R0._2 = R2._0 AND R0._3 = 'bought' AND R1._1 = 'Person' AND R2._1 = 'Product'));

CREATE INDEX IF NOT EXISTS MATCH_Shoppers_0___0 ON MATCH_Shoppers_0 (_0)

CREATE INDEX IF NOT EXISTS MATCH_Shoppers_0___1 ON MATCH_Shoppers_0 (_1)

CREATE INDEX IF NOT EXISTS MATCH_Shoppers_0___2 ON MATCH_Shoppers_0 (_2)

DROP VIEW IF EXISTS DMAP_Shoppers CASCADE

CREATE VIEW DMAP_Shoppers AS ((SELECT DISTINCT R0._0 AS _0, R0._0 AS _1 FROM N_g AS R0));

DROP MATERIALIZED VIEW IF EXISTS N_Shoppers CASCADE

CREATE MATERIALIZED VIEW N_Shoppers AS ((SELECT DISTINCT R0._0 AS _0, R0._1 AS _1 FROM N_g AS R0));

CREATE INDEX IF NOT EXISTS N_Shoppers___0 ON N_Shoppers (_0)

CREATE INDEX IF NOT EXISTS N_Shoppers___1 ON N_Shoppers (_1)

DROP MATERIALIZED VIEW IF EXISTS E_Shoppers CASCADE

CREATE MATERIALIZED VIEW E_Shoppers AS ((SELECT DISTINCT R0._0 AS _0, R1._1 AS _1, R2._1 AS _2, R0._3 AS _3 FROM E_g AS R0 CROSS JOIN DMAP_Shoppers AS R1 CROSS JOIN DMAP_Shoppers AS R2 WHERE R0._2 = R2._0 AND R0._1 = R1._0));

CREATE INDEX IF NOT EXISTS E_Shoppers___0 ON E_Shoppers (_0)

CREATE INDEX IF NOT EXISTS E_Shoppers___1 ON E_Shoppers (_1)

CREATE INDEX IF NOT EXISTS E_Shoppers___2 ON E_Shoppers (_2)

CREATE INDEX IF NOT EXISTS E_Shoppers___3 ON E_Shoppers (_3)

SELECT version();

CREATE OR REPLACE FUNCTION process_ivm_node_insertion() RETURNS TRIGGER AS $ivm_node_insert$
DECLARE
BEGIN
	INSERT INTO n_v0 (_0, _1) VALUES (NEW._0, NEW._1);
	RETURN NULL; -- result is ignored since this is an AFTER trigger
END;
$ivm_node_insert$ LANGUAGE plpgsql;

CREATE TRIGGER ivm_node_insert
AFTER INSERT ON n_g
	FOR EACH ROW
	EXECUTE FUNCTION process_ivm_node_insertion();


CREATE OR REPLACE FUNCTION process_ivm_edge_insertion() RETURNS TRIGGER AS $ivm_edge_insert$
DECLARE
	-- variables below are default variables
	cnt integer;
	curs record;
BEGIN
DROP TABLE IF EXISTS map_temp;
CREATE TEMPORARY TABLE map_temp (
	_0      integer NOT NULL,
	_1      varchar(16) NOT NULL,
	_2      integer NOT NULL,
	_3      varchar(16) NOT NULL
);
FOR curs IN
	SELECT DISTINCT R0._0 AS _0, R0._1 AS _1, R0._2 AS _2 FROM E_g AS R0 CROSS JOIN N_g AS R1 CROSS JOIN N_g AS R2 WHERE ( R0._0 = NEW._0) AND R0._1 = R1._0 AND R0._2 = R2._0 AND R0._3 = 'bought' AND R1._1 = 'Person' AND R2._1 = 'Product'
LOOP
	RAISE NOTICE 'TARGET _0: %', curs._0;
END LOOP;
-- below are common for rules
	INSERT INTO map_Shoppers SELECT _0, _1, _2, _3 FROM map_temp;

RETURN NULL; -- result is ignored since this is an AFTER trigger
END;
$ivm_edge_insert$ LANGUAGE plpgsql;


CREATE TRIGGER ivm_edge_insert
AFTER INSERT ON e_g
	FOR EACH ROW EXECUTE FUNCTION process_ivm_edge_insertion();

DROP TABLE IF EXISTS GENNEWID_MAP CASCADE;


CREATE TABLE GENNEWID_MAP (
  NEWID SERIAL PRIMARY KEY NOT NULL,
  VIEWRULEID varchar(64) NOT NULL,
  INPUTS integer[]
);
CREATE INDEX IF NOT EXISTS newid_vrm_idx ON GENNEWID_MAP (VIEWRULEID, INPUTS);
ALTER SEQUENCE GENNEWID_MAP_NEWID_seq RESTART WITH 100000000 INCREMENT BY 1;
CREATE OR REPLACE FUNCTION GENNEWID_CONST(varchar(64), VARIADIC arr int[])
   RETURNS int AS $$
DECLARE
  inserted_id integer;
  existing_id integer;
BEGIN
  SELECT NEWID INTO existing_id FROM GENNEWID_MAP
  WHERE VIEWRULEID = $1 AND INPUTS = $2;
  IF not found THEN
    INSERT INTO GENNEWID_MAP (VIEWRULEID, INPUTS) VALUES ($1,$2) RETURNING NEWID INTO inserted_id;
    RETURN inserted_id;
  ELSE
    RETURN existing_id;
  END IF;
END;
$$ LANGUAGE 'plpgsql';


DROP MATERIALIZED VIEW IF EXISTS MATCH_HighPay_0 CASCADE

CREATE MATERIALIZED VIEW MATCH_HighPay_0 AS ((SELECT DISTINCT R0._0 AS _0, R0._1 AS _1, R0._2 AS _2, R3._2 AS _3 FROM E_g AS R0 CROSS JOIN N_g AS R1 CROSS JOIN N_g AS R2 CROSS JOIN EP_g AS R3 WHERE R0._1 = R1._0 AND R0._2 = R2._0 AND R0._0 = R3._0 AND R3._2 > 150000 AND R0._3 = 'works_at' AND R1._1 = 'Person' AND R2._1 = 'Company' AND R3._1 = 'salary'));

CREATE INDEX IF NOT EXISTS MATCH_HighPay_0___0 ON MATCH_HighPay_0 (_0)

CREATE INDEX IF NOT EXISTS MATCH_HighPay_0___1 ON MATCH_HighPay_0 (_1)

CREATE INDEX IF NOT EXISTS MATCH_HighPay_0___2 ON MATCH_HighPay_0 (_2)

CREATE INDEX IF NOT EXISTS MATCH_HighPay_0___3 ON MATCH_HighPay_0 (_3)

DROP VIEW IF EXISTS DMAP_HighPay CASCADE

CREATE VIEW DMAP_HighPay AS ((SELECT DISTINCT R0._0 AS _0, R0._0 AS _1 FROM N_g AS R0));

DROP MATERIALIZED VIEW IF EXISTS N_HighPay CASCADE

CREATE MATERIALIZED VIEW N_HighPay AS ((SELECT DISTINCT R0._0 AS _0, R0._1 AS _1 FROM N_g AS R0));

CREATE INDEX IF NOT EXISTS N_HighPay___0 ON N_HighPay (_0)

CREATE INDEX IF NOT EXISTS N_HighPay___1 ON N_HighPay (_1)

DROP MATERIALIZED VIEW IF EXISTS E_HighPay CASCADE

CREATE MATERIALIZED VIEW E_HighPay AS ((SELECT DISTINCT R0._0 AS _0, R1._1 AS _1, R2._1 AS _2, R0._3 AS _3 FROM E_g AS R0 CROSS JOIN DMAP_HighPay AS R1 CROSS JOIN DMAP_HighPay AS R2 WHERE R0._2 = R2._0 AND R0._1 = R1._0));

CREATE INDEX IF NOT EXISTS E_HighPay___0 ON E_HighPay (_0)

CREATE INDEX IF NOT EXISTS E_HighPay___1 ON E_HighPay (_1)

CREATE INDEX IF NOT EXISTS E_HighPay___2 ON E_HighPay (_2)

CREATE INDEX IF NOT EXISTS E_HighPay___3 ON E_HighPay (_3)

SELECT version();

CREATE OR REPLACE FUNCTION process_ivm_node_insertion() RETURNS TRIGGER AS $ivm_node_insert$
DECLARE
BEGIN
	INSERT INTO n_v0 (_0, _1) VALUES (NEW._0, NEW._1);
	RETURN NULL; -- result is ignored since this is an AFTER trigger
END;
$ivm_node_insert$ LANGUAGE plpgsql;

CREATE TRIGGER ivm_node_insert
AFTER INSERT ON n_g
	FOR EACH ROW
	EXECUTE FUNCTION process_ivm_node_insertion();


CREATE OR REPLACE FUNCTION process_ivm_edge_insertion() RETURNS TRIGGER AS $ivm_edge_insert$
DECLARE
	-- variables below are default variables
	cnt integer;
	curs record;
BEGIN
DROP TABLE IF EXISTS map_temp;
CREATE TEMPORARY TABLE map_temp (
	_0      integer NOT NULL,
	_1      varchar(16) NOT NULL,
	_2      integer NOT NULL,
	_3      varchar(16) NOT NULL
);
FOR curs IN
	SELECT DISTINCT R0._0 AS _0, R0._1 AS _1, R0._2 AS _2, R3._2 AS _3 FROM E_g AS R0 CROSS JOIN N_g AS R1 CROSS JOIN N_g AS R2 CROSS JOIN EP_g AS R3 WHERE ( R0._0 = NEW._0 OR R3._0 = NEW._0 ) AND R0._1 = R1._0 AND R0._2 = R2._0 AND R0._0 = R3._0 AND R3._2 > 150000 AND R0._3 = 'works_at' AND R1._1 = 'Person' AND R2._1 = 'Company' AND R3._1 = 'salary'
LOOP
	RAISE NOTICE 'TARGET _0: %', curs._0;
END LOOP;
-- below are common for rules
	INSERT INTO map_HighPay SELECT _0, _1, _2, _3 FROM map_temp;

RETURN NULL; -- result is ignored since this is an AFTER trigger
END;
$ivm_edge_insert$ LANGUAGE plpgsql;


CREATE TRIGGER ivm_edge_insert
AFTER INSERT ON e_g
	FOR EACH ROW EXECUTE FUNCTION process_ivm_edge_insertion();

SELECT DISTINCT R0._0 AS _0 FROM EGD AS R0

SELECT DISTINCT R0._0 AS _0, R0._1 AS _1, R0._2 AS _2 FROM CATALOG_INDEX AS R0

SELECT DISTINCT R0._0 AS _0, R0._1 AS _1 FROM CATALOG_SINDEX AS R0

SELECT DISTINCT R0._0 AS _0 FROM N_schema AS R0

SELECT DISTINCT R0._0 AS _0, R0._1 AS _1, R0._2 AS _2 FROM E_schema AS R0

SELECT DISTINCT R0._0 AS _0, R0._1 AS _1, R0._2 AS _2, R0._3 AS _3, R0._4 AS _4 FROM CATALOG_VIEW AS R0

DROP TABLE IF EXISTS GENNEWID_MAP CASCADE;


CREATE TABLE GENNEWID_MAP (
  NEWID SERIAL PRIMARY KEY NOT NULL,
  VIEWRULEID varchar(64) NOT NULL,
  INPUTS integer[]
);
CREATE INDEX IF NOT EXISTS newid_vrm_idx ON GENNEWID_MAP (VIEWRULEID, INPUTS);
ALTER SEQUENCE GENNEWID_MAP_NEWID_seq RESTART WITH 100000000 INCREMENT BY 1;
CREATE OR REPLACE FUNCTION GENNEWID_CONST(varchar(64), VARIADIC arr int[])
   RETURNS int AS $$
DECLARE
  inserted_id integer;
  existing_id integer;
BEGIN
  SELECT NEWID INTO existing_id FROM GENNEWID_MAP
  WHERE VIEWRULEID = $1 AND INPUTS = $2;
  IF not found THEN
    INSERT INTO GENNEWID_MAP (VIEWRULEID, INPUTS) VALUES ($1,$2) RETURNING NEWID INTO inserted_id;
    RETURN inserted_id;
  ELSE
    RETURN existing_id;
  END IF;
END;
$$ LANGUAGE 'plpgsql';


DROP MATERIALIZED VIEW IF EXISTS MATCH_Veterans_0 CASCADE

CREATE MATERIALIZED VIEW MATCH_Veterans_0 AS ((SELECT DISTINCT R0._0 AS _0, R0._1 AS _1, R0._2 AS _2, R3._2 AS _3 FROM E_g AS R0 CROSS JOIN N_g AS R1 CROSS JOIN N_g AS R2 CROSS JOIN EP_g AS R3 WHERE R0._1 = R1._0 AND R0._2 = R2._0 AND R0._0 = R3._0 AND R3._2 > 10 AND R0._3 = 'works_at' AND R1._1 = 'Person' AND R2._1 = 'Company' AND R3._1 = 'years'));

CREATE INDEX IF NOT EXISTS MATCH_Veterans_0___0 ON MATCH_Veterans_0 (_0)

CREATE INDEX IF NOT EXISTS MATCH_Veterans_0___1 ON MATCH_Veterans_0 (_1)

CREATE INDEX IF NOT EXISTS MATCH_Veterans_0___2 ON MATCH_Veterans_0 (_2)

CREATE INDEX IF NOT EXISTS MATCH_Veterans_0___3 ON MATCH_Veterans_0 (_3)

DROP VIEW IF EXISTS DMAP_Veterans CASCADE

CREATE VIEW DMAP_Veterans AS ((SELECT DISTINCT R0._0 AS _0, R0._0 AS _1 FROM N_g AS R0));

DROP MATERIALIZED VIEW IF EXISTS N_Veterans CASCADE

CREATE MATERIALIZED VIEW N_Veterans AS ((SELECT DISTINCT R0._0 AS _0, R0._1 AS _1 FROM N_g AS R0));

CREATE INDEX IF NOT EXISTS N_Veterans___0 ON N_Veterans (_0)

CREATE INDEX IF NOT EXISTS N_Veterans___1 ON N_Veterans (_1)

DROP MATERIALIZED VIEW IF EXISTS E_Veterans CASCADE

CREATE MATERIALIZED VIEW E_Veterans AS ((SELECT DISTINCT R0._0 AS _0, R1._1 AS _1, R2._1 AS _2, R0._3 AS _3 FROM E_g AS R0 CROSS JOIN DMAP_Veterans AS R1 CROSS JOIN DMAP_Veterans AS R2 WHERE R0._2 = R2._0 AND R0._1 = R1._0));

CREATE INDEX IF NOT EXISTS E_Veterans___0 ON E_Veterans (_0)

CREATE INDEX IF NOT EXISTS E_Veterans___1 ON E_Veterans (_1)

CREATE INDEX IF NOT EXISTS E_Veterans___2 ON E_Veterans (_2)

CREATE INDEX IF NOT EXISTS E_Veterans___3 ON E_Veterans (_3)

SELECT version();

CREATE OR REPLACE FUNCTION process_ivm_node_insertion() RETURNS TRIGGER AS $ivm_node_insert$
DECLARE
BEGIN
	INSERT INTO n_v0 (_0, _1) VALUES (NEW._0, NEW._1);
	RETURN NULL; -- result is ignored since this is an AFTER trigger
END;
$ivm_node_insert$ LANGUAGE plpgsql;

CREATE TRIGGER ivm_node_insert
AFTER INSERT ON n_g
	FOR EACH ROW
	EXECUTE FUNCTION process_ivm_node_insertion();


CREATE OR REPLACE FUNCTION process_ivm_edge_insertion() RETURNS TRIGGER AS $ivm_edge_insert$
DECLARE
	-- variables below are default variables
	cnt integer;
	curs record;
BEGIN
DROP TABLE IF EXISTS map_temp;
CREATE TEMPORARY TABLE map_temp (
	_0      integer NOT NULL,
	_1      varchar(16) NOT NULL,
	_2      integer NOT NULL,
	_3      varchar(16) NOT NULL
);
FOR curs IN
	SELECT DISTINCT R0._0 AS _0, R0._1 AS _1, R0._2 AS _2, R3._2 AS _3 FROM E_g AS R0 CROSS JOIN N_g AS R1 CROSS JOIN N_g AS R2 CROSS JOIN EP_g AS R3 WHERE ( R0._0 = NEW._0 OR R3._0 = NEW._0 ) AND R0._1 = R1._0 AND R0._2 = R2._0 AND R0._0 = R3._0 AND R3._2 > 10 AND R0._3 = 'works_at' AND R1._1 = 'Person' AND R2._1 = 'Company' AND R3._1 = 'years'
LOOP
	RAISE NOTICE 'TARGET _0: %', curs._0;
END LOOP;
-- below are common for rules
	INSERT INTO map_Veterans SELECT _0, _1, _2, _3 FROM map_temp;

RETURN NULL; -- result is ignored since this is an AFTER trigger
END;
$ivm_edge_insert$ LANGUAGE plpgsql;


CREATE TRIGGER ivm_edge_insert
AFTER INSERT ON e_g
	FOR EACH ROW EXECUTE FUNCTION process_ivm_edge_insertion();

DROP TABLE IF EXISTS GENNEWID_MAP CASCADE;


CREATE TABLE GENNEWID_MAP (
  NEWID SERIAL PRIMARY KEY NOT NULL,
  VIEWRULEID varchar(64) NOT NULL,
  INPUTS integer[]
);
CREATE INDEX IF NOT EXISTS newid_vrm_idx ON GENNEWID_MAP (VIEWRULEID, INPUTS);
ALTER SEQUENCE GENNEWID_MAP_NEWID_seq RESTART WITH 100000000 INCREMENT BY 1;
CREATE OR REPLACE FUNCTION GENNEWID_CONST(varchar(64), VARIADIC arr int[])
   RETURNS int AS $$
DECLARE
  inserted_id integer;
  existing_id integer;
BEGIN
  SELECT NEWID INTO existing_id FROM GENNEWID_MAP
  WHERE VIEWRULEID = $1 AND INPUTS = $2;
  IF not found THEN
    INSERT INTO GENNEWID_MAP (VIEWRULEID, INPUTS) VALUES ($1,$2) RETURNING NEWID INTO inserted_id;
    RETURN inserted_id;
  ELSE
    RETURN existing_id;
  END IF;
END;
$$ LANGUAGE 'plpgsql';


DROP MATERIALIZED VIEW IF EXISTS MATCH_Friends_0 CASCADE

CREATE MATERIALIZED VIEW MATCH_Friends_0 AS ((SELECT DISTINCT R0._0 AS _0, R0._1 AS _1, R0._2 AS _2 FROM E_g AS R0 CROSS JOIN N_g AS R1 CROSS JOIN N_g AS R2 WHERE R0._1 = R1._0 AND R0._2 = R2._0 AND R0._3 = 'knows' AND R1._1 = 'Person' AND R2._1 = 'Person'));

CREATE INDEX IF NOT EXISTS MATCH_Friends_0___0 ON MATCH_Friends_0 (_0)

CREATE INDEX IF NOT EXISTS MATCH_Friends_0___1 ON MATCH_Friends_0 (_1)

CREATE INDEX IF NOT EXISTS MATCH_Friends_0___2 ON MATCH_Friends_0 (_2)

DROP VIEW IF EXISTS DMAP_Friends CASCADE

CREATE VIEW DMAP_Friends AS ((SELECT DISTINCT R0._0 AS _0, R0._0 AS _1 FROM N_g AS R0));

DROP MATERIALIZED VIEW IF EXISTS N_Friends CASCADE

CREATE MATERIALIZED VIEW N_Friends AS ((SELECT DISTINCT R0._0 AS _0, R0._1 AS _1 FROM N_g AS R0));

CREATE INDEX IF NOT EXISTS N_Friends___0 ON N_Friends (_0)

CREATE INDEX IF NOT EXISTS N_Friends___1 ON N_Friends (_1)

DROP MATERIALIZED VIEW IF EXISTS E_Friends CASCADE

CREATE MATERIALIZED VIEW E_Friends AS ((SELECT DISTINCT R0._0 AS _0, R1._1 AS _1, R2._1 AS _2, R0._3 AS _3 FROM E_g AS R0 CROSS JOIN DMAP_Friends AS R1 CROSS JOIN DMAP_Friends AS R2 WHERE R0._2 = R2._0 AND R0._1 = R1._0));

CREATE INDEX IF NOT EXISTS E_Friends___0 ON E_Friends (_0)

CREATE INDEX IF NOT EXISTS E_Friends___1 ON E_Friends (_1)

CREATE INDEX IF NOT EXISTS E_Friends___2 ON E_Friends (_2)

CREATE INDEX IF NOT EXISTS E_Friends___3 ON E_Friends (_3)

SELECT version();

CREATE OR REPLACE FUNCTION process_ivm_node_insertion() RETURNS TRIGGER AS $ivm_node_insert$
DECLARE
BEGIN
	INSERT INTO n_v0 (_0, _1) VALUES (NEW._0, NEW._1);
	RETURN NULL; -- result is ignored since this is an AFTER trigger
END;
$ivm_node_insert$ LANGUAGE plpgsql;

CREATE TRIGGER ivm_node_insert
AFTER INSERT ON n_g
	FOR EACH ROW
	EXECUTE FUNCTION process_ivm_node_insertion();


CREATE OR REPLACE FUNCTION process_ivm_edge_insertion() RETURNS TRIGGER AS $ivm_edge_insert$
DECLARE
	-- variables below are default variables
	cnt integer;
	curs record;
BEGIN
DROP TABLE IF EXISTS map_temp;
CREATE TEMPORARY TABLE map_temp (
	_0      integer NOT NULL,
	_1      varchar(16) NOT NULL,
	_2      integer NOT NULL,
	_3      varchar(16) NOT NULL
);
FOR curs IN
	SELECT DISTINCT R0._0 AS _0, R0._1 AS _1, R0._2 AS _2 FROM E_g AS R0 CROSS JOIN N_g AS R1 CROSS JOIN N_g AS R2 WHERE ( R0._0 = NEW._0) AND R0._1 = R1._0 AND R0._2 = R2._0 AND R0._3 = 'knows' AND R1._1 = 'Person' AND R2._1 = 'Person'
LOOP
	RAISE NOTICE 'TARGET _0: %', curs._0;
END LOOP;
-- below are common for rules
	INSERT INTO map_Friends SELECT _0, _1, _2, _3 FROM map_temp;

RETURN NULL; -- result is ignored since this is an AFTER trigger
END;
$ivm_edge_insert$ LANGUAGE plpgsql;


CREATE TRIGGER ivm_edge_insert
AFTER INSERT ON e_g
	FOR EACH ROW EXECUTE FUNCTION process_ivm_edge_insertion();

DROP TABLE IF EXISTS GENNEWID_MAP CASCADE;


CREATE TABLE GENNEWID_MAP (
  NEWID SERIAL PRIMARY KEY NOT NULL,
  VIEWRULEID varchar(64) NOT NULL,
  INPUTS integer[]
);
CREATE INDEX IF NOT EXISTS newid_vrm_idx ON GENNEWID_MAP (VIEWRULEID, INPUTS);
ALTER SEQUENCE GENNEWID_MAP_NEWID_seq RESTART WITH 100000000 INCREMENT BY 1;
CREATE OR REPLACE FUNCTION GENNEWID_CONST(varchar(64), VARIADIC arr int[])
   RETURNS int AS $$
DECLARE
  inserted_id integer;
  existing_id integer;
BEGIN
  SELECT NEWID INTO existing_id FROM GENNEWID_MAP
  WHERE VIEWRULEID = $1 AND INPUTS = $2;
  IF not found THEN
    INSERT INTO GENNEWID_MAP (VIEWRULEID, INPUTS) VALUES ($1,$2) RETURNING NEWID INTO inserted_id;
    RETURN inserted_id;
  ELSE
    RETURN existing_id;
  END IF;
END;
$$ LANGUAGE 'plpgsql';


DROP MATERIALIZED VIEW IF EXISTS MATCH_Shoppers_0 CASCADE

CREATE MATERIALIZED VIEW MATCH_Shoppers_0 AS ((SELECT DISTINCT R0._0 AS _0, R0._1 AS _1, R0._2 AS _2 FROM E_g AS R0 CROSS JOIN N_g AS R1 CROSS JOIN N_g AS R2 WHERE R0._1 = R1._0 AND R0._2 = R2._0 AND R0._3 = 'bought' AND R1._1 = 'Person' AND R2._1 = 'Product'));

CREATE INDEX IF NOT EXISTS MATCH_Shoppers_0___0 ON MATCH_Shoppers_0 (_0)

CREATE INDEX IF NOT EXISTS MATCH_Shoppers_0___1 ON MATCH_Shoppers_0 (_1)

CREATE INDEX IF NOT EXISTS MATCH_Shoppers_0___2 ON MATCH_Shoppers_0 (_2)

DROP VIEW IF EXISTS DMAP_Shoppers CASCADE

CREATE VIEW DMAP_Shoppers AS ((SELECT DISTINCT R0._0 AS _0, R0._0 AS _1 FROM N_g AS R0));

DROP MATERIALIZED VIEW IF EXISTS N_Shoppers CASCADE

CREATE MATERIALIZED VIEW N_Shoppers AS ((SELECT DISTINCT R0._0 AS _0, R0._1 AS _1 FROM N_g AS R0));

CREATE INDEX IF NOT EXISTS N_Shoppers___0 ON N_Shoppers (_0)

CREATE INDEX IF NOT EXISTS N_Shoppers___1 ON N_Shoppers (_1)

DROP MATERIALIZED VIEW IF EXISTS E_Shoppers CASCADE

CREATE MATERIALIZED VIEW E_Shoppers AS ((SELECT DISTINCT R0._0 AS _0, R1._1 AS _1, R2._1 AS _2, R0._3 AS _3 FROM E_g AS R0 CROSS JOIN DMAP_Shoppers AS R1 CROSS JOIN DMAP_Shoppers AS R2 WHERE R0._2 = R2._0 AND R0._1 = R1._0));

CREATE INDEX IF NOT EXISTS E_Shoppers___0 ON E_Shoppers (_0)

CREATE INDEX IF NOT EXISTS E_Shoppers___1 ON E_Shoppers (_1)

CREATE INDEX IF NOT EXISTS E_Shoppers___2 ON E_Shoppers (_2)

CREATE INDEX IF NOT EXISTS E_Shoppers___3 ON E_Shoppers (_3)

SELECT version();

CREATE OR REPLACE FUNCTION process_ivm_node_insertion() RETURNS TRIGGER AS $ivm_node_insert$
DECLARE
BEGIN
	INSERT INTO n_v0 (_0, _1) VALUES (NEW._0, NEW._1);
	RETURN NULL; -- result is ignored since this is an AFTER trigger
END;
$ivm_node_insert$ LANGUAGE plpgsql;

CREATE TRIGGER ivm_node_insert
AFTER INSERT ON n_g
	FOR EACH ROW
	EXECUTE FUNCTION process_ivm_node_insertion();


CREATE OR REPLACE FUNCTION process_ivm_edge_insertion() RETURNS TRIGGER AS $ivm_edge_insert$
DECLARE
	-- variables below are default variables
	cnt integer;
	curs record;
BEGIN
DROP TABLE IF EXISTS map_temp;
CREATE TEMPORARY TABLE map_temp (
	_0      integer NOT NULL,
	_1      varchar(16) NOT NULL,
	_2      integer NOT NULL,
	_3      varchar(16) NOT NULL
);
FOR curs IN
	SELECT DISTINCT R0._0 AS _0, R0._1 AS _1, R0._2 AS _2 FROM E_g AS R0 CROSS JOIN N_g AS R1 CROSS JOIN N_g AS R2 WHERE ( R0._0 = NEW._0) AND R0._1 = R1._0 AND R0._2 = R2._0 AND R0._3 = 'bought' AND R1._1 = 'Person' AND R2._1 = 'Product'
LOOP
	RAISE NOTICE 'TARGET _0: %', curs._0;
END LOOP;
-- below are common for rules
	INSERT INTO map_Shoppers SELECT _0, _1, _2, _3 FROM map_temp;

RETURN NULL; -- result is ignored since this is an AFTER trigger
END;
$ivm_edge_insert$ LANGUAGE plpgsql;


CREATE TRIGGER ivm_edge_insert
AFTER INSERT ON e_g
	FOR EACH ROW EXECUTE FUNCTION process_ivm_edge_insertion();

DROP TABLE IF EXISTS GENNEWID_MAP CASCADE;


CREATE TABLE GENNEWID_MAP (
  NEWID SERIAL PRIMARY KEY NOT NULL,
  VIEWRULEID varchar(64) NOT NULL,
  INPUTS integer[]
);
CREATE INDEX IF NOT EXISTS newid_vrm_idx ON GENNEWID_MAP (VIEWRULEID, INPUTS);
ALTER SEQUENCE GENNEWID_MAP_NEWID_seq RESTART WITH 100000000 INCREMENT BY 1;
CREATE OR REPLACE FUNCTION GENNEWID_CONST(varchar(64), VARIADIC arr int[])
   RETURNS int AS $$
DECLARE
  inserted_id integer;
  existing_id integer;
BEGIN
  SELECT NEWID INTO existing_id FROM GENNEWID_MAP
  WHERE VIEWRULEID = $1 AND INPUTS = $2;
  IF not found THEN
    INSERT INTO GENNEWID_MAP (VIEWRULEID, INPUTS) VALUES ($1,$2) RETURNING NEWID INTO inserted_id;
    RETURN inserted_id;
  ELSE
    RETURN existing_id;
  END IF;
END;
$$ LANGUAGE 'plpgsql';


DROP MATERIALIZED VIEW IF EXISTS MATCH_HighPay_0 CASCADE

CREATE MATERIALIZED VIEW MATCH_HighPay_0 AS ((SELECT DISTINCT R0._0 AS _0, R0._1 AS _1, R0._2 AS _2, R3._2 AS _3 FROM E_g AS R0 CROSS JOIN N_g AS R1 CROSS JOIN N_g AS R2 CROSS JOIN EP_g AS R3 WHERE R0._1 = R1._0 AND R0._2 = R2._0 AND R0._0 = R3._0 AND R3._2 > 150000 AND R0._3 = 'works_at' AND R1._1 = 'Person' AND R2._1 = 'Company' AND R3._1 = 'salary'));

CREATE INDEX IF NOT EXISTS MATCH_HighPay_0___0 ON MATCH_HighPay_0 (_0)

CREATE INDEX IF NOT EXISTS MATCH_HighPay_0___1 ON MATCH_HighPay_0 (_1)

CREATE INDEX IF NOT EXISTS MATCH_HighPay_0___2 ON MATCH_HighPay_0 (_2)

CREATE INDEX IF NOT EXISTS MATCH_HighPay_0___3 ON MATCH_HighPay_0 (_3)

DROP VIEW IF EXISTS DMAP_HighPay CASCADE

CREATE VIEW DMAP_HighPay AS ((SELECT DISTINCT R0._0 AS _0, R0._0 AS _1 FROM N_g AS R0));

DROP MATERIALIZED VIEW IF EXISTS N_HighPay CASCADE

CREATE MATERIALIZED VIEW N_HighPay AS ((SELECT DISTINCT R0._0 AS _0, R0._1 AS _1 FROM N_g AS R0));

CREATE INDEX IF NOT EXISTS N_HighPay___0 ON N_HighPay (_0)

CREATE INDEX IF NOT EXISTS N_HighPay___1 ON N_HighPay (_1)

DROP MATERIALIZED VIEW IF EXISTS E_HighPay CASCADE

CREATE MATERIALIZED VIEW E_HighPay AS ((SELECT DISTINCT R0._0 AS _0, R1._1 AS _1, R2._1 AS _2, R0._3 AS _3 FROM E_g AS R0 CROSS JOIN DMAP_HighPay AS R1 CROSS JOIN DMAP_HighPay AS R2 WHERE R0._2 = R2._0 AND R0._1 = R1._0));

CREATE INDEX IF NOT EXISTS E_HighPay___0 ON E_HighPay (_0)

CREATE INDEX IF NOT EXISTS E_HighPay___1 ON E_HighPay (_1)

CREATE INDEX IF NOT EXISTS E_HighPay___2 ON E_HighPay (_2)

CREATE INDEX IF NOT EXISTS E_HighPay___3 ON E_HighPay (_3)

SELECT version();

CREATE OR REPLACE FUNCTION process_ivm_node_insertion() RETURNS TRIGGER AS $ivm_node_insert$
DECLARE
BEGIN
	INSERT INTO n_v0 (_0, _1) VALUES (NEW._0, NEW._1);
	RETURN NULL; -- result is ignored since this is an AFTER trigger
END;
$ivm_node_insert$ LANGUAGE plpgsql;

CREATE TRIGGER ivm_node_insert
AFTER INSERT ON n_g
	FOR EACH ROW
	EXECUTE FUNCTION process_ivm_node_insertion();


CREATE OR REPLACE FUNCTION process_ivm_edge_insertion() RETURNS TRIGGER AS $ivm_edge_insert$
DECLARE
	-- variables below are default variables
	cnt integer;
	curs record;
BEGIN
DROP TABLE IF EXISTS map_temp;
CREATE TEMPORARY TABLE map_temp (
	_0      integer NOT NULL,
	_1      varchar(16) NOT NULL,
	_2      integer NOT NULL,
	_3      varchar(16) NOT NULL
);
FOR curs IN
	SELECT DISTINCT R0._0 AS _0, R0._1 AS _1, R0._2 AS _2, R3._2 AS _3 FROM E_g AS R0 CROSS JOIN N_g AS R1 CROSS JOIN N_g AS R2 CROSS JOIN EP_g AS R3 WHERE ( R0._0 = NEW._0 OR R3._0 = NEW._0 ) AND R0._1 = R1._0 AND R0._2 = R2._0 AND R0._0 = R3._0 AND R3._2 > 150000 AND R0._3 = 'works_at' AND R1._1 = 'Person' AND R2._1 = 'Company' AND R3._1 = 'salary'
LOOP
	RAISE NOTICE 'TARGET _0: %', curs._0;
END LOOP;
-- below are common for rules
	INSERT INTO map_HighPay SELECT _0, _1, _2, _3 FROM map_temp;

RETURN NULL; -- result is ignored since this is an AFTER trigger
END;
$ivm_edge_insert$ LANGUAGE plpgsql;


CREATE TRIGGER ivm_edge_insert
AFTER INSERT ON e_g
	FOR EACH ROW EXECUTE FUNCTION process_ivm_edge_insertion();

SELECT DISTINCT R0._0 AS _0 FROM EGD AS R0

SELECT DISTINCT R0._0 AS _0, R0._1 AS _1, R0._2 AS _2 FROM CATALOG_INDEX AS R0

SELECT DISTINCT R0._0 AS _0, R0._1 AS _1 FROM CATALOG_SINDEX AS R0

SELECT DISTINCT R0._0 AS _0 FROM N_schema AS R0

SELECT DISTINCT R0._0 AS _0, R0._1 AS _1, R0._2 AS _2 FROM E_schema AS R0

SELECT DISTINCT R0._0 AS _0, R0._1 AS _1, R0._2 AS _2, R0._3 AS _3, R0._4 AS _4 FROM CATALOG_VIEW AS R0

DROP TABLE IF EXISTS GENNEWID_MAP CASCADE;


CREATE TABLE GENNEWID_MAP (
  NEWID SERIAL PRIMARY KEY NOT NULL,
  VIEWRULEID varchar(64) NOT NULL,
  INPUTS integer[]
);
CREATE INDEX IF NOT EXISTS newid_vrm_idx ON GENNEWID_MAP (VIEWRULEID, INPUTS);
ALTER SEQUENCE GENNEWID_MAP_NEWID_seq RESTART WITH 100000000 INCREMENT BY 1;
CREATE OR REPLACE FUNCTION GENNEWID_CONST(varchar(64), VARIADIC arr int[])
   RETURNS int AS $$
DECLARE
  inserted_id integer;
  existing_id integer;
BEGIN
  SELECT NEWID INTO existing_id FROM GENNEWID_MAP
  WHERE VIEWRULEID = $1 AND INPUTS = $2;
  IF not found THEN
    INSERT INTO GENNEWID_MAP (VIEWRULEID, INPUTS) VALUES ($1,$2) RETURNING NEWID INTO inserted_id;
    RETURN inserted_id;
  ELSE
    RETURN existing_id;
  END IF;
END;
$$ LANGUAGE 'plpgsql';


SELECT version();

CREATE OR REPLACE FUNCTION process_ivm_node_insertion() RETURNS TRIGGER AS $ivm_node_insert$
DECLARE
BEGIN
	INSERT INTO n_v0 (_0, _1) VALUES (NEW._0, NEW._1);
	RETURN NULL; -- result is ignored since this is an AFTER trigger
END;
$ivm_node_insert$ LANGUAGE plpgsql;

CREATE TRIGGER ivm_node_insert
AFTER INSERT ON n_g
	FOR EACH ROW
	EXECUTE FUNCTION process_ivm_node_insertion();


CREATE OR REPLACE FUNCTION process_ivm_edge_insertion() RETURNS TRIGGER AS $ivm_edge_insert$
DECLARE
	-- variables below are default variables
	cnt integer;
	curs record;
BEGIN
DROP TABLE IF EXISTS map_temp;
CREATE TEMPORARY TABLE map_temp (
	_0      integer NOT NULL,
	_1      varchar(16) NOT NULL,
	_2      integer NOT NULL,
	_3      varchar(16) NOT NULL
);
FOR curs IN
	SELECT DISTINCT R0._0 AS _0, R0._1 AS _1, R0._2 AS _2, R3._2 AS _3 FROM E_g AS R0 CROSS JOIN N_g AS R1 CROSS JOIN N_g AS R2 CROSS JOIN EP_g AS R3 WHERE ( R0._0 = NEW._0 OR R3._0 = NEW._0 ) AND R0._1 = R1._0 AND R0._2 = R2._0 AND R0._0 = R3._0 AND R3._2 > 10 AND R0._3 = 'works_at' AND R1._1 = 'Person' AND R2._1 = 'Company' AND R3._1 = 'years'
LOOP
	RAISE NOTICE 'TARGET _0: %', curs._0;
END LOOP;
-- below are common for rules
	INSERT INTO map_Veterans SELECT _0, _1, _2, _3 FROM map_temp;

RETURN NULL; -- result is ignored since this is an AFTER trigger
END;
$ivm_edge_insert$ LANGUAGE plpgsql;


CREATE TRIGGER ivm_edge_insert
AFTER INSERT ON e_g
	FOR EACH ROW EXECUTE FUNCTION process_ivm_edge_insertion();

DROP TABLE IF EXISTS GENNEWID_MAP CASCADE;


CREATE TABLE GENNEWID_MAP (
  NEWID SERIAL PRIMARY KEY NOT NULL,
  VIEWRULEID varchar(64) NOT NULL,
  INPUTS integer[]
);
CREATE INDEX IF NOT EXISTS newid_vrm_idx ON GENNEWID_MAP (VIEWRULEID, INPUTS);
ALTER SEQUENCE GENNEWID_MAP_NEWID_seq RESTART WITH 100000000 INCREMENT BY 1;
CREATE OR REPLACE FUNCTION GENNEWID_CONST(varchar(64), VARIADIC arr int[])
   RETURNS int AS $$
DECLARE
  inserted_id integer;
  existing_id integer;
BEGIN
  SELECT NEWID INTO existing_id FROM GENNEWID_MAP
  WHERE VIEWRULEID = $1 AND INPUTS = $2;
  IF not found THEN
    INSERT INTO GENNEWID_MAP (VIEWRULEID, INPUTS) VALUES ($1,$2) RETURNING NEWID INTO inserted_id;
    RETURN inserted_id;
  ELSE
    RETURN existing_id;
  END IF;
END;
$$ LANGUAGE 'plpgsql';


SELECT version();

CREATE OR REPLACE FUNCTION process_ivm_node_insertion() RETURNS TRIGGER AS $ivm_node_insert$
DECLARE
BEGIN
	INSERT INTO n_v0 (_0, _1) VALUES (NEW._0, NEW._1);
	RETURN NULL; -- result is ignored since this is an AFTER trigger
END;
$ivm_node_insert$ LANGUAGE plpgsql;

CREATE TRIGGER ivm_node_insert
AFTER INSERT ON n_g
	FOR EACH ROW
	EXECUTE FUNCTION process_ivm_node_insertion();


CREATE OR REPLACE FUNCTION process_ivm_edge_insertion() RETURNS TRIGGER AS $ivm_edge_insert$
DECLARE
	-- variables below are default variables
	cnt integer;
	curs record;
BEGIN
DROP TABLE IF EXISTS map_temp;
CREATE TEMPORARY TABLE map_temp (
	_0      integer NOT NULL,
	_1      varchar(16) NOT NULL,
	_2      integer NOT NULL,
	_3      varchar(16) NOT NULL
);
FOR curs IN
	SELECT DISTINCT R0._0 AS _0, R0._1 AS _1, R0._2 AS _2 FROM E_g AS R0 CROSS JOIN N_g AS R1 CROSS JOIN N_g AS R2 WHERE ( R0._0 = NEW._0) AND R0._1 = R1._0 AND R0._2 = R2._0 AND R0._3 = 'knows' AND R1._1 = 'Person' AND R2._1 = 'Person'
LOOP
	RAISE NOTICE 'TARGET _0: %', curs._0;
END LOOP;
-- below are common for rules
	INSERT INTO map_Friends SELECT _0, _1, _2, _3 FROM map_temp;

RETURN NULL; -- result is ignored since this is an AFTER trigger
END;
$ivm_edge_insert$ LANGUAGE plpgsql;


CREATE TRIGGER ivm_edge_insert
AFTER INSERT ON e_g
	FOR EACH ROW EXECUTE FUNCTION process_ivm_edge_insertion();

DROP TABLE IF EXISTS GENNEWID_MAP CASCADE;


CREATE TABLE GENNEWID_MAP (
  NEWID SERIAL PRIMARY KEY NOT NULL,
  VIEWRULEID varchar(64) NOT NULL,
  INPUTS integer[]
);
CREATE INDEX IF NOT EXISTS newid_vrm_idx ON GENNEWID_MAP (VIEWRULEID, INPUTS);
ALTER SEQUENCE GENNEWID_MAP_NEWID_seq RESTART WITH 100000000 INCREMENT BY 1;
CREATE OR REPLACE FUNCTION GENNEWID_CONST(varchar(64), VARIADIC arr int[])
   RETURNS int AS $$
DECLARE
  inserted_id integer;
  existing_id integer;
BEGIN
  SELECT NEWID INTO existing_id FROM GENNEWID_MAP
  WHERE VIEWRULEID = $1 AND INPUTS = $2;
  IF not found THEN
    INSERT INTO GENNEWID_MAP (VIEWRULEID, INPUTS) VALUES ($1,$2) RETURNING NEWID INTO inserted_id;
    RETURN inserted_id;
  ELSE
    RETURN existing_id;
  END IF;
END;
$$ LANGUAGE 'plpgsql';


SELECT version();

CREATE OR REPLACE FUNCTION process_ivm_node_insertion() RETURNS TRIGGER AS $ivm_node_insert$
DECLARE
BEGIN
	INSERT INTO n_v0 (_0, _1) VALUES (NEW._0, NEW._1);
	RETURN NULL; -- result is ignored since this is an AFTER trigger
END;
$ivm_node_insert$ LANGUAGE plpgsql;

CREATE TRIGGER ivm_node_insert
AFTER INSERT ON n_g
	FOR EACH ROW
	EXECUTE FUNCTION process_ivm_node_insertion();


CREATE OR REPLACE FUNCTION process_ivm_edge_insertion() RETURNS TRIGGER AS $ivm_edge_insert$
DECLARE
	-- variables below are default variables
	cnt integer;
	curs record;
BEGIN
DROP TABLE IF EXISTS map_temp;
CREATE TEMPORARY TABLE map_temp (
	_0      integer NOT NULL,
	_1      varchar(16) NOT NULL,
	_2      integer NOT NULL,
	_3      varchar(16) NOT NULL
);
FOR curs IN
	SELECT DISTINCT R0._0 AS _0, R0._1 AS _1, R0._2 AS _2 FROM E_g AS R0 CROSS JOIN N_g AS R1 CROSS JOIN N_g AS R2 WHERE ( R0._0 = NEW._0) AND R0._1 = R1._0 AND R0._2 = R2._0 AND R0._3 = 'bought' AND R1._1 = 'Person' AND R2._1 = 'Product'
LOOP
	RAISE NOTICE 'TARGET _0: %', curs._0;
END LOOP;
-- below are common for rules
	INSERT INTO map_Shoppers SELECT _0, _1, _2, _3 FROM map_temp;

RETURN NULL; -- result is ignored since this is an AFTER trigger
END;
$ivm_edge_insert$ LANGUAGE plpgsql;


CREATE TRIGGER ivm_edge_insert
AFTER INSERT ON e_g
	FOR EACH ROW EXECUTE FUNCTION process_ivm_edge_insertion();

DROP TABLE IF EXISTS GENNEWID_MAP CASCADE;


CREATE TABLE GENNEWID_MAP (
  NEWID SERIAL PRIMARY KEY NOT NULL,
  VIEWRULEID varchar(64) NOT NULL,
  INPUTS integer[]
);
CREATE INDEX IF NOT EXISTS newid_vrm_idx ON GENNEWID_MAP (VIEWRULEID, INPUTS);
ALTER SEQUENCE GENNEWID_MAP_NEWID_seq RESTART WITH 100000000 INCREMENT BY 1;
CREATE OR REPLACE FUNCTION GENNEWID_CONST(varchar(64), VARIADIC arr int[])
   RETURNS int AS $$
DECLARE
  inserted_id integer;
  existing_id integer;
BEGIN
  SELECT NEWID INTO existing_id FROM GENNEWID_MAP
  WHERE VIEWRULEID = $1 AND INPUTS = $2;
  IF not found THEN
    INSERT INTO GENNEWID_MAP (VIEWRULEID, INPUTS) VALUES ($1,$2) RETURNING NEWID INTO inserted_id;
    RETURN inserted_id;
  ELSE
    RETURN existing_id;
  END IF;
END;
$$ LANGUAGE 'plpgsql';


SELECT version();

CREATE OR REPLACE FUNCTION process_ivm_node_insertion() RETURNS TRIGGER AS $ivm_node_insert$
DECLARE
BEGIN
	INSERT INTO n_v0 (_0, _1) VALUES (NEW._0, NEW._1);
	RETURN NULL; -- result is ignored since this is an AFTER trigger
END;
$ivm_node_insert$ LANGUAGE plpgsql;

CREATE TRIGGER ivm_node_insert
AFTER INSERT ON n_g
	FOR EACH ROW
	EXECUTE FUNCTION process_ivm_node_insertion();


CREATE OR REPLACE FUNCTION process_ivm_edge_insertion() RETURNS TRIGGER AS $ivm_edge_insert$
DECLARE
	-- variables below are default variables
	cnt integer;
	curs record;
BEGIN
DROP TABLE IF EXISTS map_temp;
CREATE TEMPORARY TABLE map_temp (
	_0      integer NOT NULL,
	_1      varchar(16) NOT NULL,
	_2      integer NOT NULL,
	_3      varchar(16) NOT NULL
);
FOR curs IN
	SELECT DISTINCT R0._0 AS _0, R0._1 AS _1, R0._2 AS _2, R3._2 AS _3 FROM E_g AS R0 CROSS JOIN N_g AS R1 CROSS JOIN N_g AS R2 CROSS JOIN EP_g AS R3 WHERE ( R0._0 = NEW._0 OR R3._0 = NEW._0 ) AND R0._1 = R1._0 AND R0._2 = R2._0 AND R0._0 = R3._0 AND R3._2 > 150000 AND R0._3 = 'works_at' AND R1._1 = 'Person' AND R2._1 = 'Company' AND R3._1 = 'salary'
LOOP
	RAISE NOTICE 'TARGET _0: %', curs._0;
END LOOP;
-- below are common for rules
	INSERT INTO map_HighPay SELECT _0, _1, _2, _3 FROM map_temp;

RETURN NULL; -- result is ignored since this is an AFTER trigger
END;
$ivm_edge_insert$ LANGUAGE plpgsql;


CREATE TRIGGER ivm_edge_insert
AFTER INSERT ON e_g
	FOR EACH ROW EXECUTE FUNCTION process_ivm_edge_insertion();

SELECT DISTINCT R0._0 AS _0 FROM EGD AS R0

SELECT DISTINCT R0._0 AS _0, R0._1 AS _1, R0._2 AS _2 FROM CATALOG_INDEX AS R0

SELECT DISTINCT R0._0 AS _0, R0._1 AS _1 FROM CATALOG_SINDEX AS R0

SELECT DISTINCT R0._0 AS _0 FROM N_schema AS R0

SELECT DISTINCT R0._0 AS _0, R0._1 AS _1, R0._2 AS _2 FROM E_schema AS R0

SELECT DISTINCT R0._0 AS _0, R0._1 AS _1, R0._2 AS _2, R0._3 AS _3, R0._4 AS _4 FROM CATALOG_VIEW AS R0

DROP TABLE IF EXISTS GENNEWID_MAP CASCADE;


CREATE TABLE GENNEWID_MAP (
  NEWID SERIAL PRIMARY KEY NOT NULL,
  VIEWRULEID varchar(64) NOT NULL,
  INPUTS integer[]
);
CREATE INDEX IF NOT EXISTS newid_vrm_idx ON GENNEWID_MAP (VIEWRULEID, INPUTS);
ALTER SEQUENCE GENNEWID_MAP_NEWID_seq RESTART WITH 100000000 INCREMENT BY 1;
CREATE OR REPLACE FUNCTION GENNEWID_CONST(varchar(64), VARIADIC arr int[])
   RETURNS int AS $$
DECLARE
  inserted_id integer;
  existing_id integer;
BEGIN
  SELECT NEWID INTO existing_id FROM GENNEWID_MAP
  WHERE VIEWRULEID = $1 AND INPUTS = $2;
  IF not found THEN
    INSERT INTO GENNEWID_MAP (VIEWRULEID, INPUTS) VALUES ($1,$2) RETURNING NEWID INTO inserted_id;
    RETURN inserted_id;
  ELSE
    RETURN existing_id;
  END IF;
END;
$$ LANGUAGE 'plpgsql';


DROP MATERIALIZED VIEW IF EXISTS MATCH_Veterans_0 CASCADE

CREATE MATERIALIZED VIEW MATCH_Veterans_0 AS ((SELECT DISTINCT R0._0 AS _0, R0._1 AS _1, R0._2 AS _2, R3._2 AS _3 FROM E_g AS R0 CROSS JOIN N_g AS R1 CROSS JOIN N_g AS R2 CROSS JOIN EP_g AS R3 WHERE R0._1 = R1._0 AND R0._2 = R2._0 AND R0._0 = R3._0 AND R3._2 > 10 AND R0._3 = 'works_at' AND R1._1 = 'Person' AND R2._1 = 'Company' AND R3._1 = 'years'));

CREATE INDEX IF NOT EXISTS MATCH_Veterans_0___0 ON MATCH_Veterans_0 (_0)

CREATE INDEX IF NOT EXISTS MATCH_Veterans_0___1 ON MATCH_Veterans_0 (_1)

CREATE INDEX IF NOT EXISTS MATCH_Veterans_0___2 ON MATCH_Veterans_0 (_2)

CREATE INDEX IF NOT EXISTS MATCH_Veterans_0___3 ON MATCH_Veterans_0 (_3)

DROP VIEW IF EXISTS DMAP_Veterans CASCADE

CREATE VIEW DMAP_Veterans AS ((SELECT DISTINCT R0._0 AS _0, R0._0 AS _1 FROM N_g AS R0));

DROP MATERIALIZED VIEW IF EXISTS N_Veterans CASCADE

CREATE MATERIALIZED VIEW N_Veterans AS ((SELECT DISTINCT R0._0 AS _0, R0._1 AS _1 FROM N_g AS R0));

CREATE INDEX IF NOT EXISTS N_Veterans___0 ON N_Veterans (_0)

CREATE INDEX IF NOT EXISTS N_Veterans___1 ON N_Veterans (_1)

DROP MATERIALIZED VIEW IF EXISTS E_Veterans CASCADE

CREATE MATERIALIZED VIEW E_Veterans AS ((SELECT DISTINCT R0._0 AS _0, R1._1 AS _1, R2._1 AS _2, R0._3 AS _3 FROM E_g AS R0 CROSS JOIN DMAP_Veterans AS R1 CROSS JOIN DMAP_Veterans AS R2 WHERE R0._2 = R2._0 AND R0._1 = R1._0));

CREATE INDEX IF NOT EXISTS E_Veterans___0 ON E_Veterans (_0)

CREATE INDEX IF NOT EXISTS E_Veterans___1 ON E_Veterans (_1)

CREATE INDEX IF NOT EXISTS E_Veterans___2 ON E_Veterans (_2)

CREATE INDEX IF NOT EXISTS E_Veterans___3 ON E_Veterans (_3)

SELECT version();

CREATE OR REPLACE FUNCTION process_ivm_node_insertion() RETURNS TRIGGER AS $ivm_node_insert$
DECLARE
BEGIN
	INSERT INTO n_v0 (_0, _1) VALUES (NEW._0, NEW._1);
	RETURN NULL; -- result is ignored since this is an AFTER trigger
END;
$ivm_node_insert$ LANGUAGE plpgsql;

CREATE TRIGGER ivm_node_insert
AFTER INSERT ON n_g
	FOR EACH ROW
	EXECUTE FUNCTION process_ivm_node_insertion();


CREATE OR REPLACE FUNCTION process_ivm_edge_insertion() RETURNS TRIGGER AS $ivm_edge_insert$
DECLARE
	-- variables below are default variables
	cnt integer;
	curs record;
BEGIN
DROP TABLE IF EXISTS map_temp;
CREATE TEMPORARY TABLE map_temp (
	_0      integer NOT NULL,
	_1      varchar(16) NOT NULL,
	_2      integer NOT NULL,
	_3      varchar(16) NOT NULL
);
FOR curs IN
	SELECT DISTINCT R0._0 AS _0, R0._1 AS _1, R0._2 AS _2, R3._2 AS _3 FROM E_g AS R0 CROSS JOIN N_g AS R1 CROSS JOIN N_g AS R2 CROSS JOIN EP_g AS R3 WHERE ( R0._0 = NEW._0 OR R3._0 = NEW._0 ) AND R0._1 = R1._0 AND R0._2 = R2._0 AND R0._0 = R3._0 AND R3._2 > 10 AND R0._3 = 'works_at' AND R1._1 = 'Person' AND R2._1 = 'Company' AND R3._1 = 'years'
LOOP
	RAISE NOTICE 'TARGET _0: %', curs._0;
END LOOP;
-- below are common for rules
	INSERT INTO map_Veterans SELECT _0, _1, _2, _3 FROM map_temp;

RETURN NULL; -- result is ignored since this is an AFTER trigger
END;
$ivm_edge_insert$ LANGUAGE plpgsql;


CREATE TRIGGER ivm_edge_insert
AFTER INSERT ON e_g
	FOR EACH ROW EXECUTE FUNCTION process_ivm_edge_insertion();

DROP TABLE IF EXISTS GENNEWID_MAP CASCADE;


CREATE TABLE GENNEWID_MAP (
  NEWID SERIAL PRIMARY KEY NOT NULL,
  VIEWRULEID varchar(64) NOT NULL,
  INPUTS integer[]
);
CREATE INDEX IF NOT EXISTS newid_vrm_idx ON GENNEWID_MAP (VIEWRULEID, INPUTS);
ALTER SEQUENCE GENNEWID_MAP_NEWID_seq RESTART WITH 100000000 INCREMENT BY 1;
CREATE OR REPLACE FUNCTION GENNEWID_CONST(varchar(64), VARIADIC arr int[])
   RETURNS int AS $$
DECLARE
  inserted_id integer;
  existing_id integer;
BEGIN
  SELECT NEWID INTO existing_id FROM GENNEWID_MAP
  WHERE VIEWRULEID = $1 AND INPUTS = $2;
  IF not found THEN
    INSERT INTO GENNEWID_MAP (VIEWRULEID, INPUTS) VALUES ($1,$2) RETURNING NEWID INTO inserted_id;
    RETURN inserted_id;
  ELSE
    RETURN existing_id;
  END IF;
END;
$$ LANGUAGE 'plpgsql';


DROP MATERIALIZED VIEW IF EXISTS MATCH_Friends_0 CASCADE

CREATE MATERIALIZED VIEW MATCH_Friends_0 AS ((SELECT DISTINCT R0._0 AS _0, R0._1 AS _1, R0._2 AS _2 FROM E_g AS R0 CROSS JOIN N_g AS R1 CROSS JOIN N_g AS R2 WHERE R0._1 = R1._0 AND R0._2 = R2._0 AND R0._3 = 'knows' AND R1._1 = 'Person' AND R2._1 = 'Person'));

CREATE INDEX IF NOT EXISTS MATCH_Friends_0___0 ON MATCH_Friends_0 (_0)

CREATE INDEX IF NOT EXISTS MATCH_Friends_0___1 ON MATCH_Friends_0 (_1)

CREATE INDEX IF NOT EXISTS MATCH_Friends_0___2 ON MATCH_Friends_0 (_2)

DROP VIEW IF EXISTS DMAP_Friends CASCADE

CREATE VIEW DMAP_Friends AS ((SELECT DISTINCT R0._0 AS _0, R0._0 AS _1 FROM N_g AS R0));

DROP MATERIALIZED VIEW IF EXISTS N_Friends CASCADE

CREATE MATERIALIZED VIEW N_Friends AS ((SELECT DISTINCT R0._0 AS _0, R0._1 AS _1 FROM N_g AS R0));

CREATE INDEX IF NOT EXISTS N_Friends___0 ON N_Friends (_0)

CREATE INDEX IF NOT EXISTS N_Friends___1 ON N_Friends (_1)

DROP MATERIALIZED VIEW IF EXISTS E_Friends CASCADE

CREATE MATERIALIZED VIEW E_Friends AS ((SELECT DISTINCT R0._0 AS _0, R1._1 AS _1, R2._1 AS _2, R0._3 AS _3 FROM E_g AS R0 CROSS JOIN DMAP_Friends AS R1 CROSS JOIN DMAP_Friends AS R2 WHERE R0._2 = R2._0 AND R0._1 = R1._0));

CREATE INDEX IF NOT EXISTS E_Friends___0 ON E_Friends (_0)

CREATE INDEX IF NOT EXISTS E_Friends___1 ON E_Friends (_1)

CREATE INDEX IF NOT EXISTS E_Friends___2 ON E_Friends (_2)

CREATE INDEX IF NOT EXISTS E_Friends___3 ON E_Friends (_3)

SELECT version();

CREATE OR REPLACE FUNCTION process_ivm_node_insertion() RETURNS TRIGGER AS $ivm_node_insert$
DECLARE
BEGIN
	INSERT INTO n_v0 (_0, _1) VALUES (NEW._0, NEW._1);
	RETURN NULL; -- result is ignored since this is an AFTER trigger
END;
$ivm_node_insert$ LANGUAGE plpgsql;

CREATE TRIGGER ivm_node_insert
AFTER INSERT ON n_g
	FOR EACH ROW
	EXECUTE FUNCTION process_ivm_node_insertion();


CREATE OR REPLACE FUNCTION process_ivm_edge_insertion() RETURNS TRIGGER AS $ivm_edge_insert$
DECLARE
	-- variables below are default variables
	cnt integer;
	curs record;
BEGIN
DROP TABLE IF EXISTS map_temp;
CREATE TEMPORARY TABLE map_temp (
	_0      integer NOT NULL,
	_1      varchar(16) NOT NULL,
	_2      integer NOT NULL,
	_3      varchar(16) NOT NULL
);
FOR curs IN
	SELECT DISTINCT R0._0 AS _0, R0._1 AS _1, R0._2 AS _2 FROM E_g AS R0 CROSS JOIN N_g AS R1 CROSS JOIN N_g AS R2 WHERE ( R0._0 = NEW._0) AND R0._1 = R1._0 AND R0._2 = R2._0 AND R0._3 = 'knows' AND R1._1 = 'Person' AND R2._1 = 'Person'
LOOP
	RAISE NOTICE 'TARGET _0: %', curs._0;
END LOOP;
-- below are common for rules
	INSERT INTO map_Friends SELECT _0, _1, _2, _3 FROM map_temp;

RETURN NULL; -- result is ignored since this is an AFTER trigger
END;
$ivm_edge_insert$ LANGUAGE plpgsql;


CREATE TRIGGER ivm_edge_insert
AFTER INSERT ON e_g
	FOR EACH ROW EXECUTE FUNCTION process_ivm_edge_insertion();

DROP TABLE IF EXISTS GENNEWID_MAP CASCADE;


CREATE TABLE GENNEWID_MAP (
  NEWID SERIAL PRIMARY KEY NOT NULL,
  VIEWRULEID varchar(64) NOT NULL,
  INPUTS integer[]
);
CREATE INDEX IF NOT EXISTS newid_vrm_idx ON GENNEWID_MAP (VIEWRULEID, INPUTS);
ALTER SEQUENCE GENNEWID_MAP_NEWID_seq RESTART WITH 100000000 INCREMENT BY 1;
CREATE OR REPLACE FUNCTION GENNEWID_CONST(varchar(64), VARIADIC arr int[])
   RETURNS int AS $$
DECLARE
  inserted_id integer;
  existing_id integer;
BEGIN
  SELECT NEWID INTO existing_id FROM GENNEWID_MAP
  WHERE VIEWRULEID = $1 AND INPUTS = $2;
  IF not found THEN
    INSERT INTO GENNEWID_MAP (VIEWRULEID, INPUTS) VALUES ($1,$2) RETURNING NEWID INTO inserted_id;
    RETURN inserted_id;
  ELSE
    RETURN existing_id;
  END IF;
END;
$$ LANGUAGE 'plpgsql';


DROP MATERIALIZED VIEW IF EXISTS MATCH_Shoppers_0 CASCADE

CREATE MATERIALIZED VIEW MATCH_Shoppers_0 AS ((SELECT DISTINCT R0._0 AS _0, R0._1 AS _1, R0._2 AS _2 FROM E_g AS R0 CROSS JOIN N_g AS R1 CROSS JOIN N_g AS R2 WHERE R0._1 = R1._0 AND R0._2 = R2._0 AND R0._3 = 'bought' AND R1._1 = 'Person' AND R2._1 = 'Product'));

CREATE INDEX IF NOT EXISTS MATCH_Shoppers_0___0 ON MATCH_Shoppers_0 (_0)

CREATE INDEX IF NOT EXISTS MATCH_Shoppers_0___1 ON MATCH_Shoppers_0 (_1)

CREATE INDEX IF NOT EXISTS MATCH_Shoppers_0___2 ON MATCH_Shoppers_0 (_2)

DROP VIEW IF EXISTS DMAP_Shoppers CASCADE

CREATE VIEW DMAP_Shoppers AS ((SELECT DISTINCT R0._0 AS _0, R0._0 AS _1 FROM N_g AS R0));

DROP MATERIALIZED VIEW IF EXISTS N_Shoppers CASCADE

CREATE MATERIALIZED VIEW N_Shoppers AS ((SELECT DISTINCT R0._0 AS _0, R0._1 AS _1 FROM N_g AS R0));

CREATE INDEX IF NOT EXISTS N_Shoppers___0 ON N_Shoppers (_0)

CREATE INDEX IF NOT EXISTS N_Shoppers___1 ON N_Shoppers (_1)

DROP MATERIALIZED VIEW IF EXISTS E_Shoppers CASCADE

CREATE MATERIALIZED VIEW E_Shoppers AS ((SELECT DISTINCT R0._0 AS _0, R1._1 AS _1, R2._1 AS _2, R0._3 AS _3 FROM E_g AS R0 CROSS JOIN DMAP_Shoppers AS R1 CROSS JOIN DMAP_Shoppers AS R2 WHERE R0._2 = R2._0 AND R0._1 = R1._0));

CREATE INDEX IF NOT EXISTS E_Shoppers___0 ON E_Shoppers (_0)

CREATE INDEX IF NOT EXISTS E_Shoppers___1 ON E_Shoppers (_1)

CREATE INDEX IF NOT EXISTS E_Shoppers___2 ON E_Shoppers (_2)

CREATE INDEX IF NOT EXISTS E_Shoppers___3 ON E_Shoppers (_3)

SELECT version();

CREATE OR REPLACE FUNCTION process_ivm_node_insertion() RETURNS TRIGGER AS $ivm_node_insert$
DECLARE
BEGIN
	INSERT INTO n_v0 (_0, _1) VALUES (NEW._0, NEW._1);
	RETURN NULL; -- result is ignored since this is an AFTER trigger
END;
$ivm_node_insert$ LANGUAGE plpgsql;

CREATE TRIGGER ivm_node_insert
AFTER INSERT ON n_g
	FOR EACH ROW
	EXECUTE FUNCTION process_ivm_node_insertion();


CREATE OR REPLACE FUNCTION process_ivm_edge_insertion() RETURNS TRIGGER AS $ivm_edge_insert$
DECLARE
	-- variables below are default variables
	cnt integer;
	curs record;
BEGIN
DROP TABLE IF EXISTS map_temp;
CREATE TEMPORARY TABLE map_temp (
	_0      integer NOT NULL,
	_1      varchar(16) NOT NULL,
	_2      integer NOT NULL,
	_3      varchar(16) NOT NULL
);
FOR curs IN
	SELECT DISTINCT R0._0 AS _0, R0._1 AS _1, R0._2 AS _2 FROM E_g AS R0 CROSS JOIN N_g AS R1 CROSS JOIN N_g AS R2 WHERE ( R0._0 = NEW._0) AND R0._1 = R1._0 AND R0._2 = R2._0 AND R0._3 = 'bought' AND R1._1 = 'Person' AND R2._1 = 'Product'
LOOP
	RAISE NOTICE 'TARGET _0: %', curs._0;
END LOOP;
-- below are common for rules
	INSERT INTO map_Shoppers SELECT _0, _1, _2, _3 FROM map_temp;

RETURN NULL; -- result is ignored since this is an AFTER trigger
END;
$ivm_edge_insert$ LANGUAGE plpgsql;


CREATE TRIGGER ivm_edge_insert
AFTER INSERT ON e_g
	FOR EACH ROW EXECUTE FUNCTION process_ivm_edge_insertion();

DROP TABLE IF EXISTS GENNEWID_MAP CASCADE;


CREATE TABLE GENNEWID_MAP (
  NEWID SERIAL PRIMARY KEY NOT NULL,
  VIEWRULEID varchar(64) NOT NULL,
  INPUTS integer[]
);
CREATE INDEX IF NOT EXISTS newid_vrm_idx ON GENNEWID_MAP (VIEWRULEID, INPUTS);
ALTER SEQUENCE GENNEWID_MAP_NEWID_seq RESTART WITH 100000000 INCREMENT BY 1;
CREATE OR REPLACE FUNCTION GENNEWID_CONST(varchar(64), VARIADIC arr int[])
   RETURNS int AS $$
DECLARE
  inserted_id integer;
  existing_id integer;
BEGIN
  SELECT NEWID INTO existing_id FROM GENNEWID_MAP
  WHERE VIEWRULEID = $1 AND INPUTS = $2;
  IF not found THEN
    INSERT INTO GENNEWID_MAP (VIEWRULEID, INPUTS) VALUES ($1,$2) RETURNING NEWID INTO inserted_id;
    RETURN inserted_id;
  ELSE
    RETURN existing_id;
  END IF;
END;
$$ LANGUAGE 'plpgsql';


DROP MATERIALIZED VIEW IF EXISTS MATCH_HighPay_0 CASCADE

CREATE MATERIALIZED VIEW MATCH_HighPay_0 AS ((SELECT DISTINCT R0._0 AS _0, R0._1 AS _1, R0._2 AS _2, R3._2 AS _3 FROM E_g AS R0 CROSS JOIN N_g AS R1 CROSS JOIN N_g AS R2 CROSS JOIN EP_g AS R3 WHERE R0._1 = R1._0 AND R0._2 = R2._0 AND R0._0 = R3._0 AND R3._2 > 150000 AND R0._3 = 'works_at' AND R1._1 = 'Person' AND R2._1 = 'Company' AND R3._1 = 'salary'));

CREATE INDEX IF NOT EXISTS MATCH_HighPay_0___0 ON MATCH_HighPay_0 (_0)

CREATE INDEX IF NOT EXISTS MATCH_HighPay_0___1 ON MATCH_HighPay_0 (_1)

CREATE INDEX IF NOT EXISTS MATCH_HighPay_0___2 ON MATCH_HighPay_0 (_2)

CREATE INDEX IF NOT EXISTS MATCH_HighPay_0___3 ON MATCH_HighPay_0 (_3)

DROP VIEW IF EXISTS DMAP_HighPay CASCADE

CREATE VIEW DMAP_HighPay AS ((SELECT DISTINCT R0._0 AS _0, R0._0 AS _1 FROM N_g AS R0));

DROP MATERIALIZED VIEW IF EXISTS N_HighPay CASCADE

CREATE MATERIALIZED VIEW N_HighPay AS ((SELECT DISTINCT R0._0 AS _0, R0._1 AS _1 FROM N_g AS R0));

CREATE INDEX IF NOT EXISTS N_HighPay___0 ON N_HighPay (_0)

CREATE INDEX IF NOT EXISTS N_HighPay___1 ON N_HighPay (_1)

DROP MATERIALIZED VIEW IF EXISTS E_HighPay CASCADE

CREATE MATERIALIZED VIEW E_HighPay AS ((SELECT DISTINCT R0._0 AS _0, R1._1 AS _1, R2._1 AS _2, R0._3 AS _3 FROM E_g AS R0 CROSS JOIN DMAP_HighPay AS R1 CROSS JOIN DMAP_HighPay AS R2 WHERE R0._2 = R2._0 AND R0._1 = R1._0));

CREATE INDEX IF NOT EXISTS E_HighPay___0 ON E_HighPay (_0)

CREATE INDEX IF NOT EXISTS E_HighPay___1 ON E_HighPay (_1)

CREATE INDEX IF NOT EXISTS E_HighPay___2 ON E_HighPay (_2)

CREATE INDEX IF NOT EXISTS E_HighPay___3 ON E_HighPay (_3)

SELECT version();

CREATE OR REPLACE FUNCTION process_ivm_node_insertion() RETURNS TRIGGER AS $ivm_node_insert$
DECLARE
BEGIN
	INSERT INTO n_v0 (_0, _1) VALUES (NEW._0, NEW._1);
	RETURN NULL; -- result is ignored since this is an AFTER trigger
END;
$ivm_node_insert$ LANGUAGE plpgsql;

CREATE TRIGGER ivm_node_insert
AFTER INSERT ON n_g
	FOR EACH ROW
	EXECUTE FUNCTION process_ivm_node_insertion();


CREATE OR REPLACE FUNCTION process_ivm_edge_insertion() RETURNS TRIGGER AS $ivm_edge_insert$
DECLARE
	-- variables below are default variables
	cnt integer;
	curs record;
BEGIN
DROP TABLE IF EXISTS map_temp;
CREATE TEMPORARY TABLE map_temp (
	_0      integer NOT NULL,
	_1      varchar(16) NOT NULL,
	_2      integer NOT NULL,
	_3      varchar(16) NOT NULL
);
FOR curs IN
	SELECT DISTINCT R0._0 AS _0, R0._1 AS _1, R0._2 AS _2, R3._2 AS _3 FROM E_g AS R0 CROSS JOIN N_g AS R1 CROSS JOIN N_g AS R2 CROSS JOIN EP_g AS R3 WHERE ( R0._0 = NEW._0 OR R3._0 = NEW._0 ) AND R0._1 = R1._0 AND R0._2 = R2._0 AND R0._0 = R3._0 AND R3._2 > 150000 AND R0._3 = 'works_at' AND R1._1 = 'Person' AND R2._1 = 'Company' AND R3._1 = 'salary'
LOOP
	RAISE NOTICE 'TARGET _0: %', curs._0;
END LOOP;
-- below are common for rules
	INSERT INTO map_HighPay SELECT _0, _1, _2, _3 FROM map_temp;

RETURN NULL; -- result is ignored since this is an AFTER trigger
END;
$ivm_edge_insert$ LANGUAGE plpgsql;


CREATE TRIGGER ivm_edge_insert
AFTER INSERT ON e_g
	FOR EACH ROW EXECUTE FUNCTION process_ivm_edge_insertion();

SELECT DISTINCT R0._0 AS _0 FROM EGD AS R0

SELECT DISTINCT R0._0 AS _0, R0._1 AS _1, R0._2 AS _2 FROM CATALOG_INDEX AS R0

SELECT DISTINCT R0._0 AS _0, R0._1 AS _1 FROM CATALOG_SINDEX AS R0

SELECT DISTINCT R0._0 AS _0 FROM N_schema AS R0

SELECT DISTINCT R0._0 AS _0, R0._1 AS _1, R0._2 AS _2 FROM E_schema AS R0

SELECT DISTINCT R0._0 AS _0, R0._1 AS _1, R0._2 AS _2, R0._3 AS _3, R0._4 AS _4 FROM CATALOG_VIEW AS R0

DROP TABLE IF EXISTS GENNEWID_MAP CASCADE;


CREATE TABLE GENNEWID_MAP (
  NEWID SERIAL PRIMARY KEY NOT NULL,
  VIEWRULEID varchar(64) NOT NULL,
  INPUTS integer[]
);
CREATE INDEX IF NOT EXISTS newid_vrm_idx ON GENNEWID_MAP (VIEWRULEID, INPUTS);
ALTER SEQUENCE GENNEWID_MAP_NEWID_seq RESTART WITH 100000000 INCREMENT BY 1;
CREATE OR REPLACE FUNCTION GENNEWID_CONST(varchar(64), VARIADIC arr int[])
   RETURNS int AS $$
DECLARE
  inserted_id integer;
  existing_id integer;
BEGIN
  SELECT NEWID INTO existing_id FROM GENNEWID_MAP
  WHERE VIEWRULEID = $1 AND INPUTS = $2;
  IF not found THEN
    INSERT INTO GENNEWID_MAP (VIEWRULEID, INPUTS) VALUES ($1,$2) RETURNING NEWID INTO inserted_id;
    RETURN inserted_id;
  ELSE
    RETURN existing_id;
  END IF;
END;
$$ LANGUAGE 'plpgsql';


DROP MATERIALIZED VIEW IF EXISTS MATCH_Veterans_0 CASCADE

CREATE MATERIALIZED VIEW MATCH_Veterans_0 AS ((SELECT DISTINCT R0._0 AS _0, R0._1 AS _1, R0._2 AS _2, R3._2 AS _3 FROM E_g AS R0 CROSS JOIN N_g AS R1 CROSS JOIN N_g AS R2 CROSS JOIN EP_g AS R3 WHERE R0._1 = R1._0 AND R0._2 = R2._0 AND R0._0 = R3._0 AND R3._2 > 10 AND R0._3 = 'works_at' AND R1._1 = 'Person' AND R2._1 = 'Company' AND R3._1 = 'years'));

CREATE INDEX IF NOT EXISTS MATCH_Veterans_0___0 ON MATCH_Veterans_0 (_0)

CREATE INDEX IF NOT EXISTS MATCH_Veterans_0___1 ON MATCH_Veterans_0 (_1)

CREATE INDEX IF NOT EXISTS MATCH_Veterans_0___2 ON MATCH_Veterans_0 (_2)

CREATE INDEX IF NOT EXISTS MATCH_Veterans_0___3 ON MATCH_Veterans_0 (_3)

DROP VIEW IF EXISTS DMAP_Veterans CASCADE

CREATE VIEW DMAP_Veterans AS ((SELECT DISTINCT R0._0 AS _0, R0._0 AS _1 FROM N_g AS R0));

DROP MATERIALIZED VIEW IF EXISTS N_Veterans CASCADE

CREATE MATERIALIZED VIEW N_Veterans AS ((SELECT DISTINCT R0._0 AS _0, R0._1 AS _1 FROM N_g AS R0));

CREATE INDEX IF NOT EXISTS N_Veterans___0 ON N_Veterans (_0)

CREATE INDEX IF NOT EXISTS N_Veterans___1 ON N_Veterans (_1)

DROP MATERIALIZED VIEW IF EXISTS E_Veterans CASCADE

CREATE MATERIALIZED VIEW E_Veterans AS ((SELECT DISTINCT R0._0 AS _0, R1._1 AS _1, R2._1 AS _2, R0._3 AS _3 FROM E_g AS R0 CROSS JOIN DMAP_Veterans AS R1 CROSS JOIN DMAP_Veterans AS R2 WHERE R0._2 = R2._0 AND R0._1 = R1._0));

CREATE INDEX IF NOT EXISTS E_Veterans___0 ON E_Veterans (_0)

CREATE INDEX IF NOT EXISTS E_Veterans___1 ON E_Veterans (_1)

CREATE INDEX IF NOT EXISTS E_Veterans___2 ON E_Veterans (_2)

CREATE INDEX IF NOT EXISTS E_Veterans___3 ON E_Veterans (_3)

SELECT version();

CREATE OR REPLACE FUNCTION process_ivm_node_insertion() RETURNS TRIGGER AS $ivm_node_insert$
DECLARE
BEGIN
	INSERT INTO n_v0 (_0, _1) VALUES (NEW._0, NEW._1);
	RETURN NULL; -- result is ignored since this is an AFTER trigger
END;
$ivm_node_insert$ LANGUAGE plpgsql;

CREATE TRIGGER ivm_node_insert
AFTER INSERT ON n_g
	FOR EACH ROW
	EXECUTE FUNCTION process_ivm_node_insertion();


CREATE OR REPLACE FUNCTION process_ivm_edge_insertion() RETURNS TRIGGER AS $ivm_edge_insert$
DECLARE
	-- variables below are default variables
	cnt integer;
	curs record;
BEGIN
DROP TABLE IF EXISTS map_temp;
CREATE TEMPORARY TABLE map_temp (
	_0      integer NOT NULL,
	_1      varchar(16) NOT NULL,
	_2      integer NOT NULL,
	_3      varchar(16) NOT NULL
);
FOR curs IN
	SELECT DISTINCT R0._0 AS _0, R0._1 AS _1, R0._2 AS _2, R3._2 AS _3 FROM E_g AS R0 CROSS JOIN N_g AS R1 CROSS JOIN N_g AS R2 CROSS JOIN EP_g AS R3 WHERE ( R0._0 = NEW._0 OR R3._0 = NEW._0 ) AND R0._1 = R1._0 AND R0._2 = R2._0 AND R0._0 = R3._0 AND R3._2 > 10 AND R0._3 = 'works_at' AND R1._1 = 'Person' AND R2._1 = 'Company' AND R3._1 = 'years'
LOOP
	RAISE NOTICE 'TARGET _0: %', curs._0;
END LOOP;
-- below are common for rules
	INSERT INTO map_Veterans SELECT _0, _1, _2, _3 FROM map_temp;

RETURN NULL; -- result is ignored since this is an AFTER trigger
END;
$ivm_edge_insert$ LANGUAGE plpgsql;


CREATE TRIGGER ivm_edge_insert
AFTER INSERT ON e_g
	FOR EACH ROW EXECUTE FUNCTION process_ivm_edge_insertion();

DROP TABLE IF EXISTS GENNEWID_MAP CASCADE;


CREATE TABLE GENNEWID_MAP (
  NEWID SERIAL PRIMARY KEY NOT NULL,
  VIEWRULEID varchar(64) NOT NULL,
  INPUTS integer[]
);
CREATE INDEX IF NOT EXISTS newid_vrm_idx ON GENNEWID_MAP (VIEWRULEID, INPUTS);
ALTER SEQUENCE GENNEWID_MAP_NEWID_seq RESTART WITH 100000000 INCREMENT BY 1;
CREATE OR REPLACE FUNCTION GENNEWID_CONST(varchar(64), VARIADIC arr int[])
   RETURNS int AS $$
DECLARE
  inserted_id integer;
  existing_id integer;
BEGIN
  SELECT NEWID INTO existing_id FROM GENNEWID_MAP
  WHERE VIEWRULEID = $1 AND INPUTS = $2;
  IF not found THEN
    INSERT INTO GENNEWID_MAP (VIEWRULEID, INPUTS) VALUES ($1,$2) RETURNING NEWID INTO inserted_id;
    RETURN inserted_id;
  ELSE
    RETURN existing_id;
  END IF;
END;
$$ LANGUAGE 'plpgsql';


DROP MATERIALIZED VIEW IF EXISTS MATCH_Friends_0 CASCADE

CREATE MATERIALIZED VIEW MATCH_Friends_0 AS ((SELECT DISTINCT R0._0 AS _0, R0._1 AS _1, R0._2 AS _2 FROM E_g AS R0 CROSS JOIN N_g AS R1 CROSS JOIN N_g AS R2 WHERE R0._1 = R1._0 AND R0._2 = R2._0 AND R0._3 = 'knows' AND R1._1 = 'Person' AND R2._1 = 'Person'));

CREATE INDEX IF NOT EXISTS MATCH_Friends_0___0 ON MATCH_Friends_0 (_0)

CREATE INDEX IF NOT EXISTS MATCH_Friends_0___1 ON MATCH_Friends_0 (_1)

CREATE INDEX IF NOT EXISTS MATCH_Friends_0___2 ON MATCH_Friends_0 (_2)

DROP VIEW IF EXISTS DMAP_Friends CASCADE

CREATE VIEW DMAP_Friends AS ((SELECT DISTINCT R0._0 AS _0, R0._0 AS _1 FROM N_g AS R0));

DROP MATERIALIZED VIEW IF EXISTS N_Friends CASCADE

CREATE MATERIALIZED VIEW N_Friends AS ((SELECT DISTINCT R0._0 AS _0, R0._1 AS _1 FROM N_g AS R0));

CREATE INDEX IF NOT EXISTS N_Friends___0 ON N_Friends (_0)

CREATE INDEX IF NOT EXISTS N_Friends___1 ON N_Friends (_1)

DROP MATERIALIZED VIEW IF EXISTS E_Friends CASCADE

CREATE MATERIALIZED VIEW E_Friends AS ((SELECT DISTINCT R0._0 AS _0, R1._1 AS _1, R2._1 AS _2, R0._3 AS _3 FROM E_g AS R0 CROSS JOIN DMAP_Friends AS R1 CROSS JOIN DMAP_Friends AS R2 WHERE R0._2 = R2._0 AND R0._1 = R1._0));

CREATE INDEX IF NOT EXISTS E_Friends___0 ON E_Friends (_0)

CREATE INDEX IF NOT EXISTS E_Friends___1 ON E_Friends (_1)

CREATE INDEX IF NOT EXISTS E_Friends___2 ON E_Friends (_2)

CREATE INDEX IF NOT EXISTS E_Friends___3 ON E_Friends (_3)

SELECT version();

CREATE OR REPLACE FUNCTION process_ivm_node_insertion() RETURNS TRIGGER AS $ivm_node_insert$
DECLARE
BEGIN
	INSERT INTO n_v0 (_0, _1) VALUES (NEW._0, NEW._1);
	RETURN NULL; -- result is ignored since this is an AFTER trigger
END;
$ivm_node_insert$ LANGUAGE plpgsql;

CREATE TRIGGER ivm_node_insert
AFTER INSERT ON n_g
	FOR EACH ROW
	EXECUTE FUNCTION process_ivm_node_insertion();


CREATE OR REPLACE FUNCTION process_ivm_edge_insertion() RETURNS TRIGGER AS $ivm_edge_insert$
DECLARE
	-- variables below are default variables
	cnt integer;
	curs record;
BEGIN
DROP TABLE IF EXISTS map_temp;
CREATE TEMPORARY TABLE map_temp (
	_0      integer NOT NULL,
	_1      varchar(16) NOT NULL,
	_2      integer NOT NULL,
	_3      varchar(16) NOT NULL
);
FOR curs IN
	SELECT DISTINCT R0._0 AS _0, R0._1 AS _1, R0._2 AS _2 FROM E_g AS R0 CROSS JOIN N_g AS R1 CROSS JOIN N_g AS R2 WHERE ( R0._0 = NEW._0) AND R0._1 = R1._0 AND R0._2 = R2._0 AND R0._3 = 'knows' AND R1._1 = 'Person' AND R2._1 = 'Person'
LOOP
	RAISE NOTICE 'TARGET _0: %', curs._0;
END LOOP;
-- below are common for rules
	INSERT INTO map_Friends SELECT _0, _1, _2, _3 FROM map_temp;

RETURN NULL; -- result is ignored since this is an AFTER trigger
END;
$ivm_edge_insert$ LANGUAGE plpgsql;


CREATE TRIGGER ivm_edge_insert
AFTER INSERT ON e_g
	FOR EACH ROW EXECUTE FUNCTION process_ivm_edge_insertion();

DROP TABLE IF EXISTS GENNEWID_MAP CASCADE;


CREATE TABLE GENNEWID_MAP (
  NEWID SERIAL PRIMARY KEY NOT NULL,
  VIEWRULEID varchar(64) NOT NULL,
  INPUTS integer[]
);
CREATE INDEX IF NOT EXISTS newid_vrm_idx ON GENNEWID_MAP (VIEWRULEID, INPUTS);
ALTER SEQUENCE GENNEWID_MAP_NEWID_seq RESTART WITH 100000000 INCREMENT BY 1;
CREATE OR REPLACE FUNCTION GENNEWID_CONST(varchar(64), VARIADIC arr int[])
   RETURNS int AS $$
DECLARE
  inserted_id integer;
  existing_id integer;
BEGIN
  SELECT NEWID INTO existing_id FROM GENNEWID_MAP
  WHERE VIEWRULEID = $1 AND INPUTS = $2;
  IF not found THEN
    INSERT INTO GENNEWID_MAP (VIEWRULEID, INPUTS) VALUES ($1,$2) RETURNING NEWID INTO inserted_id;
    RETURN inserted_id;
  ELSE
    RETURN existing_id;
  END IF;
END;
$$ LANGUAGE 'plpgsql';


DROP MATERIALIZED VIEW IF EXISTS MATCH_Shoppers_0 CASCADE

CREATE MATERIALIZED VIEW MATCH_Shoppers_0 AS ((SELECT DISTINCT R0._0 AS _0, R0._1 AS _1, R0._2 AS _2 FROM E_g AS R0 CROSS JOIN N_g AS R1 CROSS JOIN N_g AS R2 WHERE R0._1 = R1._0 AND R0._2 = R2._0 AND R0._3 = 'bought' AND R1._1 = 'Person' AND R2._1 = 'Product'));

CREATE INDEX IF NOT EXISTS MATCH_Shoppers_0___0 ON MATCH_Shoppers_0 (_0)

CREATE INDEX IF NOT EXISTS MATCH_Shoppers_0___1 ON MATCH_Shoppers_0 (_1)

CREATE INDEX IF NOT EXISTS MATCH_Shoppers_0___2 ON MATCH_Shoppers_0 (_2)

DROP VIEW IF EXISTS DMAP_Shoppers CASCADE

CREATE VIEW DMAP_Shoppers AS ((SELECT DISTINCT R0._0 AS _0, R0._0 AS _1 FROM N_g AS R0));

DROP MATERIALIZED VIEW IF EXISTS N_Shoppers CASCADE

CREATE MATERIALIZED VIEW N_Shoppers AS ((SELECT DISTINCT R0._0 AS _0, R0._1 AS _1 FROM N_g AS R0));

CREATE INDEX IF NOT EXISTS N_Shoppers___0 ON N_Shoppers (_0)

CREATE INDEX IF NOT EXISTS N_Shoppers___1 ON N_Shoppers (_1)

DROP MATERIALIZED VIEW IF EXISTS E_Shoppers CASCADE

CREATE MATERIALIZED VIEW E_Shoppers AS ((SELECT DISTINCT R0._0 AS _0, R1._1 AS _1, R2._1 AS _2, R0._3 AS _3 FROM E_g AS R0 CROSS JOIN DMAP_Shoppers AS R1 CROSS JOIN DMAP_Shoppers AS R2 WHERE R0._2 = R2._0 AND R0._1 = R1._0));

CREATE INDEX IF NOT EXISTS E_Shoppers___0 ON E_Shoppers (_0)

CREATE INDEX IF NOT EXISTS E_Shoppers___1 ON E_Shoppers (_1)

CREATE INDEX IF NOT EXISTS E_Shoppers___2 ON E_Shoppers (_2)

CREATE INDEX IF NOT EXISTS E_Shoppers___3 ON E_Shoppers (_3)

SELECT version();

CREATE OR REPLACE FUNCTION process_ivm_node_insertion() RETURNS TRIGGER AS $ivm_node_insert$
DECLARE
BEGIN
	INSERT INTO n_v0 (_0, _1) VALUES (NEW._0, NEW._1);
	RETURN NULL; -- result is ignored since this is an AFTER trigger
END;
$ivm_node_insert$ LANGUAGE plpgsql;

CREATE TRIGGER ivm_node_insert
AFTER INSERT ON n_g
	FOR EACH ROW
	EXECUTE FUNCTION process_ivm_node_insertion();


CREATE OR REPLACE FUNCTION process_ivm_edge_insertion() RETURNS TRIGGER AS $ivm_edge_insert$
DECLARE
	-- variables below are default variables
	cnt integer;
	curs record;
BEGIN
DROP TABLE IF EXISTS map_temp;
CREATE TEMPORARY TABLE map_temp (
	_0      integer NOT NULL,
	_1      varchar(16) NOT NULL,
	_2      integer NOT NULL,
	_3      varchar(16) NOT NULL
);
FOR curs IN
	SELECT DISTINCT R0._0 AS _0, R0._1 AS _1, R0._2 AS _2 FROM E_g AS R0 CROSS JOIN N_g AS R1 CROSS JOIN N_g AS R2 WHERE ( R0._0 = NEW._0) AND R0._1 = R1._0 AND R0._2 = R2._0 AND R0._3 = 'bought' AND R1._1 = 'Person' AND R2._1 = 'Product'
LOOP
	RAISE NOTICE 'TARGET _0: %', curs._0;
END LOOP;
-- below are common for rules
	INSERT INTO map_Shoppers SELECT _0, _1, _2, _3 FROM map_temp;

RETURN NULL; -- result is ignored since this is an AFTER trigger
END;
$ivm_edge_insert$ LANGUAGE plpgsql;


CREATE TRIGGER ivm_edge_insert
AFTER INSERT ON e_g
	FOR EACH ROW EXECUTE FUNCTION process_ivm_edge_insertion();

DROP TABLE IF EXISTS GENNEWID_MAP CASCADE;


CREATE TABLE GENNEWID_MAP (
  NEWID SERIAL PRIMARY KEY NOT NULL,
  VIEWRULEID varchar(64) NOT NULL,
  INPUTS integer[]
);
CREATE INDEX IF NOT EXISTS newid_vrm_idx ON GENNEWID_MAP (VIEWRULEID, INPUTS);
ALTER SEQUENCE GENNEWID_MAP_NEWID_seq RESTART WITH 100000000 INCREMENT BY 1;
CREATE OR REPLACE FUNCTION GENNEWID_CONST(varchar(64), VARIADIC arr int[])
   RETURNS int AS $$
DECLARE
  inserted_id integer;
  existing_id integer;
BEGIN
  SELECT NEWID INTO existing_id FROM GENNEWID_MAP
  WHERE VIEWRULEID = $1 AND INPUTS = $2;
  IF not found THEN
    INSERT INTO GENNEWID_MAP (VIEWRULEID, INPUTS) VALUES ($1,$2) RETURNING NEWID INTO inserted_id;
    RETURN inserted_id;
  ELSE
    RETURN existing_id;
  END IF;
END;
$$ LANGUAGE 'plpgsql';


DROP MATERIALIZED VIEW IF EXISTS MATCH_HighPay_0 CASCADE

CREATE MATERIALIZED VIEW MATCH_HighPay_0 AS ((SELECT DISTINCT R0._0 AS _0, R0._1 AS _1, R0._2 AS _2, R3._2 AS _3 FROM E_g AS R0 CROSS JOIN N_g AS R1 CROSS JOIN N_g AS R2 CROSS JOIN EP_g AS R3 WHERE R0._1 = R1._0 AND R0._2 = R2._0 AND R0._0 = R3._0 AND R3._2 > 150000 AND R0._3 = 'works_at' AND R1._1 = 'Person' AND R2._1 = 'Company' AND R3._1 = 'salary'));

CREATE INDEX IF NOT EXISTS MATCH_HighPay_0___0 ON MATCH_HighPay_0 (_0)

CREATE INDEX IF NOT EXISTS MATCH_HighPay_0___1 ON MATCH_HighPay_0 (_1)

CREATE INDEX IF NOT EXISTS MATCH_HighPay_0___2 ON MATCH_HighPay_0 (_2)

CREATE INDEX IF NOT EXISTS MATCH_HighPay_0___3 ON MATCH_HighPay_0 (_3)

DROP VIEW IF EXISTS DMAP_HighPay CASCADE

CREATE VIEW DMAP_HighPay AS ((SELECT DISTINCT R0._0 AS _0, R0._0 AS _1 FROM N_g AS R0));

DROP MATERIALIZED VIEW IF EXISTS N_HighPay CASCADE

CREATE MATERIALIZED VIEW N_HighPay AS ((SELECT DISTINCT R0._0 AS _0, R0._1 AS _1 FROM N_g AS R0));

CREATE INDEX IF NOT EXISTS N_HighPay___0 ON N_HighPay (_0)

CREATE INDEX IF NOT EXISTS N_HighPay___1 ON N_HighPay (_1)

DROP MATERIALIZED VIEW IF EXISTS E_HighPay CASCADE

CREATE MATERIALIZED VIEW E_HighPay AS ((SELECT DISTINCT R0._0 AS _0, R1._1 AS _1, R2._1 AS _2, R0._3 AS _3 FROM E_g AS R0 CROSS JOIN DMAP_HighPay AS R1 CROSS JOIN DMAP_HighPay AS R2 WHERE R0._2 = R2._0 AND R0._1 = R1._0));

CREATE INDEX IF NOT EXISTS E_HighPay___0 ON E_HighPay (_0)

CREATE INDEX IF NOT EXISTS E_HighPay___1 ON E_HighPay (_1)

CREATE INDEX IF NOT EXISTS E_HighPay___2 ON E_HighPay (_2)

CREATE INDEX IF NOT EXISTS E_HighPay___3 ON E_HighPay (_3)

SELECT version();

CREATE OR REPLACE FUNCTION process_ivm_node_insertion() RETURNS TRIGGER AS $ivm_node_insert$
DECLARE
BEGIN
	INSERT INTO n_v0 (_0, _1) VALUES (NEW._0, NEW._1);
	RETURN NULL; -- result is ignored since this is an AFTER trigger
END;
$ivm_node_insert$ LANGUAGE plpgsql;

CREATE TRIGGER ivm_node_insert
AFTER INSERT ON n_g
	FOR EACH ROW
	EXECUTE FUNCTION process_ivm_node_insertion();


CREATE OR REPLACE FUNCTION process_ivm_edge_insertion() RETURNS TRIGGER AS $ivm_edge_insert$
DECLARE
	-- variables below are default variables
	cnt integer;
	curs record;
BEGIN
DROP TABLE IF EXISTS map_temp;
CREATE TEMPORARY TABLE map_temp (
	_0      integer NOT NULL,
	_1      varchar(16) NOT NULL,
	_2      integer NOT NULL,
	_3      varchar(16) NOT NULL
);
FOR curs IN
	SELECT DISTINCT R0._0 AS _0, R0._1 AS _1, R0._2 AS _2, R3._2 AS _3 FROM E_g AS R0 CROSS JOIN N_g AS R1 CROSS JOIN N_g AS R2 CROSS JOIN EP_g AS R3 WHERE ( R0._0 = NEW._0 OR R3._0 = NEW._0 ) AND R0._1 = R1._0 AND R0._2 = R2._0 AND R0._0 = R3._0 AND R3._2 > 150000 AND R0._3 = 'works_at' AND R1._1 = 'Person' AND R2._1 = 'Company' AND R3._1 = 'salary'
LOOP
	RAISE NOTICE 'TARGET _0: %', curs._0;
END LOOP;
-- below are common for rules
	INSERT INTO map_HighPay SELECT _0, _1, _2, _3 FROM map_temp;

RETURN NULL; -- result is ignored since this is an AFTER trigger
END;
$ivm_edge_insert$ LANGUAGE plpgsql;


CREATE TRIGGER ivm_edge_insert
AFTER INSERT ON e_g
	FOR EACH ROW EXECUTE FUNCTION process_ivm_edge_insertion();

SELECT DISTINCT R0._0 AS _0 FROM EGD AS R0

SELECT DISTINCT R0._0 AS _0, R0._1 AS _1, R0._2 AS _2 FROM CATALOG_INDEX AS R0

SELECT DISTINCT R0._0 AS _0, R0._1 AS _1 FROM CATALOG_SINDEX AS R0

SELECT DISTINCT R0._0 AS _0 FROM N_schema AS R0

SELECT DISTINCT R0._0 AS _0, R0._1 AS _1, R0._2 AS _2 FROM E_schema AS R0

SELECT DISTINCT R0._0 AS _0, R0._1 AS _1, R0._2 AS _2, R0._3 AS _3, R0._4 AS _4 FROM CATALOG_VIEW AS R0

DROP TABLE IF EXISTS GENNEWID_MAP CASCADE;


CREATE TABLE GENNEWID_MAP (
  NEWID SERIAL PRIMARY KEY NOT NULL,
  VIEWRULEID varchar(64) NOT NULL,
  INPUTS integer[]
);
CREATE INDEX IF NOT EXISTS newid_vrm_idx ON GENNEWID_MAP (VIEWRULEID, INPUTS);
ALTER SEQUENCE GENNEWID_MAP_NEWID_seq RESTART WITH 100000000 INCREMENT BY 1;
CREATE OR REPLACE FUNCTION GENNEWID_CONST(varchar(64), VARIADIC arr int[])
   RETURNS int AS $$
DECLARE
  inserted_id integer;
  existing_id integer;
BEGIN
  SELECT NEWID INTO existing_id FROM GENNEWID_MAP
  WHERE VIEWRULEID = $1 AND INPUTS = $2;
  IF not found THEN
    INSERT INTO GENNEWID_MAP (VIEWRULEID, INPUTS) VALUES ($1,$2) RETURNING NEWID INTO inserted_id;
    RETURN inserted_id;
  ELSE
    RETURN existing_id;
  END IF;
END;
$$ LANGUAGE 'plpgsql';


DROP MATERIALIZED VIEW IF EXISTS MATCH_Veterans_0 CASCADE

CREATE MATERIALIZED VIEW MATCH_Veterans_0 AS ((SELECT DISTINCT R0._0 AS _0, R0._1 AS _1, R0._2 AS _2, R3._2 AS _3 FROM E_g AS R0 CROSS JOIN N_g AS R1 CROSS JOIN N_g AS R2 CROSS JOIN EP_g AS R3 WHERE R0._1 = R1._0 AND R0._2 = R2._0 AND R0._0 = R3._0 AND R3._2 > 10 AND R0._3 = 'works_at' AND R1._1 = 'Person' AND R2._1 = 'Company' AND R3._1 = 'years'));

CREATE INDEX IF NOT EXISTS MATCH_Veterans_0___0 ON MATCH_Veterans_0 (_0)

CREATE INDEX IF NOT EXISTS MATCH_Veterans_0___1 ON MATCH_Veterans_0 (_1)

CREATE INDEX IF NOT EXISTS MATCH_Veterans_0___2 ON MATCH_Veterans_0 (_2)

CREATE INDEX IF NOT EXISTS MATCH_Veterans_0___3 ON MATCH_Veterans_0 (_3)

DROP VIEW IF EXISTS DMAP_Veterans CASCADE

CREATE VIEW DMAP_Veterans AS ((SELECT DISTINCT R0._0 AS _0, R0._0 AS _1 FROM N_g AS R0));

DROP MATERIALIZED VIEW IF EXISTS N_Veterans CASCADE

CREATE MATERIALIZED VIEW N_Veterans AS ((SELECT DISTINCT R0._0 AS _0, R0._1 AS _1 FROM N_g AS R0));

CREATE INDEX IF NOT EXISTS N_Veterans___0 ON N_Veterans (_0)

CREATE INDEX IF NOT EXISTS N_Veterans___1 ON N_Veterans (_1)

DROP MATERIALIZED VIEW IF EXISTS E_Veterans CASCADE

CREATE MATERIALIZED VIEW E_Veterans AS ((SELECT DISTINCT R0._0 AS _0, R1._1 AS _1, R2._1 AS _2, R0._3 AS _3 FROM E_g AS R0 CROSS JOIN DMAP_Veterans AS R1 CROSS JOIN DMAP_Veterans AS R2 WHERE R0._2 = R2._0 AND R0._1 = R1._0));

CREATE INDEX IF NOT EXISTS E_Veterans___0 ON E_Veterans (_0)

CREATE INDEX IF NOT EXISTS E_Veterans___1 ON E_Veterans (_1)

CREATE INDEX IF NOT EXISTS E_Veterans___2 ON E_Veterans (_2)

CREATE INDEX IF NOT EXISTS E_Veterans___3 ON E_Veterans (_3)

SELECT version();

CREATE OR REPLACE FUNCTION process_ivm_node_insertion() RETURNS TRIGGER AS $ivm_node_insert$
DECLARE
BEGIN
	INSERT INTO n_v0 (_0, _1) VALUES (NEW._0, NEW._1);
	RETURN NULL; -- result is ignored since this is an AFTER trigger
END;
$ivm_node_insert$ LANGUAGE plpgsql;

CREATE TRIGGER ivm_node_insert
AFTER INSERT ON n_g
	FOR EACH ROW
	EXECUTE FUNCTION process_ivm_node_insertion();


CREATE OR REPLACE FUNCTION process_ivm_edge_insertion() RETURNS TRIGGER AS $ivm_edge_insert$
DECLARE
	-- variables below are default variables
	cnt integer;
	curs record;
BEGIN
DROP TABLE IF EXISTS map_temp;
CREATE TEMPORARY TABLE map_temp (
	_0      integer NOT NULL,
	_1      varchar(16) NOT NULL,
	_2      integer NOT NULL,
	_3      varchar(16) NOT NULL
);
FOR curs IN
	SELECT DISTINCT R0._0 AS _0, R0._1 AS _1, R0._2 AS _2, R3._2 AS _3 FROM E_g AS R0 CROSS JOIN N_g AS R1 CROSS JOIN N_g AS R2 CROSS JOIN EP_g AS R3 WHERE ( R0._0 = NEW._0 OR R3._0 = NEW._0 ) AND R0._1 = R1._0 AND R0._2 = R2._0 AND R0._0 = R3._0 AND R3._2 > 10 AND R0._3 = 'works_at' AND R1._1 = 'Person' AND R2._1 = 'Company' AND R3._1 = 'years'
LOOP
	RAISE NOTICE 'TARGET _0: %', curs._0;
END LOOP;
-- below are common for rules
	INSERT INTO map_Veterans SELECT _0, _1, _2, _3 FROM map_temp;

RETURN NULL; -- result is ignored since this is an AFTER trigger
END;
$ivm_edge_insert$ LANGUAGE plpgsql;


CREATE TRIGGER ivm_edge_insert
AFTER INSERT ON e_g
	FOR EACH ROW EXECUTE FUNCTION process_ivm_edge_insertion();

DROP TABLE IF EXISTS GENNEWID_MAP CASCADE;


CREATE TABLE GENNEWID_MAP (
  NEWID SERIAL PRIMARY KEY NOT NULL,
  VIEWRULEID varchar(64) NOT NULL,
  INPUTS integer[]
);
CREATE INDEX IF NOT EXISTS newid_vrm_idx ON GENNEWID_MAP (VIEWRULEID, INPUTS);
ALTER SEQUENCE GENNEWID_MAP_NEWID_seq RESTART WITH 100000000 INCREMENT BY 1;
CREATE OR REPLACE FUNCTION GENNEWID_CONST(varchar(64), VARIADIC arr int[])
   RETURNS int AS $$
DECLARE
  inserted_id integer;
  existing_id integer;
BEGIN
  SELECT NEWID INTO existing_id FROM GENNEWID_MAP
  WHERE VIEWRULEID = $1 AND INPUTS = $2;
  IF not found THEN
    INSERT INTO GENNEWID_MAP (VIEWRULEID, INPUTS) VALUES ($1,$2) RETURNING NEWID INTO inserted_id;
    RETURN inserted_id;
  ELSE
    RETURN existing_id;
  END IF;
END;
$$ LANGUAGE 'plpgsql';


DROP MATERIALIZED VIEW IF EXISTS MATCH_Friends_0 CASCADE

CREATE MATERIALIZED VIEW MATCH_Friends_0 AS ((SELECT DISTINCT R0._0 AS _0, R0._1 AS _1, R0._2 AS _2 FROM E_g AS R0 CROSS JOIN N_g AS R1 CROSS JOIN N_g AS R2 WHERE R0._1 = R1._0 AND R0._2 = R2._0 AND R0._3 = 'knows' AND R1._1 = 'Person' AND R2._1 = 'Person'));

CREATE INDEX IF NOT EXISTS MATCH_Friends_0___0 ON MATCH_Friends_0 (_0)

CREATE INDEX IF NOT EXISTS MATCH_Friends_0___1 ON MATCH_Friends_0 (_1)

CREATE INDEX IF NOT EXISTS MATCH_Friends_0___2 ON MATCH_Friends_0 (_2)

DROP VIEW IF EXISTS DMAP_Friends CASCADE

CREATE VIEW DMAP_Friends AS ((SELECT DISTINCT R0._0 AS _0, R0._0 AS _1 FROM N_g AS R0));

DROP MATERIALIZED VIEW IF EXISTS N_Friends CASCADE

CREATE MATERIALIZED VIEW N_Friends AS ((SELECT DISTINCT R0._0 AS _0, R0._1 AS _1 FROM N_g AS R0));

CREATE INDEX IF NOT EXISTS N_Friends___0 ON N_Friends (_0)

CREATE INDEX IF NOT EXISTS N_Friends___1 ON N_Friends (_1)

DROP MATERIALIZED VIEW IF EXISTS E_Friends CASCADE

CREATE MATERIALIZED VIEW E_Friends AS ((SELECT DISTINCT R0._0 AS _0, R1._1 AS _1, R2._1 AS _2, R0._3 AS _3 FROM E_g AS R0 CROSS JOIN DMAP_Friends AS R1 CROSS JOIN DMAP_Friends AS R2 WHERE R0._2 = R2._0 AND R0._1 = R1._0));

CREATE INDEX IF NOT EXISTS E_Friends___0 ON E_Friends (_0)

CREATE INDEX IF NOT EXISTS E_Friends___1 ON E_Friends (_1)

CREATE INDEX IF NOT EXISTS E_Friends___2 ON E_Friends (_2)

CREATE INDEX IF NOT EXISTS E_Friends___3 ON E_Friends (_3)

SELECT version();

CREATE OR REPLACE FUNCTION process_ivm_node_insertion() RETURNS TRIGGER AS $ivm_node_insert$
DECLARE
BEGIN
	INSERT INTO n_v0 (_0, _1) VALUES (NEW._0, NEW._1);
	RETURN NULL; -- result is ignored since this is an AFTER trigger
END;
$ivm_node_insert$ LANGUAGE plpgsql;

CREATE TRIGGER ivm_node_insert
AFTER INSERT ON n_g
	FOR EACH ROW
	EXECUTE FUNCTION process_ivm_node_insertion();


CREATE OR REPLACE FUNCTION process_ivm_edge_insertion() RETURNS TRIGGER AS $ivm_edge_insert$
DECLARE
	-- variables below are default variables
	cnt integer;
	curs record;
BEGIN
DROP TABLE IF EXISTS map_temp;
CREATE TEMPORARY TABLE map_temp (
	_0      integer NOT NULL,
	_1      varchar(16) NOT NULL,
	_2      integer NOT NULL,
	_3      varchar(16) NOT NULL
);
FOR curs IN
	SELECT DISTINCT R0._0 AS _0, R0._1 AS _1, R0._2 AS _2 FROM E_g AS R0 CROSS JOIN N_g AS R1 CROSS JOIN N_g AS R2 WHERE ( R0._0 = NEW._0) AND R0._1 = R1._0 AND R0._2 = R2._0 AND R0._3 = 'knows' AND R1._1 = 'Person' AND R2._1 = 'Person'
LOOP
	RAISE NOTICE 'TARGET _0: %', curs._0;
END LOOP;
-- below are common for rules
	INSERT INTO map_Friends SELECT _0, _1, _2, _3 FROM map_temp;

RETURN NULL; -- result is ignored since this is an AFTER trigger
END;
$ivm_edge_insert$ LANGUAGE plpgsql;


CREATE TRIGGER ivm_edge_insert
AFTER INSERT ON e_g
	FOR EACH ROW EXECUTE FUNCTION process_ivm_edge_insertion();

DROP TABLE IF EXISTS GENNEWID_MAP CASCADE;


CREATE TABLE GENNEWID_MAP (
  NEWID SERIAL PRIMARY KEY NOT NULL,
  VIEWRULEID varchar(64) NOT NULL,
  INPUTS integer[]
);
CREATE INDEX IF NOT EXISTS newid_vrm_idx ON GENNEWID_MAP (VIEWRULEID, INPUTS);
ALTER SEQUENCE GENNEWID_MAP_NEWID_seq RESTART WITH 100000000 INCREMENT BY 1;
CREATE OR REPLACE FUNCTION GENNEWID_CONST(varchar(64), VARIADIC arr int[])
   RETURNS int AS $$
DECLARE
  inserted_id integer;
  existing_id integer;
BEGIN
  SELECT NEWID INTO existing_id FROM GENNEWID_MAP
  WHERE VIEWRULEID = $1 AND INPUTS = $2;
  IF not found THEN
    INSERT INTO GENNEWID_MAP (VIEWRULEID, INPUTS) VALUES ($1,$2) RETURNING NEWID INTO inserted_id;
    RETURN inserted_id;
  ELSE
    RETURN existing_id;
  END IF;
END;
$$ LANGUAGE 'plpgsql';


DROP MATERIALIZED VIEW IF EXISTS MATCH_Shoppers_0 CASCADE

CREATE MATERIALIZED VIEW MATCH_Shoppers_0 AS ((SELECT DISTINCT R0._0 AS _0, R0._1 AS _1, R0._2 AS _2 FROM E_g AS R0 CROSS JOIN N_g AS R1 CROSS JOIN N_g AS R2 WHERE R0._1 = R1._0 AND R0._2 = R2._0 AND R0._3 = 'bought' AND R1._1 = 'Person' AND R2._1 = 'Product'));

CREATE INDEX IF NOT EXISTS MATCH_Shoppers_0___0 ON MATCH_Shoppers_0 (_0)

CREATE INDEX IF NOT EXISTS MATCH_Shoppers_0___1 ON MATCH_Shoppers_0 (_1)

CREATE INDEX IF NOT EXISTS MATCH_Shoppers_0___2 ON MATCH_Shoppers_0 (_2)

DROP VIEW IF EXISTS DMAP_Shoppers CASCADE

CREATE VIEW DMAP_Shoppers AS ((SELECT DISTINCT R0._0 AS _0, R0._0 AS _1 FROM N_g AS R0));

DROP MATERIALIZED VIEW IF EXISTS N_Shoppers CASCADE

CREATE MATERIALIZED VIEW N_Shoppers AS ((SELECT DISTINCT R0._0 AS _0, R0._1 AS _1 FROM N_g AS R0));

CREATE INDEX IF NOT EXISTS N_Shoppers___0 ON N_Shoppers (_0)

CREATE INDEX IF NOT EXISTS N_Shoppers___1 ON N_Shoppers (_1)

DROP MATERIALIZED VIEW IF EXISTS E_Shoppers CASCADE

CREATE MATERIALIZED VIEW E_Shoppers AS ((SELECT DISTINCT R0._0 AS _0, R1._1 AS _1, R2._1 AS _2, R0._3 AS _3 FROM E_g AS R0 CROSS JOIN DMAP_Shoppers AS R1 CROSS JOIN DMAP_Shoppers AS R2 WHERE R0._2 = R2._0 AND R0._1 = R1._0));

CREATE INDEX IF NOT EXISTS E_Shoppers___0 ON E_Shoppers (_0)

CREATE INDEX IF NOT EXISTS E_Shoppers___1 ON E_Shoppers (_1)

CREATE INDEX IF NOT EXISTS E_Shoppers___2 ON E_Shoppers (_2)

CREATE INDEX IF NOT EXISTS E_Shoppers___3 ON E_Shoppers (_3)

SELECT version();

CREATE OR REPLACE FUNCTION process_ivm_node_insertion() RETURNS TRIGGER AS $ivm_node_insert$
DECLARE
BEGIN
	INSERT INTO n_v0 (_0, _1) VALUES (NEW._0, NEW._1);
	RETURN NULL; -- result is ignored since this is an AFTER trigger
END;
$ivm_node_insert$ LANGUAGE plpgsql;

CREATE TRIGGER ivm_node_insert
AFTER INSERT ON n_g
	FOR EACH ROW
	EXECUTE FUNCTION process_ivm_node_insertion();


CREATE OR REPLACE FUNCTION process_ivm_edge_insertion() RETURNS TRIGGER AS $ivm_edge_insert$
DECLARE
	-- variables below are default variables
	cnt integer;
	curs record;
BEGIN
DROP TABLE IF EXISTS map_temp;
CREATE TEMPORARY TABLE map_temp (
	_0      integer NOT NULL,
	_1      varchar(16) NOT NULL,
	_2      integer NOT NULL,
	_3      varchar(16) NOT NULL
);
FOR curs IN
	SELECT DISTINCT R0._0 AS _0, R0._1 AS _1, R0._2 AS _2 FROM E_g AS R0 CROSS JOIN N_g AS R1 CROSS JOIN N_g AS R2 WHERE ( R0._0 = NEW._0) AND R0._1 = R1._0 AND R0._2 = R2._0 AND R0._3 = 'bought' AND R1._1 = 'Person' AND R2._1 = 'Product'
LOOP
	RAISE NOTICE 'TARGET _0: %', curs._0;
END LOOP;
-- below are common for rules
	INSERT INTO map_Shoppers SELECT _0, _1, _2, _3 FROM map_temp;

RETURN NULL; -- result is ignored since this is an AFTER trigger
END;
$ivm_edge_insert$ LANGUAGE plpgsql;


CREATE TRIGGER ivm_edge_insert
AFTER INSERT ON e_g
	FOR EACH ROW EXECUTE FUNCTION process_ivm_edge_insertion();

DROP TABLE IF EXISTS GENNEWID_MAP CASCADE;


CREATE TABLE GENNEWID_MAP (
  NEWID SERIAL PRIMARY KEY NOT NULL,
  VIEWRULEID varchar(64) NOT NULL,
  INPUTS integer[]
);
CREATE INDEX IF NOT EXISTS newid_vrm_idx ON GENNEWID_MAP (VIEWRULEID, INPUTS);
ALTER SEQUENCE GENNEWID_MAP_NEWID_seq RESTART WITH 100000000 INCREMENT BY 1;
CREATE OR REPLACE FUNCTION GENNEWID_CONST(varchar(64), VARIADIC arr int[])
   RETURNS int AS $$
DECLARE
  inserted_id integer;
  existing_id integer;
BEGIN
  SELECT NEWID INTO existing_id FROM GENNEWID_MAP
  WHERE VIEWRULEID = $1 AND INPUTS = $2;
  IF not found THEN
    INSERT INTO GENNEWID_MAP (VIEWRULEID, INPUTS) VALUES ($1,$2) RETURNING NEWID INTO inserted_id;
    RETURN inserted_id;
  ELSE
    RETURN existing_id;
  END IF;
END;
$$ LANGUAGE 'plpgsql';


DROP MATERIALIZED VIEW IF EXISTS MATCH_HighPay_0 CASCADE

CREATE MATERIALIZED VIEW MATCH_HighPay_0 AS ((SELECT DISTINCT R0._0 AS _0, R0._1 AS _1, R0._2 AS _2, R3._2 AS _3 FROM E_g AS R0 CROSS JOIN N_g AS R1 CROSS JOIN N_g AS R2 CROSS JOIN EP_g AS R3 WHERE R0._1 = R1._0 AND R0._2 = R2._0 AND R0._0 = R3._0 AND R3._2 > 150000 AND R0._3 = 'works_at' AND R1._1 = 'Person' AND R2._1 = 'Company' AND R3._1 = 'salary'));

CREATE INDEX IF NOT EXISTS MATCH_HighPay_0___0 ON MATCH_HighPay_0 (_0)

CREATE INDEX IF NOT EXISTS MATCH_HighPay_0___1 ON MATCH_HighPay_0 (_1)

CREATE INDEX IF NOT EXISTS MATCH_HighPay_0___2 ON MATCH_HighPay_0 (_2)

CREATE INDEX IF NOT EXISTS MATCH_HighPay_0___3 ON MATCH_HighPay_0 (_3)

DROP VIEW IF EXISTS DMAP_HighPay CASCADE

CREATE VIEW DMAP_HighPay AS ((SELECT DISTINCT R0._0 AS _0, R0._0 AS _1 FROM N_g AS R0));

DROP MATERIALIZED VIEW IF EXISTS N_HighPay CASCADE

CREATE MATERIALIZED VIEW N_HighPay AS ((SELECT DISTINCT R0._0 AS _0, R0._1 AS _1 FROM N_g AS R0));

CREATE INDEX IF NOT EXISTS N_HighPay___0 ON N_HighPay (_0)

CREATE INDEX IF NOT EXISTS N_HighPay___1 ON N_HighPay (_1)

DROP MATERIALIZED VIEW IF EXISTS E_HighPay CASCADE

CREATE MATERIALIZED VIEW E_HighPay AS ((SELECT DISTINCT R0._0 AS _0, R1._1 AS _1, R2._1 AS _2, R0._3 AS _3 FROM E_g AS R0 CROSS JOIN DMAP_HighPay AS R1 CROSS JOIN DMAP_HighPay AS R2 WHERE R0._2 = R2._0 AND R0._1 = R1._0));

CREATE INDEX IF NOT EXISTS E_HighPay___0 ON E_HighPay (_0)

CREATE INDEX IF NOT EXISTS E_HighPay___1 ON E_HighPay (_1)

CREATE INDEX IF NOT EXISTS E_HighPay___2 ON E_HighPay (_2)

CREATE INDEX IF NOT EXISTS E_HighPay___3 ON E_HighPay (_3)

SELECT version();

CREATE OR REPLACE FUNCTION process_ivm_node_insertion() RETURNS TRIGGER AS $ivm_node_insert$
DECLARE
BEGIN
	INSERT INTO n_v0 (_0, _1) VALUES (NEW._0, NEW._1);
	RETURN NULL; -- result is ignored since this is an AFTER trigger
END;
$ivm_node_insert$ LANGUAGE plpgsql;

CREATE TRIGGER ivm_node_insert
AFTER INSERT ON n_g
	FOR EACH ROW
	EXECUTE FUNCTION process_ivm_node_insertion();


CREATE OR REPLACE FUNCTION process_ivm_edge_insertion() RETURNS TRIGGER AS $ivm_edge_insert$
DECLARE
	-- variables below are default variables
	cnt integer;
	curs record;
BEGIN
DROP TABLE IF EXISTS map_temp;
CREATE TEMPORARY TABLE map_temp (
	_0      integer NOT NULL,
	_1      varchar(16) NOT NULL,
	_2      integer NOT NULL,
	_3      varchar(16) NOT NULL
);
FOR curs IN
	SELECT DISTINCT R0._0 AS _0, R0._1 AS _1, R0._2 AS _2, R3._2 AS _3 FROM E_g AS R0 CROSS JOIN N_g AS R1 CROSS JOIN N_g AS R2 CROSS JOIN EP_g AS R3 WHERE ( R0._0 = NEW._0 OR R3._0 = NEW._0 ) AND R0._1 = R1._0 AND R0._2 = R2._0 AND R0._0 = R3._0 AND R3._2 > 150000 AND R0._3 = 'works_at' AND R1._1 = 'Person' AND R2._1 = 'Company' AND R3._1 = 'salary'
LOOP
	RAISE NOTICE 'TARGET _0: %', curs._0;
END LOOP;
-- below are common for rules
	INSERT INTO map_HighPay SELECT _0, _1, _2, _3 FROM map_temp;

RETURN NULL; -- result is ignored since this is an AFTER trigger
END;
$ivm_edge_insert$ LANGUAGE plpgsql;


CREATE TRIGGER ivm_edge_insert
AFTER INSERT ON e_g
	FOR EACH ROW EXECUTE FUNCTION process_ivm_edge_insertion();

SELECT DISTINCT R0._0 AS _0 FROM EGD AS R0

SELECT DISTINCT R0._0 AS _0, R0._1 AS _1, R0._2 AS _2 FROM CATALOG_INDEX AS R0

SELECT DISTINCT R0._0 AS _0, R0._1 AS _1 FROM CATALOG_SINDEX AS R0

SELECT DISTINCT R0._0 AS _0 FROM N_schema AS R0

SELECT DISTINCT R0._0 AS _0, R0._1 AS _1, R0._2 AS _2 FROM E_schema AS R0

((SELECT DISTINCT R0._1 AS _0 FROM E_g AS R0 CROSS JOIN N_g AS R2 CROSS JOIN N_g AS R4 CROSS JOIN EP_g AS R6 WHERE R0._1 = R2._0 AND R0._2 = R4._0 AND R0._0 = R6._0 AND R0._3 = 'works_at' AND R2._1 = 'Person' AND R4._1 = 'Company' AND R6._1 = 'department' AND R6._2 = 'IT'));

((SELECT DISTINCT R0._0 AS _0 FROM N_HighPay AS R0 WHERE R0._1 = 'Person'));

((SELECT DISTINCT R0._1 AS _0 FROM E_g AS R0 CROSS JOIN N_g AS R2 CROSS JOIN N_g AS R4 CROSS JOIN NP_g AS R6 WHERE R0._1 = R2._0 AND R0._2 = R4._0 AND R0._2 = R6._0 AND R0._3 = 'works_at' AND R2._1 = 'Person' AND R4._1 = 'Company' AND R6._1 = 'industry' AND R6._2 = 'Finance'));

((SELECT DISTINCT R0._0 AS _0 FROM N_Friends AS R0 WHERE R0._1 = 'Person'));

((SELECT DISTINCT R0._0 AS _0 FROM N_g AS R0 WHERE R0._1 = 'Person'));

SELECT DISTINCT R0._0 AS _0, R0._1 AS _1, R0._2 AS _2, R0._3 AS _3, R0._4 AS _4 FROM CATALOG_VIEW AS R0

DROP TABLE IF EXISTS GENNEWID_MAP CASCADE;


CREATE TABLE GENNEWID_MAP (
  NEWID SERIAL PRIMARY KEY NOT NULL,
  VIEWRULEID varchar(64) NOT NULL,
  INPUTS integer[]
);
CREATE INDEX IF NOT EXISTS newid_vrm_idx ON GENNEWID_MAP (VIEWRULEID, INPUTS);
ALTER SEQUENCE GENNEWID_MAP_NEWID_seq RESTART WITH 100000000 INCREMENT BY 1;
CREATE OR REPLACE FUNCTION GENNEWID_CONST(varchar(64), VARIADIC arr int[])
   RETURNS int AS $$
DECLARE
  inserted_id integer;
  existing_id integer;
BEGIN
  SELECT NEWID INTO existing_id FROM GENNEWID_MAP
  WHERE VIEWRULEID = $1 AND INPUTS = $2;
  IF not found THEN
    INSERT INTO GENNEWID_MAP (VIEWRULEID, INPUTS) VALUES ($1,$2) RETURNING NEWID INTO inserted_id;
    RETURN inserted_id;
  ELSE
    RETURN existing_id;
  END IF;
END;
$$ LANGUAGE 'plpgsql';


DROP MATERIALIZED VIEW IF EXISTS MATCH_Veterans_0 CASCADE

CREATE MATERIALIZED VIEW MATCH_Veterans_0 AS ((SELECT DISTINCT R0._0 AS _0, R0._1 AS _1, R0._2 AS _2, R3._2 AS _3 FROM E_g AS R0 CROSS JOIN N_g AS R1 CROSS JOIN N_g AS R2 CROSS JOIN EP_g AS R3 WHERE R0._1 = R1._0 AND R0._2 = R2._0 AND R0._0 = R3._0 AND R3._2 > 10 AND R0._3 = 'works_at' AND R1._1 = 'Person' AND R2._1 = 'Company' AND R3._1 = 'years'));

CREATE INDEX IF NOT EXISTS MATCH_Veterans_0___0 ON MATCH_Veterans_0 (_0)

CREATE INDEX IF NOT EXISTS MATCH_Veterans_0___1 ON MATCH_Veterans_0 (_1)

CREATE INDEX IF NOT EXISTS MATCH_Veterans_0___2 ON MATCH_Veterans_0 (_2)

CREATE INDEX IF NOT EXISTS MATCH_Veterans_0___3 ON MATCH_Veterans_0 (_3)

DROP VIEW IF EXISTS DMAP_Veterans CASCADE

CREATE VIEW DMAP_Veterans AS ((SELECT DISTINCT R0._0 AS _0, R0._0 AS _1 FROM N_g AS R0));

DROP MATERIALIZED VIEW IF EXISTS N_Veterans CASCADE

CREATE MATERIALIZED VIEW N_Veterans AS ((SELECT DISTINCT R0._0 AS _0, R0._1 AS _1 FROM N_g AS R0));

CREATE INDEX IF NOT EXISTS N_Veterans___0 ON N_Veterans (_0)

CREATE INDEX IF NOT EXISTS N_Veterans___1 ON N_Veterans (_1)

DROP MATERIALIZED VIEW IF EXISTS E_Veterans CASCADE

CREATE MATERIALIZED VIEW E_Veterans AS ((SELECT DISTINCT R0._0 AS _0, R1._1 AS _1, R2._1 AS _2, R0._3 AS _3 FROM E_g AS R0 CROSS JOIN DMAP_Veterans AS R1 CROSS JOIN DMAP_Veterans AS R2 WHERE R0._2 = R2._0 AND R0._1 = R1._0));

CREATE INDEX IF NOT EXISTS E_Veterans___0 ON E_Veterans (_0)

CREATE INDEX IF NOT EXISTS E_Veterans___1 ON E_Veterans (_1)

CREATE INDEX IF NOT EXISTS E_Veterans___2 ON E_Veterans (_2)

CREATE INDEX IF NOT EXISTS E_Veterans___3 ON E_Veterans (_3)

SELECT version();

CREATE OR REPLACE FUNCTION process_ivm_node_insertion() RETURNS TRIGGER AS $ivm_node_insert$
DECLARE
BEGIN
	INSERT INTO n_v0 (_0, _1) VALUES (NEW._0, NEW._1);
	RETURN NULL; -- result is ignored since this is an AFTER trigger
END;
$ivm_node_insert$ LANGUAGE plpgsql;

CREATE TRIGGER ivm_node_insert
AFTER INSERT ON n_g
	FOR EACH ROW
	EXECUTE FUNCTION process_ivm_node_insertion();


CREATE OR REPLACE FUNCTION process_ivm_edge_insertion() RETURNS TRIGGER AS $ivm_edge_insert$
DECLARE
	-- variables below are default variables
	cnt integer;
	curs record;
BEGIN
DROP TABLE IF EXISTS map_temp;
CREATE TEMPORARY TABLE map_temp (
	_0      integer NOT NULL,
	_1      varchar(16) NOT NULL,
	_2      integer NOT NULL,
	_3      varchar(16) NOT NULL
);
FOR curs IN
	SELECT DISTINCT R0._0 AS _0, R0._1 AS _1, R0._2 AS _2, R3._2 AS _3 FROM E_g AS R0 CROSS JOIN N_g AS R1 CROSS JOIN N_g AS R2 CROSS JOIN EP_g AS R3 WHERE ( R0._0 = NEW._0 OR R3._0 = NEW._0 ) AND R0._1 = R1._0 AND R0._2 = R2._0 AND R0._0 = R3._0 AND R3._2 > 10 AND R0._3 = 'works_at' AND R1._1 = 'Person' AND R2._1 = 'Company' AND R3._1 = 'years'
LOOP
	RAISE NOTICE 'TARGET _0: %', curs._0;
END LOOP;
-- below are common for rules
	INSERT INTO map_Veterans SELECT _0, _1, _2, _3 FROM map_temp;

RETURN NULL; -- result is ignored since this is an AFTER trigger
END;
$ivm_edge_insert$ LANGUAGE plpgsql;


CREATE TRIGGER ivm_edge_insert
AFTER INSERT ON e_g
	FOR EACH ROW EXECUTE FUNCTION process_ivm_edge_insertion();

DROP TABLE IF EXISTS GENNEWID_MAP CASCADE;


CREATE TABLE GENNEWID_MAP (
  NEWID SERIAL PRIMARY KEY NOT NULL,
  VIEWRULEID varchar(64) NOT NULL,
  INPUTS integer[]
);
CREATE INDEX IF NOT EXISTS newid_vrm_idx ON GENNEWID_MAP (VIEWRULEID, INPUTS);
ALTER SEQUENCE GENNEWID_MAP_NEWID_seq RESTART WITH 100000000 INCREMENT BY 1;
CREATE OR REPLACE FUNCTION GENNEWID_CONST(varchar(64), VARIADIC arr int[])
   RETURNS int AS $$
DECLARE
  inserted_id integer;
  existing_id integer;
BEGIN
  SELECT NEWID INTO existing_id FROM GENNEWID_MAP
  WHERE VIEWRULEID = $1 AND INPUTS = $2;
  IF not found THEN
    INSERT INTO GENNEWID_MAP (VIEWRULEID, INPUTS) VALUES ($1,$2) RETURNING NEWID INTO inserted_id;
    RETURN inserted_id;
  ELSE
    RETURN existing_id;
  END IF;
END;
$$ LANGUAGE 'plpgsql';


DROP MATERIALIZED VIEW IF EXISTS MATCH_Friends_0 CASCADE

CREATE MATERIALIZED VIEW MATCH_Friends_0 AS ((SELECT DISTINCT R0._0 AS _0, R0._1 AS _1, R0._2 AS _2 FROM E_g AS R0 CROSS JOIN N_g AS R1 CROSS JOIN N_g AS R2 WHERE R0._1 = R1._0 AND R0._2 = R2._0 AND R0._3 = 'knows' AND R1._1 = 'Person' AND R2._1 = 'Person'));

CREATE INDEX IF NOT EXISTS MATCH_Friends_0___0 ON MATCH_Friends_0 (_0)

CREATE INDEX IF NOT EXISTS MATCH_Friends_0___1 ON MATCH_Friends_0 (_1)

CREATE INDEX IF NOT EXISTS MATCH_Friends_0___2 ON MATCH_Friends_0 (_2)

DROP VIEW IF EXISTS DMAP_Friends CASCADE

CREATE VIEW DMAP_Friends AS ((SELECT DISTINCT R0._0 AS _0, R0._0 AS _1 FROM N_g AS R0));

DROP MATERIALIZED VIEW IF EXISTS N_Friends CASCADE

CREATE MATERIALIZED VIEW N_Friends AS ((SELECT DISTINCT R0._0 AS _0, R0._1 AS _1 FROM N_g AS R0));

CREATE INDEX IF NOT EXISTS N_Friends___0 ON N_Friends (_0)

CREATE INDEX IF NOT EXISTS N_Friends___1 ON N_Friends (_1)

DROP MATERIALIZED VIEW IF EXISTS E_Friends CASCADE

CREATE MATERIALIZED VIEW E_Friends AS ((SELECT DISTINCT R0._0 AS _0, R1._1 AS _1, R2._1 AS _2, R0._3 AS _3 FROM E_g AS R0 CROSS JOIN DMAP_Friends AS R1 CROSS JOIN DMAP_Friends AS R2 WHERE R0._2 = R2._0 AND R0._1 = R1._0));

CREATE INDEX IF NOT EXISTS E_Friends___0 ON E_Friends (_0)

CREATE INDEX IF NOT EXISTS E_Friends___1 ON E_Friends (_1)

CREATE INDEX IF NOT EXISTS E_Friends___2 ON E_Friends (_2)

CREATE INDEX IF NOT EXISTS E_Friends___3 ON E_Friends (_3)

SELECT version();

CREATE OR REPLACE FUNCTION process_ivm_node_insertion() RETURNS TRIGGER AS $ivm_node_insert$
DECLARE
BEGIN
	INSERT INTO n_v0 (_0, _1) VALUES (NEW._0, NEW._1);
	RETURN NULL; -- result is ignored since this is an AFTER trigger
END;
$ivm_node_insert$ LANGUAGE plpgsql;

CREATE TRIGGER ivm_node_insert
AFTER INSERT ON n_g
	FOR EACH ROW
	EXECUTE FUNCTION process_ivm_node_insertion();


CREATE OR REPLACE FUNCTION process_ivm_edge_insertion() RETURNS TRIGGER AS $ivm_edge_insert$
DECLARE
	-- variables below are default variables
	cnt integer;
	curs record;
BEGIN
DROP TABLE IF EXISTS map_temp;
CREATE TEMPORARY TABLE map_temp (
	_0      integer NOT NULL,
	_1      varchar(16) NOT NULL,
	_2      integer NOT NULL,
	_3      varchar(16) NOT NULL
);
FOR curs IN
	SELECT DISTINCT R0._0 AS _0, R0._1 AS _1, R0._2 AS _2 FROM E_g AS R0 CROSS JOIN N_g AS R1 CROSS JOIN N_g AS R2 WHERE ( R0._0 = NEW._0) AND R0._1 = R1._0 AND R0._2 = R2._0 AND R0._3 = 'knows' AND R1._1 = 'Person' AND R2._1 = 'Person'
LOOP
	RAISE NOTICE 'TARGET _0: %', curs._0;
END LOOP;
-- below are common for rules
	INSERT INTO map_Friends SELECT _0, _1, _2, _3 FROM map_temp;

RETURN NULL; -- result is ignored since this is an AFTER trigger
END;
$ivm_edge_insert$ LANGUAGE plpgsql;


CREATE TRIGGER ivm_edge_insert
AFTER INSERT ON e_g
	FOR EACH ROW EXECUTE FUNCTION process_ivm_edge_insertion();

DROP TABLE IF EXISTS GENNEWID_MAP CASCADE;


CREATE TABLE GENNEWID_MAP (
  NEWID SERIAL PRIMARY KEY NOT NULL,
  VIEWRULEID varchar(64) NOT NULL,
  INPUTS integer[]
);
CREATE INDEX IF NOT EXISTS newid_vrm_idx ON GENNEWID_MAP (VIEWRULEID, INPUTS);
ALTER SEQUENCE GENNEWID_MAP_NEWID_seq RESTART WITH 100000000 INCREMENT BY 1;
CREATE OR REPLACE FUNCTION GENNEWID_CONST(varchar(64), VARIADIC arr int[])
   RETURNS int AS $$
DECLARE
  inserted_id integer;
  existing_id integer;
BEGIN
  SELECT NEWID INTO existing_id FROM GENNEWID_MAP
  WHERE VIEWRULEID = $1 AND INPUTS = $2;
  IF not found THEN
    INSERT INTO GENNEWID_MAP (VIEWRULEID, INPUTS) VALUES ($1,$2) RETURNING NEWID INTO inserted_id;
    RETURN inserted_id;
  ELSE
    RETURN existing_id;
  END IF;
END;
$$ LANGUAGE 'plpgsql';


DROP MATERIALIZED VIEW IF EXISTS MATCH_Shoppers_0 CASCADE

CREATE MATERIALIZED VIEW MATCH_Shoppers_0 AS ((SELECT DISTINCT R0._0 AS _0, R0._1 AS _1, R0._2 AS _2 FROM E_g AS R0 CROSS JOIN N_g AS R1 CROSS JOIN N_g AS R2 WHERE R0._1 = R1._0 AND R0._2 = R2._0 AND R0._3 = 'bought' AND R1._1 = 'Person' AND R2._1 = 'Product'));

CREATE INDEX IF NOT EXISTS MATCH_Shoppers_0___0 ON MATCH_Shoppers_0 (_0)

CREATE INDEX IF NOT EXISTS MATCH_Shoppers_0___1 ON MATCH_Shoppers_0 (_1)

CREATE INDEX IF NOT EXISTS MATCH_Shoppers_0___2 ON MATCH_Shoppers_0 (_2)

DROP VIEW IF EXISTS DMAP_Shoppers CASCADE

CREATE VIEW DMAP_Shoppers AS ((SELECT DISTINCT R0._0 AS _0, R0._0 AS _1 FROM N_g AS R0));

DROP MATERIALIZED VIEW IF EXISTS N_Shoppers CASCADE

CREATE MATERIALIZED VIEW N_Shoppers AS ((SELECT DISTINCT R0._0 AS _0, R0._1 AS _1 FROM N_g AS R0));

CREATE INDEX IF NOT EXISTS N_Shoppers___0 ON N_Shoppers (_0)

CREATE INDEX IF NOT EXISTS N_Shoppers___1 ON N_Shoppers (_1)

DROP MATERIALIZED VIEW IF EXISTS E_Shoppers CASCADE

CREATE MATERIALIZED VIEW E_Shoppers AS ((SELECT DISTINCT R0._0 AS _0, R1._1 AS _1, R2._1 AS _2, R0._3 AS _3 FROM E_g AS R0 CROSS JOIN DMAP_Shoppers AS R1 CROSS JOIN DMAP_Shoppers AS R2 WHERE R0._2 = R2._0 AND R0._1 = R1._0));

CREATE INDEX IF NOT EXISTS E_Shoppers___0 ON E_Shoppers (_0)

CREATE INDEX IF NOT EXISTS E_Shoppers___1 ON E_Shoppers (_1)

CREATE INDEX IF NOT EXISTS E_Shoppers___2 ON E_Shoppers (_2)

CREATE INDEX IF NOT EXISTS E_Shoppers___3 ON E_Shoppers (_3)

SELECT version();

CREATE OR REPLACE FUNCTION process_ivm_node_insertion() RETURNS TRIGGER AS $ivm_node_insert$
DECLARE
BEGIN
	INSERT INTO n_v0 (_0, _1) VALUES (NEW._0, NEW._1);
	RETURN NULL; -- result is ignored since this is an AFTER trigger
END;
$ivm_node_insert$ LANGUAGE plpgsql;

CREATE TRIGGER ivm_node_insert
AFTER INSERT ON n_g
	FOR EACH ROW
	EXECUTE FUNCTION process_ivm_node_insertion();


CREATE OR REPLACE FUNCTION process_ivm_edge_insertion() RETURNS TRIGGER AS $ivm_edge_insert$
DECLARE
	-- variables below are default variables
	cnt integer;
	curs record;
BEGIN
DROP TABLE IF EXISTS map_temp;
CREATE TEMPORARY TABLE map_temp (
	_0      integer NOT NULL,
	_1      varchar(16) NOT NULL,
	_2      integer NOT NULL,
	_3      varchar(16) NOT NULL
);
FOR curs IN
	SELECT DISTINCT R0._0 AS _0, R0._1 AS _1, R0._2 AS _2 FROM E_g AS R0 CROSS JOIN N_g AS R1 CROSS JOIN N_g AS R2 WHERE ( R0._0 = NEW._0) AND R0._1 = R1._0 AND R0._2 = R2._0 AND R0._3 = 'bought' AND R1._1 = 'Person' AND R2._1 = 'Product'
LOOP
	RAISE NOTICE 'TARGET _0: %', curs._0;
END LOOP;
-- below are common for rules
	INSERT INTO map_Shoppers SELECT _0, _1, _2, _3 FROM map_temp;

RETURN NULL; -- result is ignored since this is an AFTER trigger
END;
$ivm_edge_insert$ LANGUAGE plpgsql;


CREATE TRIGGER ivm_edge_insert
AFTER INSERT ON e_g
	FOR EACH ROW EXECUTE FUNCTION process_ivm_edge_insertion();

DROP TABLE IF EXISTS GENNEWID_MAP CASCADE;


CREATE TABLE GENNEWID_MAP (
  NEWID SERIAL PRIMARY KEY NOT NULL,
  VIEWRULEID varchar(64) NOT NULL,
  INPUTS integer[]
);
CREATE INDEX IF NOT EXISTS newid_vrm_idx ON GENNEWID_MAP (VIEWRULEID, INPUTS);
ALTER SEQUENCE GENNEWID_MAP_NEWID_seq RESTART WITH 100000000 INCREMENT BY 1;
CREATE OR REPLACE FUNCTION GENNEWID_CONST(varchar(64), VARIADIC arr int[])
   RETURNS int AS $$
DECLARE
  inserted_id integer;
  existing_id integer;
BEGIN
  SELECT NEWID INTO existing_id FROM GENNEWID_MAP
  WHERE VIEWRULEID = $1 AND INPUTS = $2;
  IF not found THEN
    INSERT INTO GENNEWID_MAP (VIEWRULEID, INPUTS) VALUES ($1,$2) RETURNING NEWID INTO inserted_id;
    RETURN inserted_id;
  ELSE
    RETURN existing_id;
  END IF;
END;
$$ LANGUAGE 'plpgsql';


DROP MATERIALIZED VIEW IF EXISTS MATCH_HighPay_0 CASCADE

CREATE MATERIALIZED VIEW MATCH_HighPay_0 AS ((SELECT DISTINCT R0._0 AS _0, R0._1 AS _1, R0._2 AS _2, R3._2 AS _3 FROM E_g AS R0 CROSS JOIN N_g AS R1 CROSS JOIN N_g AS R2 CROSS JOIN EP_g AS R3 WHERE R0._1 = R1._0 AND R0._2 = R2._0 AND R0._0 = R3._0 AND R3._2 > 150000 AND R0._3 = 'works_at' AND R1._1 = 'Person' AND R2._1 = 'Company' AND R3._1 = 'salary'));

CREATE INDEX IF NOT EXISTS MATCH_HighPay_0___0 ON MATCH_HighPay_0 (_0)

CREATE INDEX IF NOT EXISTS MATCH_HighPay_0___1 ON MATCH_HighPay_0 (_1)

CREATE INDEX IF NOT EXISTS MATCH_HighPay_0___2 ON MATCH_HighPay_0 (_2)

CREATE INDEX IF NOT EXISTS MATCH_HighPay_0___3 ON MATCH_HighPay_0 (_3)

DROP VIEW IF EXISTS DMAP_HighPay CASCADE

CREATE VIEW DMAP_HighPay AS ((SELECT DISTINCT R0._0 AS _0, R0._0 AS _1 FROM N_g AS R0));

DROP MATERIALIZED VIEW IF EXISTS N_HighPay CASCADE

CREATE MATERIALIZED VIEW N_HighPay AS ((SELECT DISTINCT R0._0 AS _0, R0._1 AS _1 FROM N_g AS R0));

CREATE INDEX IF NOT EXISTS N_HighPay___0 ON N_HighPay (_0)

CREATE INDEX IF NOT EXISTS N_HighPay___1 ON N_HighPay (_1)

DROP MATERIALIZED VIEW IF EXISTS E_HighPay CASCADE

CREATE MATERIALIZED VIEW E_HighPay AS ((SELECT DISTINCT R0._0 AS _0, R1._1 AS _1, R2._1 AS _2, R0._3 AS _3 FROM E_g AS R0 CROSS JOIN DMAP_HighPay AS R1 CROSS JOIN DMAP_HighPay AS R2 WHERE R0._2 = R2._0 AND R0._1 = R1._0));

CREATE INDEX IF NOT EXISTS E_HighPay___0 ON E_HighPay (_0)

CREATE INDEX IF NOT EXISTS E_HighPay___1 ON E_HighPay (_1)

CREATE INDEX IF NOT EXISTS E_HighPay___2 ON E_HighPay (_2)

CREATE INDEX IF NOT EXISTS E_HighPay___3 ON E_HighPay (_3)

SELECT version();

CREATE OR REPLACE FUNCTION process_ivm_node_insertion() RETURNS TRIGGER AS $ivm_node_insert$
DECLARE
BEGIN
	INSERT INTO n_v0 (_0, _1) VALUES (NEW._0, NEW._1);
	RETURN NULL; -- result is ignored since this is an AFTER trigger
END;
$ivm_node_insert$ LANGUAGE plpgsql;

CREATE TRIGGER ivm_node_insert
AFTER INSERT ON n_g
	FOR EACH ROW
	EXECUTE FUNCTION process_ivm_node_insertion();


CREATE OR REPLACE FUNCTION process_ivm_edge_insertion() RETURNS TRIGGER AS $ivm_edge_insert$
DECLARE
	-- variables below are default variables
	cnt integer;
	curs record;
BEGIN
DROP TABLE IF EXISTS map_temp;
CREATE TEMPORARY TABLE map_temp (
	_0      integer NOT NULL,
	_1      varchar(16) NOT NULL,
	_2      integer NOT NULL,
	_3      varchar(16) NOT NULL
);
FOR curs IN
	SELECT DISTINCT R0._0 AS _0, R0._1 AS _1, R0._2 AS _2, R3._2 AS _3 FROM E_g AS R0 CROSS JOIN N_g AS R1 CROSS JOIN N_g AS R2 CROSS JOIN EP_g AS R3 WHERE ( R0._0 = NEW._0 OR R3._0 = NEW._0 ) AND R0._1 = R1._0 AND R0._2 = R2._0 AND R0._0 = R3._0 AND R3._2 > 150000 AND R0._3 = 'works_at' AND R1._1 = 'Person' AND R2._1 = 'Company' AND R3._1 = 'salary'
LOOP
	RAISE NOTICE 'TARGET _0: %', curs._0;
END LOOP;
-- below are common for rules
	INSERT INTO map_HighPay SELECT _0, _1, _2, _3 FROM map_temp;

RETURN NULL; -- result is ignored since this is an AFTER trigger
END;
$ivm_edge_insert$ LANGUAGE plpgsql;


CREATE TRIGGER ivm_edge_insert
AFTER INSERT ON e_g
	FOR EACH ROW EXECUTE FUNCTION process_ivm_edge_insertion();

SELECT DISTINCT R0._0 AS _0 FROM EGD AS R0

SELECT DISTINCT R0._0 AS _0, R0._1 AS _1, R0._2 AS _2 FROM CATALOG_INDEX AS R0

SELECT DISTINCT R0._0 AS _0, R0._1 AS _1 FROM CATALOG_SINDEX AS R0

SELECT DISTINCT R0._0 AS _0 FROM N_schema AS R0

SELECT DISTINCT R0._0 AS _0, R0._1 AS _1, R0._2 AS _2 FROM E_schema AS R0

((SELECT DISTINCT R0._1 AS _0 FROM E_g AS R0 CROSS JOIN N_g AS R2 CROSS JOIN N_g AS R4 CROSS JOIN EP_g AS R6 WHERE R0._1 = R2._0 AND R0._2 = R4._0 AND R0._0 = R6._0 AND R0._3 = 'works_at' AND R2._1 = 'Person' AND R4._1 = 'Company' AND R6._1 = 'department' AND R6._2 = 'IT'));

((SELECT DISTINCT R0._1 AS _0 FROM E_g AS R0 CROSS JOIN N_g AS R2 CROSS JOIN N_g AS R4 CROSS JOIN EP_g AS R6 WHERE R0._1 = R2._0 AND R0._2 = R4._0 AND R0._0 = R6._0 AND R0._3 = 'works_at' AND R2._1 = 'Person' AND R4._1 = 'Company' AND R6._1 = 'department' AND R6._2 = 'IT'));

((SELECT DISTINCT R0._0 AS _0 FROM N_HighPay AS R0 WHERE R0._1 = 'Person'));

((SELECT DISTINCT R0._1 AS _0 FROM E_g AS R0 CROSS JOIN N_g AS R2 CROSS JOIN N_g AS R4 CROSS JOIN NP_g AS R6 WHERE R0._1 = R2._0 AND R0._2 = R4._0 AND R0._2 = R6._0 AND R0._3 = 'works_at' AND R2._1 = 'Person' AND R4._1 = 'Company' AND R6._1 = 'name' AND R6._2 = 'Finance'));

((SELECT DISTINCT R0._0 AS _0 FROM N_Friends AS R0 WHERE R0._1 = 'Person'));

((SELECT DISTINCT R0._1 AS _0 FROM E_g AS R0 CROSS JOIN N_g AS R2 CROSS JOIN N_g AS R4 CROSS JOIN EP_g AS R6 WHERE R0._1 = R2._0 AND R0._2 = R4._0 AND R0._0 = R6._0 AND R0._3 = 'works_at' AND R2._1 = 'Person' AND R4._1 = 'Company' AND R6._1 = 'department' AND R6._2 = 'IT'));

SELECT DISTINCT R0._0 AS _0, R0._1 AS _1, R0._2 AS _2, R0._3 AS _3, R0._4 AS _4 FROM CATALOG_VIEW AS R0

DROP TABLE IF EXISTS GENNEWID_MAP CASCADE;


CREATE TABLE GENNEWID_MAP (
  NEWID SERIAL PRIMARY KEY NOT NULL,
  VIEWRULEID varchar(64) NOT NULL,
  INPUTS integer[]
);
CREATE INDEX IF NOT EXISTS newid_vrm_idx ON GENNEWID_MAP (VIEWRULEID, INPUTS);
ALTER SEQUENCE GENNEWID_MAP_NEWID_seq RESTART WITH 100000000 INCREMENT BY 1;
CREATE OR REPLACE FUNCTION GENNEWID_CONST(varchar(64), VARIADIC arr int[])
   RETURNS int AS $$
DECLARE
  inserted_id integer;
  existing_id integer;
BEGIN
  SELECT NEWID INTO existing_id FROM GENNEWID_MAP
  WHERE VIEWRULEID = $1 AND INPUTS = $2;
  IF not found THEN
    INSERT INTO GENNEWID_MAP (VIEWRULEID, INPUTS) VALUES ($1,$2) RETURNING NEWID INTO inserted_id;
    RETURN inserted_id;
  ELSE
    RETURN existing_id;
  END IF;
END;
$$ LANGUAGE 'plpgsql';


SELECT version();

CREATE OR REPLACE FUNCTION process_ivm_node_insertion() RETURNS TRIGGER AS $ivm_node_insert$
DECLARE
BEGIN
	INSERT INTO n_v0 (_0, _1) VALUES (NEW._0, NEW._1);
	RETURN NULL; -- result is ignored since this is an AFTER trigger
END;
$ivm_node_insert$ LANGUAGE plpgsql;

CREATE TRIGGER ivm_node_insert
AFTER INSERT ON n_g
	FOR EACH ROW
	EXECUTE FUNCTION process_ivm_node_insertion();


CREATE OR REPLACE FUNCTION process_ivm_edge_insertion() RETURNS TRIGGER AS $ivm_edge_insert$
DECLARE
	-- variables below are default variables
	cnt integer;
	curs record;
BEGIN
DROP TABLE IF EXISTS map_temp;
CREATE TEMPORARY TABLE map_temp (
	_0      integer NOT NULL,
	_1      varchar(16) NOT NULL,
	_2      integer NOT NULL,
	_3      varchar(16) NOT NULL
);
FOR curs IN
	SELECT DISTINCT R0._0 AS _0, R0._1 AS _1, R0._2 AS _2, R3._2 AS _3 FROM E_g AS R0 CROSS JOIN N_g AS R1 CROSS JOIN N_g AS R2 CROSS JOIN EP_g AS R3 WHERE ( R0._0 = NEW._0 OR R3._0 = NEW._0 ) AND R0._1 = R1._0 AND R0._2 = R2._0 AND R0._0 = R3._0 AND R3._2 > 10 AND R0._3 = 'works_at' AND R1._1 = 'Person' AND R2._1 = 'Company' AND R3._1 = 'years'
LOOP
	RAISE NOTICE 'TARGET _0: %', curs._0;
END LOOP;
-- below are common for rules
	INSERT INTO map_Veterans SELECT _0, _1, _2, _3 FROM map_temp;

RETURN NULL; -- result is ignored since this is an AFTER trigger
END;
$ivm_edge_insert$ LANGUAGE plpgsql;


CREATE TRIGGER ivm_edge_insert
AFTER INSERT ON e_g
	FOR EACH ROW EXECUTE FUNCTION process_ivm_edge_insertion();

DROP TABLE IF EXISTS GENNEWID_MAP CASCADE;


CREATE TABLE GENNEWID_MAP (
  NEWID SERIAL PRIMARY KEY NOT NULL,
  VIEWRULEID varchar(64) NOT NULL,
  INPUTS integer[]
);
CREATE INDEX IF NOT EXISTS newid_vrm_idx ON GENNEWID_MAP (VIEWRULEID, INPUTS);
ALTER SEQUENCE GENNEWID_MAP_NEWID_seq RESTART WITH 100000000 INCREMENT BY 1;
CREATE OR REPLACE FUNCTION GENNEWID_CONST(varchar(64), VARIADIC arr int[])
   RETURNS int AS $$
DECLARE
  inserted_id integer;
  existing_id integer;
BEGIN
  SELECT NEWID INTO existing_id FROM GENNEWID_MAP
  WHERE VIEWRULEID = $1 AND INPUTS = $2;
  IF not found THEN
    INSERT INTO GENNEWID_MAP (VIEWRULEID, INPUTS) VALUES ($1,$2) RETURNING NEWID INTO inserted_id;
    RETURN inserted_id;
  ELSE
    RETURN existing_id;
  END IF;
END;
$$ LANGUAGE 'plpgsql';


SELECT version();

CREATE OR REPLACE FUNCTION process_ivm_node_insertion() RETURNS TRIGGER AS $ivm_node_insert$
DECLARE
BEGIN
	INSERT INTO n_v0 (_0, _1) VALUES (NEW._0, NEW._1);
	RETURN NULL; -- result is ignored since this is an AFTER trigger
END;
$ivm_node_insert$ LANGUAGE plpgsql;

CREATE TRIGGER ivm_node_insert
AFTER INSERT ON n_g
	FOR EACH ROW
	EXECUTE FUNCTION process_ivm_node_insertion();


CREATE OR REPLACE FUNCTION process_ivm_edge_insertion() RETURNS TRIGGER AS $ivm_edge_insert$
DECLARE
	-- variables below are default variables
	cnt integer;
	curs record;
BEGIN
DROP TABLE IF EXISTS map_temp;
CREATE TEMPORARY TABLE map_temp (
	_0      integer NOT NULL,
	_1      varchar(16) NOT NULL,
	_2      integer NOT NULL,
	_3      varchar(16) NOT NULL
);
FOR curs IN
	SELECT DISTINCT R0._0 AS _0, R0._1 AS _1, R0._2 AS _2 FROM E_g AS R0 CROSS JOIN N_g AS R1 CROSS JOIN N_g AS R2 WHERE ( R0._0 = NEW._0) AND R0._1 = R1._0 AND R0._2 = R2._0 AND R0._3 = 'knows' AND R1._1 = 'Person' AND R2._1 = 'Person'
LOOP
	RAISE NOTICE 'TARGET _0: %', curs._0;
END LOOP;
-- below are common for rules
	INSERT INTO map_Friends SELECT _0, _1, _2, _3 FROM map_temp;

RETURN NULL; -- result is ignored since this is an AFTER trigger
END;
$ivm_edge_insert$ LANGUAGE plpgsql;


CREATE TRIGGER ivm_edge_insert
AFTER INSERT ON e_g
	FOR EACH ROW EXECUTE FUNCTION process_ivm_edge_insertion();

DROP TABLE IF EXISTS GENNEWID_MAP CASCADE;


CREATE TABLE GENNEWID_MAP (
  NEWID SERIAL PRIMARY KEY NOT NULL,
  VIEWRULEID varchar(64) NOT NULL,
  INPUTS integer[]
);
CREATE INDEX IF NOT EXISTS newid_vrm_idx ON GENNEWID_MAP (VIEWRULEID, INPUTS);
ALTER SEQUENCE GENNEWID_MAP_NEWID_seq RESTART WITH 100000000 INCREMENT BY 1;
CREATE OR REPLACE FUNCTION GENNEWID_CONST(varchar(64), VARIADIC arr int[])
   RETURNS int AS $$
DECLARE
  inserted_id integer;
  existing_id integer;
BEGIN
  SELECT NEWID INTO existing_id FROM GENNEWID_MAP
  WHERE VIEWRULEID = $1 AND INPUTS = $2;
  IF not found THEN
    INSERT INTO GENNEWID_MAP (VIEWRULEID, INPUTS) VALUES ($1,$2) RETURNING NEWID INTO inserted_id;
    RETURN inserted_id;
  ELSE
    RETURN existing_id;
  END IF;
END;
$$ LANGUAGE 'plpgsql';


SELECT version();

CREATE OR REPLACE FUNCTION process_ivm_node_insertion() RETURNS TRIGGER AS $ivm_node_insert$
DECLARE
BEGIN
	INSERT INTO n_v0 (_0, _1) VALUES (NEW._0, NEW._1);
	RETURN NULL; -- result is ignored since this is an AFTER trigger
END;
$ivm_node_insert$ LANGUAGE plpgsql;

CREATE TRIGGER ivm_node_insert
AFTER INSERT ON n_g
	FOR EACH ROW
	EXECUTE FUNCTION process_ivm_node_insertion();


CREATE OR REPLACE FUNCTION process_ivm_edge_insertion() RETURNS TRIGGER AS $ivm_edge_insert$
DECLARE
	-- variables below are default variables
	cnt integer;
	curs record;
BEGIN
DROP TABLE IF EXISTS map_temp;
CREATE TEMPORARY TABLE map_temp (
	_0      integer NOT NULL,
	_1      varchar(16) NOT NULL,
	_2      integer NOT NULL,
	_3      varchar(16) NOT NULL
);
FOR curs IN
	SELECT DISTINCT R0._0 AS _0, R0._1 AS _1, R0._2 AS _2 FROM E_g AS R0 CROSS JOIN N_g AS R1 CROSS JOIN N_g AS R2 WHERE ( R0._0 = NEW._0) AND R0._1 = R1._0 AND R0._2 = R2._0 AND R0._3 = 'bought' AND R1._1 = 'Person' AND R2._1 = 'Product'
LOOP
	RAISE NOTICE 'TARGET _0: %', curs._0;
END LOOP;
-- below are common for rules
	INSERT INTO map_Shoppers SELECT _0, _1, _2, _3 FROM map_temp;

RETURN NULL; -- result is ignored since this is an AFTER trigger
END;
$ivm_edge_insert$ LANGUAGE plpgsql;


CREATE TRIGGER ivm_edge_insert
AFTER INSERT ON e_g
	FOR EACH ROW EXECUTE FUNCTION process_ivm_edge_insertion();

DROP TABLE IF EXISTS GENNEWID_MAP CASCADE;


CREATE TABLE GENNEWID_MAP (
  NEWID SERIAL PRIMARY KEY NOT NULL,
  VIEWRULEID varchar(64) NOT NULL,
  INPUTS integer[]
);
CREATE INDEX IF NOT EXISTS newid_vrm_idx ON GENNEWID_MAP (VIEWRULEID, INPUTS);
ALTER SEQUENCE GENNEWID_MAP_NEWID_seq RESTART WITH 100000000 INCREMENT BY 1;
CREATE OR REPLACE FUNCTION GENNEWID_CONST(varchar(64), VARIADIC arr int[])
   RETURNS int AS $$
DECLARE
  inserted_id integer;
  existing_id integer;
BEGIN
  SELECT NEWID INTO existing_id FROM GENNEWID_MAP
  WHERE VIEWRULEID = $1 AND INPUTS = $2;
  IF not found THEN
    INSERT INTO GENNEWID_MAP (VIEWRULEID, INPUTS) VALUES ($1,$2) RETURNING NEWID INTO inserted_id;
    RETURN inserted_id;
  ELSE
    RETURN existing_id;
  END IF;
END;
$$ LANGUAGE 'plpgsql';


SELECT version();

CREATE OR REPLACE FUNCTION process_ivm_node_insertion() RETURNS TRIGGER AS $ivm_node_insert$
DECLARE
BEGIN
	INSERT INTO n_v0 (_0, _1) VALUES (NEW._0, NEW._1);
	RETURN NULL; -- result is ignored since this is an AFTER trigger
END;
$ivm_node_insert$ LANGUAGE plpgsql;

CREATE TRIGGER ivm_node_insert
AFTER INSERT ON n_g
	FOR EACH ROW
	EXECUTE FUNCTION process_ivm_node_insertion();


CREATE OR REPLACE FUNCTION process_ivm_edge_insertion() RETURNS TRIGGER AS $ivm_edge_insert$
DECLARE
	-- variables below are default variables
	cnt integer;
	curs record;
BEGIN
DROP TABLE IF EXISTS map_temp;
CREATE TEMPORARY TABLE map_temp (
	_0      integer NOT NULL,
	_1      varchar(16) NOT NULL,
	_2      integer NOT NULL,
	_3      varchar(16) NOT NULL
);
FOR curs IN
	SELECT DISTINCT R0._0 AS _0, R0._1 AS _1, R0._2 AS _2, R3._2 AS _3 FROM E_g AS R0 CROSS JOIN N_g AS R1 CROSS JOIN N_g AS R2 CROSS JOIN EP_g AS R3 WHERE ( R0._0 = NEW._0 OR R3._0 = NEW._0 ) AND R0._1 = R1._0 AND R0._2 = R2._0 AND R0._0 = R3._0 AND R3._2 > 150000 AND R0._3 = 'works_at' AND R1._1 = 'Person' AND R2._1 = 'Company' AND R3._1 = 'salary'
LOOP
	RAISE NOTICE 'TARGET _0: %', curs._0;
END LOOP;
-- below are common for rules
	INSERT INTO map_HighPay SELECT _0, _1, _2, _3 FROM map_temp;

RETURN NULL; -- result is ignored since this is an AFTER trigger
END;
$ivm_edge_insert$ LANGUAGE plpgsql;


CREATE TRIGGER ivm_edge_insert
AFTER INSERT ON e_g
	FOR EACH ROW EXECUTE FUNCTION process_ivm_edge_insertion();

SELECT DISTINCT R0._0 AS _0 FROM EGD AS R0

SELECT DISTINCT R0._0 AS _0, R0._1 AS _1, R0._2 AS _2 FROM CATALOG_INDEX AS R0

SELECT DISTINCT R0._0 AS _0, R0._1 AS _1 FROM CATALOG_SINDEX AS R0

SELECT DISTINCT R0._0 AS _0 FROM N_schema AS R0

SELECT DISTINCT R0._0 AS _0, R0._1 AS _1, R0._2 AS _2 FROM E_schema AS R0

((SELECT DISTINCT R0._1 AS _0 FROM E_g AS R0 CROSS JOIN N_g AS R2 CROSS JOIN N_g AS R4 CROSS JOIN EP_g AS R6 WHERE R0._1 = R2._0 AND R0._2 = R4._0 AND R0._0 = R6._0 AND R0._3 = 'works_at' AND R2._1 = 'Person' AND R4._1 = 'Company' AND R6._1 = 'department' AND R6._2 = 'IT'));

((SELECT DISTINCT R0._0 AS _0 FROM N_g AS R0 WHERE R0._1 = 'Person'));

SELECT DISTINCT R0._0 AS _0, R0._1 AS _1, R0._2 AS _2, R0._3 AS _3, R0._4 AS _4 FROM CATALOG_VIEW AS R0

DROP TABLE IF EXISTS GENNEWID_MAP CASCADE;


CREATE TABLE GENNEWID_MAP (
  NEWID SERIAL PRIMARY KEY NOT NULL,
  VIEWRULEID varchar(64) NOT NULL,
  INPUTS integer[]
);
CREATE INDEX IF NOT EXISTS newid_vrm_idx ON GENNEWID_MAP (VIEWRULEID, INPUTS);
ALTER SEQUENCE GENNEWID_MAP_NEWID_seq RESTART WITH 100000000 INCREMENT BY 1;
CREATE OR REPLACE FUNCTION GENNEWID_CONST(varchar(64), VARIADIC arr int[])
   RETURNS int AS $$
DECLARE
  inserted_id integer;
  existing_id integer;
BEGIN
  SELECT NEWID INTO existing_id FROM GENNEWID_MAP
  WHERE VIEWRULEID = $1 AND INPUTS = $2;
  IF not found THEN
    INSERT INTO GENNEWID_MAP (VIEWRULEID, INPUTS) VALUES ($1,$2) RETURNING NEWID INTO inserted_id;
    RETURN inserted_id;
  ELSE
    RETURN existing_id;
  END IF;
END;
$$ LANGUAGE 'plpgsql';


DROP MATERIALIZED VIEW IF EXISTS MATCH_Veterans_0 CASCADE

CREATE MATERIALIZED VIEW MATCH_Veterans_0 AS ((SELECT DISTINCT R0._0 AS _0, R0._1 AS _1, R0._2 AS _2, R3._2 AS _3 FROM E_g AS R0 CROSS JOIN N_g AS R1 CROSS JOIN N_g AS R2 CROSS JOIN EP_g AS R3 WHERE R0._1 = R1._0 AND R0._2 = R2._0 AND R0._0 = R3._0 AND R3._2 > 10 AND R0._3 = 'works_at' AND R1._1 = 'Person' AND R2._1 = 'Company' AND R3._1 = 'years'));

CREATE INDEX IF NOT EXISTS MATCH_Veterans_0___0 ON MATCH_Veterans_0 (_0)

CREATE INDEX IF NOT EXISTS MATCH_Veterans_0___1 ON MATCH_Veterans_0 (_1)

CREATE INDEX IF NOT EXISTS MATCH_Veterans_0___2 ON MATCH_Veterans_0 (_2)

CREATE INDEX IF NOT EXISTS MATCH_Veterans_0___3 ON MATCH_Veterans_0 (_3)

DROP VIEW IF EXISTS DMAP_Veterans CASCADE

CREATE VIEW DMAP_Veterans AS ((SELECT DISTINCT R0._0 AS _0, R0._0 AS _1 FROM N_g AS R0));

DROP MATERIALIZED VIEW IF EXISTS N_Veterans CASCADE

CREATE MATERIALIZED VIEW N_Veterans AS ((SELECT DISTINCT R0._0 AS _0, R0._1 AS _1 FROM N_g AS R0));

CREATE INDEX IF NOT EXISTS N_Veterans___0 ON N_Veterans (_0)

CREATE INDEX IF NOT EXISTS N_Veterans___1 ON N_Veterans (_1)

DROP MATERIALIZED VIEW IF EXISTS E_Veterans CASCADE

CREATE MATERIALIZED VIEW E_Veterans AS ((SELECT DISTINCT R0._0 AS _0, R1._1 AS _1, R2._1 AS _2, R0._3 AS _3 FROM E_g AS R0 CROSS JOIN DMAP_Veterans AS R1 CROSS JOIN DMAP_Veterans AS R2 WHERE R0._2 = R2._0 AND R0._1 = R1._0));

CREATE INDEX IF NOT EXISTS E_Veterans___0 ON E_Veterans (_0)

CREATE INDEX IF NOT EXISTS E_Veterans___1 ON E_Veterans (_1)

CREATE INDEX IF NOT EXISTS E_Veterans___2 ON E_Veterans (_2)

CREATE INDEX IF NOT EXISTS E_Veterans___3 ON E_Veterans (_3)

SELECT version();

CREATE OR REPLACE FUNCTION process_ivm_node_insertion() RETURNS TRIGGER AS $ivm_node_insert$
DECLARE
BEGIN
	INSERT INTO n_v0 (_0, _1) VALUES (NEW._0, NEW._1);
	RETURN NULL; -- result is ignored since this is an AFTER trigger
END;
$ivm_node_insert$ LANGUAGE plpgsql;

CREATE TRIGGER ivm_node_insert
AFTER INSERT ON n_g
	FOR EACH ROW
	EXECUTE FUNCTION process_ivm_node_insertion();


CREATE OR REPLACE FUNCTION process_ivm_edge_insertion() RETURNS TRIGGER AS $ivm_edge_insert$
DECLARE
	-- variables below are default variables
	cnt integer;
	curs record;
BEGIN
DROP TABLE IF EXISTS map_temp;
CREATE TEMPORARY TABLE map_temp (
	_0      integer NOT NULL,
	_1      varchar(16) NOT NULL,
	_2      integer NOT NULL,
	_3      varchar(16) NOT NULL
);
FOR curs IN
	SELECT DISTINCT R0._0 AS _0, R0._1 AS _1, R0._2 AS _2, R3._2 AS _3 FROM E_g AS R0 CROSS JOIN N_g AS R1 CROSS JOIN N_g AS R2 CROSS JOIN EP_g AS R3 WHERE ( R0._0 = NEW._0 OR R3._0 = NEW._0 ) AND R0._1 = R1._0 AND R0._2 = R2._0 AND R0._0 = R3._0 AND R3._2 > 10 AND R0._3 = 'works_at' AND R1._1 = 'Person' AND R2._1 = 'Company' AND R3._1 = 'years'
LOOP
	RAISE NOTICE 'TARGET _0: %', curs._0;
END LOOP;
-- below are common for rules
	INSERT INTO map_Veterans SELECT _0, _1, _2, _3 FROM map_temp;

RETURN NULL; -- result is ignored since this is an AFTER trigger
END;
$ivm_edge_insert$ LANGUAGE plpgsql;


CREATE TRIGGER ivm_edge_insert
AFTER INSERT ON e_g
	FOR EACH ROW EXECUTE FUNCTION process_ivm_edge_insertion();

DROP TABLE IF EXISTS GENNEWID_MAP CASCADE;


CREATE TABLE GENNEWID_MAP (
  NEWID SERIAL PRIMARY KEY NOT NULL,
  VIEWRULEID varchar(64) NOT NULL,
  INPUTS integer[]
);
CREATE INDEX IF NOT EXISTS newid_vrm_idx ON GENNEWID_MAP (VIEWRULEID, INPUTS);
ALTER SEQUENCE GENNEWID_MAP_NEWID_seq RESTART WITH 100000000 INCREMENT BY 1;
CREATE OR REPLACE FUNCTION GENNEWID_CONST(varchar(64), VARIADIC arr int[])
   RETURNS int AS $$
DECLARE
  inserted_id integer;
  existing_id integer;
BEGIN
  SELECT NEWID INTO existing_id FROM GENNEWID_MAP
  WHERE VIEWRULEID = $1 AND INPUTS = $2;
  IF not found THEN
    INSERT INTO GENNEWID_MAP (VIEWRULEID, INPUTS) VALUES ($1,$2) RETURNING NEWID INTO inserted_id;
    RETURN inserted_id;
  ELSE
    RETURN existing_id;
  END IF;
END;
$$ LANGUAGE 'plpgsql';


DROP MATERIALIZED VIEW IF EXISTS MATCH_Friends_0 CASCADE

CREATE MATERIALIZED VIEW MATCH_Friends_0 AS ((SELECT DISTINCT R0._0 AS _0, R0._1 AS _1, R0._2 AS _2 FROM E_g AS R0 CROSS JOIN N_g AS R1 CROSS JOIN N_g AS R2 WHERE R0._1 = R1._0 AND R0._2 = R2._0 AND R0._3 = 'knows' AND R1._1 = 'Person' AND R2._1 = 'Person'));

CREATE INDEX IF NOT EXISTS MATCH_Friends_0___0 ON MATCH_Friends_0 (_0)

CREATE INDEX IF NOT EXISTS MATCH_Friends_0___1 ON MATCH_Friends_0 (_1)

CREATE INDEX IF NOT EXISTS MATCH_Friends_0___2 ON MATCH_Friends_0 (_2)

DROP VIEW IF EXISTS DMAP_Friends CASCADE

CREATE VIEW DMAP_Friends AS ((SELECT DISTINCT R0._0 AS _0, R0._0 AS _1 FROM N_g AS R0));

DROP MATERIALIZED VIEW IF EXISTS N_Friends CASCADE

CREATE MATERIALIZED VIEW N_Friends AS ((SELECT DISTINCT R0._0 AS _0, R0._1 AS _1 FROM N_g AS R0));

CREATE INDEX IF NOT EXISTS N_Friends___0 ON N_Friends (_0)

CREATE INDEX IF NOT EXISTS N_Friends___1 ON N_Friends (_1)

DROP MATERIALIZED VIEW IF EXISTS E_Friends CASCADE

CREATE MATERIALIZED VIEW E_Friends AS ((SELECT DISTINCT R0._0 AS _0, R1._1 AS _1, R2._1 AS _2, R0._3 AS _3 FROM E_g AS R0 CROSS JOIN DMAP_Friends AS R1 CROSS JOIN DMAP_Friends AS R2 WHERE R0._2 = R2._0 AND R0._1 = R1._0));

CREATE INDEX IF NOT EXISTS E_Friends___0 ON E_Friends (_0)

CREATE INDEX IF NOT EXISTS E_Friends___1 ON E_Friends (_1)

CREATE INDEX IF NOT EXISTS E_Friends___2 ON E_Friends (_2)

CREATE INDEX IF NOT EXISTS E_Friends___3 ON E_Friends (_3)

SELECT version();

CREATE OR REPLACE FUNCTION process_ivm_node_insertion() RETURNS TRIGGER AS $ivm_node_insert$
DECLARE
BEGIN
	INSERT INTO n_v0 (_0, _1) VALUES (NEW._0, NEW._1);
	RETURN NULL; -- result is ignored since this is an AFTER trigger
END;
$ivm_node_insert$ LANGUAGE plpgsql;

CREATE TRIGGER ivm_node_insert
AFTER INSERT ON n_g
	FOR EACH ROW
	EXECUTE FUNCTION process_ivm_node_insertion();


CREATE OR REPLACE FUNCTION process_ivm_edge_insertion() RETURNS TRIGGER AS $ivm_edge_insert$
DECLARE
	-- variables below are default variables
	cnt integer;
	curs record;
BEGIN
DROP TABLE IF EXISTS map_temp;
CREATE TEMPORARY TABLE map_temp (
	_0      integer NOT NULL,
	_1      varchar(16) NOT NULL,
	_2      integer NOT NULL,
	_3      varchar(16) NOT NULL
);
FOR curs IN
	SELECT DISTINCT R0._0 AS _0, R0._1 AS _1, R0._2 AS _2 FROM E_g AS R0 CROSS JOIN N_g AS R1 CROSS JOIN N_g AS R2 WHERE ( R0._0 = NEW._0) AND R0._1 = R1._0 AND R0._2 = R2._0 AND R0._3 = 'knows' AND R1._1 = 'Person' AND R2._1 = 'Person'
LOOP
	RAISE NOTICE 'TARGET _0: %', curs._0;
END LOOP;
-- below are common for rules
	INSERT INTO map_Friends SELECT _0, _1, _2, _3 FROM map_temp;

RETURN NULL; -- result is ignored since this is an AFTER trigger
END;
$ivm_edge_insert$ LANGUAGE plpgsql;


CREATE TRIGGER ivm_edge_insert
AFTER INSERT ON e_g
	FOR EACH ROW EXECUTE FUNCTION process_ivm_edge_insertion();

DROP TABLE IF EXISTS GENNEWID_MAP CASCADE;


CREATE TABLE GENNEWID_MAP (
  NEWID SERIAL PRIMARY KEY NOT NULL,
  VIEWRULEID varchar(64) NOT NULL,
  INPUTS integer[]
);
CREATE INDEX IF NOT EXISTS newid_vrm_idx ON GENNEWID_MAP (VIEWRULEID, INPUTS);
ALTER SEQUENCE GENNEWID_MAP_NEWID_seq RESTART WITH 100000000 INCREMENT BY 1;
CREATE OR REPLACE FUNCTION GENNEWID_CONST(varchar(64), VARIADIC arr int[])
   RETURNS int AS $$
DECLARE
  inserted_id integer;
  existing_id integer;
BEGIN
  SELECT NEWID INTO existing_id FROM GENNEWID_MAP
  WHERE VIEWRULEID = $1 AND INPUTS = $2;
  IF not found THEN
    INSERT INTO GENNEWID_MAP (VIEWRULEID, INPUTS) VALUES ($1,$2) RETURNING NEWID INTO inserted_id;
    RETURN inserted_id;
  ELSE
    RETURN existing_id;
  END IF;
END;
$$ LANGUAGE 'plpgsql';


DROP MATERIALIZED VIEW IF EXISTS MATCH_Shoppers_0 CASCADE

CREATE MATERIALIZED VIEW MATCH_Shoppers_0 AS ((SELECT DISTINCT R0._0 AS _0, R0._1 AS _1, R0._2 AS _2 FROM E_g AS R0 CROSS JOIN N_g AS R1 CROSS JOIN N_g AS R2 WHERE R0._1 = R1._0 AND R0._2 = R2._0 AND R0._3 = 'bought' AND R1._1 = 'Person' AND R2._1 = 'Product'));

CREATE INDEX IF NOT EXISTS MATCH_Shoppers_0___0 ON MATCH_Shoppers_0 (_0)

CREATE INDEX IF NOT EXISTS MATCH_Shoppers_0___1 ON MATCH_Shoppers_0 (_1)

CREATE INDEX IF NOT EXISTS MATCH_Shoppers_0___2 ON MATCH_Shoppers_0 (_2)

DROP VIEW IF EXISTS DMAP_Shoppers CASCADE

CREATE VIEW DMAP_Shoppers AS ((SELECT DISTINCT R0._0 AS _0, R0._0 AS _1 FROM N_g AS R0));

DROP MATERIALIZED VIEW IF EXISTS N_Shoppers CASCADE

CREATE MATERIALIZED VIEW N_Shoppers AS ((SELECT DISTINCT R0._0 AS _0, R0._1 AS _1 FROM N_g AS R0));

CREATE INDEX IF NOT EXISTS N_Shoppers___0 ON N_Shoppers (_0)

CREATE INDEX IF NOT EXISTS N_Shoppers___1 ON N_Shoppers (_1)

DROP MATERIALIZED VIEW IF EXISTS E_Shoppers CASCADE

CREATE MATERIALIZED VIEW E_Shoppers AS ((SELECT DISTINCT R0._0 AS _0, R1._1 AS _1, R2._1 AS _2, R0._3 AS _3 FROM E_g AS R0 CROSS JOIN DMAP_Shoppers AS R1 CROSS JOIN DMAP_Shoppers AS R2 WHERE R0._2 = R2._0 AND R0._1 = R1._0));

CREATE INDEX IF NOT EXISTS E_Shoppers___0 ON E_Shoppers (_0)

CREATE INDEX IF NOT EXISTS E_Shoppers___1 ON E_Shoppers (_1)

CREATE INDEX IF NOT EXISTS E_Shoppers___2 ON E_Shoppers (_2)

CREATE INDEX IF NOT EXISTS E_Shoppers___3 ON E_Shoppers (_3)

SELECT version();

CREATE OR REPLACE FUNCTION process_ivm_node_insertion() RETURNS TRIGGER AS $ivm_node_insert$
DECLARE
BEGIN
	INSERT INTO n_v0 (_0, _1) VALUES (NEW._0, NEW._1);
	RETURN NULL; -- result is ignored since this is an AFTER trigger
END;
$ivm_node_insert$ LANGUAGE plpgsql;

CREATE TRIGGER ivm_node_insert
AFTER INSERT ON n_g
	FOR EACH ROW
	EXECUTE FUNCTION process_ivm_node_insertion();


CREATE OR REPLACE FUNCTION process_ivm_edge_insertion() RETURNS TRIGGER AS $ivm_edge_insert$
DECLARE
	-- variables below are default variables
	cnt integer;
	curs record;
BEGIN
DROP TABLE IF EXISTS map_temp;
CREATE TEMPORARY TABLE map_temp (
	_0      integer NOT NULL,
	_1      varchar(16) NOT NULL,
	_2      integer NOT NULL,
	_3      varchar(16) NOT NULL
);
FOR curs IN
	SELECT DISTINCT R0._0 AS _0, R0._1 AS _1, R0._2 AS _2 FROM E_g AS R0 CROSS JOIN N_g AS R1 CROSS JOIN N_g AS R2 WHERE ( R0._0 = NEW._0) AND R0._1 = R1._0 AND R0._2 = R2._0 AND R0._3 = 'bought' AND R1._1 = 'Person' AND R2._1 = 'Product'
LOOP
	RAISE NOTICE 'TARGET _0: %', curs._0;
END LOOP;
-- below are common for rules
	INSERT INTO map_Shoppers SELECT _0, _1, _2, _3 FROM map_temp;

RETURN NULL; -- result is ignored since this is an AFTER trigger
END;
$ivm_edge_insert$ LANGUAGE plpgsql;


CREATE TRIGGER ivm_edge_insert
AFTER INSERT ON e_g
	FOR EACH ROW EXECUTE FUNCTION process_ivm_edge_insertion();

DROP TABLE IF EXISTS GENNEWID_MAP CASCADE;


CREATE TABLE GENNEWID_MAP (
  NEWID SERIAL PRIMARY KEY NOT NULL,
  VIEWRULEID varchar(64) NOT NULL,
  INPUTS integer[]
);
CREATE INDEX IF NOT EXISTS newid_vrm_idx ON GENNEWID_MAP (VIEWRULEID, INPUTS);
ALTER SEQUENCE GENNEWID_MAP_NEWID_seq RESTART WITH 100000000 INCREMENT BY 1;
CREATE OR REPLACE FUNCTION GENNEWID_CONST(varchar(64), VARIADIC arr int[])
   RETURNS int AS $$
DECLARE
  inserted_id integer;
  existing_id integer;
BEGIN
  SELECT NEWID INTO existing_id FROM GENNEWID_MAP
  WHERE VIEWRULEID = $1 AND INPUTS = $2;
  IF not found THEN
    INSERT INTO GENNEWID_MAP (VIEWRULEID, INPUTS) VALUES ($1,$2) RETURNING NEWID INTO inserted_id;
    RETURN inserted_id;
  ELSE
    RETURN existing_id;
  END IF;
END;
$$ LANGUAGE 'plpgsql';


DROP MATERIALIZED VIEW IF EXISTS MATCH_HighPay_0 CASCADE

CREATE MATERIALIZED VIEW MATCH_HighPay_0 AS ((SELECT DISTINCT R0._0 AS _0, R0._1 AS _1, R0._2 AS _2, R3._2 AS _3 FROM E_g AS R0 CROSS JOIN N_g AS R1 CROSS JOIN N_g AS R2 CROSS JOIN EP_g AS R3 WHERE R0._1 = R1._0 AND R0._2 = R2._0 AND R0._0 = R3._0 AND R3._2 > 150000 AND R0._3 = 'works_at' AND R1._1 = 'Person' AND R2._1 = 'Company' AND R3._1 = 'salary'));

CREATE INDEX IF NOT EXISTS MATCH_HighPay_0___0 ON MATCH_HighPay_0 (_0)

CREATE INDEX IF NOT EXISTS MATCH_HighPay_0___1 ON MATCH_HighPay_0 (_1)

CREATE INDEX IF NOT EXISTS MATCH_HighPay_0___2 ON MATCH_HighPay_0 (_2)

CREATE INDEX IF NOT EXISTS MATCH_HighPay_0___3 ON MATCH_HighPay_0 (_3)

DROP VIEW IF EXISTS DMAP_HighPay CASCADE

CREATE VIEW DMAP_HighPay AS ((SELECT DISTINCT R0._0 AS _0, R0._0 AS _1 FROM N_g AS R0));

DROP MATERIALIZED VIEW IF EXISTS N_HighPay CASCADE

CREATE MATERIALIZED VIEW N_HighPay AS ((SELECT DISTINCT R0._0 AS _0, R0._1 AS _1 FROM N_g AS R0));

CREATE INDEX IF NOT EXISTS N_HighPay___0 ON N_HighPay (_0)

CREATE INDEX IF NOT EXISTS N_HighPay___1 ON N_HighPay (_1)

DROP MATERIALIZED VIEW IF EXISTS E_HighPay CASCADE

CREATE MATERIALIZED VIEW E_HighPay AS ((SELECT DISTINCT R0._0 AS _0, R1._1 AS _1, R2._1 AS _2, R0._3 AS _3 FROM E_g AS R0 CROSS JOIN DMAP_HighPay AS R1 CROSS JOIN DMAP_HighPay AS R2 WHERE R0._2 = R2._0 AND R0._1 = R1._0));

CREATE INDEX IF NOT EXISTS E_HighPay___0 ON E_HighPay (_0)

CREATE INDEX IF NOT EXISTS E_HighPay___1 ON E_HighPay (_1)

CREATE INDEX IF NOT EXISTS E_HighPay___2 ON E_HighPay (_2)

CREATE INDEX IF NOT EXISTS E_HighPay___3 ON E_HighPay (_3)

SELECT version();

CREATE OR REPLACE FUNCTION process_ivm_node_insertion() RETURNS TRIGGER AS $ivm_node_insert$
DECLARE
BEGIN
	INSERT INTO n_v0 (_0, _1) VALUES (NEW._0, NEW._1);
	RETURN NULL; -- result is ignored since this is an AFTER trigger
END;
$ivm_node_insert$ LANGUAGE plpgsql;

CREATE TRIGGER ivm_node_insert
AFTER INSERT ON n_g
	FOR EACH ROW
	EXECUTE FUNCTION process_ivm_node_insertion();


CREATE OR REPLACE FUNCTION process_ivm_edge_insertion() RETURNS TRIGGER AS $ivm_edge_insert$
DECLARE
	-- variables below are default variables
	cnt integer;
	curs record;
BEGIN
DROP TABLE IF EXISTS map_temp;
CREATE TEMPORARY TABLE map_temp (
	_0      integer NOT NULL,
	_1      varchar(16) NOT NULL,
	_2      integer NOT NULL,
	_3      varchar(16) NOT NULL
);
FOR curs IN
	SELECT DISTINCT R0._0 AS _0, R0._1 AS _1, R0._2 AS _2, R3._2 AS _3 FROM E_g AS R0 CROSS JOIN N_g AS R1 CROSS JOIN N_g AS R2 CROSS JOIN EP_g AS R3 WHERE ( R0._0 = NEW._0 OR R3._0 = NEW._0 ) AND R0._1 = R1._0 AND R0._2 = R2._0 AND R0._0 = R3._0 AND R3._2 > 150000 AND R0._3 = 'works_at' AND R1._1 = 'Person' AND R2._1 = 'Company' AND R3._1 = 'salary'
LOOP
	RAISE NOTICE 'TARGET _0: %', curs._0;
END LOOP;
-- below are common for rules
	INSERT INTO map_HighPay SELECT _0, _1, _2, _3 FROM map_temp;

RETURN NULL; -- result is ignored since this is an AFTER trigger
END;
$ivm_edge_insert$ LANGUAGE plpgsql;


CREATE TRIGGER ivm_edge_insert
AFTER INSERT ON e_g
	FOR EACH ROW EXECUTE FUNCTION process_ivm_edge_insertion();

SELECT DISTINCT R0._0 AS _0 FROM EGD AS R0

SELECT DISTINCT R0._0 AS _0, R0._1 AS _1, R0._2 AS _2 FROM CATALOG_INDEX AS R0

SELECT DISTINCT R0._0 AS _0, R0._1 AS _1 FROM CATALOG_SINDEX AS R0

SELECT DISTINCT R0._0 AS _0 FROM N_schema AS R0

SELECT DISTINCT R0._0 AS _0, R0._1 AS _1, R0._2 AS _2 FROM E_schema AS R0

((SELECT DISTINCT R0._1 AS _0 FROM E_g AS R0 CROSS JOIN N_g AS R2 CROSS JOIN N_g AS R4 CROSS JOIN EP_g AS R6 WHERE R0._1 = R2._0 AND R0._2 = R4._0 AND R0._0 = R6._0 AND R0._3 = 'works_at' AND R2._1 = 'Person' AND R4._1 = 'Company' AND R6._1 = 'department' AND R6._2 = 'IT'));

SELECT DISTINCT R0._0 AS _0, R0._1 AS _1, R0._2 AS _2, R0._3 AS _3, R0._4 AS _4 FROM CATALOG_VIEW AS R0

DROP TABLE IF EXISTS GENNEWID_MAP CASCADE;


CREATE TABLE GENNEWID_MAP (
  NEWID SERIAL PRIMARY KEY NOT NULL,
  VIEWRULEID varchar(64) NOT NULL,
  INPUTS integer[]
);
CREATE INDEX IF NOT EXISTS newid_vrm_idx ON GENNEWID_MAP (VIEWRULEID, INPUTS);
ALTER SEQUENCE GENNEWID_MAP_NEWID_seq RESTART WITH 100000000 INCREMENT BY 1;
CREATE OR REPLACE FUNCTION GENNEWID_CONST(varchar(64), VARIADIC arr int[])
   RETURNS int AS $$
DECLARE
  inserted_id integer;
  existing_id integer;
BEGIN
  SELECT NEWID INTO existing_id FROM GENNEWID_MAP
  WHERE VIEWRULEID = $1 AND INPUTS = $2;
  IF not found THEN
    INSERT INTO GENNEWID_MAP (VIEWRULEID, INPUTS) VALUES ($1,$2) RETURNING NEWID INTO inserted_id;
    RETURN inserted_id;
  ELSE
    RETURN existing_id;
  END IF;
END;
$$ LANGUAGE 'plpgsql';


DROP MATERIALIZED VIEW IF EXISTS MATCH_Veterans_0 CASCADE

CREATE MATERIALIZED VIEW MATCH_Veterans_0 AS ((SELECT DISTINCT R0._0 AS _0, R0._1 AS _1, R0._2 AS _2, R3._2 AS _3 FROM E_g AS R0 CROSS JOIN N_g AS R1 CROSS JOIN N_g AS R2 CROSS JOIN EP_g AS R3 WHERE R0._1 = R1._0 AND R0._2 = R2._0 AND R0._0 = R3._0 AND R3._2 > 10 AND R0._3 = 'works_at' AND R1._1 = 'Person' AND R2._1 = 'Company' AND R3._1 = 'years'));

CREATE INDEX IF NOT EXISTS MATCH_Veterans_0___0 ON MATCH_Veterans_0 (_0)

CREATE INDEX IF NOT EXISTS MATCH_Veterans_0___1 ON MATCH_Veterans_0 (_1)

CREATE INDEX IF NOT EXISTS MATCH_Veterans_0___2 ON MATCH_Veterans_0 (_2)

CREATE INDEX IF NOT EXISTS MATCH_Veterans_0___3 ON MATCH_Veterans_0 (_3)

DROP VIEW IF EXISTS DMAP_Veterans CASCADE

CREATE VIEW DMAP_Veterans AS ((SELECT DISTINCT R0._0 AS _0, R0._0 AS _1 FROM N_g AS R0));

DROP MATERIALIZED VIEW IF EXISTS N_Veterans CASCADE

CREATE MATERIALIZED VIEW N_Veterans AS ((SELECT DISTINCT R0._0 AS _0, R0._1 AS _1 FROM N_g AS R0));

CREATE INDEX IF NOT EXISTS N_Veterans___0 ON N_Veterans (_0)

CREATE INDEX IF NOT EXISTS N_Veterans___1 ON N_Veterans (_1)

DROP MATERIALIZED VIEW IF EXISTS E_Veterans CASCADE

CREATE MATERIALIZED VIEW E_Veterans AS ((SELECT DISTINCT R0._0 AS _0, R1._1 AS _1, R2._1 AS _2, R0._3 AS _3 FROM E_g AS R0 CROSS JOIN DMAP_Veterans AS R1 CROSS JOIN DMAP_Veterans AS R2 WHERE R0._2 = R2._0 AND R0._1 = R1._0));

CREATE INDEX IF NOT EXISTS E_Veterans___0 ON E_Veterans (_0)

CREATE INDEX IF NOT EXISTS E_Veterans___1 ON E_Veterans (_1)

CREATE INDEX IF NOT EXISTS E_Veterans___2 ON E_Veterans (_2)

CREATE INDEX IF NOT EXISTS E_Veterans___3 ON E_Veterans (_3)

SELECT version();

CREATE OR REPLACE FUNCTION process_ivm_node_insertion() RETURNS TRIGGER AS $ivm_node_insert$
DECLARE
BEGIN
	INSERT INTO n_v0 (_0, _1) VALUES (NEW._0, NEW._1);
	RETURN NULL; -- result is ignored since this is an AFTER trigger
END;
$ivm_node_insert$ LANGUAGE plpgsql;

CREATE TRIGGER ivm_node_insert
AFTER INSERT ON n_g
	FOR EACH ROW
	EXECUTE FUNCTION process_ivm_node_insertion();


CREATE OR REPLACE FUNCTION process_ivm_edge_insertion() RETURNS TRIGGER AS $ivm_edge_insert$
DECLARE
	-- variables below are default variables
	cnt integer;
	curs record;
BEGIN
DROP TABLE IF EXISTS map_temp;
CREATE TEMPORARY TABLE map_temp (
	_0      integer NOT NULL,
	_1      varchar(16) NOT NULL,
	_2      integer NOT NULL,
	_3      varchar(16) NOT NULL
);
FOR curs IN
	SELECT DISTINCT R0._0 AS _0, R0._1 AS _1, R0._2 AS _2, R3._2 AS _3 FROM E_g AS R0 CROSS JOIN N_g AS R1 CROSS JOIN N_g AS R2 CROSS JOIN EP_g AS R3 WHERE ( R0._0 = NEW._0 OR R3._0 = NEW._0 ) AND R0._1 = R1._0 AND R0._2 = R2._0 AND R0._0 = R3._0 AND R3._2 > 10 AND R0._3 = 'works_at' AND R1._1 = 'Person' AND R2._1 = 'Company' AND R3._1 = 'years'
LOOP
	RAISE NOTICE 'TARGET _0: %', curs._0;
END LOOP;
-- below are common for rules
	INSERT INTO map_Veterans SELECT _0, _1, _2, _3 FROM map_temp;

RETURN NULL; -- result is ignored since this is an AFTER trigger
END;
$ivm_edge_insert$ LANGUAGE plpgsql;


CREATE TRIGGER ivm_edge_insert
AFTER INSERT ON e_g
	FOR EACH ROW EXECUTE FUNCTION process_ivm_edge_insertion();

DROP TABLE IF EXISTS GENNEWID_MAP CASCADE;


CREATE TABLE GENNEWID_MAP (
  NEWID SERIAL PRIMARY KEY NOT NULL,
  VIEWRULEID varchar(64) NOT NULL,
  INPUTS integer[]
);
CREATE INDEX IF NOT EXISTS newid_vrm_idx ON GENNEWID_MAP (VIEWRULEID, INPUTS);
ALTER SEQUENCE GENNEWID_MAP_NEWID_seq RESTART WITH 100000000 INCREMENT BY 1;
CREATE OR REPLACE FUNCTION GENNEWID_CONST(varchar(64), VARIADIC arr int[])
   RETURNS int AS $$
DECLARE
  inserted_id integer;
  existing_id integer;
BEGIN
  SELECT NEWID INTO existing_id FROM GENNEWID_MAP
  WHERE VIEWRULEID = $1 AND INPUTS = $2;
  IF not found THEN
    INSERT INTO GENNEWID_MAP (VIEWRULEID, INPUTS) VALUES ($1,$2) RETURNING NEWID INTO inserted_id;
    RETURN inserted_id;
  ELSE
    RETURN existing_id;
  END IF;
END;
$$ LANGUAGE 'plpgsql';


DROP MATERIALIZED VIEW IF EXISTS MATCH_Friends_0 CASCADE

CREATE MATERIALIZED VIEW MATCH_Friends_0 AS ((SELECT DISTINCT R0._0 AS _0, R0._1 AS _1, R0._2 AS _2 FROM E_g AS R0 CROSS JOIN N_g AS R1 CROSS JOIN N_g AS R2 WHERE R0._1 = R1._0 AND R0._2 = R2._0 AND R0._3 = 'knows' AND R1._1 = 'Person' AND R2._1 = 'Person'));

CREATE INDEX IF NOT EXISTS MATCH_Friends_0___0 ON MATCH_Friends_0 (_0)

CREATE INDEX IF NOT EXISTS MATCH_Friends_0___1 ON MATCH_Friends_0 (_1)

CREATE INDEX IF NOT EXISTS MATCH_Friends_0___2 ON MATCH_Friends_0 (_2)

DROP VIEW IF EXISTS DMAP_Friends CASCADE

CREATE VIEW DMAP_Friends AS ((SELECT DISTINCT R0._0 AS _0, R0._0 AS _1 FROM N_g AS R0));

DROP MATERIALIZED VIEW IF EXISTS N_Friends CASCADE

CREATE MATERIALIZED VIEW N_Friends AS ((SELECT DISTINCT R0._0 AS _0, R0._1 AS _1 FROM N_g AS R0));

CREATE INDEX IF NOT EXISTS N_Friends___0 ON N_Friends (_0)

CREATE INDEX IF NOT EXISTS N_Friends___1 ON N_Friends (_1)

DROP MATERIALIZED VIEW IF EXISTS E_Friends CASCADE

CREATE MATERIALIZED VIEW E_Friends AS ((SELECT DISTINCT R0._0 AS _0, R1._1 AS _1, R2._1 AS _2, R0._3 AS _3 FROM E_g AS R0 CROSS JOIN DMAP_Friends AS R1 CROSS JOIN DMAP_Friends AS R2 WHERE R0._2 = R2._0 AND R0._1 = R1._0));

CREATE INDEX IF NOT EXISTS E_Friends___0 ON E_Friends (_0)

CREATE INDEX IF NOT EXISTS E_Friends___1 ON E_Friends (_1)

CREATE INDEX IF NOT EXISTS E_Friends___2 ON E_Friends (_2)

CREATE INDEX IF NOT EXISTS E_Friends___3 ON E_Friends (_3)

SELECT version();

CREATE OR REPLACE FUNCTION process_ivm_node_insertion() RETURNS TRIGGER AS $ivm_node_insert$
DECLARE
BEGIN
	INSERT INTO n_v0 (_0, _1) VALUES (NEW._0, NEW._1);
	RETURN NULL; -- result is ignored since this is an AFTER trigger
END;
$ivm_node_insert$ LANGUAGE plpgsql;

CREATE TRIGGER ivm_node_insert
AFTER INSERT ON n_g
	FOR EACH ROW
	EXECUTE FUNCTION process_ivm_node_insertion();


CREATE OR REPLACE FUNCTION process_ivm_edge_insertion() RETURNS TRIGGER AS $ivm_edge_insert$
DECLARE
	-- variables below are default variables
	cnt integer;
	curs record;
BEGIN
DROP TABLE IF EXISTS map_temp;
CREATE TEMPORARY TABLE map_temp (
	_0      integer NOT NULL,
	_1      varchar(16) NOT NULL,
	_2      integer NOT NULL,
	_3      varchar(16) NOT NULL
);
FOR curs IN
	SELECT DISTINCT R0._0 AS _0, R0._1 AS _1, R0._2 AS _2 FROM E_g AS R0 CROSS JOIN N_g AS R1 CROSS JOIN N_g AS R2 WHERE ( R0._0 = NEW._0) AND R0._1 = R1._0 AND R0._2 = R2._0 AND R0._3 = 'knows' AND R1._1 = 'Person' AND R2._1 = 'Person'
LOOP
	RAISE NOTICE 'TARGET _0: %', curs._0;
END LOOP;
-- below are common for rules
	INSERT INTO map_Friends SELECT _0, _1, _2, _3 FROM map_temp;

RETURN NULL; -- result is ignored since this is an AFTER trigger
END;
$ivm_edge_insert$ LANGUAGE plpgsql;


CREATE TRIGGER ivm_edge_insert
AFTER INSERT ON e_g
	FOR EACH ROW EXECUTE FUNCTION process_ivm_edge_insertion();

DROP TABLE IF EXISTS GENNEWID_MAP CASCADE;


CREATE TABLE GENNEWID_MAP (
  NEWID SERIAL PRIMARY KEY NOT NULL,
  VIEWRULEID varchar(64) NOT NULL,
  INPUTS integer[]
);
CREATE INDEX IF NOT EXISTS newid_vrm_idx ON GENNEWID_MAP (VIEWRULEID, INPUTS);
ALTER SEQUENCE GENNEWID_MAP_NEWID_seq RESTART WITH 100000000 INCREMENT BY 1;
CREATE OR REPLACE FUNCTION GENNEWID_CONST(varchar(64), VARIADIC arr int[])
   RETURNS int AS $$
DECLARE
  inserted_id integer;
  existing_id integer;
BEGIN
  SELECT NEWID INTO existing_id FROM GENNEWID_MAP
  WHERE VIEWRULEID = $1 AND INPUTS = $2;
  IF not found THEN
    INSERT INTO GENNEWID_MAP (VIEWRULEID, INPUTS) VALUES ($1,$2) RETURNING NEWID INTO inserted_id;
    RETURN inserted_id;
  ELSE
    RETURN existing_id;
  END IF;
END;
$$ LANGUAGE 'plpgsql';


DROP MATERIALIZED VIEW IF EXISTS MATCH_Shoppers_0 CASCADE

CREATE MATERIALIZED VIEW MATCH_Shoppers_0 AS ((SELECT DISTINCT R0._0 AS _0, R0._1 AS _1, R0._2 AS _2 FROM E_g AS R0 CROSS JOIN N_g AS R1 CROSS JOIN N_g AS R2 WHERE R0._1 = R1._0 AND R0._2 = R2._0 AND R0._3 = 'bought' AND R1._1 = 'Person' AND R2._1 = 'Product'));

CREATE INDEX IF NOT EXISTS MATCH_Shoppers_0___0 ON MATCH_Shoppers_0 (_0)

CREATE INDEX IF NOT EXISTS MATCH_Shoppers_0___1 ON MATCH_Shoppers_0 (_1)

CREATE INDEX IF NOT EXISTS MATCH_Shoppers_0___2 ON MATCH_Shoppers_0 (_2)

DROP VIEW IF EXISTS DMAP_Shoppers CASCADE

CREATE VIEW DMAP_Shoppers AS ((SELECT DISTINCT R0._0 AS _0, R0._0 AS _1 FROM N_g AS R0));

DROP MATERIALIZED VIEW IF EXISTS N_Shoppers CASCADE

CREATE MATERIALIZED VIEW N_Shoppers AS ((SELECT DISTINCT R0._0 AS _0, R0._1 AS _1 FROM N_g AS R0));

CREATE INDEX IF NOT EXISTS N_Shoppers___0 ON N_Shoppers (_0)

CREATE INDEX IF NOT EXISTS N_Shoppers___1 ON N_Shoppers (_1)

DROP MATERIALIZED VIEW IF EXISTS E_Shoppers CASCADE

CREATE MATERIALIZED VIEW E_Shoppers AS ((SELECT DISTINCT R0._0 AS _0, R1._1 AS _1, R2._1 AS _2, R0._3 AS _3 FROM E_g AS R0 CROSS JOIN DMAP_Shoppers AS R1 CROSS JOIN DMAP_Shoppers AS R2 WHERE R0._2 = R2._0 AND R0._1 = R1._0));

CREATE INDEX IF NOT EXISTS E_Shoppers___0 ON E_Shoppers (_0)

CREATE INDEX IF NOT EXISTS E_Shoppers___1 ON E_Shoppers (_1)

CREATE INDEX IF NOT EXISTS E_Shoppers___2 ON E_Shoppers (_2)

CREATE INDEX IF NOT EXISTS E_Shoppers___3 ON E_Shoppers (_3)

SELECT version();

CREATE OR REPLACE FUNCTION process_ivm_node_insertion() RETURNS TRIGGER AS $ivm_node_insert$
DECLARE
BEGIN
	INSERT INTO n_v0 (_0, _1) VALUES (NEW._0, NEW._1);
	RETURN NULL; -- result is ignored since this is an AFTER trigger
END;
$ivm_node_insert$ LANGUAGE plpgsql;

CREATE TRIGGER ivm_node_insert
AFTER INSERT ON n_g
	FOR EACH ROW
	EXECUTE FUNCTION process_ivm_node_insertion();


CREATE OR REPLACE FUNCTION process_ivm_edge_insertion() RETURNS TRIGGER AS $ivm_edge_insert$
DECLARE
	-- variables below are default variables
	cnt integer;
	curs record;
BEGIN
DROP TABLE IF EXISTS map_temp;
CREATE TEMPORARY TABLE map_temp (
	_0      integer NOT NULL,
	_1      varchar(16) NOT NULL,
	_2      integer NOT NULL,
	_3      varchar(16) NOT NULL
);
FOR curs IN
	SELECT DISTINCT R0._0 AS _0, R0._1 AS _1, R0._2 AS _2 FROM E_g AS R0 CROSS JOIN N_g AS R1 CROSS JOIN N_g AS R2 WHERE ( R0._0 = NEW._0) AND R0._1 = R1._0 AND R0._2 = R2._0 AND R0._3 = 'bought' AND R1._1 = 'Person' AND R2._1 = 'Product'
LOOP
	RAISE NOTICE 'TARGET _0: %', curs._0;
END LOOP;
-- below are common for rules
	INSERT INTO map_Shoppers SELECT _0, _1, _2, _3 FROM map_temp;

RETURN NULL; -- result is ignored since this is an AFTER trigger
END;
$ivm_edge_insert$ LANGUAGE plpgsql;


CREATE TRIGGER ivm_edge_insert
AFTER INSERT ON e_g
	FOR EACH ROW EXECUTE FUNCTION process_ivm_edge_insertion();

DROP TABLE IF EXISTS GENNEWID_MAP CASCADE;


CREATE TABLE GENNEWID_MAP (
  NEWID SERIAL PRIMARY KEY NOT NULL,
  VIEWRULEID varchar(64) NOT NULL,
  INPUTS integer[]
);
CREATE INDEX IF NOT EXISTS newid_vrm_idx ON GENNEWID_MAP (VIEWRULEID, INPUTS);
ALTER SEQUENCE GENNEWID_MAP_NEWID_seq RESTART WITH 100000000 INCREMENT BY 1;
CREATE OR REPLACE FUNCTION GENNEWID_CONST(varchar(64), VARIADIC arr int[])
   RETURNS int AS $$
DECLARE
  inserted_id integer;
  existing_id integer;
BEGIN
  SELECT NEWID INTO existing_id FROM GENNEWID_MAP
  WHERE VIEWRULEID = $1 AND INPUTS = $2;
  IF not found THEN
    INSERT INTO GENNEWID_MAP (VIEWRULEID, INPUTS) VALUES ($1,$2) RETURNING NEWID INTO inserted_id;
    RETURN inserted_id;
  ELSE
    RETURN existing_id;
  END IF;
END;
$$ LANGUAGE 'plpgsql';


DROP MATERIALIZED VIEW IF EXISTS MATCH_HighPay_0 CASCADE

CREATE MATERIALIZED VIEW MATCH_HighPay_0 AS ((SELECT DISTINCT R0._0 AS _0, R0._1 AS _1, R0._2 AS _2, R3._2 AS _3 FROM E_g AS R0 CROSS JOIN N_g AS R1 CROSS JOIN N_g AS R2 CROSS JOIN EP_g AS R3 WHERE R0._1 = R1._0 AND R0._2 = R2._0 AND R0._0 = R3._0 AND R3._2 > 150000 AND R0._3 = 'works_at' AND R1._1 = 'Person' AND R2._1 = 'Company' AND R3._1 = 'salary'));

CREATE INDEX IF NOT EXISTS MATCH_HighPay_0___0 ON MATCH_HighPay_0 (_0)

CREATE INDEX IF NOT EXISTS MATCH_HighPay_0___1 ON MATCH_HighPay_0 (_1)

CREATE INDEX IF NOT EXISTS MATCH_HighPay_0___2 ON MATCH_HighPay_0 (_2)

CREATE INDEX IF NOT EXISTS MATCH_HighPay_0___3 ON MATCH_HighPay_0 (_3)

DROP VIEW IF EXISTS DMAP_HighPay CASCADE

CREATE VIEW DMAP_HighPay AS ((SELECT DISTINCT R0._0 AS _0, R0._0 AS _1 FROM N_g AS R0));

DROP MATERIALIZED VIEW IF EXISTS N_HighPay CASCADE

CREATE MATERIALIZED VIEW N_HighPay AS ((SELECT DISTINCT R0._0 AS _0, R0._1 AS _1 FROM N_g AS R0));

CREATE INDEX IF NOT EXISTS N_HighPay___0 ON N_HighPay (_0)

CREATE INDEX IF NOT EXISTS N_HighPay___1 ON N_HighPay (_1)

DROP MATERIALIZED VIEW IF EXISTS E_HighPay CASCADE

CREATE MATERIALIZED VIEW E_HighPay AS ((SELECT DISTINCT R0._0 AS _0, R1._1 AS _1, R2._1 AS _2, R0._3 AS _3 FROM E_g AS R0 CROSS JOIN DMAP_HighPay AS R1 CROSS JOIN DMAP_HighPay AS R2 WHERE R0._2 = R2._0 AND R0._1 = R1._0));

CREATE INDEX IF NOT EXISTS E_HighPay___0 ON E_HighPay (_0)

CREATE INDEX IF NOT EXISTS E_HighPay___1 ON E_HighPay (_1)

CREATE INDEX IF NOT EXISTS E_HighPay___2 ON E_HighPay (_2)

CREATE INDEX IF NOT EXISTS E_HighPay___3 ON E_HighPay (_3)

SELECT version();

CREATE OR REPLACE FUNCTION process_ivm_node_insertion() RETURNS TRIGGER AS $ivm_node_insert$
DECLARE
BEGIN
	INSERT INTO n_v0 (_0, _1) VALUES (NEW._0, NEW._1);
	RETURN NULL; -- result is ignored since this is an AFTER trigger
END;
$ivm_node_insert$ LANGUAGE plpgsql;

CREATE TRIGGER ivm_node_insert
AFTER INSERT ON n_g
	FOR EACH ROW
	EXECUTE FUNCTION process_ivm_node_insertion();


CREATE OR REPLACE FUNCTION process_ivm_edge_insertion() RETURNS TRIGGER AS $ivm_edge_insert$
DECLARE
	-- variables below are default variables
	cnt integer;
	curs record;
BEGIN
DROP TABLE IF EXISTS map_temp;
CREATE TEMPORARY TABLE map_temp (
	_0      integer NOT NULL,
	_1      varchar(16) NOT NULL,
	_2      integer NOT NULL,
	_3      varchar(16) NOT NULL
);
FOR curs IN
	SELECT DISTINCT R0._0 AS _0, R0._1 AS _1, R0._2 AS _2, R3._2 AS _3 FROM E_g AS R0 CROSS JOIN N_g AS R1 CROSS JOIN N_g AS R2 CROSS JOIN EP_g AS R3 WHERE ( R0._0 = NEW._0 OR R3._0 = NEW._0 ) AND R0._1 = R1._0 AND R0._2 = R2._0 AND R0._0 = R3._0 AND R3._2 > 150000 AND R0._3 = 'works_at' AND R1._1 = 'Person' AND R2._1 = 'Company' AND R3._1 = 'salary'
LOOP
	RAISE NOTICE 'TARGET _0: %', curs._0;
END LOOP;
-- below are common for rules
	INSERT INTO map_HighPay SELECT _0, _1, _2, _3 FROM map_temp;

RETURN NULL; -- result is ignored since this is an AFTER trigger
END;
$ivm_edge_insert$ LANGUAGE plpgsql;


CREATE TRIGGER ivm_edge_insert
AFTER INSERT ON e_g
	FOR EACH ROW EXECUTE FUNCTION process_ivm_edge_insertion();

SELECT DISTINCT R0._0 AS _0 FROM EGD AS R0

SELECT DISTINCT R0._0 AS _0, R0._1 AS _1, R0._2 AS _2 FROM CATALOG_INDEX AS R0

SELECT DISTINCT R0._0 AS _0, R0._1 AS _1 FROM CATALOG_SINDEX AS R0

SELECT DISTINCT R0._0 AS _0 FROM N_schema AS R0

SELECT DISTINCT R0._0 AS _0, R0._1 AS _1, R0._2 AS _2 FROM E_schema AS R0

((SELECT DISTINCT R0._1 AS _0 FROM E_g AS R0 CROSS JOIN N_g AS R2 CROSS JOIN N_g AS R4 CROSS JOIN EP_g AS R6 WHERE R0._1 = R2._0 AND R0._2 = R4._0 AND R0._0 = R6._0 AND R0._3 = 'works_at' AND R2._1 = 'Person' AND R4._1 = 'Company' AND R6._1 = 'department' AND R6._2 = 'IT'));

SELECT DISTINCT R0._0 AS _0, R0._1 AS _1, R0._2 AS _2, R0._3 AS _3, R0._4 AS _4 FROM CATALOG_VIEW AS R0

DROP TABLE IF EXISTS GENNEWID_MAP CASCADE;


CREATE TABLE GENNEWID_MAP (
  NEWID SERIAL PRIMARY KEY NOT NULL,
  VIEWRULEID varchar(64) NOT NULL,
  INPUTS integer[]
);
CREATE INDEX IF NOT EXISTS newid_vrm_idx ON GENNEWID_MAP (VIEWRULEID, INPUTS);
ALTER SEQUENCE GENNEWID_MAP_NEWID_seq RESTART WITH 100000000 INCREMENT BY 1;
CREATE OR REPLACE FUNCTION GENNEWID_CONST(varchar(64), VARIADIC arr int[])
   RETURNS int AS $$
DECLARE
  inserted_id integer;
  existing_id integer;
BEGIN
  SELECT NEWID INTO existing_id FROM GENNEWID_MAP
  WHERE VIEWRULEID = $1 AND INPUTS = $2;
  IF not found THEN
    INSERT INTO GENNEWID_MAP (VIEWRULEID, INPUTS) VALUES ($1,$2) RETURNING NEWID INTO inserted_id;
    RETURN inserted_id;
  ELSE
    RETURN existing_id;
  END IF;
END;
$$ LANGUAGE 'plpgsql';


SELECT version();

CREATE OR REPLACE FUNCTION process_ivm_node_insertion() RETURNS TRIGGER AS $ivm_node_insert$
DECLARE
BEGIN
	INSERT INTO n_v0 (_0, _1) VALUES (NEW._0, NEW._1);
	RETURN NULL; -- result is ignored since this is an AFTER trigger
END;
$ivm_node_insert$ LANGUAGE plpgsql;

CREATE TRIGGER ivm_node_insert
AFTER INSERT ON n_g
	FOR EACH ROW
	EXECUTE FUNCTION process_ivm_node_insertion();


CREATE OR REPLACE FUNCTION process_ivm_edge_insertion() RETURNS TRIGGER AS $ivm_edge_insert$
DECLARE
	-- variables below are default variables
	cnt integer;
	curs record;
BEGIN
DROP TABLE IF EXISTS map_temp;
CREATE TEMPORARY TABLE map_temp (
	_0      integer NOT NULL,
	_1      varchar(16) NOT NULL,
	_2      integer NOT NULL,
	_3      varchar(16) NOT NULL
);
FOR curs IN
	SELECT DISTINCT R0._0 AS _0, R0._1 AS _1, R0._2 AS _2, R3._2 AS _3 FROM E_g AS R0 CROSS JOIN N_g AS R1 CROSS JOIN N_g AS R2 CROSS JOIN EP_g AS R3 WHERE ( R0._0 = NEW._0 OR R3._0 = NEW._0 ) AND R0._1 = R1._0 AND R0._2 = R2._0 AND R0._0 = R3._0 AND R3._2 > 10 AND R0._3 = 'works_at' AND R1._1 = 'Person' AND R2._1 = 'Company' AND R3._1 = 'years'
LOOP
	RAISE NOTICE 'TARGET _0: %', curs._0;
END LOOP;
-- below are common for rules
	INSERT INTO map_Veterans SELECT _0, _1, _2, _3 FROM map_temp;

RETURN NULL; -- result is ignored since this is an AFTER trigger
END;
$ivm_edge_insert$ LANGUAGE plpgsql;


CREATE TRIGGER ivm_edge_insert
AFTER INSERT ON e_g
	FOR EACH ROW EXECUTE FUNCTION process_ivm_edge_insertion();

DROP TABLE IF EXISTS GENNEWID_MAP CASCADE;


CREATE TABLE GENNEWID_MAP (
  NEWID SERIAL PRIMARY KEY NOT NULL,
  VIEWRULEID varchar(64) NOT NULL,
  INPUTS integer[]
);
CREATE INDEX IF NOT EXISTS newid_vrm_idx ON GENNEWID_MAP (VIEWRULEID, INPUTS);
ALTER SEQUENCE GENNEWID_MAP_NEWID_seq RESTART WITH 100000000 INCREMENT BY 1;
CREATE OR REPLACE FUNCTION GENNEWID_CONST(varchar(64), VARIADIC arr int[])
   RETURNS int AS $$
DECLARE
  inserted_id integer;
  existing_id integer;
BEGIN
  SELECT NEWID INTO existing_id FROM GENNEWID_MAP
  WHERE VIEWRULEID = $1 AND INPUTS = $2;
  IF not found THEN
    INSERT INTO GENNEWID_MAP (VIEWRULEID, INPUTS) VALUES ($1,$2) RETURNING NEWID INTO inserted_id;
    RETURN inserted_id;
  ELSE
    RETURN existing_id;
  END IF;
END;
$$ LANGUAGE 'plpgsql';


SELECT version();

CREATE OR REPLACE FUNCTION process_ivm_node_insertion() RETURNS TRIGGER AS $ivm_node_insert$
DECLARE
BEGIN
	INSERT INTO n_v0 (_0, _1) VALUES (NEW._0, NEW._1);
	RETURN NULL; -- result is ignored since this is an AFTER trigger
END;
$ivm_node_insert$ LANGUAGE plpgsql;

CREATE TRIGGER ivm_node_insert
AFTER INSERT ON n_g
	FOR EACH ROW
	EXECUTE FUNCTION process_ivm_node_insertion();


CREATE OR REPLACE FUNCTION process_ivm_edge_insertion() RETURNS TRIGGER AS $ivm_edge_insert$
DECLARE
	-- variables below are default variables
	cnt integer;
	curs record;
BEGIN
DROP TABLE IF EXISTS map_temp;
CREATE TEMPORARY TABLE map_temp (
	_0      integer NOT NULL,
	_1      varchar(16) NOT NULL,
	_2      integer NOT NULL,
	_3      varchar(16) NOT NULL
);
FOR curs IN
	SELECT DISTINCT R0._0 AS _0, R0._1 AS _1, R0._2 AS _2 FROM E_g AS R0 CROSS JOIN N_g AS R1 CROSS JOIN N_g AS R2 WHERE ( R0._0 = NEW._0) AND R0._1 = R1._0 AND R0._2 = R2._0 AND R0._3 = 'knows' AND R1._1 = 'Person' AND R2._1 = 'Person'
LOOP
	RAISE NOTICE 'TARGET _0: %', curs._0;
END LOOP;
-- below are common for rules
	INSERT INTO map_Friends SELECT _0, _1, _2, _3 FROM map_temp;

RETURN NULL; -- result is ignored since this is an AFTER trigger
END;
$ivm_edge_insert$ LANGUAGE plpgsql;


CREATE TRIGGER ivm_edge_insert
AFTER INSERT ON e_g
	FOR EACH ROW EXECUTE FUNCTION process_ivm_edge_insertion();

DROP TABLE IF EXISTS GENNEWID_MAP CASCADE;


CREATE TABLE GENNEWID_MAP (
  NEWID SERIAL PRIMARY KEY NOT NULL,
  VIEWRULEID varchar(64) NOT NULL,
  INPUTS integer[]
);
CREATE INDEX IF NOT EXISTS newid_vrm_idx ON GENNEWID_MAP (VIEWRULEID, INPUTS);
ALTER SEQUENCE GENNEWID_MAP_NEWID_seq RESTART WITH 100000000 INCREMENT BY 1;
CREATE OR REPLACE FUNCTION GENNEWID_CONST(varchar(64), VARIADIC arr int[])
   RETURNS int AS $$
DECLARE
  inserted_id integer;
  existing_id integer;
BEGIN
  SELECT NEWID INTO existing_id FROM GENNEWID_MAP
  WHERE VIEWRULEID = $1 AND INPUTS = $2;
  IF not found THEN
    INSERT INTO GENNEWID_MAP (VIEWRULEID, INPUTS) VALUES ($1,$2) RETURNING NEWID INTO inserted_id;
    RETURN inserted_id;
  ELSE
    RETURN existing_id;
  END IF;
END;
$$ LANGUAGE 'plpgsql';


SELECT version();

CREATE OR REPLACE FUNCTION process_ivm_node_insertion() RETURNS TRIGGER AS $ivm_node_insert$
DECLARE
BEGIN
	INSERT INTO n_v0 (_0, _1) VALUES (NEW._0, NEW._1);
	RETURN NULL; -- result is ignored since this is an AFTER trigger
END;
$ivm_node_insert$ LANGUAGE plpgsql;

CREATE TRIGGER ivm_node_insert
AFTER INSERT ON n_g
	FOR EACH ROW
	EXECUTE FUNCTION process_ivm_node_insertion();


CREATE OR REPLACE FUNCTION process_ivm_edge_insertion() RETURNS TRIGGER AS $ivm_edge_insert$
DECLARE
	-- variables below are default variables
	cnt integer;
	curs record;
BEGIN
DROP TABLE IF EXISTS map_temp;
CREATE TEMPORARY TABLE map_temp (
	_0      integer NOT NULL,
	_1      varchar(16) NOT NULL,
	_2      integer NOT NULL,
	_3      varchar(16) NOT NULL
);
FOR curs IN
	SELECT DISTINCT R0._0 AS _0, R0._1 AS _1, R0._2 AS _2 FROM E_g AS R0 CROSS JOIN N_g AS R1 CROSS JOIN N_g AS R2 WHERE ( R0._0 = NEW._0) AND R0._1 = R1._0 AND R0._2 = R2._0 AND R0._3 = 'bought' AND R1._1 = 'Person' AND R2._1 = 'Product'
LOOP
	RAISE NOTICE 'TARGET _0: %', curs._0;
END LOOP;
-- below are common for rules
	INSERT INTO map_Shoppers SELECT _0, _1, _2, _3 FROM map_temp;

RETURN NULL; -- result is ignored since this is an AFTER trigger
END;
$ivm_edge_insert$ LANGUAGE plpgsql;


CREATE TRIGGER ivm_edge_insert
AFTER INSERT ON e_g
	FOR EACH ROW EXECUTE FUNCTION process_ivm_edge_insertion();

DROP TABLE IF EXISTS GENNEWID_MAP CASCADE;


CREATE TABLE GENNEWID_MAP (
  NEWID SERIAL PRIMARY KEY NOT NULL,
  VIEWRULEID varchar(64) NOT NULL,
  INPUTS integer[]
);
CREATE INDEX IF NOT EXISTS newid_vrm_idx ON GENNEWID_MAP (VIEWRULEID, INPUTS);
ALTER SEQUENCE GENNEWID_MAP_NEWID_seq RESTART WITH 100000000 INCREMENT BY 1;
CREATE OR REPLACE FUNCTION GENNEWID_CONST(varchar(64), VARIADIC arr int[])
   RETURNS int AS $$
DECLARE
  inserted_id integer;
  existing_id integer;
BEGIN
  SELECT NEWID INTO existing_id FROM GENNEWID_MAP
  WHERE VIEWRULEID = $1 AND INPUTS = $2;
  IF not found THEN
    INSERT INTO GENNEWID_MAP (VIEWRULEID, INPUTS) VALUES ($1,$2) RETURNING NEWID INTO inserted_id;
    RETURN inserted_id;
  ELSE
    RETURN existing_id;
  END IF;
END;
$$ LANGUAGE 'plpgsql';


SELECT version();

CREATE OR REPLACE FUNCTION process_ivm_node_insertion() RETURNS TRIGGER AS $ivm_node_insert$
DECLARE
BEGIN
	INSERT INTO n_v0 (_0, _1) VALUES (NEW._0, NEW._1);
	RETURN NULL; -- result is ignored since this is an AFTER trigger
END;
$ivm_node_insert$ LANGUAGE plpgsql;

CREATE TRIGGER ivm_node_insert
AFTER INSERT ON n_g
	FOR EACH ROW
	EXECUTE FUNCTION process_ivm_node_insertion();


CREATE OR REPLACE FUNCTION process_ivm_edge_insertion() RETURNS TRIGGER AS $ivm_edge_insert$
DECLARE
	-- variables below are default variables
	cnt integer;
	curs record;
BEGIN
DROP TABLE IF EXISTS map_temp;
CREATE TEMPORARY TABLE map_temp (
	_0      integer NOT NULL,
	_1      varchar(16) NOT NULL,
	_2      integer NOT NULL,
	_3      varchar(16) NOT NULL
);
FOR curs IN
	SELECT DISTINCT R0._0 AS _0, R0._1 AS _1, R0._2 AS _2, R3._2 AS _3 FROM E_g AS R0 CROSS JOIN N_g AS R1 CROSS JOIN N_g AS R2 CROSS JOIN EP_g AS R3 WHERE ( R0._0 = NEW._0 OR R3._0 = NEW._0 ) AND R0._1 = R1._0 AND R0._2 = R2._0 AND R0._0 = R3._0 AND R3._2 > 150000 AND R0._3 = 'works_at' AND R1._1 = 'Person' AND R2._1 = 'Company' AND R3._1 = 'salary'
LOOP
	RAISE NOTICE 'TARGET _0: %', curs._0;
END LOOP;
-- below are common for rules
	INSERT INTO map_HighPay SELECT _0, _1, _2, _3 FROM map_temp;

RETURN NULL; -- result is ignored since this is an AFTER trigger
END;
$ivm_edge_insert$ LANGUAGE plpgsql;


CREATE TRIGGER ivm_edge_insert
AFTER INSERT ON e_g
	FOR EACH ROW EXECUTE FUNCTION process_ivm_edge_insertion();

SELECT DISTINCT R0._0 AS _0 FROM EGD AS R0

SELECT DISTINCT R0._0 AS _0, R0._1 AS _1, R0._2 AS _2 FROM CATALOG_INDEX AS R0

SELECT DISTINCT R0._0 AS _0, R0._1 AS _1 FROM CATALOG_SINDEX AS R0

SELECT DISTINCT R0._0 AS _0 FROM N_schema AS R0

SELECT DISTINCT R0._0 AS _0, R0._1 AS _1, R0._2 AS _2 FROM E_schema AS R0

((SELECT DISTINCT R0._1 AS _0 FROM E_g AS R0 CROSS JOIN N_g AS R2 CROSS JOIN N_g AS R4 CROSS JOIN EP_g AS R6 WHERE R0._1 = R2._0 AND R0._2 = R4._0 AND R0._0 = R6._0 AND R0._3 = 'works_at' AND R2._1 = 'Person' AND R4._1 = 'Company' AND R6._1 = 'department' AND R6._2 = 'IT'));

((SELECT DISTINCT R0._1 AS _0, R0._2 AS _1, R0._0 AS _2 FROM E_g AS R0 CROSS JOIN N_g AS R2 CROSS JOIN N_g AS R4 WHERE R0._1 = R2._0 AND R0._2 = R4._0 AND R0._3 = 'Knows' AND R2._1 = 'Person' AND R4._1 = 'Person'));

SELECT DISTINCT R0._0 AS _0, R0._1 AS _1, R0._2 AS _2, R0._3 AS _3, R0._4 AS _4 FROM CATALOG_VIEW AS R0

DROP TABLE IF EXISTS GENNEWID_MAP CASCADE;


CREATE TABLE GENNEWID_MAP (
  NEWID SERIAL PRIMARY KEY NOT NULL,
  VIEWRULEID varchar(64) NOT NULL,
  INPUTS integer[]
);
CREATE INDEX IF NOT EXISTS newid_vrm_idx ON GENNEWID_MAP (VIEWRULEID, INPUTS);
ALTER SEQUENCE GENNEWID_MAP_NEWID_seq RESTART WITH 100000000 INCREMENT BY 1;
CREATE OR REPLACE FUNCTION GENNEWID_CONST(varchar(64), VARIADIC arr int[])
   RETURNS int AS $$
DECLARE
  inserted_id integer;
  existing_id integer;
BEGIN
  SELECT NEWID INTO existing_id FROM GENNEWID_MAP
  WHERE VIEWRULEID = $1 AND INPUTS = $2;
  IF not found THEN
    INSERT INTO GENNEWID_MAP (VIEWRULEID, INPUTS) VALUES ($1,$2) RETURNING NEWID INTO inserted_id;
    RETURN inserted_id;
  ELSE
    RETURN existing_id;
  END IF;
END;
$$ LANGUAGE 'plpgsql';


SELECT version();

CREATE OR REPLACE FUNCTION process_ivm_node_insertion() RETURNS TRIGGER AS $ivm_node_insert$
DECLARE
BEGIN
	INSERT INTO n_v0 (_0, _1) VALUES (NEW._0, NEW._1);
	RETURN NULL; -- result is ignored since this is an AFTER trigger
END;
$ivm_node_insert$ LANGUAGE plpgsql;

CREATE TRIGGER ivm_node_insert
AFTER INSERT ON n_g
	FOR EACH ROW
	EXECUTE FUNCTION process_ivm_node_insertion();


CREATE OR REPLACE FUNCTION process_ivm_edge_insertion() RETURNS TRIGGER AS $ivm_edge_insert$
DECLARE
	-- variables below are default variables
	cnt integer;
	curs record;
BEGIN
DROP TABLE IF EXISTS map_temp;
CREATE TEMPORARY TABLE map_temp (
	_0      integer NOT NULL,
	_1      varchar(16) NOT NULL,
	_2      integer NOT NULL,
	_3      varchar(16) NOT NULL
);
FOR curs IN
	SELECT DISTINCT R0._0 AS _0, R0._1 AS _1, R0._2 AS _2, R3._2 AS _3 FROM E_g AS R0 CROSS JOIN N_g AS R1 CROSS JOIN N_g AS R2 CROSS JOIN EP_g AS R3 WHERE ( R0._0 = NEW._0 OR R3._0 = NEW._0 ) AND R0._1 = R1._0 AND R0._2 = R2._0 AND R0._0 = R3._0 AND R3._2 > 10 AND R0._3 = 'works_at' AND R1._1 = 'Person' AND R2._1 = 'Company' AND R3._1 = 'years'
LOOP
	RAISE NOTICE 'TARGET _0: %', curs._0;
END LOOP;
-- below are common for rules
	INSERT INTO map_Veterans SELECT _0, _1, _2, _3 FROM map_temp;

RETURN NULL; -- result is ignored since this is an AFTER trigger
END;
$ivm_edge_insert$ LANGUAGE plpgsql;


CREATE TRIGGER ivm_edge_insert
AFTER INSERT ON e_g
	FOR EACH ROW EXECUTE FUNCTION process_ivm_edge_insertion();

DROP TABLE IF EXISTS GENNEWID_MAP CASCADE;


CREATE TABLE GENNEWID_MAP (
  NEWID SERIAL PRIMARY KEY NOT NULL,
  VIEWRULEID varchar(64) NOT NULL,
  INPUTS integer[]
);
CREATE INDEX IF NOT EXISTS newid_vrm_idx ON GENNEWID_MAP (VIEWRULEID, INPUTS);
ALTER SEQUENCE GENNEWID_MAP_NEWID_seq RESTART WITH 100000000 INCREMENT BY 1;
CREATE OR REPLACE FUNCTION GENNEWID_CONST(varchar(64), VARIADIC arr int[])
   RETURNS int AS $$
DECLARE
  inserted_id integer;
  existing_id integer;
BEGIN
  SELECT NEWID INTO existing_id FROM GENNEWID_MAP
  WHERE VIEWRULEID = $1 AND INPUTS = $2;
  IF not found THEN
    INSERT INTO GENNEWID_MAP (VIEWRULEID, INPUTS) VALUES ($1,$2) RETURNING NEWID INTO inserted_id;
    RETURN inserted_id;
  ELSE
    RETURN existing_id;
  END IF;
END;
$$ LANGUAGE 'plpgsql';


SELECT version();

CREATE OR REPLACE FUNCTION process_ivm_node_insertion() RETURNS TRIGGER AS $ivm_node_insert$
DECLARE
BEGIN
	INSERT INTO n_v0 (_0, _1) VALUES (NEW._0, NEW._1);
	RETURN NULL; -- result is ignored since this is an AFTER trigger
END;
$ivm_node_insert$ LANGUAGE plpgsql;

CREATE TRIGGER ivm_node_insert
AFTER INSERT ON n_g
	FOR EACH ROW
	EXECUTE FUNCTION process_ivm_node_insertion();


CREATE OR REPLACE FUNCTION process_ivm_edge_insertion() RETURNS TRIGGER AS $ivm_edge_insert$
DECLARE
	-- variables below are default variables
	cnt integer;
	curs record;
BEGIN
DROP TABLE IF EXISTS map_temp;
CREATE TEMPORARY TABLE map_temp (
	_0      integer NOT NULL,
	_1      varchar(16) NOT NULL,
	_2      integer NOT NULL,
	_3      varchar(16) NOT NULL
);
FOR curs IN
	SELECT DISTINCT R0._0 AS _0, R0._1 AS _1, R0._2 AS _2 FROM E_g AS R0 CROSS JOIN N_g AS R1 CROSS JOIN N_g AS R2 WHERE ( R0._0 = NEW._0) AND R0._1 = R1._0 AND R0._2 = R2._0 AND R0._3 = 'knows' AND R1._1 = 'Person' AND R2._1 = 'Person'
LOOP
	RAISE NOTICE 'TARGET _0: %', curs._0;
END LOOP;
-- below are common for rules
	INSERT INTO map_Friends SELECT _0, _1, _2, _3 FROM map_temp;

RETURN NULL; -- result is ignored since this is an AFTER trigger
END;
$ivm_edge_insert$ LANGUAGE plpgsql;


CREATE TRIGGER ivm_edge_insert
AFTER INSERT ON e_g
	FOR EACH ROW EXECUTE FUNCTION process_ivm_edge_insertion();

DROP TABLE IF EXISTS GENNEWID_MAP CASCADE;


CREATE TABLE GENNEWID_MAP (
  NEWID SERIAL PRIMARY KEY NOT NULL,
  VIEWRULEID varchar(64) NOT NULL,
  INPUTS integer[]
);
CREATE INDEX IF NOT EXISTS newid_vrm_idx ON GENNEWID_MAP (VIEWRULEID, INPUTS);
ALTER SEQUENCE GENNEWID_MAP_NEWID_seq RESTART WITH 100000000 INCREMENT BY 1;
CREATE OR REPLACE FUNCTION GENNEWID_CONST(varchar(64), VARIADIC arr int[])
   RETURNS int AS $$
DECLARE
  inserted_id integer;
  existing_id integer;
BEGIN
  SELECT NEWID INTO existing_id FROM GENNEWID_MAP
  WHERE VIEWRULEID = $1 AND INPUTS = $2;
  IF not found THEN
    INSERT INTO GENNEWID_MAP (VIEWRULEID, INPUTS) VALUES ($1,$2) RETURNING NEWID INTO inserted_id;
    RETURN inserted_id;
  ELSE
    RETURN existing_id;
  END IF;
END;
$$ LANGUAGE 'plpgsql';


SELECT version();

CREATE OR REPLACE FUNCTION process_ivm_node_insertion() RETURNS TRIGGER AS $ivm_node_insert$
DECLARE
BEGIN
	INSERT INTO n_v0 (_0, _1) VALUES (NEW._0, NEW._1);
	RETURN NULL; -- result is ignored since this is an AFTER trigger
END;
$ivm_node_insert$ LANGUAGE plpgsql;

CREATE TRIGGER ivm_node_insert
AFTER INSERT ON n_g
	FOR EACH ROW
	EXECUTE FUNCTION process_ivm_node_insertion();


CREATE OR REPLACE FUNCTION process_ivm_edge_insertion() RETURNS TRIGGER AS $ivm_edge_insert$
DECLARE
	-- variables below are default variables
	cnt integer;
	curs record;
BEGIN
DROP TABLE IF EXISTS map_temp;
CREATE TEMPORARY TABLE map_temp (
	_0      integer NOT NULL,
	_1      varchar(16) NOT NULL,
	_2      integer NOT NULL,
	_3      varchar(16) NOT NULL
);
FOR curs IN
	SELECT DISTINCT R0._0 AS _0, R0._1 AS _1, R0._2 AS _2 FROM E_g AS R0 CROSS JOIN N_g AS R1 CROSS JOIN N_g AS R2 WHERE ( R0._0 = NEW._0) AND R0._1 = R1._0 AND R0._2 = R2._0 AND R0._3 = 'bought' AND R1._1 = 'Person' AND R2._1 = 'Product'
LOOP
	RAISE NOTICE 'TARGET _0: %', curs._0;
END LOOP;
-- below are common for rules
	INSERT INTO map_Shoppers SELECT _0, _1, _2, _3 FROM map_temp;

RETURN NULL; -- result is ignored since this is an AFTER trigger
END;
$ivm_edge_insert$ LANGUAGE plpgsql;


CREATE TRIGGER ivm_edge_insert
AFTER INSERT ON e_g
	FOR EACH ROW EXECUTE FUNCTION process_ivm_edge_insertion();

DROP TABLE IF EXISTS GENNEWID_MAP CASCADE;


CREATE TABLE GENNEWID_MAP (
  NEWID SERIAL PRIMARY KEY NOT NULL,
  VIEWRULEID varchar(64) NOT NULL,
  INPUTS integer[]
);
CREATE INDEX IF NOT EXISTS newid_vrm_idx ON GENNEWID_MAP (VIEWRULEID, INPUTS);
ALTER SEQUENCE GENNEWID_MAP_NEWID_seq RESTART WITH 100000000 INCREMENT BY 1;
CREATE OR REPLACE FUNCTION GENNEWID_CONST(varchar(64), VARIADIC arr int[])
   RETURNS int AS $$
DECLARE
  inserted_id integer;
  existing_id integer;
BEGIN
  SELECT NEWID INTO existing_id FROM GENNEWID_MAP
  WHERE VIEWRULEID = $1 AND INPUTS = $2;
  IF not found THEN
    INSERT INTO GENNEWID_MAP (VIEWRULEID, INPUTS) VALUES ($1,$2) RETURNING NEWID INTO inserted_id;
    RETURN inserted_id;
  ELSE
    RETURN existing_id;
  END IF;
END;
$$ LANGUAGE 'plpgsql';


SELECT version();

CREATE OR REPLACE FUNCTION process_ivm_node_insertion() RETURNS TRIGGER AS $ivm_node_insert$
DECLARE
BEGIN
	INSERT INTO n_v0 (_0, _1) VALUES (NEW._0, NEW._1);
	RETURN NULL; -- result is ignored since this is an AFTER trigger
END;
$ivm_node_insert$ LANGUAGE plpgsql;

CREATE TRIGGER ivm_node_insert
AFTER INSERT ON n_g
	FOR EACH ROW
	EXECUTE FUNCTION process_ivm_node_insertion();


CREATE OR REPLACE FUNCTION process_ivm_edge_insertion() RETURNS TRIGGER AS $ivm_edge_insert$
DECLARE
	-- variables below are default variables
	cnt integer;
	curs record;
BEGIN
DROP TABLE IF EXISTS map_temp;
CREATE TEMPORARY TABLE map_temp (
	_0      integer NOT NULL,
	_1      varchar(16) NOT NULL,
	_2      integer NOT NULL,
	_3      varchar(16) NOT NULL
);
FOR curs IN
	SELECT DISTINCT R0._0 AS _0, R0._1 AS _1, R0._2 AS _2, R3._2 AS _3 FROM E_g AS R0 CROSS JOIN N_g AS R1 CROSS JOIN N_g AS R2 CROSS JOIN EP_g AS R3 WHERE ( R0._0 = NEW._0 OR R3._0 = NEW._0 ) AND R0._1 = R1._0 AND R0._2 = R2._0 AND R0._0 = R3._0 AND R3._2 > 150000 AND R0._3 = 'works_at' AND R1._1 = 'Person' AND R2._1 = 'Company' AND R3._1 = 'salary'
LOOP
	RAISE NOTICE 'TARGET _0: %', curs._0;
END LOOP;
-- below are common for rules
	INSERT INTO map_HighPay SELECT _0, _1, _2, _3 FROM map_temp;

RETURN NULL; -- result is ignored since this is an AFTER trigger
END;
$ivm_edge_insert$ LANGUAGE plpgsql;


CREATE TRIGGER ivm_edge_insert
AFTER INSERT ON e_g
	FOR EACH ROW EXECUTE FUNCTION process_ivm_edge_insertion();

SELECT DISTINCT R0._0 AS _0 FROM EGD AS R0

SELECT DISTINCT R0._0 AS _0, R0._1 AS _1, R0._2 AS _2 FROM CATALOG_INDEX AS R0

SELECT DISTINCT R0._0 AS _0, R0._1 AS _1 FROM CATALOG_SINDEX AS R0

SELECT DISTINCT R0._0 AS _0 FROM N_schema AS R0

SELECT DISTINCT R0._0 AS _0, R0._1 AS _1, R0._2 AS _2 FROM E_schema AS R0

((SELECT DISTINCT R0._1 AS _0 FROM E_g AS R0 CROSS JOIN N_g AS R2 CROSS JOIN N_g AS R4 CROSS JOIN EP_g AS R6 WHERE R0._1 = R2._0 AND R0._2 = R4._0 AND R0._0 = R6._0 AND R0._3 = 'works_at' AND R2._1 = 'Person' AND R4._1 = 'Company' AND R6._1 = 'department' AND R6._2 = 'IT'));

SELECT DISTINCT R0._0 AS _0, R0._1 AS _1, R0._2 AS _2, R0._3 AS _3, R0._4 AS _4 FROM CATALOG_VIEW AS R0

DROP TABLE IF EXISTS GENNEWID_MAP CASCADE;


CREATE TABLE GENNEWID_MAP (
  NEWID SERIAL PRIMARY KEY NOT NULL,
  VIEWRULEID varchar(64) NOT NULL,
  INPUTS integer[]
);
CREATE INDEX IF NOT EXISTS newid_vrm_idx ON GENNEWID_MAP (VIEWRULEID, INPUTS);
ALTER SEQUENCE GENNEWID_MAP_NEWID_seq RESTART WITH 100000000 INCREMENT BY 1;
CREATE OR REPLACE FUNCTION GENNEWID_CONST(varchar(64), VARIADIC arr int[])
   RETURNS int AS $$
DECLARE
  inserted_id integer;
  existing_id integer;
BEGIN
  SELECT NEWID INTO existing_id FROM GENNEWID_MAP
  WHERE VIEWRULEID = $1 AND INPUTS = $2;
  IF not found THEN
    INSERT INTO GENNEWID_MAP (VIEWRULEID, INPUTS) VALUES ($1,$2) RETURNING NEWID INTO inserted_id;
    RETURN inserted_id;
  ELSE
    RETURN existing_id;
  END IF;
END;
$$ LANGUAGE 'plpgsql';


SELECT version();

CREATE OR REPLACE FUNCTION process_ivm_node_insertion() RETURNS TRIGGER AS $ivm_node_insert$
DECLARE
BEGIN
	INSERT INTO n_v0 (_0, _1) VALUES (NEW._0, NEW._1);
	RETURN NULL; -- result is ignored since this is an AFTER trigger
END;
$ivm_node_insert$ LANGUAGE plpgsql;

CREATE TRIGGER ivm_node_insert
AFTER INSERT ON n_g
	FOR EACH ROW
	EXECUTE FUNCTION process_ivm_node_insertion();


CREATE OR REPLACE FUNCTION process_ivm_edge_insertion() RETURNS TRIGGER AS $ivm_edge_insert$
DECLARE
	-- variables below are default variables
	cnt integer;
	curs record;
BEGIN
DROP TABLE IF EXISTS map_temp;
CREATE TEMPORARY TABLE map_temp (
	_0      integer NOT NULL,
	_1      varchar(16) NOT NULL,
	_2      integer NOT NULL,
	_3      varchar(16) NOT NULL
);
FOR curs IN
	SELECT DISTINCT R0._0 AS _0, R0._1 AS _1, R0._2 AS _2, R3._2 AS _3 FROM E_g AS R0 CROSS JOIN N_g AS R1 CROSS JOIN N_g AS R2 CROSS JOIN EP_g AS R3 WHERE ( R0._0 = NEW._0 OR R3._0 = NEW._0 ) AND R0._1 = R1._0 AND R0._2 = R2._0 AND R0._0 = R3._0 AND R3._2 > 10 AND R0._3 = 'works_at' AND R1._1 = 'Person' AND R2._1 = 'Company' AND R3._1 = 'years'
LOOP
	RAISE NOTICE 'TARGET _0: %', curs._0;
END LOOP;
-- below are common for rules
	INSERT INTO map_Veterans SELECT _0, _1, _2, _3 FROM map_temp;

RETURN NULL; -- result is ignored since this is an AFTER trigger
END;
$ivm_edge_insert$ LANGUAGE plpgsql;


CREATE TRIGGER ivm_edge_insert
AFTER INSERT ON e_g
	FOR EACH ROW EXECUTE FUNCTION process_ivm_edge_insertion();

DROP TABLE IF EXISTS GENNEWID_MAP CASCADE;


CREATE TABLE GENNEWID_MAP (
  NEWID SERIAL PRIMARY KEY NOT NULL,
  VIEWRULEID varchar(64) NOT NULL,
  INPUTS integer[]
);
CREATE INDEX IF NOT EXISTS newid_vrm_idx ON GENNEWID_MAP (VIEWRULEID, INPUTS);
ALTER SEQUENCE GENNEWID_MAP_NEWID_seq RESTART WITH 100000000 INCREMENT BY 1;
CREATE OR REPLACE FUNCTION GENNEWID_CONST(varchar(64), VARIADIC arr int[])
   RETURNS int AS $$
DECLARE
  inserted_id integer;
  existing_id integer;
BEGIN
  SELECT NEWID INTO existing_id FROM GENNEWID_MAP
  WHERE VIEWRULEID = $1 AND INPUTS = $2;
  IF not found THEN
    INSERT INTO GENNEWID_MAP (VIEWRULEID, INPUTS) VALUES ($1,$2) RETURNING NEWID INTO inserted_id;
    RETURN inserted_id;
  ELSE
    RETURN existing_id;
  END IF;
END;
$$ LANGUAGE 'plpgsql';


SELECT version();

CREATE OR REPLACE FUNCTION process_ivm_node_insertion() RETURNS TRIGGER AS $ivm_node_insert$
DECLARE
BEGIN
	INSERT INTO n_v0 (_0, _1) VALUES (NEW._0, NEW._1);
	RETURN NULL; -- result is ignored since this is an AFTER trigger
END;
$ivm_node_insert$ LANGUAGE plpgsql;

CREATE TRIGGER ivm_node_insert
AFTER INSERT ON n_g
	FOR EACH ROW
	EXECUTE FUNCTION process_ivm_node_insertion();


CREATE OR REPLACE FUNCTION process_ivm_edge_insertion() RETURNS TRIGGER AS $ivm_edge_insert$
DECLARE
	-- variables below are default variables
	cnt integer;
	curs record;
BEGIN
DROP TABLE IF EXISTS map_temp;
CREATE TEMPORARY TABLE map_temp (
	_0      integer NOT NULL,
	_1      varchar(16) NOT NULL,
	_2      integer NOT NULL,
	_3      varchar(16) NOT NULL
);
FOR curs IN
	SELECT DISTINCT R0._0 AS _0, R0._1 AS _1, R0._2 AS _2 FROM E_g AS R0 CROSS JOIN N_g AS R1 CROSS JOIN N_g AS R2 WHERE ( R0._0 = NEW._0) AND R0._1 = R1._0 AND R0._2 = R2._0 AND R0._3 = 'knows' AND R1._1 = 'Person' AND R2._1 = 'Person'
LOOP
	RAISE NOTICE 'TARGET _0: %', curs._0;
END LOOP;
-- below are common for rules
	INSERT INTO map_Friends SELECT _0, _1, _2, _3 FROM map_temp;

RETURN NULL; -- result is ignored since this is an AFTER trigger
END;
$ivm_edge_insert$ LANGUAGE plpgsql;


CREATE TRIGGER ivm_edge_insert
AFTER INSERT ON e_g
	FOR EACH ROW EXECUTE FUNCTION process_ivm_edge_insertion();

DROP TABLE IF EXISTS GENNEWID_MAP CASCADE;


CREATE TABLE GENNEWID_MAP (
  NEWID SERIAL PRIMARY KEY NOT NULL,
  VIEWRULEID varchar(64) NOT NULL,
  INPUTS integer[]
);
CREATE INDEX IF NOT EXISTS newid_vrm_idx ON GENNEWID_MAP (VIEWRULEID, INPUTS);
ALTER SEQUENCE GENNEWID_MAP_NEWID_seq RESTART WITH 100000000 INCREMENT BY 1;
CREATE OR REPLACE FUNCTION GENNEWID_CONST(varchar(64), VARIADIC arr int[])
   RETURNS int AS $$
DECLARE
  inserted_id integer;
  existing_id integer;
BEGIN
  SELECT NEWID INTO existing_id FROM GENNEWID_MAP
  WHERE VIEWRULEID = $1 AND INPUTS = $2;
  IF not found THEN
    INSERT INTO GENNEWID_MAP (VIEWRULEID, INPUTS) VALUES ($1,$2) RETURNING NEWID INTO inserted_id;
    RETURN inserted_id;
  ELSE
    RETURN existing_id;
  END IF;
END;
$$ LANGUAGE 'plpgsql';


SELECT version();

CREATE OR REPLACE FUNCTION process_ivm_node_insertion() RETURNS TRIGGER AS $ivm_node_insert$
DECLARE
BEGIN
	INSERT INTO n_v0 (_0, _1) VALUES (NEW._0, NEW._1);
	RETURN NULL; -- result is ignored since this is an AFTER trigger
END;
$ivm_node_insert$ LANGUAGE plpgsql;

CREATE TRIGGER ivm_node_insert
AFTER INSERT ON n_g
	FOR EACH ROW
	EXECUTE FUNCTION process_ivm_node_insertion();


CREATE OR REPLACE FUNCTION process_ivm_edge_insertion() RETURNS TRIGGER AS $ivm_edge_insert$
DECLARE
	-- variables below are default variables
	cnt integer;
	curs record;
BEGIN
DROP TABLE IF EXISTS map_temp;
CREATE TEMPORARY TABLE map_temp (
	_0      integer NOT NULL,
	_1      varchar(16) NOT NULL,
	_2      integer NOT NULL,
	_3      varchar(16) NOT NULL
);
FOR curs IN
	SELECT DISTINCT R0._0 AS _0, R0._1 AS _1, R0._2 AS _2 FROM E_g AS R0 CROSS JOIN N_g AS R1 CROSS JOIN N_g AS R2 WHERE ( R0._0 = NEW._0) AND R0._1 = R1._0 AND R0._2 = R2._0 AND R0._3 = 'bought' AND R1._1 = 'Person' AND R2._1 = 'Product'
LOOP
	RAISE NOTICE 'TARGET _0: %', curs._0;
END LOOP;
-- below are common for rules
	INSERT INTO map_Shoppers SELECT _0, _1, _2, _3 FROM map_temp;

RETURN NULL; -- result is ignored since this is an AFTER trigger
END;
$ivm_edge_insert$ LANGUAGE plpgsql;


CREATE TRIGGER ivm_edge_insert
AFTER INSERT ON e_g
	FOR EACH ROW EXECUTE FUNCTION process_ivm_edge_insertion();

DROP TABLE IF EXISTS GENNEWID_MAP CASCADE;


CREATE TABLE GENNEWID_MAP (
  NEWID SERIAL PRIMARY KEY NOT NULL,
  VIEWRULEID varchar(64) NOT NULL,
  INPUTS integer[]
);
CREATE INDEX IF NOT EXISTS newid_vrm_idx ON GENNEWID_MAP (VIEWRULEID, INPUTS);
ALTER SEQUENCE GENNEWID_MAP_NEWID_seq RESTART WITH 100000000 INCREMENT BY 1;
CREATE OR REPLACE FUNCTION GENNEWID_CONST(varchar(64), VARIADIC arr int[])
   RETURNS int AS $$
DECLARE
  inserted_id integer;
  existing_id integer;
BEGIN
  SELECT NEWID INTO existing_id FROM GENNEWID_MAP
  WHERE VIEWRULEID = $1 AND INPUTS = $2;
  IF not found THEN
    INSERT INTO GENNEWID_MAP (VIEWRULEID, INPUTS) VALUES ($1,$2) RETURNING NEWID INTO inserted_id;
    RETURN inserted_id;
  ELSE
    RETURN existing_id;
  END IF;
END;
$$ LANGUAGE 'plpgsql';


SELECT version();

CREATE OR REPLACE FUNCTION process_ivm_node_insertion() RETURNS TRIGGER AS $ivm_node_insert$
DECLARE
BEGIN
	INSERT INTO n_v0 (_0, _1) VALUES (NEW._0, NEW._1);
	RETURN NULL; -- result is ignored since this is an AFTER trigger
END;
$ivm_node_insert$ LANGUAGE plpgsql;

CREATE TRIGGER ivm_node_insert
AFTER INSERT ON n_g
	FOR EACH ROW
	EXECUTE FUNCTION process_ivm_node_insertion();


CREATE OR REPLACE FUNCTION process_ivm_edge_insertion() RETURNS TRIGGER AS $ivm_edge_insert$
DECLARE
	-- variables below are default variables
	cnt integer;
	curs record;
BEGIN
DROP TABLE IF EXISTS map_temp;
CREATE TEMPORARY TABLE map_temp (
	_0      integer NOT NULL,
	_1      varchar(16) NOT NULL,
	_2      integer NOT NULL,
	_3      varchar(16) NOT NULL
);
FOR curs IN
	SELECT DISTINCT R0._0 AS _0, R0._1 AS _1, R0._2 AS _2, R3._2 AS _3 FROM E_g AS R0 CROSS JOIN N_g AS R1 CROSS JOIN N_g AS R2 CROSS JOIN EP_g AS R3 WHERE ( R0._0 = NEW._0 OR R3._0 = NEW._0 ) AND R0._1 = R1._0 AND R0._2 = R2._0 AND R0._0 = R3._0 AND R3._2 > 150000 AND R0._3 = 'works_at' AND R1._1 = 'Person' AND R2._1 = 'Company' AND R3._1 = 'salary'
LOOP
	RAISE NOTICE 'TARGET _0: %', curs._0;
END LOOP;
-- below are common for rules
	INSERT INTO map_HighPay SELECT _0, _1, _2, _3 FROM map_temp;

RETURN NULL; -- result is ignored since this is an AFTER trigger
END;
$ivm_edge_insert$ LANGUAGE plpgsql;


CREATE TRIGGER ivm_edge_insert
AFTER INSERT ON e_g
	FOR EACH ROW EXECUTE FUNCTION process_ivm_edge_insertion();

SELECT DISTINCT R0._0 AS _0 FROM EGD AS R0

SELECT DISTINCT R0._0 AS _0, R0._1 AS _1, R0._2 AS _2 FROM CATALOG_INDEX AS R0

SELECT DISTINCT R0._0 AS _0, R0._1 AS _1 FROM CATALOG_SINDEX AS R0

SELECT DISTINCT R0._0 AS _0 FROM N_schema AS R0

SELECT DISTINCT R0._0 AS _0, R0._1 AS _1, R0._2 AS _2 FROM E_schema AS R0

((SELECT DISTINCT R0._1 AS _0 FROM E_g AS R0 CROSS JOIN N_g AS R2 CROSS JOIN N_g AS R4 CROSS JOIN EP_g AS R6 WHERE R0._1 = R2._0 AND R0._2 = R4._0 AND R0._0 = R6._0 AND R0._3 = 'works_at' AND R2._1 = 'Person' AND R4._1 = 'Company' AND R6._1 = 'department' AND R6._2 = 'IT'));

SELECT DISTINCT R0._0 AS _0, R0._1 AS _1, R0._2 AS _2, R0._3 AS _3, R0._4 AS _4 FROM CATALOG_VIEW AS R0

DROP TABLE IF EXISTS GENNEWID_MAP CASCADE;


CREATE TABLE GENNEWID_MAP (
  NEWID SERIAL PRIMARY KEY NOT NULL,
  VIEWRULEID varchar(64) NOT NULL,
  INPUTS integer[]
);
CREATE INDEX IF NOT EXISTS newid_vrm_idx ON GENNEWID_MAP (VIEWRULEID, INPUTS);
ALTER SEQUENCE GENNEWID_MAP_NEWID_seq RESTART WITH 100000000 INCREMENT BY 1;
CREATE OR REPLACE FUNCTION GENNEWID_CONST(varchar(64), VARIADIC arr int[])
   RETURNS int AS $$
DECLARE
  inserted_id integer;
  existing_id integer;
BEGIN
  SELECT NEWID INTO existing_id FROM GENNEWID_MAP
  WHERE VIEWRULEID = $1 AND INPUTS = $2;
  IF not found THEN
    INSERT INTO GENNEWID_MAP (VIEWRULEID, INPUTS) VALUES ($1,$2) RETURNING NEWID INTO inserted_id;
    RETURN inserted_id;
  ELSE
    RETURN existing_id;
  END IF;
END;
$$ LANGUAGE 'plpgsql';


SELECT version();

CREATE OR REPLACE FUNCTION process_ivm_node_insertion() RETURNS TRIGGER AS $ivm_node_insert$
DECLARE
BEGIN
	INSERT INTO n_v0 (_0, _1) VALUES (NEW._0, NEW._1);
	RETURN NULL; -- result is ignored since this is an AFTER trigger
END;
$ivm_node_insert$ LANGUAGE plpgsql;

CREATE TRIGGER ivm_node_insert
AFTER INSERT ON n_g
	FOR EACH ROW
	EXECUTE FUNCTION process_ivm_node_insertion();


CREATE OR REPLACE FUNCTION process_ivm_edge_insertion() RETURNS TRIGGER AS $ivm_edge_insert$
DECLARE
	-- variables below are default variables
	cnt integer;
	curs record;
BEGIN
DROP TABLE IF EXISTS map_temp;
CREATE TEMPORARY TABLE map_temp (
	_0      integer NOT NULL,
	_1      varchar(16) NOT NULL,
	_2      integer NOT NULL,
	_3      varchar(16) NOT NULL
);
FOR curs IN
	SELECT DISTINCT R0._0 AS _0, R0._1 AS _1, R0._2 AS _2, R3._2 AS _3 FROM E_g AS R0 CROSS JOIN N_g AS R1 CROSS JOIN N_g AS R2 CROSS JOIN EP_g AS R3 WHERE ( R0._0 = NEW._0 OR R3._0 = NEW._0 ) AND R0._1 = R1._0 AND R0._2 = R2._0 AND R0._0 = R3._0 AND R3._2 > 10 AND R0._3 = 'works_at' AND R1._1 = 'Person' AND R2._1 = 'Company' AND R3._1 = 'years'
LOOP
	RAISE NOTICE 'TARGET _0: %', curs._0;
END LOOP;
-- below are common for rules
	INSERT INTO map_Veterans SELECT _0, _1, _2, _3 FROM map_temp;

RETURN NULL; -- result is ignored since this is an AFTER trigger
END;
$ivm_edge_insert$ LANGUAGE plpgsql;


CREATE TRIGGER ivm_edge_insert
AFTER INSERT ON e_g
	FOR EACH ROW EXECUTE FUNCTION process_ivm_edge_insertion();

DROP TABLE IF EXISTS GENNEWID_MAP CASCADE;


CREATE TABLE GENNEWID_MAP (
  NEWID SERIAL PRIMARY KEY NOT NULL,
  VIEWRULEID varchar(64) NOT NULL,
  INPUTS integer[]
);
CREATE INDEX IF NOT EXISTS newid_vrm_idx ON GENNEWID_MAP (VIEWRULEID, INPUTS);
ALTER SEQUENCE GENNEWID_MAP_NEWID_seq RESTART WITH 100000000 INCREMENT BY 1;
CREATE OR REPLACE FUNCTION GENNEWID_CONST(varchar(64), VARIADIC arr int[])
   RETURNS int AS $$
DECLARE
  inserted_id integer;
  existing_id integer;
BEGIN
  SELECT NEWID INTO existing_id FROM GENNEWID_MAP
  WHERE VIEWRULEID = $1 AND INPUTS = $2;
  IF not found THEN
    INSERT INTO GENNEWID_MAP (VIEWRULEID, INPUTS) VALUES ($1,$2) RETURNING NEWID INTO inserted_id;
    RETURN inserted_id;
  ELSE
    RETURN existing_id;
  END IF;
END;
$$ LANGUAGE 'plpgsql';


SELECT version();

CREATE OR REPLACE FUNCTION process_ivm_node_insertion() RETURNS TRIGGER AS $ivm_node_insert$
DECLARE
BEGIN
	INSERT INTO n_v0 (_0, _1) VALUES (NEW._0, NEW._1);
	RETURN NULL; -- result is ignored since this is an AFTER trigger
END;
$ivm_node_insert$ LANGUAGE plpgsql;

CREATE TRIGGER ivm_node_insert
AFTER INSERT ON n_g
	FOR EACH ROW
	EXECUTE FUNCTION process_ivm_node_insertion();


CREATE OR REPLACE FUNCTION process_ivm_edge_insertion() RETURNS TRIGGER AS $ivm_edge_insert$
DECLARE
	-- variables below are default variables
	cnt integer;
	curs record;
BEGIN
DROP TABLE IF EXISTS map_temp;
CREATE TEMPORARY TABLE map_temp (
	_0      integer NOT NULL,
	_1      varchar(16) NOT NULL,
	_2      integer NOT NULL,
	_3      varchar(16) NOT NULL
);
FOR curs IN
	SELECT DISTINCT R0._0 AS _0, R0._1 AS _1, R0._2 AS _2 FROM E_g AS R0 CROSS JOIN N_g AS R1 CROSS JOIN N_g AS R2 WHERE ( R0._0 = NEW._0) AND R0._1 = R1._0 AND R0._2 = R2._0 AND R0._3 = 'knows' AND R1._1 = 'Person' AND R2._1 = 'Person'
LOOP
	RAISE NOTICE 'TARGET _0: %', curs._0;
END LOOP;
-- below are common for rules
	INSERT INTO map_Friends SELECT _0, _1, _2, _3 FROM map_temp;

RETURN NULL; -- result is ignored since this is an AFTER trigger
END;
$ivm_edge_insert$ LANGUAGE plpgsql;


CREATE TRIGGER ivm_edge_insert
AFTER INSERT ON e_g
	FOR EACH ROW EXECUTE FUNCTION process_ivm_edge_insertion();

DROP TABLE IF EXISTS GENNEWID_MAP CASCADE;


CREATE TABLE GENNEWID_MAP (
  NEWID SERIAL PRIMARY KEY NOT NULL,
  VIEWRULEID varchar(64) NOT NULL,
  INPUTS integer[]
);
CREATE INDEX IF NOT EXISTS newid_vrm_idx ON GENNEWID_MAP (VIEWRULEID, INPUTS);
ALTER SEQUENCE GENNEWID_MAP_NEWID_seq RESTART WITH 100000000 INCREMENT BY 1;
CREATE OR REPLACE FUNCTION GENNEWID_CONST(varchar(64), VARIADIC arr int[])
   RETURNS int AS $$
DECLARE
  inserted_id integer;
  existing_id integer;
BEGIN
  SELECT NEWID INTO existing_id FROM GENNEWID_MAP
  WHERE VIEWRULEID = $1 AND INPUTS = $2;
  IF not found THEN
    INSERT INTO GENNEWID_MAP (VIEWRULEID, INPUTS) VALUES ($1,$2) RETURNING NEWID INTO inserted_id;
    RETURN inserted_id;
  ELSE
    RETURN existing_id;
  END IF;
END;
$$ LANGUAGE 'plpgsql';


SELECT version();

CREATE OR REPLACE FUNCTION process_ivm_node_insertion() RETURNS TRIGGER AS $ivm_node_insert$
DECLARE
BEGIN
	INSERT INTO n_v0 (_0, _1) VALUES (NEW._0, NEW._1);
	RETURN NULL; -- result is ignored since this is an AFTER trigger
END;
$ivm_node_insert$ LANGUAGE plpgsql;

CREATE TRIGGER ivm_node_insert
AFTER INSERT ON n_g
	FOR EACH ROW
	EXECUTE FUNCTION process_ivm_node_insertion();


CREATE OR REPLACE FUNCTION process_ivm_edge_insertion() RETURNS TRIGGER AS $ivm_edge_insert$
DECLARE
	-- variables below are default variables
	cnt integer;
	curs record;
BEGIN
DROP TABLE IF EXISTS map_temp;
CREATE TEMPORARY TABLE map_temp (
	_0      integer NOT NULL,
	_1      varchar(16) NOT NULL,
	_2      integer NOT NULL,
	_3      varchar(16) NOT NULL
);
FOR curs IN
	SELECT DISTINCT R0._0 AS _0, R0._1 AS _1, R0._2 AS _2 FROM E_g AS R0 CROSS JOIN N_g AS R1 CROSS JOIN N_g AS R2 WHERE ( R0._0 = NEW._0) AND R0._1 = R1._0 AND R0._2 = R2._0 AND R0._3 = 'bought' AND R1._1 = 'Person' AND R2._1 = 'Product'
LOOP
	RAISE NOTICE 'TARGET _0: %', curs._0;
END LOOP;
-- below are common for rules
	INSERT INTO map_Shoppers SELECT _0, _1, _2, _3 FROM map_temp;

RETURN NULL; -- result is ignored since this is an AFTER trigger
END;
$ivm_edge_insert$ LANGUAGE plpgsql;


CREATE TRIGGER ivm_edge_insert
AFTER INSERT ON e_g
	FOR EACH ROW EXECUTE FUNCTION process_ivm_edge_insertion();

DROP TABLE IF EXISTS GENNEWID_MAP CASCADE;


CREATE TABLE GENNEWID_MAP (
  NEWID SERIAL PRIMARY KEY NOT NULL,
  VIEWRULEID varchar(64) NOT NULL,
  INPUTS integer[]
);
CREATE INDEX IF NOT EXISTS newid_vrm_idx ON GENNEWID_MAP (VIEWRULEID, INPUTS);
ALTER SEQUENCE GENNEWID_MAP_NEWID_seq RESTART WITH 100000000 INCREMENT BY 1;
CREATE OR REPLACE FUNCTION GENNEWID_CONST(varchar(64), VARIADIC arr int[])
   RETURNS int AS $$
DECLARE
  inserted_id integer;
  existing_id integer;
BEGIN
  SELECT NEWID INTO existing_id FROM GENNEWID_MAP
  WHERE VIEWRULEID = $1 AND INPUTS = $2;
  IF not found THEN
    INSERT INTO GENNEWID_MAP (VIEWRULEID, INPUTS) VALUES ($1,$2) RETURNING NEWID INTO inserted_id;
    RETURN inserted_id;
  ELSE
    RETURN existing_id;
  END IF;
END;
$$ LANGUAGE 'plpgsql';


SELECT version();

CREATE OR REPLACE FUNCTION process_ivm_node_insertion() RETURNS TRIGGER AS $ivm_node_insert$
DECLARE
BEGIN
	INSERT INTO n_v0 (_0, _1) VALUES (NEW._0, NEW._1);
	RETURN NULL; -- result is ignored since this is an AFTER trigger
END;
$ivm_node_insert$ LANGUAGE plpgsql;

CREATE TRIGGER ivm_node_insert
AFTER INSERT ON n_g
	FOR EACH ROW
	EXECUTE FUNCTION process_ivm_node_insertion();


CREATE OR REPLACE FUNCTION process_ivm_edge_insertion() RETURNS TRIGGER AS $ivm_edge_insert$
DECLARE
	-- variables below are default variables
	cnt integer;
	curs record;
BEGIN
DROP TABLE IF EXISTS map_temp;
CREATE TEMPORARY TABLE map_temp (
	_0      integer NOT NULL,
	_1      varchar(16) NOT NULL,
	_2      integer NOT NULL,
	_3      varchar(16) NOT NULL
);
FOR curs IN
	SELECT DISTINCT R0._0 AS _0, R0._1 AS _1, R0._2 AS _2, R3._2 AS _3 FROM E_g AS R0 CROSS JOIN N_g AS R1 CROSS JOIN N_g AS R2 CROSS JOIN EP_g AS R3 WHERE ( R0._0 = NEW._0 OR R3._0 = NEW._0 ) AND R0._1 = R1._0 AND R0._2 = R2._0 AND R0._0 = R3._0 AND R3._2 > 150000 AND R0._3 = 'works_at' AND R1._1 = 'Person' AND R2._1 = 'Company' AND R3._1 = 'salary'
LOOP
	RAISE NOTICE 'TARGET _0: %', curs._0;
END LOOP;
-- below are common for rules
	INSERT INTO map_HighPay SELECT _0, _1, _2, _3 FROM map_temp;

RETURN NULL; -- result is ignored since this is an AFTER trigger
END;
$ivm_edge_insert$ LANGUAGE plpgsql;


CREATE TRIGGER ivm_edge_insert
AFTER INSERT ON e_g
	FOR EACH ROW EXECUTE FUNCTION process_ivm_edge_insertion();

SELECT DISTINCT R0._0 AS _0 FROM EGD AS R0

SELECT DISTINCT R0._0 AS _0, R0._1 AS _1, R0._2 AS _2 FROM CATALOG_INDEX AS R0

SELECT DISTINCT R0._0 AS _0, R0._1 AS _1 FROM CATALOG_SINDEX AS R0

SELECT DISTINCT R0._0 AS _0 FROM N_schema AS R0

SELECT DISTINCT R0._0 AS _0, R0._1 AS _1, R0._2 AS _2 FROM E_schema AS R0

